-- phpMyAdmin SQL Dump
-- version 4.9.9
-- https://www.phpmyadmin.net/
--
-- Host: localhost
-- Generation Time: Jun 04, 2024 at 04:08 PM
-- Server version: 8.0.36-0ubuntu0.20.04.1
-- PHP Version: 7.0.33-68+ubuntu20.04.1+deb.sury.org+2

SET SQL_MODE = "NO_AUTO_VALUE_ON_ZERO";
SET AUTOCOMMIT = 0;
START TRANSACTION;
SET time_zone = "+00:00";


/*!40101 SET @OLD_CHARACTER_SET_CLIENT=@@CHARACTER_SET_CLIENT */;
/*!40101 SET @OLD_CHARACTER_SET_RESULTS=@@CHARACTER_SET_RESULTS */;
/*!40101 SET @OLD_COLLATION_CONNECTION=@@COLLATION_CONNECTION */;
/*!40101 SET NAMES utf8mb4 */;

--
-- Database: `erp`
--

-- --------------------------------------------------------

--
-- Table structure for table `address_master`
--

CREATE TABLE `address_master` (
  `id` int NOT NULL,
  `address` varchar(250) DEFAULT NULL,
  `location` varchar(50) NOT NULL,
  `state` varchar(20) NOT NULL,
  `state_no` varchar(20) NOT NULL,
  `pin_code` varchar(10) NOT NULL,
  `addressType` enum('client','customer','supplier','consignee') DEFAULT NULL,
  `created_dttm` datetime NOT NULL,
  `updatedttm` datetime NOT NULL DEFAULT CURRENT_TIMESTAMP,
  `updated_user` varchar(255) DEFAULT NULL
) ENGINE=InnoDB DEFAULT CHARSET=latin1;

--
-- Dumping data for table `address_master`
--

INSERT INTO `address_master` (`id`, `address`, `location`, `state`, `state_no`, `pin_code`, `addressType`, `created_dttm`, `updatedttm`, `updated_user`) VALUES
(1, '32, Ram nagar, sector 15, Chikhali', 'Nagpur', 'Maharashtra', '27', '410512', 'consignee', '2024-03-30 09:40:36', '2024-03-29 21:10:36', 'Admin'),
(2, 'Plot 112, Near Kurkumbh MIDC, ', 'Baramati', 'Maharashtra', '27', '410518', 'consignee', '2024-03-30 09:58:36', '2024-03-29 21:28:36', 'Admin'),
(3, 'UCHGOAN ,KOLHAPUR', 'KOLHAPUR', 'Maharashtra', 'Maharashtra', '416005', 'consignee', '2024-03-30 10:13:15', '2024-03-29 21:43:15', 'Admin');

-- --------------------------------------------------------

--
-- Table structure for table `asset`
--

CREATE TABLE `asset` (
  `id` int NOT NULL,
  `name` varchar(20) COLLATE utf8mb4_general_ci NOT NULL
) ENGINE=InnoDB DEFAULT CHARSET=utf8mb4 COLLATE=utf8mb4_general_ci;

-- --------------------------------------------------------

--
-- Table structure for table `bill_tracking`
--

CREATE TABLE `bill_tracking` (
  `id` int NOT NULL,
  `c_po_so_id` int NOT NULL,
  `invoice_number` varchar(20) COLLATE utf8mb4_general_ci NOT NULL,
  `invoice_date` varchar(20) COLLATE utf8mb4_general_ci NOT NULL,
  `invoice_amount` varchar(10) COLLATE utf8mb4_general_ci NOT NULL,
  `tds_amount` varchar(12) COLLATE utf8mb4_general_ci NOT NULL,
  `less_tds_amount` varchar(12) COLLATE utf8mb4_general_ci NOT NULL,
  `stv_number` varchar(15) COLLATE utf8mb4_general_ci NOT NULL,
  `stv_amount` varchar(15) COLLATE utf8mb4_general_ci NOT NULL,
  `balance_amount` varchar(20) COLLATE utf8mb4_general_ci DEFAULT NULL,
  `date` varchar(15) COLLATE utf8mb4_general_ci NOT NULL,
  `statement_booking_amount` varchar(15) COLLATE utf8mb4_general_ci NOT NULL,
  `payment_due_date_mk` varchar(20) COLLATE utf8mb4_general_ci NOT NULL,
  `payment_due_date_customer` varchar(20) COLLATE utf8mb4_general_ci DEFAULT NULL,
  `date_added` date NOT NULL,
  `time` time NOT NULL,
  `timestamp` timestamp NOT NULL DEFAULT CURRENT_TIMESTAMP ON UPDATE CURRENT_TIMESTAMP,
  `created_id` int NOT NULL,
  `deleted` int NOT NULL DEFAULT '0'
) ENGINE=InnoDB DEFAULT CHARSET=utf8mb4 COLLATE=utf8mb4_general_ci;

-- --------------------------------------------------------

--
-- Table structure for table `bom`
--

CREATE TABLE `bom` (
  `id` int NOT NULL,
  `customer_part_id` int NOT NULL,
  `child_part_id` int NOT NULL,
  `quantity` float NOT NULL,
  `created_id` int NOT NULL,
  `date` varchar(255) NOT NULL,
  `time` varchar(255) NOT NULL,
  `timestamp` timestamp NOT NULL DEFAULT CURRENT_TIMESTAMP ON UPDATE CURRENT_TIMESTAMP,
  `deleted` int DEFAULT NULL
) ENGINE=InnoDB DEFAULT CHARSET=latin1;

--
-- Dumping data for table `bom`
--

INSERT INTO `bom` (`id`, `customer_part_id`, `child_part_id`, `quantity`, `created_id`, `date`, `time`, `deleted`) VALUES
(1, 121, 26, 0.0043075, 3, '02-10-2023', '06:58:22', NULL),
(2, 74, 3, 0.01107, 3, '02-10-2023', '07:01:31', NULL),
(3, 124, 26, 0.008025, 3, '02-10-2023', '07:04:05', NULL),
(4, 15, 11, 0.65, 3, '27-04-2024', '03:45:48', NULL),
(5, 19, 17, 0.0185, 3, '02-10-2023', '07:07:39', NULL),
(6, 18, 17, 0.0185, 3, '02-10-2023', '07:08:03', NULL),
(7, 123, 26, 0.003865, 3, '02-10-2023', '07:09:04', NULL),
(8, 145, 12, 5, 3, '27-04-2024', '03:40:45', NULL),
(9, 146, 11, 0.008, 3, '05-11-2023', '10:10:21', NULL),
(10, 216, 26, 2, 3, '30-11-2023', '05:27:15', NULL),
(11, 119, 26, 2, 3, '30-11-2023', '08:08:25', NULL),
(12, 120, 124, 1, 3, '01-12-2023', '09:44:19', NULL),
(13, 122, 127, 1, 3, '01-12-2023', '09:44:40', NULL),
(14, 146, 88, 4, 3, '10-01-2024', '01:17:10', NULL),
(15, 22, 11, 1.5, 3, '10-01-2024', '01:21:26', NULL),
(16, 120, 128, 2, 3, '14-01-2024', '12:19:41', NULL),
(17, 212, 128, 0.5, 3, '17-01-2024', '11:16:25', NULL),
(18, 222, 191, 50, 3, '28-02-2024', '04:36:47', NULL),
(19, 220, 191, 40, 3, '28-02-2024', '04:36:50', NULL),
(20, 221, 191, 10, 3, '28-02-2024', '05:14:58', NULL),
(21, 221, 189, 15, 3, '28-02-2024', '05:17:57', NULL),
(22, 221, 190, 40, 3, '28-02-2024', '05:18:16', NULL),
(23, 219, 188, 5, 3, '28-02-2024', '05:27:23', NULL),
(24, 220, 188, 49, 3, '28-02-2024', '05:27:29', NULL),
(25, 219, 185, 10, 3, '28-02-2024', '05:27:40', NULL),
(26, 220, 186, 80, 3, '28-02-2024', '05:27:50', NULL),
(27, 219, 187, 5, 3, '28-02-2024', '05:28:34', NULL),
(28, 219, 189, 5, 3, '28-02-2024', '05:28:55', NULL),
(29, 227, 192, 50, 3, '04-03-2024', '04:18:55', NULL),
(30, 227, 191, 100, 3, '04-03-2024', '04:19:24', NULL),
(31, 227, 190, 50, 3, '04-03-2024', '04:19:40', NULL),
(32, 227, 188, 100, 3, '04-03-2024', '04:20:00', NULL),
(33, 226, 192, 50, 3, '04-03-2024', '04:20:25', NULL),
(34, 226, 187, 100, 3, '04-03-2024', '04:20:39', NULL),
(35, 210, 193, 100, 3, '17-04-2024', '02:43:18', NULL),
(36, 208, 198, 7.2, 3, '17-04-2024', '05:10:20', NULL),
(37, 228, 209, 10, 3, '21-04-2024', '05:10:21', NULL),
(38, 224, 204, 2, 3, '21-04-2024', '05:14:10', NULL),
(39, 225, 146, 1, 3, '21-04-2024', '05:20:52', NULL),
(40, 235, 210, 50, 3, '24-04-2024', '02:58:17', NULL),
(41, 234, 136, 50, 3, '24-04-2024', '03:50:21', NULL),
(42, 144, 212, 2, 3, '27-04-2024', '12:17:07', NULL),
(43, 143, 209, 2, 3, '27-04-2024', '03:34:51', NULL),
(44, 15, 10, 0.2, 3, '27-04-2024', '03:46:24', NULL);

-- --------------------------------------------------------

--
-- Table structure for table `challan`
--

CREATE TABLE `challan` (
  `id` int NOT NULL,
  `clientId` int NOT NULL,
  `sub_po_id` int DEFAULT NULL,
  `challan_number` text COLLATE utf8mb4_general_ci,
  `staus` varchar(20) COLLATE utf8mb4_general_ci DEFAULT 'Pending',
  `supplier_id` int NOT NULL,
  `shipping_addressType` enum('supplier','consignee') COLLATE utf8mb4_general_ci NOT NULL DEFAULT 'supplier',
  `consignee_id` int DEFAULT NULL COMMENT 'Consignee address ID if shipping address type is consignee',
  `created_date` varchar(20) COLLATE utf8mb4_general_ci NOT NULL,
  `created_time` varchar(20) COLLATE utf8mb4_general_ci NOT NULL,
  `day` int NOT NULL,
  `month` int NOT NULL,
  `year` int NOT NULL,
  `status` varchar(20) COLLATE utf8mb4_general_ci NOT NULL DEFAULT 'pending',
  `vechical_number` varchar(20) COLLATE utf8mb4_general_ci DEFAULT NULL,
  `remark` varchar(20) COLLATE utf8mb4_general_ci DEFAULT NULL,
  `mode` varchar(20) COLLATE utf8mb4_general_ci DEFAULT NULL,
  `transpoter` varchar(20) COLLATE utf8mb4_general_ci DEFAULT NULL,
  `l_r_number` varchar(20) COLLATE utf8mb4_general_ci DEFAULT NULL
) ENGINE=InnoDB DEFAULT CHARSET=utf8mb4 COLLATE=utf8mb4_general_ci;

--
-- Dumping data for table `challan`
--

INSERT INTO `challan` (`id`, `clientId`, `sub_po_id`, `challan_number`, `staus`, `supplier_id`, `shipping_addressType`, `consignee_id`, `created_date`, `created_time`, `day`, `month`, `year`, `status`, `vechical_number`, `remark`, `mode`, `transpoter`, `l_r_number`) VALUES
(1, 1, NULL, 'AROMP/CH/23-24/1', 'Pending', 82, 'supplier', NULL, '01-01-2024', '02:57:52', 1, 1, 2024, 'pending', '', '', '', '', ''),
(2, 1, NULL, 'AROMP/CH/24-25/1', 'Pending', 119, 'supplier', NULL, '19-04-2024', '04:25:05', 19, 4, 2024, 'completed', '', 'first', '', '', ''),
(3, 1, NULL, 'AROMP/CH/24-25/2', 'Pending', 120, 'consignee', 3, '20-04-2024', '12:29:19', 20, 4, 2024, 'completed', '', 'first', '', '', ''),
(4, 1, NULL, 'AROMP/CH/24-25/3', 'Pending', 121, 'supplier', NULL, '24-04-2024', '02:37:52', 24, 4, 2024, 'completed', 'MH 12 1254', 'first', 'ROAD', 'ABC', '12364'),
(5, 1, NULL, 'AROMP/CH/24-25/4', 'Pending', 121, 'supplier', NULL, '27-04-2024', '11:13:16', 27, 4, 2024, 'completed', 'MH 12 1254', 'first', 'ROAD', 'ABC', '12364'),
(6, 1, NULL, 'AROMP/CH/24-25/5', 'Pending', 121, 'supplier', NULL, '27-04-2024', '12:57:44', 27, 4, 2024, 'completed', 'MH 12 1254', 'first', 'ROAD', 'ABC', '12364'),
(7, 1, NULL, 'AROMP/CH/24-25/6', 'Pending', 121, 'consignee', 3, '27-04-2024', '12:59:57', 27, 4, 2024, 'completed', 'MH 12 1254', 'first', 'ROAD', 'ABC', '12364'),
(8, 1, NULL, 'AROMP/CH/24-25/7', 'Pending', 121, 'supplier', NULL, '27-04-2024', '01:04:12', 27, 4, 2024, 'completed', 'MH 12 1254', 'first', 'ROAD', 'ABC', '12364'),
(9, 1, NULL, 'AROMP/CH/24-25/8', 'Pending', 121, 'consignee', 3, '27-04-2024', '01:06:08', 27, 4, 2024, 'completed', 'MH 12 1254', 'first', 'ROAD', 'ABC', '12364'),
(10, 1, NULL, 'AROMP/CH/24-25/9', 'Pending', 120, 'supplier', NULL, '08-05-2024', '01:58:38', 8, 5, 2024, 'completed', 'MH 12 1254', 'ok', 'ROAD', 'ABC', '12364'),
(11, 1, NULL, 'AROMP/CH/24-25/10', 'Pending', 121, 'consignee', 2, '08-05-2024', '02:01:55', 8, 5, 2024, 'completed', 'MH 12 1254', 'first', 'ROAD', 'ABC', '12364'),
(12, 1, NULL, 'AROMP/CH/24-25/11', 'Pending', 121, 'supplier', NULL, '18-05-2024', '03:45:21', 18, 5, 2024, 'completed', 'MH 12 1254', 'first', 'ROAD', 'ABC', '12364'),
(13, 1, NULL, 'AROMP/CH/24-25/12', 'Pending', 121, 'supplier', NULL, '18-05-2024', '03:57:01', 18, 5, 2024, 'completed', '', 'new', '', '', ''),
(14, 1, NULL, 'AROMP/CH/24-25/13', 'Pending', 120, 'supplier', NULL, '18-05-2024', '04:44:03', 18, 5, 2024, 'completed', '', 'new', '', '', ''),
(15, 1, NULL, 'AROMP/CH/24-25/14', 'Pending', 122, 'supplier', NULL, '20-05-2024', '12:23:07', 20, 5, 2024, 'completed', 'MH 12 1254', 'NA', 'ROAD', 'ABC', '12364'),
(16, 1, NULL, 'AROMP/CH/24-25/15', 'Pending', 122, 'supplier', NULL, '21-05-2024', '06:23:37', 21, 5, 2024, 'pending', '', '', '', '', '');

-- --------------------------------------------------------

--
-- Table structure for table `challan_parts`
--

CREATE TABLE `challan_parts` (
  `id` int NOT NULL,
  `remark` text COLLATE utf8mb4_general_ci,
  `created_by` int NOT NULL,
  `created_date` varchar(10) COLLATE utf8mb4_general_ci NOT NULL,
  `created_time` varchar(12) COLLATE utf8mb4_general_ci NOT NULL,
  `created_day` int NOT NULL,
  `created_month` varchar(20) COLLATE utf8mb4_general_ci NOT NULL,
  `created_year` varchar(20) COLLATE utf8mb4_general_ci NOT NULL,
  `status` varchar(20) COLLATE utf8mb4_general_ci NOT NULL DEFAULT 'pending',
  `deleted` int NOT NULL DEFAULT '0',
  `challan_id` int NOT NULL,
  `part_id` int NOT NULL,
  `qty` float NOT NULL,
  `remaning_qty` float NOT NULL,
  `process` text COLLATE utf8mb4_general_ci NOT NULL,
  `hsn` text COLLATE utf8mb4_general_ci NOT NULL,
  `value` float NOT NULL,
  `day` int NOT NULL,
  `month` int NOT NULL,
  `year` int NOT NULL
) ENGINE=InnoDB DEFAULT CHARSET=utf8mb4 COLLATE=utf8mb4_general_ci;

--
-- Dumping data for table `challan_parts`
--

INSERT INTO `challan_parts` (`id`, `remark`, `created_by`, `created_date`, `created_time`, `created_day`, `created_month`, `created_year`, `status`, `deleted`, `challan_id`, `part_id`, `qty`, `remaning_qty`, `process`, `hsn`, `value`, `day`, `month`, `year`) VALUES
(1, NULL, 0, '01-01-2024', '02:58:34', 0, '', '', 'pending', 0, 1, 94, 2, 2, 'Plating', '39199090', 48.2, 1, 1, 2024),
(2, NULL, 0, '19-04-2024', '04:26:48', 0, '', '', 'pending', 0, 2, 201, 100, 20, 'Plating', '1234', 1250, 19, 4, 2024),
(3, NULL, 0, '20-04-2024', '12:30:33', 0, '', '', 'pending', 0, 3, 203, 50, 0, 'Plating', '1232', 56, 20, 4, 2024),
(4, NULL, 0, '24-04-2024', '02:39:06', 0, '', '', 'pending', 0, 4, 210, 100, 48, 'Plating', '25689', 110, 24, 4, 2024),
(5, NULL, 0, '27-04-2024', '11:13:31', 0, '', '', 'pending', 0, 5, 1, 50, 46.16, 'Plating', '3902', 3600, 27, 4, 2024),
(6, NULL, 0, '27-04-2024', '12:58:09', 0, '', '', 'pending', 0, 6, 2, 10, 10, 'Plating', '12563', 130, 27, 4, 2024),
(7, NULL, 0, '27-04-2024', '01:00:12', 0, '', '', 'pending', 0, 7, 1, 10, 10, 'Plating', '3902', 720, 27, 4, 2024),
(8, NULL, 0, '27-04-2024', '01:04:39', 0, '', '', 'pending', 0, 8, 1, 12, 4.32, 'Plating', '3902', 864, 27, 4, 2024),
(9, NULL, 0, '27-04-2024', '01:06:23', 0, '', '', 'pending', 0, 9, 1, 1, 0.744, 'Plating', '3902', 72, 27, 4, 2024),
(10, NULL, 0, '08-05-2024', '01:59:06', 0, '', '', 'pending', 0, 10, 203, 20, 0, 'Plating', '1232', 22.4, 8, 5, 2024),
(11, NULL, 0, '08-05-2024', '02:02:19', 0, '', '', 'pending', 0, 11, 1, 1, 1, 'Plating', '3902', 72, 8, 5, 2024),
(12, NULL, 0, '18-05-2024', '03:46:36', 0, '', '', 'pending', 0, 12, 2, 4, 4, 'welding', '12563', 52, 18, 5, 2024),
(13, NULL, 0, '18-05-2024', '03:58:56', 0, '', '', 'pending', 0, 13, 210, 20, 20, 'Plating', '25689', 22, 18, 5, 2024),
(14, NULL, 0, '18-05-2024', '04:46:10', 0, '', '', 'pending', 0, 14, 205, 250, 248.7, 'Plating', '233', 1000, 18, 5, 2024),
(15, NULL, 0, '20-05-2024', '12:24:13', 0, '', '', 'pending', 0, 15, 213, 2000, 1000, 'CED COATING', '87089900	', 3820, 20, 5, 2024),
(16, NULL, 0, '21-05-2024', '06:23:51', 0, '', '', 'pending', 0, 16, 1, 2, 2, 'CED COATING', '3902', 144, 21, 5, 2024);

-- --------------------------------------------------------

--
-- Table structure for table `challan_parts_history`
--

CREATE TABLE `challan_parts_history` (
  `id` int NOT NULL,
  `challan_id` int NOT NULL,
  `part_id` int NOT NULL,
  `supplier_challan_number` varchar(200) COLLATE utf8mb4_general_ci DEFAULT NULL,
  `qty` float NOT NULL,
  `reject_qty` int DEFAULT NULL,
  `accepeted_qty` int DEFAULT NULL,
  `status` varchar(200) COLLATE utf8mb4_general_ci NOT NULL DEFAULT 'pending',
  `created_date` varchar(20) COLLATE utf8mb4_general_ci NOT NULL,
  `created_time` varchar(20) COLLATE utf8mb4_general_ci NOT NULL,
  `day` varchar(20) COLLATE utf8mb4_general_ci NOT NULL,
  `month` varchar(20) COLLATE utf8mb4_general_ci NOT NULL,
  `year` int NOT NULL
) ENGINE=InnoDB DEFAULT CHARSET=utf8mb4 COLLATE=utf8mb4_general_ci;

-- --------------------------------------------------------

--
-- Table structure for table `challan_parts_subcon`
--

CREATE TABLE `challan_parts_subcon` (
  `id` int NOT NULL,
  `remark` text COLLATE utf8mb4_general_ci,
  `created_by` int NOT NULL,
  `created_date` varchar(10) COLLATE utf8mb4_general_ci NOT NULL,
  `created_time` varchar(12) COLLATE utf8mb4_general_ci NOT NULL,
  `created_day` int NOT NULL,
  `created_month` varchar(20) COLLATE utf8mb4_general_ci NOT NULL,
  `created_year` varchar(20) COLLATE utf8mb4_general_ci NOT NULL,
  `status` varchar(20) COLLATE utf8mb4_general_ci NOT NULL DEFAULT 'pending',
  `deleted` int NOT NULL DEFAULT '0',
  `challan_id` int NOT NULL,
  `part_id` int NOT NULL,
  `qty` float NOT NULL,
  `remaning_qty` float NOT NULL,
  `process` text COLLATE utf8mb4_general_ci NOT NULL,
  `hsn` text COLLATE utf8mb4_general_ci NOT NULL,
  `value` float NOT NULL,
  `day` int NOT NULL,
  `month` int NOT NULL,
  `year` int NOT NULL
) ENGINE=InnoDB DEFAULT CHARSET=utf8mb4 COLLATE=utf8mb4_general_ci;

-- --------------------------------------------------------

--
-- Table structure for table `challan_subcon`
--

CREATE TABLE `challan_subcon` (
  `id` int NOT NULL,
  `clientId` int NOT NULL,
  `sub_po_id` int DEFAULT NULL,
  `challan_number` text COLLATE utf8mb4_general_ci,
  `staus` varchar(20) COLLATE utf8mb4_general_ci DEFAULT 'Pending',
  `customer_id` int NOT NULL,
  `created_date` varchar(20) COLLATE utf8mb4_general_ci NOT NULL,
  `created_time` varchar(20) COLLATE utf8mb4_general_ci NOT NULL,
  `day` int NOT NULL,
  `month` int NOT NULL,
  `year` int NOT NULL,
  `status` varchar(20) COLLATE utf8mb4_general_ci NOT NULL DEFAULT 'pending',
  `vechical_number` varchar(20) COLLATE utf8mb4_general_ci DEFAULT NULL,
  `remark` varchar(20) COLLATE utf8mb4_general_ci DEFAULT NULL,
  `mode` varchar(20) COLLATE utf8mb4_general_ci DEFAULT NULL,
  `transpoter` varchar(20) COLLATE utf8mb4_general_ci DEFAULT NULL,
  `l_r_number` varchar(20) COLLATE utf8mb4_general_ci DEFAULT NULL,
  `customer_challan_number` varchar(20) COLLATE utf8mb4_general_ci DEFAULT NULL
) ENGINE=InnoDB DEFAULT CHARSET=utf8mb4 COLLATE=utf8mb4_general_ci;

-- --------------------------------------------------------

--
-- Table structure for table `child_part`
--

CREATE TABLE `child_part` (
  `id` int NOT NULL,
  `stock` float NOT NULL,
  `stock2` float DEFAULT NULL,
  `stock3` float DEFAULT NULL,
  `part_number` varchar(255) NOT NULL,
  `part_description` varchar(250) NOT NULL,
  `supplier_id` int DEFAULT NULL,
  `part_rate` int DEFAULT NULL,
  `revision_date` varchar(50) DEFAULT NULL,
  `revision_no` varchar(50) DEFAULT NULL,
  `revision_remark` varchar(20) DEFAULT NULL,
  `uom_id` int NOT NULL,
  `child_part_id` int DEFAULT NULL,
  `store_rack_location` varchar(255) DEFAULT NULL,
  `store_stock_rate` float DEFAULT NULL,
  `safty_buffer_stk` varchar(255) DEFAULT NULL,
  `diagram` varchar(50) DEFAULT NULL,
  `quote` varchar(50) DEFAULT NULL,
  `created_id` int NOT NULL,
  `date` varchar(255) NOT NULL,
  `time` varchar(255) NOT NULL,
  `timestamp` timestamp NOT NULL DEFAULT CURRENT_TIMESTAMP ON UPDATE CURRENT_TIMESTAMP,
  `deleted` int DEFAULT NULL,
  `hsn_code` varchar(20) DEFAULT NULL,
  `part_drawing` text,
  `ppap_document` text,
  `modal_document` text,
  `cad_file` text,
  `a_d` text,
  `q_d` text,
  `c_d` text,
  `quotation_document` varchar(20) DEFAULT NULL,
  `gst_id` int DEFAULT NULL,
  `sub_type` text,
  `max_uom` float DEFAULT NULL,
  `min_uom` float DEFAULT NULL,
  `onhold_stock` float NOT NULL,
  `production_qty` float NOT NULL,
  `production_qty2` float DEFAULT NULL,
  `production_qty3` float DEFAULT NULL,
  `rejection_prodcution_qty` float NOT NULL,
  `weight` float DEFAULT NULL,
  `size` text,
  `thickness` text,
  `sub_con_stock` float DEFAULT NULL,
  `rejection_stock` float DEFAULT NULL,
  `grade` varchar(20) DEFAULT NULL,
  `sharing_qty` float NOT NULL DEFAULT '0',
  `machine_mold_issue_stock` float NOT NULL DEFAULT '0',
  `machine_mold_issue_stock2` float NOT NULL DEFAULT '0',
  `machine_mold_issue_stock3` float NOT NULL DEFAULT '0',
  `production_scrap` int NOT NULL DEFAULT '0',
  `production_rejection` int NOT NULL DEFAULT '0',
  `deflashing_stock` float NOT NULL
) ENGINE=InnoDB DEFAULT CHARSET=latin1;

--
-- Dumping data for table `child_part`
--

INSERT INTO `child_part` (`id`, `stock`, `stock2`, `stock3`, `part_number`, `part_description`, `supplier_id`, `part_rate`, `revision_date`, `revision_no`, `revision_remark`, `uom_id`, `child_part_id`, `store_rack_location`, `store_stock_rate`, `safty_buffer_stk`, `diagram`, `quote`, `created_id`, `date`, `time`, `deleted`, `hsn_code`, `part_drawing`, `ppap_document`, `modal_document`, `cad_file`, `a_d`, `q_d`, `c_d`, `quotation_document`, `gst_id`, `sub_type`, `max_uom`, `min_uom`, `onhold_stock`, `production_qty`, `production_qty2`, `production_qty3`, `rejection_prodcution_qty`, `weight`, `size`, `thickness`, `sub_con_stock`, `rejection_stock`, `grade`, `sharing_qty`, `machine_mold_issue_stock`, `machine_mold_issue_stock2`, `machine_mold_issue_stock3`, `production_scrap`, `production_rejection`, `deflashing_stock`) VALUES
(1, 115, NULL, NULL, 'RM.PPCP-RP-123', 'test123', NULL, NULL, NULL, NULL, '1st', 2, NULL, 'S1-RACK-F-01 ', 72, '457', NULL, NULL, 3, '12/11/2022', '3:19:05', 0, '3902', '', '', '', '', '', '', '', NULL, NULL, 'Regular grn', 4000, NULL, 0, 0, NULL, NULL, 0, 25, 'NA', 'NA', 64.224, 0, 'PPCP RP BLACK', 10, 0, 0, 0, 0, 0, 0),
(2, 104, NULL, NULL, 'RM.PP H 110 MA ', 'abc', NULL, NULL, NULL, NULL, '1st', 2, NULL, 'S1', 13, '200', NULL, NULL, 3, '12/11/2022', '3:19:05', 0, '12563', '', '', '', '', '', '', '', NULL, NULL, 'Regular grn', 100, NULL, 0, 0, NULL, NULL, 0, 0, '0', '0', 14, 0, 'A', 0, 5, 0, 0, 0, 0, 0),
(3, 797.22, NULL, NULL, 'RM.PPCPN3530.', 'PPCP NATMI 3530PPCP NATURAL', NULL, NULL, NULL, NULL, '1st', 2, NULL, 'S1-RACK-F-01 ', 109.04, '56', NULL, NULL, 3, '12/11/2022', '3:19:05', 0, '39023000', '', '', '', '', '', '', '', NULL, NULL, 'Regular grn', 10000, NULL, 0, 0, NULL, NULL, 0, 25, 'NA', 'NA', 0, 0, 'NA', 0, 0, 0, 0, 0, 0, 0),
(4, 0, NULL, NULL, 'RM.ABS120W.', 'ABS 120 IFB WHITE', NULL, NULL, NULL, NULL, NULL, 2, NULL, 'S1', 220, '200', NULL, NULL, 3, '12/11/2022', '3:19:05', 0, '39033000', '', '', '', '', '', '', '', NULL, NULL, 'Regular grn', 200, NULL, 0, 0, NULL, NULL, 0, 0, '', '', 0, 0, '', 0, 0, 0, 0, 0, 0, 0),
(5, 2122, NULL, NULL, 'RM.ABS312AFRB.', 'ABS 312  FR BLACK', NULL, NULL, NULL, NULL, NULL, 2, NULL, 'S1-RACK-G-01 ', 340, '200', NULL, NULL, 3, '12/11/2022', '3:19:05', 0, '39033000', '', '', '', '', '', '', '', NULL, NULL, 'Regular grn', 1000, NULL, 0, 0, NULL, NULL, 0, 0, '', '', 0, 0, '', 0, 0, 0, 0, 0, 0, 0),
(6, 1000, NULL, NULL, 'RM.ABS700IFBW.', 'ABS  700 IFB WHITE', NULL, NULL, NULL, NULL, NULL, 2, NULL, 'S1', 220, '200', NULL, NULL, 3, '12/11/2022', '3:19:05', 0, '39033000', '', '', '', '', '', '', '', NULL, NULL, 'Regular grn', 200, NULL, 0, 0, NULL, NULL, 0, 0, '', '', 0, 0, '', 0, 0, 0, 0, 0, 0, 0),
(7, 3025, NULL, NULL, 'RM.ABSBHI121', 'ABS BLACK HI 121', NULL, NULL, NULL, NULL, '1st', 2, NULL, 'S1-RACK-A-02', 224.26, '2000', NULL, NULL, 3, '12/11/2022', '3:19:05', 0, '39033000', '', '', '', '', '', '', '', NULL, NULL, 'Regular grn', 100000, NULL, 0, 0, NULL, NULL, 0, 25, 'NA', 'NA', 0, 0, 'NA', 0, 0, 0, 0, 0, 0, 0),
(8, 0, NULL, NULL, 'RM.ABSFRVH0815NL.', 'ABS FR VH 0815 NATURAL  LOTTE', NULL, NULL, NULL, NULL, NULL, 2, NULL, 'S1', 335, '200', NULL, NULL, 3, '12/11/2022', '3:19:05', 0, '39033000', '', '', '', '', '', '', '', NULL, NULL, 'Regular grn', 500, NULL, 0, 0, NULL, NULL, 0, 0, '', '', 0, 0, '', 0, 0, 0, 0, 0, 0, 0),
(9, 1650, NULL, NULL, 'RM.PCB143R2407LC.', 'PC BLACK 143R2407LC', NULL, NULL, NULL, NULL, '1st', 2, NULL, 'S1-RACK-C-01', 142, '2000', NULL, NULL, 3, '12/11/2022', '3:19:05', 0, '39033000', '', '', '', '', '', '', '', NULL, NULL, 'Regular grn', 100000, NULL, 0, 0, NULL, NULL, 0, 25, 'NA', 'NA', 0, 0, 'NA', 0, 0, 0, 0, 0, 0, 0),
(10, 350, NULL, NULL, 'RM.PMMA.A.', 'PMMA AMBER', NULL, NULL, NULL, NULL, '1st', 2, NULL, 'S1-RACK-B-01', 256.61, '2000', NULL, NULL, 3, '12/11/2022', '3:19:05', 0, '39061090', '', '', '', '', '', '', '', NULL, NULL, 'Regular grn', 100000, NULL, 0, 0, NULL, NULL, 0, 25, 'NA', 'NA', 0, 0, 'NA', 0, 40, 0, 0, 0, 0, 0),
(11, 1425, NULL, NULL, 'RM.PMMAC.', 'PMMA CLEAR', NULL, NULL, NULL, NULL, '1st', 2, NULL, 'S1-RACK-B-02', 226.55, '2000', NULL, NULL, 3, '12/11/2022', '3:19:05', 0, '39061090', '', '', '', '', '', '', '', NULL, NULL, 'Regular grn', 100000, NULL, 0, 0, NULL, NULL, 0, 25, 'NA', 'NA', 0, 0, 'NA', 0, 19, 0, 0, 0, 0, 0),
(12, 400, NULL, NULL, 'RM,PMMA876GRGSFC.', 'PMMA GR 876G Red of GSFC', NULL, NULL, NULL, NULL, '1st', 2, NULL, 'S1-RACK-C-02', 253, '2000', NULL, NULL, 3, '12/11/2022', '3:19:05', 0, '39061090', '', '', '', '', '', '', '', NULL, NULL, 'Regular grn', 100000, NULL, 0, 0, NULL, NULL, 0, 25, 'NA', 'NA', 0, 0, 'NA', 0, 91, 0, 0, 0, 0, 0),
(13, 350, NULL, NULL, 'RM-POM ', 'DURACON M90 -44 NAT.', NULL, NULL, NULL, NULL, '1st', 2, NULL, 'S1-RACK-H-01', 210, '200', NULL, NULL, 3, '12/11/2022', '3:19:05', 0, '39071000', '', '', '', '', '', '', '', NULL, NULL, 'Regular grn', 300, NULL, 0, 0, NULL, NULL, 0, 0, '0', '0', 0, 0, '0', 0, 0, 0, 0, 0, 0, 0),
(14, 0, NULL, NULL, 'RM.MI45ABST.', 'MI 45ABS TRANSPARENT', NULL, NULL, NULL, NULL, NULL, 2, NULL, 'S1-RACK-F-01', 190, '200', NULL, NULL, 3, '12/11/2022', '3:19:05', 0, '39074000', '', '', '', '', '', '', '', NULL, NULL, 'Regular grn', 25, NULL, 0, 0, NULL, NULL, 0, 0, '', '', 0, 0, '', 0, 0, 0, 0, 0, 0, 0),
(15, 525, NULL, NULL, 'RM.PCABSFR3010BFR301.', 'PC ABS FR 3010 BAYBLEND FR 301', NULL, NULL, NULL, NULL, NULL, 2, NULL, 'S1-RACK-G-02', 418, NULL, NULL, NULL, 3, '12/11/2022', '3:19:05', 0, '39074000', '', '', '', '', '', '', '', NULL, NULL, 'Regular grn', 500, NULL, 0, 0, NULL, NULL, 0, 25, 'NA', 'NA', 0, 0, 'NA', 0, 0, 0, 0, 0, 0, 0),
(16, 750, NULL, NULL, 'RM.PCB143R701.', 'PC BLACK 143R701', NULL, NULL, NULL, NULL, '1st', 2, NULL, 'S1-RACK-D-01', 300, '2000', NULL, NULL, 3, '12/11/2022', '3:19:05', 0, '39074000', '', '', '', '', '', '', '', NULL, NULL, 'Regular grn', 100000, NULL, 0, 0, NULL, NULL, 0, 25, 'NA', 'NA', 0, 0, 'NA', 0, 0, 0, 0, 0, 0, 0),
(17, 3550, NULL, NULL, 'RM.PC-CLEAR', 'PC CLEAR', NULL, NULL, NULL, NULL, '1st', 2, NULL, 'S1-RACK-E-01', 274.4, '2000', NULL, NULL, 3, '12/11/2022', '3:19:05', 0, '39074000', '', '', '', '', '', '', '', NULL, NULL, 'Regular grn', 100000, NULL, 0, 0, NULL, NULL, 0, 25, 'NA', 'NA', 0, 0, 'NA', 0, 0, 0, 0, 0, 0, 0),
(18, 300, NULL, NULL, 'RM.PC2407010035W.', 'POLYCARBONATE 2407 010035 WHITE', NULL, NULL, NULL, NULL, NULL, 2, NULL, 'S1-RACK -I-01', 260, NULL, NULL, NULL, 3, '12/11/2022', '3:19:05', 0, '39074000', '', '', '', '', '', '', '', NULL, NULL, 'Regular grn', 700, NULL, 0, 0, NULL, NULL, 0, 0, 'NA', 'NA', 0, 0, 'NA', 0, 0, 0, 0, 0, 0, 0),
(19, 0, NULL, NULL, 'RM.PC2405010035W.', 'POLYCARBONATE 2405  021630 DIFFUSER GRADE', NULL, NULL, NULL, NULL, NULL, 2, NULL, 'S1-RACK -I-02', 300, '200', NULL, NULL, 3, '12/11/2022', '3:19:05', 0, '39074000', '', '', '', '', '', '', '', NULL, NULL, 'Regular grn', 500, NULL, 0, 0, NULL, NULL, 0, 0, '', '', 0, 0, '', 0, 0, 0, 0, 0, 0, 0),
(20, 0, NULL, NULL, 'RM.Ny6Gf3HN.', 'Ny6 Gf 30 % Natural', NULL, NULL, NULL, NULL, NULL, 2, NULL, 'S1-RACK-H-02', 0, '200', NULL, NULL, 3, '12/11/2022', '3:19:05', 0, '3908', '', '', '', '', '', '', '', NULL, NULL, 'Regular grn', 50, NULL, 0, 0, NULL, NULL, 0, 0, '', '', 0, 0, '', 0, 0, 0, 0, 0, 0, 0),
(21, 100, NULL, NULL, 'RM.NYLON6-30%GFBLTECHNYLEC218LV.35', 'NYLON6-30%GF BL TECHNYLE C218L V', NULL, NULL, NULL, NULL, NULL, 2, NULL, 'S1-RACK-D-02', 216, '200', NULL, NULL, 3, '12/11/2022', '3:19:05', 0, '39081090', '', '', '', '', '', '', '', NULL, NULL, 'Regular grn', 50, NULL, 0, 0, NULL, NULL, 0, 0, '', '', 0, 0, '', 0, 0, 0, 0, 0, 0, 0),
(23, 50, NULL, NULL, 'RM.NYLON6PLAINB.', 'NYLON 6 PLAIN BLACK', NULL, NULL, NULL, NULL, NULL, 2, NULL, 'S1', 230, '200', NULL, NULL, 3, '12/11/2022', '3:19:05', 0, '39081090', '', '', '', '', '', '', '', NULL, NULL, 'Regular grn', 50, NULL, 0, 0, NULL, NULL, 0, 0, '', '', 0, 0, '', 0, 0, 0, 0, 0, 0, 0),
(24, 0, NULL, NULL, 'RM.NYLON66PLAINN.', 'NYLON 66 PLAIN  BLACK ', NULL, NULL, NULL, NULL, NULL, 2, NULL, 'S1', 320, NULL, NULL, NULL, 3, '12/11/2022', '3:19:05', 0, '39231010', '', '', '', '', '', '', '', NULL, NULL, 'Regular grn', 50, NULL, 0, 0, NULL, NULL, 0, 25, 'NA', 'NA', 0, 0, 'NA', 0, 0, 0, 0, 0, 0, 0),
(25, 315, NULL, NULL, 'RM.TPE30SHAB.', 'TPE 30 SHORE A COLOUR BLACK', NULL, NULL, NULL, NULL, NULL, 2, NULL, 'S1-RACK-J-01', 201, '200', NULL, NULL, 3, '12/11/2022', '3:19:05', 0, '40059990', '', '', '', '', '', '', '', NULL, NULL, 'Regular grn', 500, NULL, 0, 0, NULL, NULL, 0, 0, '', '', 0, 0, '', 0, 7, 0, 0, 0, 0, 0),
(26, 353, NULL, NULL, 'RM.TPE45-50SHAS.', 'TPE 45/50 SHORE A HARDNESS COLOUR BLACK', NULL, NULL, NULL, NULL, NULL, 2, NULL, 'S1-RACK-J-02', 177, '200', NULL, NULL, 3, '12/11/2022', '3:19:05', 0, '40059990', '', '', '', '', '', '', '', NULL, NULL, 'Regular grn', 500, NULL, 0, 0, NULL, NULL, 0, 0, '', '', 0, 0, '', 0, 37.6123, 0, 0, 0, 0, 0),
(27, 0, NULL, NULL, 'RM PC ABS ', 'PC ABS -GN5007FM-PCABS LUPOY BLACK', NULL, NULL, NULL, NULL, NULL, 2, NULL, 'S1-RACK-G-02', 385, NULL, NULL, NULL, 3, '12/11/2022', '3:19:05', 0, '39074000', '', '', '', '', '', '', '', NULL, NULL, 'Regular grn', 500, NULL, 0, 0, NULL, NULL, 0, 0, '0', '0', 0, 0, '0', 0, 0, 0, 0, 0, 0, 0),
(28, 1500, NULL, NULL, 'RM.NGC3010BNYLON630GF.', 'NGC 3001 NATURAL (NYLON 6 30 % GF )', NULL, NULL, NULL, NULL, NULL, 2, NULL, 'S1-RACK-G-01', 241, '200', NULL, NULL, 3, '12/11/2022', '3:19:05', 0, '8480', '', '', '', '', '', '', '', NULL, NULL, 'Regular grn', 2000, NULL, 0, 0, NULL, NULL, 0, 0, '', '', 0, 0, '', 0, 0, 0, 0, 0, 0, 0),
(29, 0, NULL, NULL, 'MB.B04002.', 'Master Batch Blue 04002', NULL, NULL, NULL, NULL, NULL, 8, NULL, 'S2', 0, '', NULL, NULL, 3, '12/11/2022', '3:19:05', 0, '32061900', '', '', '', '', '', '', '', NULL, NULL, 'Regular grn', 5, NULL, 0, 0, NULL, NULL, 0, 0, '', '', 0, 0, '', 0, 0, 0, 0, 0, 0, 0),
(31, 0, NULL, NULL, 'MB.W04061.', 'MASTER BATCH WHITE 04061', NULL, NULL, NULL, NULL, NULL, 2, NULL, 'S2', 0, '', NULL, NULL, 3, '12/11/2022', '3:19:05', 0, '32061900', '', '', '', '', '', '', '', NULL, NULL, 'Regular grn', 5, NULL, 0, 0, NULL, NULL, 0, 0, '', '', 0, 0, '', 0, 0, 0, 0, 0, 0, 0),
(32, 2.7, NULL, NULL, 'MB.B04232REYNOLDB.', 'Master Batch BLUE 04232 mb reynold blue', NULL, NULL, NULL, NULL, NULL, 2, NULL, 'S2', 0, '', NULL, NULL, 3, '12/11/2022', '3:19:05', 0, '32061900', '', '', '', '', '', '', '', NULL, NULL, 'Regular grn', 5, NULL, 0, 0, NULL, NULL, 0, 0, '', '', 0, 0, '', 0, 0, 0, 0, 0, 0, 0),
(33, 21, NULL, NULL, 'MB.PCB.', 'MASTER BATCH PC BLACK', NULL, NULL, NULL, NULL, '1st', 2, NULL, 'S2', 0, '50', NULL, NULL, 3, '12/11/2022', '3:19:05', 0, '32064990', '', '', '', '', '', '', '', NULL, NULL, 'Regular grn', 500, NULL, 0, 0, NULL, NULL, 0, 0, '0', '0', 0, 0, '0', 0, 0, 0, 0, 0, 0, 0),
(34, 50, NULL, NULL, 'MB.UB.', 'MASTER BATCH UNIVERSAL BLACK', NULL, NULL, NULL, NULL, NULL, 2, NULL, 'S2', 0, NULL, NULL, NULL, 3, '12/11/2022', '3:19:05', 0, '32064990', '', '', '', '', '', '', '', NULL, NULL, 'Regular grn', 500, NULL, 0, 0, NULL, NULL, 0, 0, '25', 'NA', 0, 0, 'NA', 0, 0, 0, 0, 0, 0, 0),
(35, 0, NULL, NULL, 'MB.VBB9012L.', 'MB BLUE VB BLUE 9012 L', NULL, NULL, NULL, NULL, NULL, 2, NULL, 'S2', 0, '', NULL, NULL, 3, '12/11/2022', '3:19:05', 0, '32064990', '', '', '', '', '', '', '', NULL, NULL, 'Regular grn', 5, NULL, 0, 0, NULL, NULL, 0, 0, '', '', 0, 0, '', 0, 0, 0, 0, 0, 0, 0),
(36, 0, NULL, NULL, 'MB.UB240.', 'MB UTILITY BLUE 240', NULL, NULL, NULL, NULL, NULL, 2, NULL, 'S2', 0, '', NULL, NULL, 3, '12/11/2022', '3:19:05', 0, '3264990', '', '', '', '', '', '', '', NULL, NULL, 'Regular grn', 5, NULL, 0, 0, NULL, NULL, 0, 0, '', '', 0, 0, '', 0, 0, 0, 0, 0, 0, 0),
(37, 0, NULL, NULL, 'MB.PCABSBPC.', 'MBPCABS BLUMASTER BATCH FOR PC', NULL, NULL, NULL, NULL, NULL, 2, NULL, 'S2', 0, '', NULL, NULL, 3, '12/11/2022', '3:19:05', 0, '39023000', '', '', '', '', '', '', '', NULL, NULL, 'Regular grn', 50, NULL, 0, 0, NULL, NULL, 0, 0, '', '', 0, 0, '', 0, 0, 0, 0, 0, 0, 0),
(38, 3, NULL, NULL, 'MBPCABSGRYP.', 'MBPCABS GRY MASTER BATCH FOR PC', NULL, NULL, NULL, NULL, NULL, 2, NULL, 'S2', 0, '', NULL, NULL, 3, '12/11/2022', '3:19:05', 0, '39023000', '', '', '', '', '', '', '', NULL, NULL, 'Regular grn', 50, NULL, 0, 0, NULL, NULL, 0, 0, '', '', 0, 0, '', 0, 0, 0, 0, 0, 0, 0),
(39, 80, NULL, NULL, 'BOX.560X300X300-5P.', 'FLI END BOX 560X300X300 5 PLY', NULL, NULL, NULL, NULL, NULL, 1, NULL, 'S2', 0, '', NULL, NULL, 3, '12/11/2022', '3:19:05', 0, '4819', '', '', '', '', '', '', '', NULL, NULL, 'Regular grn', 200, NULL, 0, 0, NULL, NULL, 0, 0, '', '', 0, 0, '', 0, 0, 0, 0, 0, 0, 0),
(40, 907, NULL, NULL, 'BOX.750X400X400-5P.', 'RENTO BOX 750X 400X400 5 PLY', NULL, NULL, NULL, NULL, NULL, 1, NULL, 'S2', 0, '', NULL, NULL, 3, '12/11/2022', '3:19:05', 0, '48191010', '', '', '', '', '', '', '', NULL, NULL, 'Regular grn', 500, NULL, 0, 0, NULL, NULL, 0, 0, '', '', 0, 0, '', 0, 0, 0, 0, 0, 0, 0),
(42, 90, NULL, NULL, 'BOX.345X280X280.', 'J.G. BOX 345X280X280', NULL, NULL, NULL, NULL, NULL, 1, NULL, 'S2', 0, '', NULL, NULL, 3, '12/11/2022', '3:19:05', 0, '4919', '', '', '', '', '', '', '', NULL, NULL, 'Regular grn', 250, NULL, 0, 0, NULL, NULL, 0, 0, '', '', 0, 0, '', 0, 0, 0, 0, 0, 0, 0),
(43, 70, NULL, NULL, 'BOX.630X560X300MM-5PGO.', 'ECO DOOR BOX 630 X  560 X 300  MM 5 PLY  GO', NULL, NULL, NULL, NULL, NULL, 1, NULL, 'S2', 0, '', NULL, NULL, 3, '12/11/2022', '3:19:05', 0, '8480', '', '', '', '', '', '', '', NULL, NULL, 'Regular grn', 250, NULL, 0, 0, NULL, NULL, 0, 0, '', '', 0, 0, '', 0, 0, 0, 0, 0, 0, 0),
(44, 1111, NULL, NULL, 'PT.540X290-3P.', '550 X 290 3 PLY PLATE FOR FLI END', NULL, NULL, NULL, NULL, NULL, 1, NULL, 'S2', 0, '', NULL, NULL, 3, '12/11/2022', '3:19:05', 0, '48191010', '', '', '', '', '', '', '', NULL, NULL, 'Regular grn', 1000, NULL, 0, 0, NULL, NULL, 0, 0, '', '', 0, 0, '', 0, 0, 0, 0, 0, 0, 0),
(45, 12087, NULL, NULL, 'PT.595X395MM-3PCPLAT.', '595X395MM 3PLY CORRUGATED PLATE', NULL, NULL, NULL, NULL, NULL, 1, NULL, 'S2', 0, NULL, NULL, NULL, 3, '12/11/2022', '3:19:05', 0, '48191010', '', '', '', '', '', '', '', NULL, NULL, 'Regular grn', 100000, NULL, 0, 0, NULL, NULL, 0, 0, '595 X 395', 'NA', 0, 0, 'NA', 0, 0, 0, 0, 0, 0, 0),
(46, 1358, NULL, NULL, 'PT.600X400X270MM-5PCB.', '600X400X270MM5 PLYCORRUGATED B', NULL, NULL, NULL, NULL, NULL, 1, NULL, 'S2', 0, NULL, NULL, NULL, 3, '12/11/2022', '3:19:05', 0, '48191010', '', '', '', '', '', '', '', NULL, NULL, 'Regular grn', 10000, NULL, 0, 0, NULL, NULL, 0, 0, '600X400X270 MM BOX', 'NA', 0, 0, 'NA', 0, 0, 0, 0, 0, 0, 0),
(47, 4200, NULL, NULL, 'PB.13X22.5-35M', 'BIO DEGRADABLE POLYBAG SIZE 13 X 22.5-35 MICRON', NULL, NULL, NULL, NULL, NULL, 2, NULL, 'S2', 0, '', NULL, NULL, 3, '12/11/2022', '3:19:05', 0, '39011010', '', '', '', '', '', '', '', NULL, NULL, 'Regular grn', 10000, NULL, 0, 0, NULL, NULL, 0, 0, '', '', 0, 0, '', 0, 0, 0, 0, 0, 0, 0),
(48, 0, NULL, NULL, 'PB.13X17', 'POLYBAG  13 X 17', NULL, NULL, NULL, NULL, NULL, 2, NULL, 'S2', 0, '', NULL, NULL, 3, '12/11/2022', '3:19:05', 0, '39191000', '', '', '', '', '', '', '', NULL, NULL, 'Regular grn', 50, NULL, 0, 0, NULL, NULL, 0, 0, '', '', 0, 0, '', 0, 0, 0, 0, 0, 0, 0),
(49, 305, NULL, NULL, 'PB5X4.5.', 'POLYBAG 5 X4.5', NULL, NULL, NULL, NULL, NULL, 2, NULL, 'S2', 135, NULL, NULL, NULL, 3, '12/11/2022', '3:19:05', 0, '39191000', '', '', '', '', '', '', '', NULL, NULL, 'Regular grn', 1000, NULL, 0, 0, NULL, NULL, 0, 0, '5 X4.5', 'NA', 0, 0, 'NA', 0, 0, 0, 0, 0, 0, 0),
(50, 219, NULL, NULL, 'PB.11X16.', 'POLY BAG 11 X16', NULL, NULL, NULL, NULL, NULL, 2, NULL, 'S2', 0, NULL, NULL, NULL, 3, '12/11/2022', '3:19:05', 0, '39191000', '', '', '', '', '', '', '', NULL, NULL, 'Regular grn', 500, NULL, 0, 0, NULL, NULL, 0, 0, 'NA', 'NA', 0, 0, 'NA', 0, 9, 0, 0, 0, 0, 0),
(51, 150, NULL, NULL, 'PB.9X12.', 'POLYBAG 9 X12', NULL, NULL, NULL, NULL, NULL, 2, NULL, 'S2', 0, '', NULL, NULL, 3, '12/11/2022', '3:19:05', 0, '39232100', '', '', '', '', '', '', '', NULL, NULL, 'Regular grn', 300, NULL, 0, 0, NULL, NULL, 0, 0, '', '', 0, 0, '', 0, 0, 0, 0, 0, 0, 0),
(52, 79, NULL, NULL, 'PB.16x21i.', 'Poly Bag 16 x 21 inch', NULL, NULL, NULL, NULL, NULL, 2, NULL, 'S2', 0, '', NULL, NULL, 3, '12/11/2022', '3:19:05', 0, '8480', '', '', '', '', '', '', '', NULL, NULL, 'Regular grn', 250, NULL, 0, 0, NULL, NULL, 0, 0, '', '', 0, 0, '', 0, 0, 0, 0, 0, 0, 0),
(53, 100, NULL, NULL, 'PB.6x8i.', 'Poly Bag 6 x 8 inch', NULL, NULL, NULL, NULL, NULL, 2, NULL, 'S2', 0, NULL, NULL, NULL, 3, '12/11/2022', '3:19:05', 0, '39191000', '', '', '', '', '', '', '', NULL, NULL, 'Regular grn', 400, NULL, 0, 0, NULL, NULL, 0, 0, 'NA', 'NA', 0, 0, 'NA', 0, 0, 0, 0, 0, 0, 0),
(54, 0, NULL, NULL, 'IN.BOLTM6X20.', 'INSERT  BOLT M6X20', NULL, NULL, NULL, NULL, '1st', 1, NULL, 'S2', 50, '5000', NULL, NULL, 3, '12/11/2022', '3:19:05', 0, '39231010', '', '', '', '', '', '', '', NULL, NULL, 'Regular grn', 5000, NULL, 0, 0, NULL, NULL, 0, 0, '0', '0', 0, 0, '0', 0, 0, 0, 0, 0, 0, 0),
(55, 0, NULL, NULL, 'IN.M5X115.', 'INSERT  M5 X 115', NULL, NULL, NULL, NULL, NULL, 1, NULL, 'S2', 0, '', NULL, NULL, 3, '12/11/2022', '3:19:05', 0, '39231010', '', '', '', '', '', '', '', NULL, NULL, 'Regular grn', 5000, NULL, 0, 0, NULL, NULL, 0, 0, '', '', 0, 0, '', 0, 0, 0, 0, 0, 0, 0),
(56, 0, NULL, NULL, 'IN.M6X23.', 'INSERT M6 X 23', NULL, NULL, NULL, NULL, NULL, 1, NULL, 'S2', 0, '', NULL, NULL, 3, '12/11/2022', '3:19:05', 0, '39231010', '', '', '', '', '', '', '', NULL, NULL, 'Regular grn', 5000, NULL, 0, 0, NULL, NULL, 0, 0, '', '', 0, 0, '', 0, 0, 0, 0, 0, 0, 0),
(57, 50000, NULL, NULL, 'IN.BOLTM5X13.', 'MOUNTING BOLT M5 X 13', NULL, NULL, NULL, NULL, '1st', 1, NULL, 'S2', 0, '10000', NULL, NULL, 3, '12/11/2022', '3:19:05', 0, '73181500', '', '', '', '', '', '', '', NULL, NULL, 'Regular grn', 70000, NULL, 0, 0, NULL, NULL, 0, 0, '0', '0', 0, 0, '0', 0, 0, 0, 0, 0, 0, 0),
(58, 0, NULL, NULL, 'IN.BRASSFORVIPERENDCAP', 'BRASS INSERT FOR  VIPER END CAP M6 X 15', NULL, NULL, NULL, NULL, NULL, 1, NULL, 'S2', 0, '', NULL, NULL, 3, '12/11/2022', '3:19:05', 0, '74153390', '', '', '', '', '', '', '', NULL, NULL, 'Regular grn', 10000, NULL, 0, 0, NULL, NULL, 0, 0, '', '', 0, 0, '', 0, 0, 0, 0, 0, 0, 0),
(59, 97960, NULL, NULL, 'IN.NUTM5X9.', 'INSERT NUT M 5 X 9', NULL, NULL, NULL, NULL, NULL, 1, NULL, 'S2', 0, NULL, NULL, NULL, 3, '12/11/2022', '3:19:05', 0, '85129000', '', '', '', '', '', '', '', NULL, NULL, 'Regular grn', 100000, NULL, 0, 0, NULL, NULL, 0, 0, 'NA', 'NA', 0, 0, '0', 0, 0, 0, 0, 0, 0, 0),
(60, 0, NULL, NULL, 'IN.M5Nut.', 'M5 Insert Nut', NULL, NULL, NULL, NULL, NULL, 1, NULL, 'S2', 0, '', NULL, NULL, 3, '12/11/2022', '3:19:05', 0, '85129000', '', '', '', '', '', '', '', NULL, NULL, 'Regular grn', 40000, NULL, 0, 0, NULL, NULL, 0, 0, '', '', 0, 0, '', 0, 0, 0, 0, 0, 0, 0),
(61, 0, NULL, NULL, 'CP.8x13SCREW.', 'No 8 x 13 mm Screw', NULL, NULL, NULL, NULL, NULL, 1, NULL, 'S2', 0, '', NULL, NULL, 3, '12/11/2022', '3:19:05', 0, '73181500', '', '', '', '', '', '', '', NULL, NULL, 'Regular grn', 10000, NULL, 0, 0, NULL, NULL, 0, 0, '', '', 0, 0, '', 0, 0, 0, 0, 0, 0, 0),
(64, 0, NULL, NULL, 'CP.BRASSPIN7X52.', 'BRASS PIN 7 MM OD X52', NULL, NULL, NULL, NULL, NULL, 1, NULL, 'S2', 0, '', NULL, NULL, 3, '12/11/2022', '3:19:05', 0, '73209090', '', '', '', '', '', '', '', NULL, NULL, 'Regular grn', 5000, NULL, 0, 0, NULL, NULL, 0, 0, '', '', 0, 0, '', 0, 0, 0, 0, 0, 0, 0),
(65, 0, NULL, NULL, 'FB.8x13.', 'Foam Bags 8x13', NULL, NULL, NULL, NULL, NULL, 1, NULL, 'S2', 0, '', NULL, NULL, 3, '12/11/2022', '3:19:05', 0, '39211900', '', '', '', '', '', '', '', NULL, NULL, 'Regular grn', 2000, NULL, 0, 0, NULL, NULL, 0, 0, '', '', 0, 0, '', 0, 0, 0, 0, 0, 0, 0),
(66, 4000, NULL, NULL, 'FB.13X6i.', 'FOM BAGS 13 X 6 INCH', NULL, NULL, NULL, NULL, '1st', 1, NULL, 'S2', 0, '5000', NULL, NULL, 3, '12/11/2022', '3:19:05', 0, '39211900', '', '', '', '', '', '', '', NULL, NULL, 'Regular grn', 15000, NULL, 0, 0, NULL, NULL, 0, 0, '13 X 6 INCH FOM BAG', '1 MM', 0, 0, 'NO', 0, 0, 0, 0, 0, 0, 0),
(67, 1000, NULL, NULL, 'FB.14X8X2.', '14 X 8 X 2 MM FOM BAG', NULL, NULL, NULL, NULL, NULL, 1, NULL, 'S2', 0, '', NULL, NULL, 3, '12/11/2022', '3:19:05', 0, '39232990', '', '', '', '', '', '', '', NULL, NULL, 'Regular grn', 2000, NULL, 0, 0, NULL, NULL, 0, 0, '', '', 0, 0, '', 0, 0, 0, 0, 0, 0, 0),
(68, 1000, NULL, NULL, 'FB.21X10X2.', '21 X 10 X 2 MM FOAM BAG', NULL, NULL, NULL, NULL, NULL, 1, NULL, 'S2', 0, '', NULL, NULL, 3, '12/11/2022', '3:19:05', 0, '39232990', '', '', '', '', '', '', '', NULL, NULL, 'Regular grn', 2000, NULL, 0, 0, NULL, NULL, 0, 0, '', '', 0, 0, '', 0, 0, 0, 0, 0, 0, 0),
(69, 1273, NULL, NULL, 'FB.24X16X2.', '24 X16X2MM FOM BAG', NULL, NULL, NULL, NULL, NULL, 1, NULL, 'S2', 0, '', NULL, NULL, 3, '12/11/2022', '3:19:05', 0, '39232990', '', '', '', '', '', '', '', NULL, NULL, 'Regular grn', 2000, NULL, 0, 0, NULL, NULL, 0, 0, '', '', 0, 0, '', 0, 0, 0, 0, 0, 0, 0),
(70, 15000, NULL, NULL, 'FB.60X90.', '60 x  90 mm Fom Bags', NULL, NULL, NULL, NULL, NULL, 1, NULL, 'S2', 0, '', NULL, NULL, 3, '12/11/2022', '3:19:05', 0, '39232990', '', '', '', '', '', '', '', NULL, NULL, 'Regular grn', 20000, NULL, 0, 0, NULL, NULL, 0, 0, '', '', 0, 0, '', 0, 0, 0, 0, 0, 0, 0),
(71, 9000, NULL, NULL, '40339-01', 'M5 INSERT ', NULL, NULL, NULL, NULL, NULL, 1, NULL, '3', 0.85, '6000', NULL, NULL, 3, '23-11-2022', '9:32:43', 0, '8480', '', '', '', '', '', '', '', NULL, NULL, 'Regular grn', 20000, NULL, 0, 0, NULL, NULL, 0, 2, 'M5 INSERT ', '', 0, 0, 'M5', 0, 0, 0, 0, 0, 0, 0),
(73, 0, NULL, NULL, '10594551', 'HANDLE GATE LOCK (LFT)-DIRAK', NULL, NULL, NULL, NULL, NULL, 1, NULL, 'NA', 0, '1', NULL, NULL, 3, '26-12-2022', '3:29:15', 0, '84779000', '', '', '', '', '', '', '', NULL, NULL, 'Regular grn', 2, NULL, 0, 0, NULL, NULL, 0, 0, '', '', 0, 0, 'NA', 0, 0, 0, 0, 0, 0, 0),
(74, 0, NULL, NULL, '10582462', 'HOOK GATE LOCKNER', NULL, NULL, NULL, NULL, NULL, 1, NULL, 'NA', 0, '1', NULL, NULL, 3, '26-12-2022', '3:30:03', 0, '84779000', '', '', '', '', '', '', '', NULL, NULL, 'Regular grn', 2, NULL, 0, 0, NULL, NULL, 0, 0, '', '', 0, 0, 'NA', 0, 0, 0, 0, 0, 0, 0),
(75, 8936, NULL, NULL, 'PBS-ROD-3MMX75MM', 'PBS-ROD-PBS MATL ROD 3MMX75MM', NULL, NULL, NULL, NULL, NULL, 1, NULL, 'NA', 1.9, NULL, NULL, NULL, 3, '4/1/2023', '6:59:58', 0, '7219', '', '', '', '', '', '', '', NULL, NULL, 'Regular grn', 11000, NULL, 0, 0, NULL, NULL, 0, 0, '3MMX75MM', 'NA', 0, 0, 'NA', 0, 0, 0, 0, 0, 0, 0),
(76, 100, NULL, NULL, 'VAIPER BOX ', '640 X 570 X 370 5 PLY BOX GOLDEN', NULL, NULL, NULL, NULL, NULL, 1, NULL, 'NA', 85, '60', NULL, NULL, 3, '7/1/2023', '9:40:56', 0, '4819', '', '', '', '', '', '', '', NULL, NULL, 'Regular grn', 200, NULL, 0, 0, NULL, NULL, 0, 0, '640 X 570 X 370 5 PLY BOX GOLDEN', 'NA', 0, 0, 'NA', 0, 0, 0, 0, 0, 0, 0),
(77, 17000, NULL, NULL, 'BRASS INSERT VAIPER ', '6 M X 15 MM BRASS INSERT', NULL, NULL, NULL, NULL, NULL, 1, NULL, 'NA', 3.67, NULL, NULL, NULL, 3, '7/1/2023', '9:53:39', 0, '74153390', '', '', '', '', '', '', '', NULL, NULL, 'Regular grn', 15000, NULL, 0, 0, NULL, NULL, 0, 0, 'M6X15 MM ', 'NA', 0, 0, 'NA', 0, 0, 0, 0, 0, 0, 0),
(78, 197, NULL, NULL, 'SP-01', 'High Performance Multipurpose Non Silicon Spray', NULL, NULL, NULL, NULL, NULL, 1, NULL, 'NA', 140, '40', NULL, NULL, 3, '11/1/2023', '11:28:47', 0, '38140010', '', '', '', '', '', '', '', NULL, NULL, 'Regular grn', 150, NULL, 0, 0, NULL, NULL, 0, 0, '', '', 0, 0, '', 0, 0, 0, 0, 0, 0, 0),
(79, 300, NULL, NULL, 'ABS EP 200', 'ABS EP 200 NATURAL', NULL, NULL, NULL, NULL, '1st', 2, NULL, 'NA', 266.67, '2000', NULL, NULL, 3, '14-01-2023', '6:00:52', 0, '39033000', '', '', '', '', '', '', '', NULL, NULL, 'RM', 50000, NULL, 0, 0, NULL, NULL, 0, 25, 'NA', 'NA', 0, 0, 'NA', 0, 0, 0, 0, 0, 0, 0),
(80, 200, NULL, NULL, 'CG 600X400X500', 'CG OUT BOX 600 X 400 X 500 MM 5 PLY', NULL, NULL, NULL, NULL, '1st', 1, NULL, 'NA', 54.25, '10000', NULL, NULL, 3, '14-01-2023', '6:05:09', 0, '48191010', '', '', '', '', '', '', '', NULL, NULL, 'Regular grn', 5000, NULL, 0, 0, NULL, NULL, 0, 1, '600X400X500 MM 5 PLY BOX', 'NA', 0, 0, 'NA', 0, 0, 0, 0, 0, 0, 0),
(81, 125, NULL, NULL, 'MB ', 'MASTER BATCH GREY(GRANLR)FOR PC CLEAR', NULL, NULL, NULL, NULL, NULL, 1, NULL, 'NA', 496, NULL, NULL, NULL, 3, '14-01-2023', '6:09:21', 0, '32061900', '', '', '', '', '', '', '', NULL, NULL, 'Regular grn', 500, NULL, 0, 0, NULL, NULL, 0, 25, 'NA', 'NA', 0, 0, 'NA', 0, 0, 0, 0, 0, 0, 0),
(82, 0, NULL, NULL, 'ULT-B3EG6', 'ULT.B3EG6 UNCOLORED', NULL, NULL, NULL, NULL, NULL, 2, NULL, 'NA', 241, '25', NULL, NULL, 3, '15-01-2023', '10:49:27', 0, '39081090', '', '', '', '', '', '', '', NULL, NULL, 'RM', 25, NULL, 0, 0, NULL, NULL, 0, 25, 'NA', 'NA', 0, 0, '', 0, 0, 0, 0, 0, 0, 0),
(83, 0, NULL, NULL, 'FREIGHT', 'FREIGHT FORWARDING CHARGES', NULL, NULL, NULL, NULL, NULL, 1, NULL, 'NA', 300, '1', NULL, NULL, 3, '15-01-2023', '11:28:29', 0, '996519', '', '', '', '', '', '', '', NULL, NULL, 'Regular grn', 1, NULL, 0, 0, NULL, NULL, 0, 1, 'NA', 'NA', 0, 0, 'NA', 0, 0, 0, 0, 0, 0, 0),
(84, 0, NULL, NULL, '2407', 'POLYCARBONATE 2407 550115', NULL, NULL, NULL, NULL, NULL, 2, NULL, 'NA', 215, NULL, NULL, NULL, 3, '15-01-2023', '12:14:55', 0, '39074000', '', '', '', '', '', '', '', NULL, NULL, 'RM', 1500, NULL, 0, 0, NULL, NULL, 0, 25, 'NA', 'NA', 0, 0, 'NA', 0, 0, 0, 0, 0, 0, 0),
(85, 0, NULL, NULL, '340X265', '340  X 265 PLATE', NULL, NULL, NULL, NULL, '1st', 1, NULL, 'NA', 2.5, '200', NULL, NULL, 3, '15-01-2023', '12:48:53', 0, '4819', '', '', '', '', '', '', '', NULL, NULL, 'Regular grn', 1000, NULL, 0, 0, NULL, NULL, 0, 0, 'NA', 'NA', 0, 0, 'NA', 0, 0, 0, 0, 0, 0, 0),
(86, 100, NULL, NULL, 'FUNNEL PARTITION', 'FUNNEL PARTITION', NULL, NULL, NULL, NULL, '1st', 1, NULL, 'NA', 10, '200', NULL, NULL, 3, '15-01-2023', '12:49:58', 0, '4919', '', '', '', '', '', '', '', NULL, NULL, 'Regular grn', 500, NULL, 0, 0, NULL, NULL, 0, 0, 'NA', 'NA', 0, 0, 'NA', 0, 0, 0, 0, 0, 0, 0),
(87, 50, NULL, NULL, 'PBT UF NL', 'POLY BUTYLENE', NULL, NULL, NULL, NULL, NULL, 2, NULL, 'NA', 300, '50', NULL, NULL, 3, '15-01-2023', '2:06:01', 0, '39079920', '', '', '', '', '', '', '', NULL, NULL, 'RM', 100, NULL, 0, 0, NULL, NULL, 0, 25, 'NA', 'NA', 0, 0, '', 0, 0, 0, 0, 0, 0, 0),
(88, 32577, NULL, NULL, 'M5 INSERT NUT', 'M5 INSERT NUT', NULL, NULL, NULL, NULL, NULL, 1, NULL, 'NA', 2.25, '10000', NULL, NULL, 3, '20-01-2023', '4:38:34', 0, '85129000', '', '', '', '', '', '', '', NULL, NULL, 'Regular grn', 100000, NULL, 0, 0, NULL, NULL, 0, 0, 'NA', 'NA', 0, 0, 'NA', 0, 0, 0, 0, 0, 0, 0),
(89, 197, NULL, NULL, 'SPRAY', 'Silicon Spray Mould (R/T)', NULL, NULL, NULL, NULL, '1st', 1, NULL, 'NA', 87, '50', NULL, NULL, 3, '28-01-2023', '12:15:41', 0, '34031900', '', '', '', '', '', '', '', NULL, NULL, 'Regular grn', 250, NULL, 0, 0, NULL, NULL, 0, 0, 'NA', 'NA', 0, 0, 'NA', 0, 0, 0, 0, 0, 0, 0),
(90, 0, NULL, NULL, 'PL0137', 'INSULATING PIPE MBCS', NULL, NULL, NULL, NULL, NULL, 1, NULL, 'NA', 1.71, '2000', NULL, NULL, 3, '28-01-2023', '12:20:41', 0, '87089900', '', '', '', '', '', '', '', NULL, NULL, 'Regular grn', 5000, NULL, 0, 0, NULL, NULL, 0, 0, 'NA', 'NA', 0, 0, '', 0, 0, 0, 0, 0, 0, 0),
(91, 0, NULL, NULL, 'PL0051', 'PKS PLUNGER', NULL, NULL, NULL, NULL, NULL, 1, NULL, 'NA', 0.77, '2000', NULL, NULL, 3, '28-01-2023', '12:23:26', 0, '39269099', '', '', '', '', '', '', '', NULL, NULL, 'Regular grn', 10000, NULL, 0, 0, NULL, NULL, 0, 0, 'NA', 'NA', 0, 0, '', 0, 0, 0, 0, 0, 0, 0),
(92, 10000, NULL, NULL, 'TOP HV CON ASSY ', 'Compression Spring W-06 Od -4.8 Coil 15.4 FI-31.75', NULL, NULL, NULL, NULL, NULL, 1, NULL, 'NA', 0.8, '2000', NULL, NULL, 3, '28-01-2023', '5:35:58', 0, '73209090', '', '', '', '', '', '', '', NULL, NULL, 'Regular grn', 10000, NULL, 0, 0, NULL, NULL, 0, 0, 'NA', 'NA', 0, 0, 'NA', 0, 0, 0, 0, 0, 0, 0),
(93, 10000, NULL, NULL, 'T2 TOP PIN', 'Compression Spring W-0.7 ID -5.1 COILS -14 FL -38', NULL, NULL, NULL, NULL, NULL, 1, NULL, 'NA', 0.5, '2000', NULL, NULL, 3, '28-01-2023', '5:37:00', 0, '73209090', '', '', '', '', '', '', '', NULL, NULL, 'Regular grn', 10000, NULL, 0, 0, NULL, NULL, 0, 0, 'NA', 'NA', 0, 0, 'NA', 0, 0, 0, 0, 0, 0, 0),
(94, 392, NULL, NULL, 'PACKING TAPE ', 'BOPP TAPE 2 X 65 M ( TR )', NULL, NULL, NULL, NULL, NULL, 1, NULL, 'NA', 24.1, '100', NULL, NULL, 3, '30-01-2023', '2:02:51', 0, '39199090', '', '', '', '', '', '', '', NULL, NULL, 'Regular grn', 300, NULL, 0, 0, NULL, NULL, 0, 0, '2 X 65 M (TR )', '2', 2, 0, 'NA', 0, 0, 0, 0, 0, 0, 0),
(95, 0, NULL, NULL, 'A4 PAPER', 'A/4 CENTURY ELANZA 70 GSM ', NULL, NULL, NULL, NULL, NULL, 1, NULL, 'NA', 232, '10', NULL, NULL, 3, '30-01-2023', '2:08:11', 0, '48025690', '', '', '', '', '', '', '', NULL, NULL, 'Regular grn', 20, NULL, 0, 0, NULL, NULL, 0, 0, 'NA', 'NA', 0, 0, 'NA', 0, 0, 0, 0, 0, 0, 0),
(96, 25000, NULL, NULL, '40506-01', 'M5 INSERT REAR RR RED', NULL, NULL, NULL, NULL, '1st', 1, NULL, 'NA', 0.85, '5000', NULL, NULL, 3, '12/2/2023', '11:33:53', 0, '8480', '', '', '', '', '', '', '', NULL, NULL, 'Regular grn', 50000, NULL, 0, 0, NULL, NULL, 0, 0, 'NA', 'NA', 0, 0, 'NA', 0, 0, 0, 0, 0, 0, 0),
(97, 0, NULL, NULL, 'bb-0965-50-04', 'connector pin ', NULL, NULL, NULL, NULL, NULL, 1, NULL, 'NA', 8, '2000', NULL, NULL, 3, '17-02-2023', '4:03:50', 0, '8888', '', '', '', '', '', '', '', NULL, NULL, 'Regular grn', 5000, NULL, 0, 0, NULL, NULL, 0, 0, 'NA', 'NA', 0, 0, '', 0, 0, 0, 0, 0, 0, 0),
(98, 2, NULL, NULL, 'PMMA 870S IH830 NP', 'PMMA 870S IH830 NP', NULL, NULL, NULL, NULL, NULL, 2, NULL, 'NA', 226, '500', NULL, NULL, 3, '3/3/2023', '3:10:04', 0, '3906109', '', '', '', '', '', '', '', NULL, NULL, 'RM', 1000, NULL, 0, 0, NULL, NULL, 0, 25, 'NA', 'NA', 0, 0, 'NA', 0, 0, 0, 0, 0, 0, 0),
(99, 1, NULL, NULL, 'BLUE 04002', 'MASTER BATCH BLUE 04002 RENOLD BLUE ', NULL, NULL, NULL, NULL, NULL, 2, NULL, 'NA', 350, '5', NULL, NULL, 3, '4/3/2023', '6:58:33', 0, '32061900', '', '', '', '', '', '', '', NULL, NULL, 'RM', 25, NULL, 0, 2, NULL, NULL, 0, 25, 'NA', 'NA', 0, 0, 'NA', 0, 0, 0, 0, 0, 0, 0),
(100, 10000, NULL, NULL, 'T2 TOP PIN BRASS PIN ', 'BRASS PIN 7 MM OD x 52 LONG', NULL, NULL, NULL, NULL, NULL, 1, NULL, 'NA', 8.5, '5000', NULL, NULL, 3, '4/3/2023', '7:18:30', 0, '74199930', '', '', '', '', '', '', '', NULL, NULL, 'RM', 10000, NULL, 0, 0, NULL, NULL, 0, 25, 'NA', 'NA', 0, 0, 'NA', 0, 0, 0, 0, 0, 0, 0),
(101, 205, NULL, NULL, 'VAIPER BOX PLATE ', 'VAIPER BOX PLATE 630 X 560 3 PLY PLATE', NULL, NULL, NULL, NULL, '1st', 1, NULL, 'NA', 109.04, '300', NULL, NULL, 3, '4/4/2023', '4:39:41', 0, '48191010', '', '', '', '', '', '', '', NULL, NULL, 'Regular grn', 500, NULL, 0, 0, NULL, NULL, 0, 0, '630X560', '0', 0, 0, 'NA', 0, 0, 0, 0, 0, 0, 0),
(102, 155, NULL, NULL, 'VAIPER BOX PIGAN', 'VAIPER BOX PIGAN 625 X 170', NULL, NULL, NULL, NULL, NULL, 1, NULL, 'NA', 35, '300', NULL, NULL, 3, '4/4/2023', '4:48:46', 0, '48191010', '', '', '', '', '', '', '', NULL, NULL, 'Regular grn', 500, NULL, 0, 0, NULL, NULL, 0, 0, 'NA', 'NA', 0, 0, 'NA', 0, 0, 0, 0, 0, 0, 0),
(103, 10, NULL, NULL, 'GAS CORTRIDGE', 'GAS CORTRIDGE', NULL, NULL, NULL, NULL, NULL, 1, NULL, 'NA', 110, '5', NULL, NULL, 3, '7/4/2023', '6:10:12', 0, '2711', '', '', '', '', '', '', '', NULL, NULL, 'Regular grn', 20, NULL, 0, 0, NULL, NULL, 0, 0, '0', '0', NULL, NULL, '', 0, 0, 0, 0, 0, 0, 0),
(104, 12, NULL, NULL, 'ANTY CORROSION SPRAY ( GREEN SPRAY )', 'ANTY CORROSION SPRAY ( GREEN SPRAY )', NULL, NULL, NULL, NULL, NULL, 1, NULL, 'NA', 240, '5', NULL, NULL, 3, '7/4/2023', '6:22:01', 0, '34039900', '', '', '', '', '', '', '', NULL, NULL, 'Regular grn', 20, NULL, 0, 0, NULL, NULL, 0, 0, '0', '0', NULL, NULL, '', 0, 0, 0, 0, 0, 0, 0),
(105, 0, NULL, NULL, 'ABS MIF 45 NATURAL', 'ABS MIF 45 NATURAL', NULL, NULL, NULL, NULL, NULL, 2, NULL, 'NA', 176, '200', NULL, NULL, 3, '15-04-2023', '12:11:21', 0, '39074000', '', '', '', '', '', '', '', NULL, NULL, 'RM', 500, NULL, 0, 0, NULL, NULL, 0, 25, 'NA', 'NA', NULL, NULL, '', 0, 0, 0, 0, 0, 0, 0),
(106, 18, NULL, NULL, 'Red MB', 'RED MASTER BATCH ', NULL, NULL, NULL, NULL, NULL, 2, NULL, 'NA', 750, '2', NULL, NULL, 3, '5/5/2023', '11:25:34', 0, '32061900', '', '', '', '', '', '', '', NULL, NULL, 'RM', 5, NULL, 0, 0, NULL, NULL, 0, 25, 'NA', 'NA', NULL, NULL, 'NA', 2, 0, 0, 0, 0, 0, 0),
(107, 208, NULL, NULL, 'FLI END CAP BOX', '560 X300 X300 5 PLY FLI END CAP BOX ', NULL, NULL, NULL, NULL, NULL, 1, NULL, 'NA', 40, '200', NULL, NULL, 3, '6/5/2023', '10:20:27', 0, '4819', '', '', '', '', '', '', '', NULL, NULL, 'Regular grn', 500, NULL, 0, 0, NULL, NULL, 0, 0, '0', '0', NULL, NULL, '', 0, 0, 0, 0, 0, 0, 0),
(108, 50, NULL, NULL, 'MASTER BATCH PC BLACK ', 'MASTER BATCH PC BLACK ', NULL, NULL, NULL, NULL, NULL, 2, NULL, 'NA', 303, '25', NULL, NULL, 3, '14-05-2023', '2:29:48', 0, '32064990', '', '', '', '', '', '', '', NULL, NULL, 'RM', 100, NULL, 0, 0, NULL, NULL, 0, 25, 'NA', 'NA', NULL, NULL, 'NA', 0, 0, 0, 0, 0, 0, 0),
(109, 50, NULL, NULL, 'P.P 20 % GF BK', 'P.P 20 % GF BK', NULL, NULL, NULL, NULL, NULL, 2, NULL, 'NA', 75, '2000', NULL, NULL, 3, '10-09-2023', '09:58:25', 0, '3902', '', NULL, '', '', '', '', '', NULL, NULL, 'Regular grn', 2000, NULL, 0, 0, NULL, NULL, 0, NULL, NULL, NULL, NULL, NULL, 'NA', 0, 0, 0, 0, 0, 0, 0),
(110, 25, NULL, NULL, 'PPCP BLUE ', 'PPCP BLUE PP', NULL, NULL, NULL, NULL, NULL, 2, NULL, 'NA', 90, '500', NULL, NULL, 3, '30-09-2023', '01:50:52', 0, '39021000', '', NULL, '', '', '', '', '', NULL, NULL, 'Regular grn', 1000, NULL, 0, 0, NULL, NULL, 0, NULL, NULL, NULL, NULL, NULL, '', 0, 0, 0, 0, 0, 0, 0),
(111, 0, NULL, NULL, 'SC-1220 UR', 'LOTTE SC-1220 UR', NULL, NULL, NULL, NULL, NULL, 2, NULL, 'NA', 209, '300', NULL, NULL, 3, '30-09-2023', '03:20:08', 0, '39033000', '', NULL, '', '', '', '', '', NULL, NULL, 'Regular grn', 500, NULL, 0, 0, NULL, NULL, 0, NULL, NULL, NULL, NULL, NULL, 'NA', 0, 0, 0, 0, 0, 0, 0),
(112, 50, NULL, NULL, '1200 LDPE', ' LDPE 1200', NULL, NULL, NULL, NULL, NULL, 2, NULL, 'NA', 579.7, '300', NULL, NULL, 3, '30-09-2023', '03:24:08', 0, '39033000', '', NULL, '', '', '', '', '', NULL, NULL, 'Regular grn', 500, NULL, 0, 0, NULL, NULL, 0, NULL, NULL, NULL, NULL, NULL, 'NA', 0, 0, 0, 0, 0, 0, 0),
(113, 0, NULL, NULL, 'MG GREEN', 'MG GREEN ', NULL, NULL, NULL, NULL, NULL, 2, NULL, 'NA', 330, '300', NULL, NULL, 3, '04-10-2023', '07:00:22', 0, '32064990', '', NULL, '', '', '', '', '', NULL, NULL, 'Regular grn', 500, NULL, 0, 0, NULL, NULL, 0, NULL, NULL, NULL, NULL, NULL, 'NA', 0, 0, 0, 0, 0, 0, 0),
(114, 0, NULL, NULL, 'PC BLACK -REGRAND', 'PC BLACK -REGRAND', NULL, NULL, NULL, NULL, NULL, 2, NULL, 'NA', 214.73, '300', NULL, NULL, 3, '04-10-2023', '07:09:05', 0, '39153090', '', NULL, '', '', '', '', '', NULL, NULL, 'Regular grn', 200, NULL, 0, 0, NULL, NULL, 0, NULL, NULL, NULL, NULL, NULL, 'NA', 0, 0, 0, 0, 0, 0, 0),
(115, 0, NULL, NULL, 'LDPE -01-LAW', 'LDPE -01-LOW DENSITY POLYTHYLENE 1200 MN 18C', NULL, NULL, NULL, NULL, NULL, 2, NULL, 'NA', 579.7, '300', NULL, NULL, 3, '20-10-2023', '03:25:58', 0, '39011010', '', NULL, '', '', '', '', '', NULL, NULL, 'Regular grn', 500, NULL, 0, 0, NULL, NULL, 0, NULL, NULL, NULL, NULL, NULL, 'NA', 0, 0, 0, 0, 0, 0, 0),
(116, 0, NULL, NULL, 'LOTE PC CLEAR 1220UR', 'PC CLEAR 003-LOTTE PC CLEAR 1220UR ENP', NULL, NULL, NULL, NULL, NULL, 2, NULL, 'NA', 209, '300', NULL, NULL, 3, '20-10-2023', '03:27:53', 0, '39074000', '', NULL, '', '', '', '', '', NULL, NULL, 'Regular grn', 500, NULL, 0, 0, NULL, NULL, 0, NULL, NULL, NULL, NULL, NULL, 'NA', 0, 0, 0, 0, 0, 0, 0),
(117, 0, NULL, NULL, 'PRINTER', 'REPARING PRINTER ', NULL, NULL, NULL, NULL, NULL, 1, NULL, 'NA', 1500, '1', NULL, NULL, 3, '20-10-2023', '04:18:55', 0, '9987', '', NULL, '', '', '', '', '', NULL, NULL, 'Regular grn', 1, NULL, 0, 0, NULL, NULL, 0, NULL, NULL, NULL, NULL, NULL, 'NA', 0, 0, 0, 0, 0, 0, 0),
(118, 600, NULL, NULL, 'KLTBIN', 'GREEN COLORS 6429 ( 600X400X280 MM )', NULL, NULL, NULL, NULL, NULL, 1, NULL, 'NA', 100, '300', NULL, NULL, 3, '20-10-2023', '06:09:13', 0, '392329', '', NULL, '', '', '', '', '', NULL, NULL, 'Regular grn', 5000, NULL, 0, 0, NULL, NULL, 0, NULL, NULL, NULL, NULL, NULL, 'NA', 0, 0, 0, 0, 0, 0, 0),
(119, 0, NULL, NULL, 'ULT.A3EG6 UNC', 'ULT.A3EG6 UNC 66', NULL, NULL, NULL, NULL, NULL, 2, NULL, 'NA', 310, '200', NULL, NULL, 3, '20-10-2023', '06:35:35', 0, '39081090', '', NULL, '', '', '', '', '', NULL, NULL, 'Regular grn', 500, NULL, 0, 0, NULL, NULL, 0, NULL, NULL, NULL, NULL, NULL, 'NA', 0, 0, 0, 0, 0, 0, 0),
(120, 0, NULL, NULL, 'REFLILLING OF FIRE ', 'REFILLING OF FIRE EXTINUISHER ABC ', NULL, NULL, NULL, NULL, NULL, 1, NULL, 'NA', 875, '1', NULL, NULL, 3, '21-10-2023', '09:21:33', 0, '38130000', '', NULL, '', '', '', '', '', NULL, NULL, 'Regular grn', 10, NULL, 0, 0, NULL, NULL, 0, NULL, NULL, NULL, NULL, NULL, 'NA', 0, 0, 0, 0, 0, 0, 0),
(121, 0, NULL, NULL, 'APGE', 'APGE 4 LTR PHIROZI COLORS', NULL, NULL, NULL, NULL, NULL, 1, NULL, 'NA', 1020, '1', NULL, NULL, 3, '21-10-2023', '09:36:33', 0, '3208', '', NULL, '', '', '', '', '', NULL, NULL, 'Regular grn', 5, NULL, 0, 0, NULL, NULL, 0, NULL, NULL, NULL, NULL, NULL, '', 0, 0, 0, 0, 0, 0, 0),
(122, 108, NULL, NULL, 'FUNNEL PIGAN ', 'FUNNEL PIGEON  PARTITION 5 PLY', NULL, NULL, NULL, NULL, '1st', 5, NULL, 'NA', 10, '300', NULL, NULL, 3, '21-10-2023', '09:57:54', 0, '48191010', '', NULL, '', '', '', '', '', NULL, NULL, 'Regular grn', 500, NULL, 0, 0, NULL, NULL, 0, 0, 'N/A', 'N/A', NULL, NULL, 'NA', 0, 0, 0, 0, 0, 0, 0),
(123, 500, NULL, NULL, 'POCAN B3235', 'POCAN B3235-0000 PBT', NULL, NULL, NULL, NULL, '1st', 2, NULL, 'NA', 230, '300', NULL, NULL, 3, '21-10-2023', '10:24:41', 0, '39079990', '', NULL, '', '', '', '', '', NULL, NULL, 'Regular grn', 1000, NULL, 0, 0, NULL, NULL, 0, 25, 'N/A', 'N/A', NULL, NULL, 'NA', 0, 0, 0, 0, 0, 0, 0),
(124, 0, NULL, NULL, 'ABS BLACK SD 0150', 'ABS BLACK SD 0150', NULL, NULL, NULL, NULL, NULL, 2, NULL, 'NA', 148, '500', NULL, NULL, 3, '27-10-2023', '10:57:44', 0, '39074000', '', NULL, '', '', '', '', '', NULL, NULL, 'Regular grn', 1500, NULL, 0, 0, NULL, NULL, 0, NULL, NULL, NULL, NULL, NULL, 'SD150', 0, 0, 0, 0, 0, 0, 0),
(125, 1, NULL, NULL, 'BMV45+SI P3005', 'CNC VERTICAL MACHING CENTER MODEL  ', NULL, NULL, NULL, NULL, NULL, 1, NULL, 'NA', 2125000, '1', NULL, NULL, 3, '31-10-2023', '02:36:46', 0, '84571020', '', NULL, '', '', '', '', '', NULL, NULL, 'Regular grn', 1, NULL, 0, 0, NULL, NULL, 0, NULL, NULL, NULL, NULL, NULL, 'NA', 0, 0, 0, 0, 0, 0, 0),
(126, 0, NULL, NULL, 'BAJAJ ESTEEM', 'BAJAJ ESTEEM 400MM W/F DOUBLE STAR', NULL, NULL, NULL, NULL, NULL, 7, NULL, 'NA', 1652.6, '1', NULL, NULL, 3, '31-10-2023', '03:09:15', 0, '8414', '', NULL, '', '', '', '', '', NULL, NULL, 'Regular grn', 1, NULL, 0, 0, NULL, NULL, 0, NULL, NULL, NULL, NULL, NULL, 'NA', 0, 0, 0, 0, 0, 0, 0),
(127, 0, NULL, NULL, '550 X 370 X 530 5 PLY BOX 180 GSM  ( PC TRAP BOX )', '550 X 370 X 530 5 PLY BOX 180 GSM  24 BF ( PC TRAP BOX ) ', NULL, NULL, NULL, NULL, '1st', 1, NULL, 'NA', 98, '300', NULL, NULL, 3, '01-11-2023', '07:28:02', 0, '48191010', '', NULL, '', '', '', '', '', NULL, NULL, 'Regular grn', 500, NULL, 0, 0, NULL, NULL, 0, 1.2, '550 X 370 X 530 5 PLY BOX 180 GSM  24 BF ( PC TRAP BOX ) ', 'NA', NULL, NULL, 'NA', 0, 0, 0, 0, 0, 0, 0),
(128, 30, NULL, NULL, 'a1', 'ASD', NULL, NULL, NULL, NULL, NULL, 8, NULL, 'store d', 76, '300', NULL, NULL, 3, '06-12-2023', '09:46:04', 0, 'sadfgft', '', NULL, '', '', '', '', '', NULL, NULL, 'Regular grn', 56, NULL, 0, 0, NULL, NULL, 0, NULL, NULL, NULL, NULL, NULL, 'a', 0, 5, 0, 0, 0, 0, 0),
(129, 0, NULL, NULL, 'g6', 'xyz', NULL, NULL, NULL, NULL, NULL, 3, NULL, 'ggg', 10000, '1000', NULL, NULL, 3, '26-01-2024', '03:36:58', 0, 'gf', '', NULL, '', '', '', '', '', NULL, NULL, 'Regular grn', 50, NULL, 0, 0, NULL, NULL, 0, NULL, NULL, NULL, NULL, NULL, 'a', 0, 0, 0, 0, 0, 0, 0),
(130, 0, NULL, NULL, 'S1', 'TOUGH', NULL, NULL, NULL, NULL, NULL, 8, NULL, 'A', 10000, '500', NULL, NULL, 3, '26-01-2024', '03:47:18', 0, '123', '', NULL, '', '', '', '', '', NULL, NULL, 'Regular grn', 50, NULL, 0, 0, NULL, NULL, 0, NULL, NULL, NULL, NULL, NULL, 'A', 0, 0, 0, 0, 0, 0, 0),
(131, 0, NULL, NULL, 'Alpha1', 'unbreakable', NULL, NULL, NULL, NULL, NULL, 3, NULL, 'A1', 5000, '500', NULL, NULL, 3, '26-01-2024', '04:12:54', 0, '123', '', NULL, '', '', '', '', '', NULL, NULL, 'Regular grn', 70, NULL, 0, 0, NULL, NULL, 0, NULL, NULL, NULL, NULL, NULL, 'A', 0, 0, 0, 0, 0, 0, 0),
(132, 0, NULL, NULL, 'Alpha2', 'hard', NULL, NULL, NULL, NULL, NULL, 3, NULL, 'B1', 10000, '500', NULL, NULL, 3, '27-01-2024', '02:46:37', 0, '123', '', NULL, '', '', '', '', '', NULL, NULL, 'Regular grn', 70, NULL, 0, 0, NULL, NULL, 0, NULL, NULL, NULL, NULL, NULL, 'A', 0, 0, 0, 0, 0, 0, 0),
(133, 0, NULL, NULL, 'l1', 'display', NULL, NULL, NULL, NULL, NULL, 8, NULL, 'g2', 120000, '400', NULL, NULL, 3, '30-01-2024', '10:51:04', 0, 'kug76453', '', NULL, '', '', '', '', '', NULL, NULL, 'Regular grn', 100, NULL, 0, 0, NULL, NULL, 0, NULL, NULL, NULL, NULL, NULL, 'A', 0, 0, 0, 0, 0, 0, 0),
(134, 0, NULL, NULL, 'G2a', 'unbreakable', NULL, NULL, NULL, NULL, NULL, 2, NULL, 'A1', 10000, '500', NULL, NULL, 3, '30-01-2024', '01:16:07', 0, '1234', '', NULL, '', '', '', '', '', NULL, NULL, 'Regular grn', 50, NULL, 0, 0, NULL, NULL, 0, NULL, NULL, NULL, NULL, NULL, 'A', 0, 0, 0, 0, 0, 0, 0),
(135, 0, NULL, NULL, 'H1', '3 STAR', NULL, NULL, NULL, NULL, '1st', 4, NULL, 'G2', 25000, '100', NULL, NULL, 3, '30-01-2024', '01:57:13', 0, '123', '', NULL, '', '', '', '', '', NULL, NULL, 'Regular grn', 10, NULL, 0, 0, NULL, NULL, 0, 20, '25', '15', NULL, NULL, 'A', 0, 0, 0, 0, 0, 0, 0),
(136, 0, NULL, NULL, 'PV', 'high', NULL, NULL, NULL, NULL, NULL, 8, NULL, 'p1', 250000, '500', NULL, NULL, 3, '30-01-2024', '08:31:08', 0, '123', '', NULL, '', '', '', '', '', NULL, NULL, 'Regular grn', 50, NULL, 0, 0, NULL, NULL, 0, NULL, NULL, NULL, NULL, NULL, 'A', 0, 0, 0, 0, 0, 0, 0),
(137, 0, NULL, NULL, 'abc', 'unbreakable', NULL, NULL, NULL, NULL, NULL, 8, NULL, 'B1', 2, '500', NULL, NULL, 3, '30-01-2024', '10:46:05', 0, '4011', '', NULL, '', '', '', '', '', NULL, NULL, 'Regular grn', 5, NULL, 0, 0, NULL, NULL, 0, NULL, NULL, NULL, NULL, NULL, 'A', 0, 0, 0, 0, 0, 0, 0),
(138, 0, NULL, NULL, 'B1', 'handle', NULL, NULL, NULL, NULL, NULL, 3, NULL, 'a1', 0, '100', NULL, NULL, 3, '31-01-2024', '10:11:39', 0, '123', '', NULL, '', '', '', '', '', NULL, NULL, 'Regular grn', 50, NULL, 0, 0, NULL, NULL, 0, NULL, NULL, NULL, NULL, NULL, 'A', 0, 0, 0, 0, 0, 0, 0),
(139, 0, NULL, NULL, 'EN 21', 'storage', NULL, NULL, NULL, NULL, NULL, 4, NULL, 'A', 10000, '500', NULL, NULL, 3, '01-02-2024', '02:19:39', 0, '123', '', NULL, '', '', '', '', '', NULL, NULL, 'Regular grn', 50, NULL, 0, 0, NULL, NULL, 0, NULL, NULL, NULL, NULL, NULL, 'A', 0, 0, 0, 0, 0, 0, 0),
(140, 0, NULL, NULL, 'Sp-1', 'Abc', NULL, NULL, NULL, NULL, '1st', 8, NULL, 'S1', 12000, '100', NULL, NULL, 3, '01-02-2024', '03:46:40', 0, '123', '', NULL, '', '', '', '', '', NULL, NULL, 'Regular grn', 50, NULL, 0, 0, NULL, NULL, 0, 0, '00', '00', NULL, NULL, 'A', 0, 0, 0, 0, 0, 0, 0),
(141, 0, NULL, NULL, 'Sp-2', 'XYZ', NULL, NULL, NULL, NULL, '1st', 8, NULL, 'S2', 10000, '500', NULL, NULL, 3, '01-02-2024', '03:57:30', 0, '123', '', NULL, '', '', '', '', '', NULL, NULL, 'Regular grn', 50, NULL, 0, 0, NULL, NULL, 0, 0, '00', '00', NULL, NULL, 'A', 0, 0, 0, 0, 0, 0, 0),
(142, 0, NULL, NULL, 'Sp-3', 'PQR', NULL, NULL, NULL, NULL, '1st', 8, NULL, 'S3', 10000, '100', NULL, NULL, 3, '01-02-2024', '03:59:36', 0, '1232', '', NULL, '', '', '', '', '', NULL, NULL, 'Regular grn', 50, NULL, 0, 0, NULL, NULL, 0, 0, '00', '00', NULL, NULL, 'A', 0, 0, 0, 0, 0, 0, 0),
(143, 0, NULL, NULL, 'Ac-01', 'COL', NULL, NULL, NULL, NULL, '1st', 8, NULL, 'C1', 10000, '100', NULL, NULL, 3, '01-02-2024', '04:24:01', 0, '1232', '', NULL, '', '', '', '', '', NULL, NULL, 'Regular grn', 75, NULL, 0, 0, NULL, NULL, 0, 0, '00', '00', NULL, NULL, 'A', 0, 0, 0, 0, 0, 0, 0),
(144, 0, NULL, NULL, 'Ac-02', 'Abc', NULL, NULL, NULL, NULL, '1st', 8, NULL, 'C2', 10000, '100', NULL, NULL, 3, '01-02-2024', '04:27:47', 0, '123', '', NULL, '', '', '', '', '', NULL, NULL, 'Regular grn', 70, NULL, 0, 0, NULL, NULL, 0, 0, 'oo', 'oo', NULL, NULL, 'A', 0, 0, 0, 0, 0, 0, 0),
(145, 500, NULL, NULL, 'Ac-03', 'JKL', NULL, NULL, NULL, NULL, '1st', 8, NULL, 'C3', 10000, '600', NULL, NULL, 3, '01-02-2024', '04:29:54', 0, '456', '', NULL, '', '', '', '', '', NULL, NULL, 'Regular grn', 55, NULL, 0, 0, NULL, NULL, 0, 0, '00', '00', NULL, NULL, 'A', 0, 0, 0, 0, 0, 0, 0),
(146, 0, NULL, NULL, '678', 'BELTS', NULL, NULL, NULL, NULL, NULL, 5, NULL, 'G1', 1, '200', NULL, NULL, 3, '06-02-2024', '10:48:39', 0, '987', '', NULL, '', '', '', '', '', NULL, NULL, 'Regular grn', 50, NULL, 0, 0, NULL, NULL, 0, NULL, NULL, NULL, NULL, NULL, 'A', 0, 0, 0, 0, 0, 0, 0),
(147, 4, NULL, NULL, 'GD-1', 'bolt', NULL, NULL, NULL, NULL, NULL, 3, NULL, 'G1', 10000, '500', NULL, NULL, 3, '07-02-2024', '04:19:04', 0, '123', '', NULL, '', '', '', '', '', NULL, NULL, 'Regular grn', 50, NULL, 0, 0, NULL, NULL, 0, NULL, NULL, NULL, NULL, NULL, 'A', 0, 0, 0, 0, 0, 0, 0),
(148, 0, NULL, NULL, '65B', 'WATCH', NULL, NULL, NULL, NULL, NULL, 8, NULL, 'H1', 3451, '130', NULL, NULL, 3, '07-02-2024', '04:19:18', 0, 'HG1234', '', NULL, '', '', '', '', '', NULL, NULL, 'Regular grn', 50, NULL, 0, 0, NULL, NULL, 0, NULL, NULL, NULL, NULL, NULL, 'A', 0, 0, 0, 0, 0, 0, 0),
(149, 0, NULL, NULL, '765', 'FAN', NULL, NULL, NULL, NULL, NULL, 8, NULL, 'TH', 6000, '500', NULL, NULL, 3, '07-02-2024', '04:21:04', 0, 'F1234', '', NULL, '', '', '', '', '', NULL, NULL, 'Regular grn', 65, NULL, 0, 0, NULL, NULL, 0, NULL, NULL, NULL, NULL, NULL, 'A', 0, 0, 0, 0, 0, 0, 0),
(150, 8, NULL, NULL, 'GD-2', 'screw', NULL, NULL, NULL, NULL, NULL, 3, NULL, 'G2', 5000, '500', NULL, NULL, 3, '07-02-2024', '04:21:08', 0, '123', '', NULL, '', '', '', '', '', NULL, NULL, 'Regular grn', 70, NULL, 0, 0, NULL, NULL, 0, NULL, NULL, NULL, NULL, NULL, 'A', 0, 0, 0, 0, 0, 0, 0),
(151, 0, NULL, NULL, 'a67', 'screen', NULL, NULL, NULL, NULL, NULL, 8, NULL, 'kg1', 6000, '700', NULL, NULL, 3, '09-02-2024', '10:42:04', 0, 'jh234', '', NULL, '', '', '', '', '', NULL, NULL, 'Regular grn', 80, NULL, 0, 0, NULL, NULL, 0, NULL, NULL, NULL, NULL, NULL, 'A', 0, 0, 0, 0, 0, 0, 0),
(152, 0, NULL, NULL, 'B87', 'hg', NULL, NULL, NULL, NULL, NULL, 8, NULL, 'a5', 3480, '800', NULL, NULL, 3, '09-02-2024', '10:49:25', 0, 'gfdg', '', NULL, '', '', '', '', '', NULL, NULL, 'Regular grn', 50, NULL, 0, 0, NULL, NULL, 0, NULL, NULL, NULL, NULL, NULL, 'B', 0, 0, 0, 0, 0, 0, 0),
(153, 0, NULL, NULL, 'bs89', 'hgf', NULL, NULL, NULL, NULL, NULL, 8, NULL, 'k76', 2910, '530', NULL, NULL, 3, '09-02-2024', '10:50:19', 0, 'jhgdrses', '', NULL, '', '', '', '', '', NULL, NULL, 'Regular grn', 70, NULL, 0, 0, NULL, NULL, 0, NULL, NULL, NULL, NULL, NULL, 'b', 0, 0, 0, 0, 0, 0, 0),
(154, 0, NULL, NULL, 'BL-123', 'plastic pipe', NULL, NULL, NULL, NULL, NULL, 8, NULL, 'B1', 250, '200', NULL, NULL, 3, '09-02-2024', '02:11:17', 0, '3309', '', NULL, '', '', '', '', '', NULL, NULL, 'Regular grn', 50, NULL, 0, 0, NULL, NULL, 0, NULL, NULL, NULL, NULL, NULL, 'A', 0, 0, 0, 0, 0, 0, 0),
(155, 0, NULL, NULL, 'PL-123', 'Elbow', NULL, NULL, NULL, NULL, NULL, 8, NULL, 'P1', 50, '100', NULL, NULL, 3, '09-02-2024', '02:18:57', 0, '456', '', NULL, '', '', '', '', '', NULL, NULL, 'Regular grn', 100, NULL, 0, 0, NULL, NULL, 0, NULL, NULL, NULL, NULL, NULL, 'A', 0, 0, 0, 0, 0, 0, 0),
(156, 25, NULL, NULL, 'BT-456', 'Battery Ram', NULL, NULL, NULL, NULL, NULL, 8, NULL, 'T1', 500, '500', NULL, NULL, 3, '09-02-2024', '04:09:50', 0, '678', '', NULL, '', '', '', '', '', NULL, NULL, 'Regular grn', 50, NULL, 0, 0, NULL, NULL, 0, NULL, NULL, NULL, NULL, NULL, 'A', 0, 0, 0, 0, 0, 0, 0),
(157, 0, NULL, NULL, 'so123', 'ds', NULL, NULL, NULL, NULL, NULL, 8, NULL, 'h1', 5000, '120', NULL, NULL, 3, '09-02-2024', '04:10:35', 0, 'fds', '', NULL, '', '', '', '', '', NULL, NULL, 'Regular grn', 60, NULL, 0, 0, NULL, NULL, 0, NULL, NULL, NULL, NULL, NULL, 'C', 0, 0, 0, 0, 0, 0, 0),
(158, 25, NULL, NULL, 'Di-124', 'Disk', NULL, NULL, NULL, NULL, NULL, 8, NULL, 'D1', 100, '500', NULL, NULL, 3, '09-02-2024', '04:11:00', 0, '678', '', NULL, '', '', '', '', '', NULL, NULL, 'Regular grn', 50, NULL, 0, 0, NULL, NULL, 0, NULL, NULL, NULL, NULL, NULL, 'A', 0, 0, 0, 0, 0, 0, 0),
(159, 10, NULL, NULL, 'SO234', 'FDS', NULL, NULL, NULL, NULL, NULL, 8, NULL, 'H2', 4000, '450', NULL, NULL, 3, '09-02-2024', '04:11:31', 0, 'HGF', '', NULL, '', '', '', '', '', NULL, NULL, 'Regular grn', 60, NULL, 0, 0, NULL, NULL, 0, NULL, NULL, NULL, NULL, NULL, 'b', 0, 0, 0, 0, 0, 0, 0),
(160, 10, NULL, NULL, 'KK338990', 'mould', NULL, NULL, NULL, NULL, NULL, 8, NULL, 'K1', 5000, '100', NULL, NULL, 3, '13-02-2024', '03:49:45', 0, '1234', '', NULL, '', '', '', '', '', NULL, NULL, 'Regular grn', 50, NULL, 0, 0, NULL, NULL, 0, NULL, NULL, NULL, NULL, NULL, 'A', 0, 0, 0, 0, 0, 0, 0),
(161, 9, NULL, NULL, 'KK338891', 'battery', NULL, NULL, NULL, NULL, NULL, 8, NULL, 'K2', 5000, '500', NULL, NULL, 3, '13-02-2024', '03:56:33', 0, '1256', '', NULL, '', '', '', '', '', NULL, NULL, 'Regular grn', 50, NULL, 0, 0, NULL, NULL, 0, NULL, NULL, NULL, NULL, NULL, 'A', 0, 0, 0, 0, 0, 0, 0),
(162, 0, NULL, NULL, 'ACL-12', 'break', NULL, NULL, NULL, NULL, '1st', 8, NULL, 'A1', 1000, '500', NULL, NULL, 3, '21-02-2024', '03:04:11', 0, '123', '', NULL, '', '', '', '', '', NULL, NULL, 'Regular grn', 50, NULL, 0, 0, NULL, NULL, 0, 0, '00', '00', NULL, NULL, 'A', 0, 0, 0, 0, 0, 0, 0),
(163, 0, NULL, NULL, 'HRN-1', 'loud', NULL, NULL, NULL, NULL, '1st', 8, NULL, 'H1', 1000, '500', NULL, NULL, 3, '21-02-2024', '03:11:19', 0, '123', '', NULL, '', '', '', '', '', NULL, NULL, 'Regular grn', 50, NULL, 0, 0, NULL, NULL, 0, 0, '00', '00', NULL, NULL, 'A', 0, 0, 0, 0, 0, 0, 0),
(164, 33, NULL, NULL, 'ABC-1', 'battery', NULL, NULL, NULL, NULL, '1st', 8, NULL, 'B1', 10000, '500', NULL, NULL, 3, '21-02-2024', '03:53:25', 0, '123', '', NULL, '', '', '', '', '', NULL, NULL, 'Regular grn', 50, NULL, 0, 0, NULL, NULL, 0, 0, '00', '00', NULL, NULL, 'A', 0, 0, 0, 0, 0, 0, 0),
(165, 32, NULL, NULL, 'PQR-1', 'Display', NULL, NULL, NULL, NULL, '1st', 8, NULL, 'D1', 10000, '500', NULL, NULL, 3, '21-02-2024', '03:54:52', 0, '456', '', NULL, '', '', '', '', '', NULL, NULL, 'Regular grn', 50, NULL, 0, 0, NULL, NULL, 0, 0, '00', '00', NULL, NULL, 'A', 0, 0, 0, 0, 0, 0, 0);
INSERT INTO `child_part` (`id`, `stock`, `stock2`, `stock3`, `part_number`, `part_description`, `supplier_id`, `part_rate`, `revision_date`, `revision_no`, `revision_remark`, `uom_id`, `child_part_id`, `store_rack_location`, `store_stock_rate`, `safty_buffer_stk`, `diagram`, `quote`, `created_id`, `date`, `time`, `deleted`, `hsn_code`, `part_drawing`, `ppap_document`, `modal_document`, `cad_file`, `a_d`, `q_d`, `c_d`, `quotation_document`, `gst_id`, `sub_type`, `max_uom`, `min_uom`, `onhold_stock`, `production_qty`, `production_qty2`, `production_qty3`, `rejection_prodcution_qty`, `weight`, `size`, `thickness`, `sub_con_stock`, `rejection_stock`, `grade`, `sharing_qty`, `machine_mold_issue_stock`, `machine_mold_issue_stock2`, `machine_mold_issue_stock3`, `production_scrap`, `production_rejection`, `deflashing_stock`) VALUES
(166, 0, NULL, NULL, 'AB', 'screw', NULL, NULL, NULL, NULL, '1st', 8, NULL, 'ab', 100, '500', NULL, NULL, 3, '27-02-2024', '01:32:35', 0, '123', '', NULL, '', '', '', '', '', NULL, NULL, 'Regular grn', 50, NULL, 0, 0, NULL, NULL, 0, 0, '00', '00', NULL, NULL, 'A', 0, 0, 0, 0, 0, 0, 0),
(167, 25, NULL, NULL, 'BC', 'bolt', NULL, NULL, NULL, NULL, NULL, 8, NULL, 'bc', 50, '500', NULL, NULL, 3, '27-02-2024', '01:51:59', 0, '123', '', NULL, '', '', '', '', '', NULL, NULL, 'Regular grn', 50, NULL, 0, 0, NULL, NULL, 0, NULL, NULL, NULL, NULL, NULL, 'A', 0, 0, 0, 0, 0, 0, 0),
(168, 10, NULL, NULL, 'CD', 'handle', NULL, NULL, NULL, NULL, NULL, 8, NULL, 'cd', 250, '500', NULL, NULL, 3, '27-02-2024', '01:56:44', 0, '123', '', NULL, '', '', '', '', '', NULL, NULL, 'Regular grn', 50, NULL, 0, 0, NULL, NULL, 0, NULL, NULL, NULL, NULL, NULL, 'A', 0, 0, 0, 0, 0, 0, 0),
(169, 25, NULL, NULL, 'DE', 'Lock', NULL, NULL, NULL, NULL, NULL, 8, NULL, 'de', 100, '500', NULL, NULL, 3, '27-02-2024', '01:59:38', 0, '123', '', NULL, '', '', '', '', '', NULL, NULL, 'Regular grn', 50, NULL, 0, 0, NULL, NULL, 0, NULL, NULL, NULL, NULL, NULL, 'A', 0, 0, 0, 0, 0, 0, 0),
(170, 20, NULL, NULL, 'EF', 'Indicator', NULL, NULL, NULL, NULL, NULL, 8, NULL, 'ef', 200, '500', NULL, NULL, 3, '27-02-2024', '02:02:26', 0, '123', '', NULL, '', '', '', '', '', NULL, NULL, 'Regular grn', 50, NULL, 0, 0, NULL, NULL, 0, NULL, NULL, NULL, NULL, NULL, 'A', 0, 0, 0, 0, 0, 0, 0),
(171, 25, NULL, NULL, 'FG', 'Engine', NULL, NULL, NULL, NULL, NULL, 8, NULL, 'fg', 1000, '500', NULL, NULL, 3, '27-02-2024', '02:04:52', 0, '123', '', NULL, '', '', '', '', '', NULL, NULL, 'Regular grn', 50, NULL, 0, 0, NULL, NULL, 0, NULL, NULL, NULL, NULL, NULL, 'A', 0, 0, 0, 0, 0, 0, 0),
(172, 0, NULL, NULL, 'GH', 'Acsilator', NULL, NULL, NULL, NULL, NULL, 8, NULL, 'gh', 70, '500', NULL, NULL, 3, '27-02-2024', '02:07:28', 0, '123', '', NULL, '', '', '', '', '', NULL, NULL, 'Regular grn', 50, NULL, 0, 0, NULL, NULL, 0, NULL, NULL, NULL, NULL, NULL, 'A', 0, 0, 0, 0, 0, 0, 0),
(173, 0, NULL, NULL, 'HI', 'battery', NULL, NULL, NULL, NULL, NULL, 8, NULL, 'hi', 150, '500', NULL, NULL, 3, '27-02-2024', '02:09:45', 0, '123', '', NULL, '', '', '', '', '', NULL, NULL, 'Regular grn', 50, NULL, 0, 0, NULL, NULL, 0, NULL, NULL, NULL, NULL, NULL, 'A', 0, 0, 0, 0, 0, 0, 0),
(174, 0, NULL, NULL, 'IJ', 'horn', NULL, NULL, NULL, NULL, NULL, 8, NULL, 'ij', 100, '500', NULL, NULL, 3, '27-02-2024', '02:13:39', 0, '123', '', NULL, '', '', '', '', '', NULL, NULL, 'Regular grn', 50, NULL, 0, 0, NULL, NULL, 0, NULL, NULL, NULL, NULL, NULL, 'A', 0, 0, 0, 0, 0, 0, 0),
(175, 0, NULL, NULL, 'JK', 'Light', NULL, NULL, NULL, NULL, NULL, 8, NULL, 'jk', 150, '500', NULL, NULL, 3, '27-02-2024', '02:16:13', 0, '123', '', NULL, '', '', '', '', '', NULL, NULL, 'Regular grn', 50, NULL, 0, 0, NULL, NULL, 0, NULL, NULL, NULL, NULL, NULL, 'A', 0, 0, 0, 0, 0, 0, 0),
(176, 0, NULL, NULL, 'KL', 'clutch', NULL, NULL, NULL, NULL, NULL, 8, NULL, 'kl', 100, '500', NULL, NULL, 3, '27-02-2024', '03:44:01', 0, '123', '', NULL, '', '', '', '', '', NULL, NULL, 'Regular grn', 50, NULL, 0, 0, NULL, NULL, 0, NULL, NULL, NULL, NULL, NULL, 'A', 0, 0, 0, 0, 0, 0, 0),
(177, 0, NULL, NULL, 'LM', 'mirror', NULL, NULL, NULL, NULL, NULL, 8, NULL, 'lm', 200, '500', NULL, NULL, 3, '27-02-2024', '03:59:29', 0, '123', '', NULL, '', '', '', '', '', NULL, NULL, 'Regular grn', 50, NULL, 0, 0, NULL, NULL, 0, NULL, NULL, NULL, NULL, NULL, 'A', 0, 0, 0, 0, 0, 0, 0),
(178, 0, NULL, NULL, 'BCD', 'TOUGH', NULL, NULL, NULL, NULL, NULL, 8, NULL, 'd', 200, '500', NULL, NULL, 3, '27-02-2024', '04:10:24', 0, '123', '', NULL, '', '', '', '', '', NULL, NULL, 'Regular grn', 50, NULL, 0, 0, NULL, NULL, 0, NULL, NULL, NULL, NULL, NULL, 'A', 0, 0, 0, 0, 0, 0, 0),
(179, 0, NULL, NULL, 'EFG-1', 'tube', NULL, NULL, NULL, NULL, NULL, 8, NULL, 'C2', 150, '500', NULL, NULL, 3, '27-02-2024', '04:17:46', 0, '223', '', NULL, '', '', '', '', '', NULL, NULL, 'Regular grn', 50, NULL, 0, 0, NULL, NULL, 0, NULL, NULL, NULL, NULL, NULL, 'A', 0, 0, 0, 0, 0, 0, 0),
(180, 0, NULL, NULL, 'HIJ-2', 'seat', NULL, NULL, NULL, NULL, NULL, 8, NULL, 'A1', 250, '500', NULL, NULL, 3, '27-02-2024', '04:18:47', 0, '123', '', NULL, '', '', '', '', '', NULL, NULL, 'Regular grn', 50, NULL, 0, 0, NULL, NULL, 0, NULL, NULL, NULL, NULL, NULL, 'A', 0, 0, 0, 0, 0, 0, 0),
(181, 0, NULL, NULL, 'KLM', 'gear', NULL, NULL, NULL, NULL, '1st', 8, NULL, 'G1', 100, '200', NULL, NULL, 3, '27-02-2024', '04:28:23', 0, '123', '', NULL, '', '', '', '', '', NULL, NULL, 'Regular grn', 50, NULL, 0, 0, NULL, NULL, 0, 0, '00', '00', NULL, NULL, 'A', 0, 0, 0, 0, 0, 0, 0),
(182, 0, NULL, NULL, 'LMN', 'alignment', NULL, NULL, NULL, NULL, NULL, 8, NULL, 'd2', 100, '200', NULL, NULL, 3, '27-02-2024', '04:30:11', 0, '123', '', NULL, '', '', '', '', '', NULL, NULL, 'Regular grn', 50, NULL, 0, 0, NULL, NULL, 0, NULL, NULL, NULL, NULL, NULL, 'A', 0, 0, 0, 0, 0, 0, 0),
(183, 0, NULL, NULL, 'MNO', 'Tyer', NULL, NULL, NULL, NULL, NULL, 8, NULL, 'f1', 1500, '500', NULL, NULL, 3, '27-02-2024', '04:31:13', 0, '123', '', NULL, '', '', '', '', '', NULL, NULL, 'Regular grn', 50, NULL, 0, 0, NULL, NULL, 0, NULL, NULL, NULL, NULL, NULL, 'A', 0, 0, 0, 0, 0, 0, 0),
(184, 0, NULL, NULL, 'PQR', 'Jack', NULL, NULL, NULL, NULL, NULL, 8, NULL, 'k1', 150, '500', NULL, NULL, 3, '27-02-2024', '04:32:19', 0, '123', '', NULL, '', '', '', '', '', NULL, NULL, 'Regular grn', 50, NULL, 0, 0, NULL, NULL, 0, NULL, NULL, NULL, NULL, NULL, '', 0, 0, 0, 0, 0, 0, 0),
(185, 340, NULL, NULL, 'RST', '12-a1', NULL, NULL, NULL, NULL, NULL, 8, NULL, 'l1', 50, '500', NULL, NULL, 3, '27-02-2024', '04:33:26', 0, '123', '', NULL, '', '', '', '', '', NULL, NULL, 'Regular grn', 50, NULL, 0, 0, NULL, NULL, 0, NULL, NULL, NULL, NULL, NULL, 'A', 0, 160, 0, 0, 0, 0, 0),
(186, 1100, NULL, NULL, 'STU', '123-ab', NULL, NULL, NULL, NULL, '1st', 8, NULL, 'f1', 75, '500', NULL, NULL, 3, '27-02-2024', '04:34:42', 0, '456', '', NULL, '', '', '', '', '', NULL, NULL, 'Regular grn', 50, NULL, 0, 0, NULL, NULL, 0, 0, '00', '00', NULL, NULL, 'A', 0, 100, 0, 0, 0, 0, 0),
(187, 900, NULL, NULL, 'UVW', '4342-sap', NULL, NULL, NULL, NULL, '1st', 8, NULL, 'g1', 99, '500', NULL, NULL, 3, '27-02-2024', '04:35:45', 0, '321', '', NULL, '', '', '', '', '', NULL, NULL, 'Regular grn', 50, NULL, 0, 0, NULL, NULL, 0, 0, '00', '00', NULL, NULL, 'A', 0, 100, 0, 0, 0, 0, 0),
(188, 4382, 4, NULL, 'XYZ', '12-abs', NULL, NULL, NULL, NULL, NULL, 8, NULL, 'm1', 100, '500', NULL, NULL, 3, '28-02-2024', '12:48:04', 0, '123', '', NULL, '', '', '', '', '', NULL, NULL, 'Regular grn', 50, NULL, 0, 3, NULL, NULL, 0, NULL, NULL, NULL, NULL, NULL, 'A', 0, 110, 0, 0, 0, 0, 0),
(189, 0, NULL, NULL, 'RM-123', 'heavy', NULL, NULL, NULL, NULL, NULL, 8, NULL, 'r1', 50, '500', NULL, NULL, 3, '28-02-2024', '12:56:22', 0, '123', '', NULL, '', '', '', '', '', NULL, NULL, 'Regular grn', 50, NULL, 0, 0, NULL, NULL, 0, NULL, NULL, NULL, NULL, NULL, 'A', 0, 0, 0, 0, 0, 0, 0),
(190, 200, NULL, NULL, 'PO-45', 'asd', NULL, NULL, NULL, NULL, NULL, 8, NULL, 'q1', 50, '500', NULL, NULL, 3, '28-02-2024', '01:05:26', 0, '123', '', NULL, '', '', '', '', '', NULL, NULL, 'Regular grn', 50, NULL, 0, 0, NULL, NULL, 0, NULL, NULL, NULL, NULL, NULL, 'A', 0, 0, 0, 0, 0, 0, 0),
(191, 1650, NULL, NULL, 'PP-asp', 'Display', NULL, NULL, NULL, NULL, NULL, 8, NULL, 'r1', 250, '500', NULL, NULL, 3, '28-02-2024', '04:01:24', 0, '123', '', NULL, '', '', '', '', '', NULL, NULL, 'Regular grn', 50, NULL, 0, 0, NULL, NULL, 0, NULL, NULL, NULL, NULL, NULL, 'A', 0, 0, 0, 0, 0, 0, 0),
(192, 0, NULL, NULL, 'PLASTO pipe', 'TOUGH', NULL, NULL, NULL, NULL, NULL, 8, NULL, 'A', 2000, '500', NULL, NULL, 3, '02-03-2024', '03:52:31', 0, '12345', '', NULL, '', '', '', '', '', NULL, NULL, 'Regular grn', 50, NULL, 0, 0, NULL, NULL, 0, NULL, NULL, NULL, NULL, NULL, 'A', 0, 0, 0, 0, 0, 0, 0),
(193, 0, NULL, NULL, 'CMP-1234', 'Cover plate', NULL, NULL, NULL, NULL, NULL, 3, NULL, 'cp1', 14.35, '500', NULL, NULL, 3, '08-03-2024', '01:06:33', 0, '2890', '', NULL, '', '', '', '', '', NULL, NULL, 'Regular grn', 100, NULL, 0, 0, NULL, NULL, 0, NULL, NULL, NULL, NULL, NULL, 'A', 0, 0, 0, 0, 0, 0, 0),
(194, 500, NULL, NULL, 'PO-123', 'gpw', NULL, NULL, NULL, NULL, NULL, 8, NULL, '5000', 2.52, '500', NULL, NULL, 3, '18-03-2024', '12:53:01', 0, '123', '', NULL, '', '', '', '', '', NULL, NULL, 'Regular grn', 550, NULL, 0, 0, NULL, NULL, 0, 0, '00', '00', NULL, NULL, 'A', 0, 0, 0, 0, 0, 0, 0),
(195, 0, NULL, NULL, 'PP H110MA', 'PP H110MA', NULL, NULL, NULL, NULL, NULL, 8, NULL, 'NA', 100.68, 'NA', NULL, NULL, 3, '19-03-2024', '02:43:20', 0, '39021000', '', NULL, '', '', '', '', '', NULL, NULL, 'Regular grn', 1000, NULL, 0, 0, NULL, NULL, 0, 0, '', '', NULL, NULL, 'A', 0, 0, 0, 0, 0, 0, 0),
(196, 150, NULL, NULL, 'RM-TPE-Kraiburg', 'Kraiburg TPE grade(TC7PAZ)', NULL, NULL, NULL, NULL, '1st', 2, NULL, 'NA', 1, '1', NULL, NULL, 3, '23-03-2024', '03:48:11', 0, '39039010', '', NULL, '', '', '', '', '', NULL, NULL, 'Regular grn', 50, NULL, 0, 0, NULL, NULL, 0, 0, '00', '00', NULL, NULL, 'TPE', 0, 0, 0, 0, 0, 0, 0),
(197, 0, NULL, NULL, 'ap', 'abf33', NULL, NULL, NULL, NULL, '1st', 1, NULL, 'A33', 33, '50033', NULL, NULL, 3, '03-04-2024', '04:16:53', 0, '45633', '', NULL, '', '', '', '', '', NULL, NULL, 'Subcon grn', 20033, NULL, 0, 0, NULL, NULL, 0, 33, '33', '33', NULL, NULL, 'A33', 0, 0, 0, 0, 0, 0, 0),
(198, 0, NULL, NULL, 'pn99', 'drdr', NULL, NULL, NULL, NULL, NULL, 2, NULL, '', 0, 'gthd', NULL, NULL, 3, '06-04-2024', '06:01:09', 0, 'dfdf', '', NULL, '', '', '', '', '', NULL, NULL, 'Subcon Regular', 333, NULL, 0, 0, NULL, NULL, 0, NULL, NULL, NULL, NULL, NULL, '', 0, 0, 0, 0, 0, 0, 0),
(199, 0, NULL, NULL, 'As-a1', 'ard', NULL, NULL, NULL, NULL, NULL, 8, NULL, '', 0, '5000', NULL, NULL, 3, '18-04-2024', '03:53:04', 0, '', '', NULL, '', '', '', '', '', NULL, NULL, 'Regular grn', 1000, NULL, 0, 0, NULL, NULL, 0, NULL, NULL, NULL, NULL, NULL, 'A', 0, 0, 0, 0, 0, 0, 0),
(200, 0, NULL, NULL, 'AL-p', 'ald', NULL, NULL, NULL, NULL, NULL, 8, NULL, '', 0, '5000', NULL, NULL, 3, '18-04-2024', '03:57:43', 0, '', '', NULL, '', '', '', '', '', NULL, NULL, 'Subcon grn', 2000, NULL, 0, 0, NULL, NULL, 0, NULL, NULL, NULL, NULL, NULL, 'A', 0, 0, 0, 0, 0, 0, 0),
(201, 900, NULL, NULL, 'Ap1-16', 'grommet', NULL, NULL, NULL, NULL, NULL, 8, NULL, '10000', 12.5, '5000', NULL, NULL, 3, '19-04-2024', '04:12:13', 0, '1234', '', NULL, '', '', '', '', '', NULL, NULL, 'Regular grn', 500, NULL, 0, 0, NULL, NULL, 0, NULL, NULL, NULL, -80, NULL, 'A', 0, 0, 0, 0, 0, 0, 0),
(202, 40, NULL, NULL, 'Ap2-22', 'grill', NULL, NULL, NULL, NULL, NULL, 8, NULL, 'B1', 12, '5000', NULL, NULL, 3, '19-04-2024', '04:13:15', 0, '1232', '', NULL, '', '', '', '', '', NULL, NULL, 'Subcon grn', 1000, NULL, 0, 0, NULL, NULL, 0, NULL, NULL, NULL, NULL, NULL, 'A', 0, 0, 0, 0, 0, 0, 0),
(203, 430, NULL, NULL, 'CD-1', 'DC20', NULL, NULL, NULL, NULL, NULL, 1, NULL, 'G1', 1.12, '5000', NULL, NULL, 3, '20-04-2024', '12:19:45', 0, '1232', '', NULL, '', '', '', '', '', NULL, NULL, 'Regular grn', 50000, NULL, 0, 0, NULL, NULL, 0, NULL, NULL, NULL, -50, NULL, 'A', 0, 0, 0, 0, 0, 0, 0),
(204, 0, NULL, NULL, 'CD-2', 'DC-50', NULL, NULL, NULL, NULL, NULL, 1, NULL, 'm1', 1.1, '5000', NULL, NULL, 3, '20-04-2024', '12:20:31', 0, '1234', '', NULL, '', '', '', '', '', NULL, NULL, 'Subcon grn', 10000, NULL, 0, 0, NULL, NULL, 0, NULL, NULL, NULL, NULL, NULL, 'A', 0, 0, 0, 0, 0, 0, 0),
(205, 0, NULL, NULL, 'pn1', 'direct regular', NULL, NULL, NULL, NULL, NULL, 8, NULL, 'r', 4, '11', NULL, NULL, 3, '20-04-2024', '05:57:38', 0, '233', '', NULL, '', '', '', '', '', NULL, NULL, 'Regular grn', 22, NULL, 0, 0, NULL, NULL, 0, NULL, NULL, NULL, -1.3, NULL, '22', 0, 0, 0, 0, 0, 0, 0),
(206, 0, NULL, NULL, 'pn2', 'direct subcon', NULL, NULL, NULL, NULL, NULL, 8, NULL, '4', 5, '33', NULL, NULL, 3, '20-04-2024', '05:57:57', 0, '551', '', NULL, '', '', '', '', '', NULL, NULL, 'Subcon grn', 4, NULL, 0, 0, NULL, NULL, 0, NULL, NULL, NULL, NULL, NULL, '3', 0, 0, 0, 0, 0, 0, 0),
(207, 0, NULL, NULL, 'pn3', 'subcon regular', NULL, NULL, NULL, NULL, NULL, 8, NULL, '5', 6, '2', NULL, NULL, 3, '20-04-2024', '05:58:20', 0, '5', '', NULL, '', '', '', '', '', NULL, NULL, 'Subcon Regular', 5, NULL, 0, 0, NULL, NULL, 0, NULL, NULL, NULL, NULL, NULL, '4', 0, 0, 0, 0, 0, 0, 0),
(208, 0, NULL, NULL, 'pn4', 'consu', NULL, NULL, NULL, NULL, NULL, 8, NULL, '4', 54, NULL, NULL, NULL, 3, '20-04-2024', '05:58:50', 0, '94', '', NULL, '', '', '', '', '', NULL, NULL, 'consumable', 4, NULL, 0, 0, NULL, NULL, 0, NULL, NULL, NULL, NULL, NULL, '3', 0, 0, 0, 0, 0, 0, 0),
(209, 0, NULL, NULL, 'pn5', 'asset', NULL, NULL, NULL, NULL, NULL, 8, NULL, '44', 48, NULL, NULL, NULL, 3, '20-04-2024', '05:59:18', 0, 'i4', '', NULL, '', '', '', '', '', NULL, NULL, 'asset', 4, NULL, 0, 0, NULL, NULL, 0, NULL, NULL, NULL, NULL, NULL, '4', 0, 0, 0, 0, 0, 0, 0),
(210, 370, NULL, NULL, 'VM-b12345', 'brinkler', NULL, NULL, NULL, NULL, NULL, 1, NULL, 'l1', 1.1, '5000', NULL, NULL, 3, '24-04-2024', '02:27:20', 0, '25689', '', NULL, '', '', '', '', '', NULL, NULL, 'Regular grn', 5000, NULL, 0, 0, NULL, NULL, 0, NULL, NULL, NULL, -32, NULL, 'A', 0, 20, 0, 0, 0, 0, 0),
(211, 47, NULL, NULL, 'VM2-b21234', 'bracket', NULL, NULL, NULL, NULL, NULL, 1, NULL, 'q1', 2.5, '5000', NULL, NULL, 3, '24-04-2024', '02:30:03', 0, '23654', '', NULL, '', '', '', '', '', NULL, NULL, 'Subcon grn', 2000, NULL, 0, 3, NULL, NULL, 0, NULL, NULL, NULL, NULL, NULL, 'A', 0, 0, 0, 0, 0, 0, 0),
(212, 0, NULL, NULL, 'abcd-12', 'grommet', NULL, NULL, NULL, NULL, NULL, 1, NULL, 'B1', 1.1, '500', NULL, NULL, 3, '27-04-2024', '11:07:42', 0, '1256', '', NULL, '', '', '', '', '', NULL, NULL, 'Subcon grn', 5000, NULL, 0, 0, NULL, NULL, 0, NULL, NULL, NULL, NULL, NULL, 'A', 0, 0, 0, 0, 0, 0, 0),
(213, 3000, NULL, NULL, 'D8MS-24404', 'TOP TETHER WIRE	', NULL, NULL, NULL, NULL, NULL, 1, NULL, 'NA', 1.91, '2000', NULL, NULL, 3, '20-05-2024', '11:56:20', 0, '87089900	', '', NULL, '', '', '', '', '', NULL, NULL, 'Regular grn', 1000000, NULL, 0, 0, NULL, NULL, 0, 0, '0', '0', -1000, NULL, 'A', 0, 0, 0, 0, 0, 0, 0),
(214, 0, NULL, NULL, 'D8MS-24404CED', 'TOP TETHER WIRE	', NULL, NULL, NULL, NULL, NULL, 1, NULL, 'NA', 2, '5000', NULL, NULL, 3, '20-05-2024', '12:01:26', 0, '998898', '', NULL, '', '', '', '', '', NULL, NULL, 'Subcon grn', 1200000, NULL, 0, 0, NULL, NULL, 0, 0, '0', '0', NULL, NULL, 'NA', 0, 0, 0, 0, 0, 0, 0),
(215, 0, NULL, NULL, 'PN01', 'PD1', NULL, NULL, NULL, NULL, NULL, 1, NULL, 'RACK1', 10.5, '10', NULL, NULL, 3, '27-05-2024', '10:40:19', 0, '123568', '', NULL, '', '', '', '', '', NULL, NULL, 'Regular grn', 250, NULL, 0, 0, NULL, NULL, 0, 0, '', '', NULL, NULL, '', 0, 0, 0, 0, 0, 0, 0);

-- --------------------------------------------------------

--
-- Table structure for table `child_part_master`
--

CREATE TABLE `child_part_master` (
  `id` int NOT NULL,
  `stock` float NOT NULL,
  `onhold_stock` float NOT NULL,
  `production_qty` float NOT NULL,
  `rejection_prodcution_qty` float NOT NULL,
  `part_number` varchar(255) NOT NULL,
  `part_description` varchar(200) NOT NULL,
  `supplier_id` int DEFAULT NULL,
  `part_rate` float DEFAULT NULL,
  `revision_date` varchar(50) NOT NULL,
  `revision_no` varchar(50) NOT NULL,
  `revision_remark` varchar(20) DEFAULT NULL,
  `uom_id` int NOT NULL,
  `child_part_id` int NOT NULL,
  `safty_buffer_stk` varchar(255) NOT NULL,
  `diagram` varchar(50) DEFAULT NULL,
  `quote` varchar(50) DEFAULT NULL,
  `created_id` int NOT NULL,
  `date` varchar(255) NOT NULL,
  `time` varchar(255) NOT NULL,
  `timestamp` timestamp NOT NULL DEFAULT CURRENT_TIMESTAMP ON UPDATE CURRENT_TIMESTAMP,
  `deleted` int DEFAULT NULL,
  `hsn_code` varchar(20) DEFAULT NULL,
  `part_drawing` varchar(50) DEFAULT NULL,
  `ppap_document` varchar(20) DEFAULT NULL,
  `modal_document` varchar(20) DEFAULT NULL,
  `cad_file` varchar(20) DEFAULT NULL,
  `a_d` varchar(20) DEFAULT NULL,
  `q_d` varchar(20) DEFAULT NULL,
  `c_d` varchar(20) DEFAULT NULL,
  `quotation_document` varchar(20) DEFAULT NULL,
  `with_in_state` varchar(10) DEFAULT 'no',
  `gst_id` int DEFAULT NULL,
  `admin_approve` varchar(20) NOT NULL DEFAULT 'no'
) ENGINE=InnoDB DEFAULT CHARSET=latin1;

--
-- Dumping data for table `child_part_master`
--

INSERT INTO `child_part_master` (`id`, `stock`, `onhold_stock`, `production_qty`, `rejection_prodcution_qty`, `part_number`, `part_description`, `supplier_id`, `part_rate`, `revision_date`, `revision_no`, `revision_remark`, `uom_id`, `child_part_id`, `safty_buffer_stk`, `diagram`, `quote`, `created_id`, `date`, `time`, `deleted`, `hsn_code`, `part_drawing`, `ppap_document`, `modal_document`, `cad_file`, `a_d`, `q_d`, `c_d`, `quotation_document`, `with_in_state`, `gst_id`, `admin_approve`) VALUES
(1, 0, 0, 0, 0, 'RM.PPCP-RP', 'Reprocess Plastic Granuels', 35, 70.99, '12/11/2022', '1', 'new part defined', 2, 1, '', NULL, NULL, 3, '12/11/2022', '4:39:49', NULL, NULL, NULL, NULL, NULL, NULL, NULL, NULL, NULL, '', NULL, 1, 'accept'),
(2, 0, 0, 0, 0, 'RM.PMMAC.', 'PMMA CLEAR', 21, 254, '12/11/2022', '1', 'new part define ', 2, 11, '', NULL, NULL, 3, '12/11/2022', '5:47:53', NULL, NULL, NULL, NULL, NULL, NULL, NULL, NULL, NULL, '', NULL, 1, 'accept'),
(3, 0, 0, 0, 0, 'PB5X4.5.', 'POLYBAG 5 X4.5', 65, 138, '22-11-2022', '1', 'new part define ', 2, 49, '', NULL, NULL, 3, '22-11-2022', '8:14:26', NULL, NULL, NULL, NULL, NULL, NULL, NULL, NULL, NULL, '', NULL, 1, 'accept'),
(4, 0, 0, 0, 0, '40339-01', 'M5 INSERT ', 66, 0.85, '23-11-2022', '1', 'new part define ', 5, 71, '', NULL, NULL, 3, '23-11-2022', '9:34:12', NULL, NULL, NULL, NULL, NULL, NULL, NULL, NULL, NULL, '', NULL, 1, 'accept'),
(6, 0, 0, 0, 0, 'IN.BOLTM5X13.', 'MOUNTING BOLT M5 X 13', 2, 1, '25-11-2022', '1', 'new part define ', 2, 57, '', NULL, NULL, 3, '25-11-2022', '6:15:53', NULL, NULL, NULL, NULL, NULL, NULL, NULL, NULL, NULL, '', NULL, 1, 'accept'),
(7, 0, 0, 0, 0, 'RM.PC-CLEAR', 'PC CLEAR', 14, 233, '25-11-2022', '1', 'new part define ', 2, 17, '', NULL, NULL, 3, '25-11-2022', '6:26:01', NULL, NULL, NULL, NULL, NULL, NULL, NULL, NULL, NULL, '', NULL, 1, 'accept'),
(8, 0, 0, 0, 0, 'RM.PCABSFR3010BFR301.', 'PC ABS FR 3010 BAYBLEND FR 301', 7, 380, '1/12/2022', '1', 'new part define ', 2, 15, '', NULL, NULL, 3, '1/12/2022', '8:48:22', NULL, NULL, NULL, NULL, NULL, NULL, NULL, NULL, NULL, '', NULL, 1, 'accept'),
(9, 0, 0, 0, 0, 'RM PC ABS ', 'PC ABS -GN5007FM-PCABS LUPOY BLACK', 7, 350, '1/12/2022', '1', 'new part define ', 2, 27, '', NULL, NULL, 3, '1/12/2022', '8:49:43', NULL, NULL, NULL, NULL, NULL, NULL, NULL, NULL, NULL, '', NULL, 1, 'accept'),
(10, 0, 0, 0, 0, 'FB.13X6i.', 'FOM BAGS 13 X 6 INCH', 19, 0.75, '19-12-2022', '1', 'FLI END CAP FOM BAG', 2, 66, '', NULL, NULL, 3, '19-12-2022', '6:28:01', NULL, NULL, NULL, NULL, NULL, NULL, NULL, NULL, NULL, '', NULL, 1, 'accept'),
(11, 0, 0, 0, 0, 'RM.ABSBHI121', 'ABS BLACK HI 121', 3, 199, '20-12-2022', '1', 'ABS HI 121 BLACK ', 2, 7, '', NULL, NULL, 3, '20-12-2022', '12:15:59', NULL, NULL, NULL, NULL, NULL, NULL, NULL, NULL, NULL, '', NULL, 1, 'accept'),
(12, 0, 0, 0, 0, 'BOX.630X560X300MM-5PGO.', 'ECO DOOR BOX 630 X  560 X 300  MM 5 PLY  GO', 68, 86, '21-12-2022', '1', 'DOOR ECO STAR BOX ', 2, 43, '', NULL, NULL, 3, '21-12-2022', '10:33:53', NULL, NULL, NULL, NULL, NULL, NULL, NULL, NULL, NULL, '', NULL, 1, 'accept'),
(13, 0, 0, 0, 0, 'RM.PPCPN3530.', 'PPCP NATMI 3530PPCP NATURAL', 62, 104.85, '21-12-2022', '1', 'PPCP MI 3530 RATE-10', 2, 3, '', NULL, NULL, 3, '21-12-2022', '11:27:21', NULL, NULL, NULL, NULL, NULL, NULL, NULL, NULL, NULL, '', NULL, 1, 'accept'),
(14, 0, 0, 0, 0, 'RM.PC-CLEAR', 'PC CLEAR', 14, 218, '12/21/2022', '1', 'RATE DECREASE', 2, 17, '', NULL, NULL, 3, '21-12-2022', '12:37:34', NULL, NULL, NULL, NULL, NULL, NULL, NULL, NULL, NULL, '', NULL, 1, 'accept'),
(15, 0, 0, 0, 0, 'IN.BOLTM5X13.', 'MOUNTING BOLT M5 X 13', 66, 1.09, '21-12-2022', '1', 'MOUNTING BOLT M5X13', 2, 57, '', NULL, NULL, 3, '21-12-2022', '3:03:32', NULL, NULL, NULL, NULL, NULL, NULL, NULL, NULL, NULL, '', NULL, 1, 'accept'),
(16, 0, 0, 0, 0, 'PT.595X395MM-3PCPLAT.', '595X395MM 3PLY CORRUGATED PLATE', 68, 5, '26-12-2022', '1', '595X395 PLATE', 2, 45, '', NULL, NULL, 3, '26-12-2022', '12:10:04', NULL, NULL, NULL, NULL, NULL, NULL, NULL, NULL, NULL, '', NULL, 1, 'accept'),
(17, 0, 0, 0, 0, 'IN.BOLTM5X13.', 'MOUNTING BOLT M5 X 13', 69, 1.09, '26-12-2022', '1', 'MOUNTING BOX M5X13', 2, 57, '', NULL, NULL, 3, '26-12-2022', '12:35:09', NULL, NULL, NULL, NULL, NULL, NULL, NULL, NULL, NULL, '', NULL, 1, 'accept'),
(18, 0, 0, 0, 0, 'RM.PC2405010035W.', 'POLYCARBONATE 2405  021630', 43, 300, '2/1/2023', '1', 'PO', 2, 19, '', NULL, NULL, 3, '2/1/2023', '8:57:13', NULL, NULL, NULL, NULL, NULL, NULL, NULL, NULL, NULL, '', NULL, 1, 'accept'),
(19, 0, 0, 0, 0, 'RM.PC2407010035W.', 'POLYCARBONATE 2407 010035 WHITE', 43, 260, '2/1/2023', '1', 'PO', 2, 18, '', NULL, NULL, 3, '2/1/2023', '8:58:39', NULL, NULL, NULL, NULL, NULL, NULL, NULL, NULL, NULL, '', NULL, 1, 'accept'),
(20, 0, 0, 0, 0, 'RM.NGC3010BNYLON630GF.', 'NGC 3001 NATURAL (NYLON 6 30 % GF )', 14, 241, '2/1/2023', '1', 'PO', 2, 28, '', NULL, NULL, 3, '2/1/2023', '10:35:01', NULL, NULL, NULL, NULL, NULL, NULL, NULL, NULL, NULL, '', NULL, 5, 'accept'),
(21, 0, 0, 0, 0, 'RM.ABS312AFRB.', 'ABS 312  FR BLACK', 7, 429, '4/1/2023', '1', 'ABS 312 FR BLACK', 2, 5, '', NULL, NULL, 3, '4/1/2023', '9:05:40', NULL, NULL, NULL, NULL, NULL, NULL, NULL, NULL, NULL, '', NULL, 1, 'accept'),
(22, 0, 0, 0, 0, 'RM PC ABS ', 'PC ABS -GN5007FM-PCABS LUPOY BLACK', 7, 385, '1/4/2023', '1', 'RAW MATERIAL RATE IN', 2, 27, '', NULL, NULL, 3, '4/1/2023', '10:39:09', NULL, NULL, NULL, NULL, NULL, NULL, NULL, NULL, NULL, '', NULL, 1, 'accept'),
(23, 0, 0, 0, 0, 'PB.13X22.5-35M', 'BIO DEGRADABLE POLYBAG SIZE 13 X 22.5-35 MICRON', 31, 2.35, '4/1/2023', '1', 'new part define ', 2, 47, '', NULL, NULL, 3, '4/1/2023', '6:37:53', NULL, NULL, NULL, NULL, NULL, NULL, NULL, NULL, NULL, '', NULL, 1, 'accept'),
(24, 0, 0, 0, 0, 'PBS-ROD-3MMX75MM', 'PBS-ROD-PBS MATL ROD 3MMX75MM', 7, 1.9, '4/1/2023', '1', 'new part define ', 1, 75, '', NULL, NULL, 3, '4/1/2023', '7:00:57', NULL, NULL, NULL, NULL, NULL, NULL, NULL, NULL, NULL, '', NULL, 1, 'accept'),
(25, 0, 0, 0, 0, 'PBS-ROD-3MMX75MM', 'PBS-ROD-PBS MATL ROD 3MMX75MM', 71, 165, '6/1/2023', '1', 'new part define ', 1, 75, '', NULL, NULL, 3, '6/1/2023', '4:29:16', NULL, NULL, NULL, NULL, NULL, NULL, NULL, NULL, NULL, '', NULL, 1, 'accept'),
(26, 0, 0, 0, 0, 'VAIPER BOX ', '640 X 570 X 370 5 PLY BOX GOLDEN', 47, 85, '7/1/2023', '1', 'new part define ', 5, 76, '', NULL, NULL, 3, '7/1/2023', '9:41:36', NULL, NULL, NULL, NULL, NULL, NULL, NULL, NULL, NULL, '', NULL, 1, 'accept'),
(27, 0, 0, 0, 0, 'BRASS INSERT VAIPER ', '6 M X 15 MM BRASS INSERT', 72, 3.67, '7/1/2023', '1', 'new part define ', 5, 77, '', NULL, NULL, 3, '7/1/2023', '9:56:23', NULL, NULL, NULL, NULL, NULL, NULL, NULL, NULL, NULL, '', NULL, 3, 'accept'),
(28, 0, 0, 0, 0, 'BOX.750X400X400-5P.', '750X 400X400 5 PLY', 47, 76, '7/1/2023', '1', 'new part define ', 2, 40, '', NULL, NULL, 3, '7/1/2023', '10:01:40', NULL, NULL, NULL, NULL, NULL, NULL, NULL, NULL, NULL, '', NULL, 1, 'accept'),
(29, 0, 0, 0, 0, 'SP-01', 'High Performance Multipurpose Non Silicon Spray', 73, 140, '11/1/2023', '1', 'new part define ', 5, 78, '', NULL, NULL, 3, '11/1/2023', '11:29:23', NULL, NULL, NULL, NULL, NULL, NULL, NULL, NULL, NULL, '', NULL, 1, 'accept'),
(30, 0, 0, 0, 0, 'PT.600X400X270MM-5PCB.', '600X400X270MM5 PLYCORRUGATED B', 47, 50, '14-01-2023', '1', 'NEW RELEASE', 2, 46, '', NULL, NULL, 3, '14-01-2023', '12:37:46', NULL, NULL, NULL, NULL, NULL, NULL, NULL, NULL, NULL, '', NULL, 1, 'accept'),
(31, 0, 0, 0, 0, 'PT.595X395MM-3PCPLAT.', '595X395MM 3PLY CORRUGATED PLATE', 47, 4.5, '14-01-2023', '1', 'NEW RELEASE', 2, 45, '', NULL, NULL, 3, '14-01-2023', '12:38:47', NULL, NULL, NULL, NULL, NULL, NULL, NULL, NULL, NULL, '', NULL, 1, 'accept'),
(32, 0, 0, 0, 0, 'RM.ABSBHI121', 'ABS BLACK HI 121', 21, 224.26, '14-01-2023', '1', 'PO', 2, 7, '', NULL, NULL, 3, '14-01-2023', '5:56:30', NULL, NULL, NULL, NULL, NULL, NULL, NULL, NULL, NULL, '', NULL, 1, 'accept'),
(33, 0, 0, 0, 0, 'ABS EP 200', 'ABS EP 200 NATURAL', 21, 266.67, '14-01-2023', '1', 'new part define ', 2, 79, '', NULL, NULL, 3, '14-01-2023', '6:01:26', NULL, NULL, NULL, NULL, NULL, NULL, NULL, NULL, NULL, '', NULL, 1, 'accept'),
(34, 0, 0, 0, 0, 'CG 600X400X500', 'CG OUT BOX 600 X 400 X 500 MM 5 PLY', 21, 75.41, '14-01-2023', '1', 'new part define ', 1, 80, '', NULL, NULL, 3, '14-01-2023', '6:05:41', NULL, NULL, NULL, NULL, NULL, NULL, NULL, NULL, NULL, '', NULL, 1, 'accept'),
(35, 0, 0, 0, 0, 'MB ', 'MASTER BATCH GREY(GRANLR)FOR PC CLEAR', 21, 496, '14-01-2023', '1', 'new part define ', 1, 81, '', NULL, NULL, 3, '14-01-2023', '6:09:57', NULL, NULL, NULL, NULL, NULL, NULL, NULL, NULL, NULL, '', NULL, 1, 'accept'),
(36, 0, 0, 0, 0, 'MB.UB.', 'MASTER BATCH UNIVERSAL BLACK', 21, 162, '14-01-2023', '1', 'new part define ', 2, 34, '', NULL, NULL, 3, '14-01-2023', '6:11:10', NULL, NULL, NULL, NULL, NULL, NULL, NULL, NULL, NULL, '', NULL, 1, 'accept'),
(37, 0, 0, 0, 0, 'PT.600X400X270MM-5PCB.', '600X400X270MM5 PLYCORRUGATED B', 21, 54.25, '14-01-2023', '1', 'new part define ', 2, 46, '', NULL, NULL, 3, '14-01-2023', '6:12:21', NULL, NULL, NULL, NULL, NULL, NULL, NULL, NULL, NULL, '', NULL, 1, 'accept'),
(38, 0, 0, 0, 0, 'PT.595X395MM-3PCPLAT.', '595X395MM 3PLY CORRUGATED PLATE', 21, 4.87, '14-01-2023', '1', 'new part define ', 2, 45, '', NULL, NULL, 3, '14-01-2023', '6:13:32', NULL, NULL, NULL, NULL, NULL, NULL, NULL, NULL, NULL, '', NULL, 1, 'accept'),
(39, 0, 0, 0, 0, 'RM.PCB143R2407LC.', 'PC BLACK 143R2407LC', 21, 142, '14-01-2023', '1', 'new part define ', 2, 9, '', NULL, NULL, 3, '14-01-2023', '6:15:09', NULL, NULL, NULL, NULL, NULL, NULL, NULL, NULL, NULL, '', NULL, 1, 'accept'),
(40, 0, 0, 0, 0, 'RM.PCB143R701.', 'PC BLACK 143R701', 21, 300, '14-01-2023', '1', 'new part define ', 2, 16, '', NULL, NULL, 3, '14-01-2023', '6:16:08', NULL, NULL, NULL, NULL, NULL, NULL, NULL, NULL, NULL, '', NULL, 1, 'accept'),
(41, 0, 0, 0, 0, 'RM.PC-CLEAR', 'PC CLEAR', 21, 274.4, '14-01-2023', '1', 'new part define ', 2, 17, '', NULL, NULL, 3, '14-01-2023', '6:17:06', NULL, NULL, NULL, NULL, NULL, NULL, NULL, NULL, NULL, '', NULL, 1, 'accept'),
(42, 0, 0, 0, 0, 'RM.PMMA.A.', 'PMMA AMBER', 21, 256.61, '14-01-2023', '1', 'new part define ', 2, 10, '', NULL, NULL, 3, '14-01-2023', '6:18:06', NULL, NULL, NULL, NULL, NULL, NULL, NULL, NULL, NULL, '', NULL, 1, 'accept'),
(43, 0, 0, 0, 0, 'RM.PMMAC.', 'PMMA CLEAR', 21, 226.55, '1/14/2023', '1', 'new part define ', 2, 11, '', NULL, NULL, 3, '14-01-2023', '6:21:58', NULL, NULL, NULL, NULL, NULL, NULL, NULL, NULL, NULL, '', NULL, 1, 'accept'),
(44, 0, 0, 0, 0, 'RM,PMMA876GRGSFC.', 'PMMA GR 876G Red of GSFC', 21, 253.21, '14-01-2023', '1', 'new part define ', 2, 12, '', NULL, NULL, 3, '14-01-2023', '6:22:47', NULL, NULL, NULL, NULL, NULL, NULL, NULL, NULL, NULL, '', NULL, 1, 'accept'),
(45, 0, 0, 0, 0, 'RM.PPCPN3530.', 'PPCP NATMI 3530PPCP NATURAL', 21, 109.9, '14-01-2023', '1', 'new part define ', 2, 3, '', NULL, NULL, 3, '14-01-2023', '6:24:16', NULL, NULL, NULL, NULL, NULL, NULL, NULL, NULL, NULL, '', NULL, 1, 'accept'),
(46, 0, 0, 0, 0, 'RM.NYLON6-30%GFBLTECHNYLEC218LV.35', 'NYLON6-30%GF BL TECHNYLE C218L V', 21, 216.28, '14-01-2023', '1', 'new part define ', 2, 21, '', NULL, NULL, 3, '14-01-2023', '6:25:52', NULL, NULL, NULL, NULL, NULL, NULL, NULL, NULL, NULL, '', NULL, 1, 'accept'),
(47, 0, 0, 0, 0, 'ULT-B3EG6', 'ULT.B3EG6 UNCOLORED', 14, 241, '15-01-2023', '1', 'new part define ', 2, 82, '', NULL, NULL, 3, '15-01-2023', '10:49:54', NULL, NULL, NULL, NULL, NULL, NULL, NULL, NULL, NULL, '', NULL, 1, 'accept'),
(48, 0, 0, 0, 0, 'RM.PPCPN3530.', 'PPCP NATMI 3530PPCP NATURAL', 62, 109.9, '1/15/2023', 'NEW RATE ', 'new part define ', 2, 3, '', NULL, NULL, 3, '15-01-2023', '10:56:46', NULL, NULL, NULL, NULL, NULL, NULL, NULL, NULL, NULL, '', NULL, 1, 'accept'),
(49, 0, 0, 0, 0, '10594551', 'HANDLE GATE LOCK (LFT)-DIRAK', 70, 2880, '15-01-2023', '1', 'new part define ', 1, 73, '', NULL, NULL, 3, '15-01-2023', '11:29:25', NULL, NULL, NULL, NULL, NULL, NULL, NULL, NULL, NULL, '', NULL, 1, 'accept'),
(50, 0, 0, 0, 0, '10582462', 'HOOK GATE LOCKNER', 70, 192, '15-01-2023', '1', 'new part define ', 1, 74, '', NULL, NULL, 3, '15-01-2023', '11:29:57', NULL, NULL, NULL, NULL, NULL, NULL, NULL, NULL, NULL, '', NULL, 1, 'accept'),
(51, 0, 0, 0, 0, 'FREIGHT', 'FREIGHT FORWARDING CHARGES', 70, 300, '15-01-2023', '1', 'new part define ', 1, 83, '', NULL, NULL, 3, '15-01-2023', '11:30:18', NULL, NULL, NULL, NULL, NULL, NULL, NULL, NULL, NULL, '', NULL, 1, 'accept'),
(52, 0, 0, 0, 0, '2407', 'POLYCARBONATE 2407 550115', 43, 215, '15-01-2023', '1', 'new part define ', 2, 84, '', NULL, NULL, 3, '15-01-2023', '12:15:28', NULL, NULL, NULL, NULL, NULL, NULL, NULL, NULL, NULL, '', NULL, 5, 'accept'),
(53, 0, 0, 0, 0, '340X265', '340  X 265 PLATE', 47, 2.5, '15-01-2023', '1', 'new part define ', 1, 85, '', NULL, NULL, 3, '15-01-2023', '12:50:40', NULL, NULL, NULL, NULL, NULL, NULL, NULL, NULL, NULL, '', NULL, 1, 'accept'),
(54, 0, 0, 0, 0, 'FUNNEL PARTITION', 'FUNNEL PARTITION', 47, 10, '15-01-2023', '1', 'new part define ', 1, 86, '', NULL, NULL, 3, '15-01-2023', '12:51:23', NULL, NULL, NULL, NULL, NULL, NULL, NULL, NULL, NULL, '', NULL, 1, 'accept'),
(55, 0, 0, 0, 0, 'PB.11X16.', 'POLY BAG 11 X16', 65, 135, '15-01-2023', '1', 'new part define ', 2, 50, '', NULL, NULL, 3, '15-01-2023', '1:01:27', NULL, NULL, NULL, NULL, NULL, NULL, NULL, NULL, NULL, '', NULL, 1, 'accept'),
(56, 0, 0, 0, 0, 'PB.9X12.', 'POLYBAG 9 X12', 65, 135, '15-01-2023', '1', 'new part define ', 2, 51, '', NULL, NULL, 3, '15-01-2023', '1:02:09', NULL, NULL, NULL, NULL, NULL, NULL, NULL, NULL, NULL, '', NULL, 1, 'accept'),
(57, 0, 0, 0, 0, 'PB5X4.5.', 'POLYBAG 5 X4.5', 65, 135, '1/15/2023', '1', 'RATE DECREASE', 2, 49, '', NULL, NULL, 3, '15-01-2023', '1:04:43', NULL, NULL, NULL, NULL, NULL, NULL, NULL, NULL, NULL, '', NULL, 1, 'accept'),
(58, 0, 0, 0, 0, 'IN.NUTM5X9.', 'INSERT NUT M 5 X 9', 2, 2.26, '15-01-2023', '1', 'new part define ', 2, 59, '', NULL, NULL, 3, '15-01-2023', '1:59:34', NULL, NULL, NULL, NULL, NULL, NULL, NULL, NULL, NULL, '', NULL, 1, 'accept'),
(59, 0, 0, 0, 0, 'PBT UF NL', 'POLY BUTYLENE', 74, 300, '15-01-2023', '1', 'new part define ', 2, 87, '', NULL, NULL, 3, '15-01-2023', '2:13:29', NULL, NULL, NULL, NULL, NULL, NULL, NULL, NULL, NULL, '', NULL, 1, 'accept'),
(60, 0, 0, 0, 0, 'RM-POM ', 'DURACON M90 -44 NAT.', 74, 205, '15-01-2023', '1', 'new part define ', 2, 13, '', NULL, NULL, 3, '15-01-2023', '2:14:05', NULL, NULL, NULL, NULL, NULL, NULL, NULL, NULL, NULL, '', NULL, 1, 'accept'),
(61, 0, 0, 0, 0, 'RM.PPCP ', 'Reprocess Plastic Granuels', 35, 70, '1/15/2023', '1', 'RATE DECREASE', 2, 1, '', NULL, NULL, 3, '15-01-2023', '2:26:26', NULL, NULL, NULL, NULL, NULL, NULL, NULL, NULL, NULL, '', NULL, 1, 'accept'),
(62, 0, 0, 0, 0, 'RM.TPE45-50SHAS.', 'TPE 45/50 SHORE A HARDNESS COLOUR BLACK', 17, 165, '15-01-2023', '1', 'new part define ', 2, 26, '', NULL, NULL, 3, '15-01-2023', '2:32:45', NULL, NULL, NULL, NULL, NULL, NULL, NULL, NULL, NULL, '', NULL, 1, 'accept'),
(63, 0, 0, 0, 0, 'RM.TPE30SHAB.', 'TPE 30 SHORE A COLOUR BLACK', 17, 185, '15-01-2023', '1', 'new part define ', 2, 25, '', NULL, NULL, 3, '15-01-2023', '2:33:29', NULL, NULL, NULL, NULL, NULL, NULL, NULL, NULL, NULL, '', NULL, 1, 'accept'),
(64, 0, 0, 0, 0, 'RM.ABSBHI121', 'ABS BLACK HI 121', 71, 165, '15-01-2023', '1', 'new part define ', 2, 7, '', NULL, NULL, 3, '15-01-2023', '2:37:19', NULL, NULL, NULL, NULL, NULL, NULL, NULL, NULL, NULL, '', NULL, 1, 'accept'),
(65, 0, 0, 0, 0, 'PBT UF NL', 'POLY BUTYLENE', 75, 250, '15-01-2023', '1', 'new part define ', 2, 87, '', NULL, NULL, 3, '15-01-2023', '2:43:58', NULL, NULL, NULL, NULL, NULL, NULL, NULL, NULL, NULL, '', NULL, 1, 'accept'),
(66, 0, 0, 0, 0, 'FB.24X16X2.', '24 X16X2MM FOM BAG', 19, 8.2, '15-01-2023', '1', 'new part define ', 2, 69, '', NULL, NULL, 3, '15-01-2023', '2:48:43', NULL, NULL, NULL, NULL, NULL, NULL, NULL, NULL, NULL, '', NULL, 1, 'accept'),
(67, 0, 0, 0, 0, 'RM.NYLON66PLAINN.', 'NYLON 66 PLAIN NATURAL', 14, 320, '17-01-2023', '1', 'new part define ', 2, 24, '', NULL, NULL, 3, '17-01-2023', '8:26:01', NULL, NULL, NULL, NULL, NULL, NULL, NULL, NULL, NULL, '', NULL, 5, 'accept'),
(68, 0, 0, 0, 0, 'RM.NYLON6PLAINB.', 'NYLON 6 PLAIN BLACK', 14, 230, '17-01-2023', '1', 'new part define ', 2, 23, '', NULL, NULL, 3, '17-01-2023', '8:26:39', NULL, NULL, NULL, NULL, NULL, NULL, NULL, NULL, NULL, '', NULL, 5, 'accept'),
(69, 0, 0, 0, 0, 'RM.NYLON66PLAINN.', 'NYLON 66 PLAIN NATURAL', 14, 320, '1/17/2023', '1', 'new part define ', 2, 24, '', NULL, NULL, 3, '17-01-2023', '8:30:21', NULL, NULL, NULL, NULL, NULL, NULL, NULL, NULL, NULL, '', NULL, 1, 'accept'),
(70, 0, 0, 0, 0, 'RM.PC-CLEAR', 'PC CLEAR', 14, 225, '1/17/2023', 'NEW RATE ', 'new part define ', 2, 17, '', NULL, NULL, 3, '17-01-2023', '9:32:08', NULL, NULL, NULL, NULL, NULL, NULL, NULL, NULL, NULL, '', NULL, 5, 'accept'),
(71, 0, 0, 0, 0, 'M5 INSERT NUT', 'M5 INSERT NUT', 2, 2.25, '20-01-2023', '1', 'new part define ', 1, 88, '', NULL, NULL, 3, '20-01-2023', '4:39:04', NULL, NULL, NULL, NULL, NULL, NULL, NULL, NULL, NULL, '', NULL, 1, 'accept'),
(72, 0, 0, 0, 0, 'PBS-ROD-3MMX75MM', 'PBS-ROD-PBS MATL ROD 3MMX75MM', 71, 2.09, '1/20/2023', 'NEW RATE ', 'new part define ', 1, 75, '', NULL, NULL, 3, '20-01-2023', '5:04:38', NULL, NULL, NULL, NULL, NULL, NULL, NULL, NULL, NULL, '', NULL, 1, 'accept'),
(73, 0, 0, 0, 0, 'PBS-ROD-3MMX75MM', 'PBS-ROD-PBS MATL ROD 3MMX75MM', 7, 2.09, '1/20/2023', '1', 'new part define ', 1, 75, '', NULL, NULL, 3, '20-01-2023', '5:08:24', NULL, NULL, NULL, NULL, NULL, NULL, NULL, NULL, NULL, '', NULL, 1, 'accept'),
(74, 0, 0, 0, 0, 'PT.600X400X270MM-5PCB.', '600X400X270MM5 PLYCORRUGATED B', 68, 50, '21-01-2023', '1', 'new part define ', 2, 46, '', NULL, NULL, 3, '21-01-2023', '5:37:37', NULL, NULL, NULL, NULL, NULL, NULL, NULL, NULL, NULL, '', NULL, 1, 'accept'),
(75, 0, 0, 0, 0, 'PT.595X395MM-3PCPLAT.', '595X395MM 3PLY CORRUGATED PLATE', 68, 4.5, '1/23/2023', '1', 'new part define ', 2, 45, '', NULL, NULL, 3, '23-01-2023', '11:10:31', NULL, NULL, NULL, NULL, NULL, NULL, NULL, NULL, NULL, '', NULL, 1, 'accept'),
(76, 0, 0, 0, 0, 'RM.ABSBHI121', 'ABS BLACK HI 121', 71, 160, '1/25/2023', '1', 'RATE DECREASE', 2, 7, '', NULL, NULL, 3, '25-01-2023', '12:34:40', NULL, NULL, NULL, NULL, NULL, NULL, NULL, NULL, NULL, '', NULL, 1, 'accept'),
(77, 0, 0, 0, 0, 'RM.PC-CLEAR', 'PC CLEAR', 74, 228, '28-01-2023', '1', 'new part define ', 2, 17, '', NULL, NULL, 3, '28-01-2023', '12:08:04', NULL, NULL, NULL, NULL, NULL, NULL, NULL, NULL, NULL, '', NULL, 1, 'accept'),
(78, 0, 0, 0, 0, 'SPRAY', 'Silicon Spray Mould (R/T)', 55, 87, '28-01-2023', '1', 'new part define ', 1, 89, '', NULL, NULL, 3, '28-01-2023', '12:16:20', NULL, NULL, NULL, NULL, NULL, NULL, NULL, NULL, NULL, '', NULL, 1, 'accept'),
(79, 0, 0, 0, 0, 'PL0051', 'PKS PLUNGER', 54, 0.3, '28-01-2023', '1', 'new part define ', 1, 91, '', NULL, NULL, 3, '28-01-2023', '12:25:13', NULL, NULL, NULL, NULL, NULL, NULL, NULL, NULL, NULL, '', NULL, 2, 'accept'),
(80, 0, 0, 0, 0, 'PL0137', 'INSULATING PIPE MBCS', 54, 0.6, '28-01-2023', '1', 'new part define ', 1, 90, '', NULL, NULL, 3, '28-01-2023', '12:25:40', NULL, NULL, NULL, NULL, NULL, NULL, NULL, NULL, NULL, '', NULL, 2, 'accept'),
(81, 0, 0, 0, 0, 'SPRAY', 'Silicon Spray Mould (R/T)', 57, 87, '28-01-2023', '1', 'new part define ', 1, 89, '', NULL, NULL, 3, '28-01-2023', '12:35:00', NULL, NULL, NULL, NULL, NULL, NULL, NULL, NULL, NULL, '', NULL, 1, 'accept'),
(82, 0, 0, 0, 0, 'TOP HV CON ASSY ', 'Compression Spring W-06 Od -4.8 Coil 15.4 FI-31.75', 53, 0.8, '28-01-2023', '1', 'new part define ', 1, 92, '', NULL, NULL, 3, '28-01-2023', '5:37:38', NULL, NULL, NULL, NULL, NULL, NULL, NULL, NULL, NULL, '', NULL, 1, 'accept'),
(83, 0, 0, 0, 0, 'T2 TOP PIN', 'Compression Spring W-0.7 ID -5.1 COILS -14 FL -38', 53, 0.5, '28-01-2023', '1', 'new part define ', 1, 93, '', NULL, NULL, 3, '28-01-2023', '5:38:02', NULL, NULL, NULL, NULL, NULL, NULL, NULL, NULL, NULL, '', NULL, 1, 'accept'),
(84, 0, 0, 0, 0, 'BOX.750X400X400-5P.', '750X 400X400 5 PLY', 47, 72, '1/30/2023', '1', 'new part define ', 2, 40, '', NULL, NULL, 3, '30-01-2023', '1:40:20', NULL, NULL, NULL, NULL, NULL, NULL, NULL, NULL, NULL, '', NULL, 1, 'accept'),
(85, 0, 0, 0, 0, 'PACKING TAPE ', 'BOPP TAPE 2 X 65 M ( TR )', 39, 24.1, '30-01-2023', '1', 'new part define ', 1, 94, '', NULL, NULL, 3, '30-01-2023', '2:03:26', NULL, NULL, NULL, NULL, NULL, NULL, NULL, NULL, NULL, '', NULL, 1, 'accept'),
(86, 0, 0, 0, 0, 'A4 PAPER', 'A/4 CENTURY ELANZA 70 GSM ', 24, 232, '30-01-2023', '1', 'new part define ', 1, 95, '', NULL, NULL, 3, '30-01-2023', '2:08:49', NULL, NULL, NULL, NULL, NULL, NULL, NULL, NULL, NULL, '', NULL, 6, 'accept'),
(87, 0, 0, 0, 0, 'RM.PPCPN3530.', 'PPCP NATMI 3530PPCP NATURAL', 21, 132.25, '2/1/2023', 'NEW RATE ', 'new part define ', 2, 3, '', NULL, NULL, 3, '1/2/2023', '2:47:08', NULL, NULL, NULL, NULL, NULL, NULL, NULL, NULL, NULL, '', NULL, 1, 'accept'),
(88, 0, 0, 0, 0, 'BOX.630X560X300MM-5PGO.', 'ECO DOOR BOX 630 X  560 X 300  MM 5 PLY  GO', 47, 78, '5/2/2023', '1', 'new part define ', 1, 43, '', NULL, NULL, 3, '5/2/2023', '9:16:35', NULL, NULL, NULL, NULL, NULL, NULL, NULL, NULL, NULL, '', NULL, 1, 'accept'),
(89, 0, 0, 0, 0, 'FB.14X8X2.', '14 X 8 X 2 MM FOM BAG', 19, 2.4, '5/2/2023', '1', 'new part define ', 2, 67, '', NULL, NULL, 3, '5/2/2023', '9:33:16', NULL, NULL, NULL, NULL, NULL, NULL, NULL, NULL, NULL, '', NULL, 1, 'accept'),
(90, 0, 0, 0, 0, 'FB.21X10X2.', '21 X 10 X 2 MM FOAM BAG', 19, 5, '5/2/2023', '1', 'new part define ', 2, 68, '', NULL, NULL, 3, '5/2/2023', '9:36:06', NULL, NULL, NULL, NULL, NULL, NULL, NULL, NULL, NULL, '', NULL, 1, 'accept'),
(91, 0, 0, 0, 0, 'FB.60X90.', '60 x  90 mm Fom Bags', 19, 0.3, '5/2/2023', '1', 'new part define ', 2, 70, '', NULL, NULL, 3, '5/2/2023', '9:37:10', NULL, NULL, NULL, NULL, NULL, NULL, NULL, NULL, NULL, '', NULL, 1, 'accept'),
(92, 0, 0, 0, 0, 'BOX.630X560X300MM-5PGO.', 'ECO DOOR BOX 630 X  560 X 300  MM 5 PLY  GO', 68, 78, '2/5/2023', '1', 'new part define ', 2, 43, '', NULL, NULL, 3, '5/2/2023', '9:52:39', NULL, NULL, NULL, NULL, NULL, NULL, NULL, NULL, NULL, '', NULL, 1, 'accept'),
(93, 0, 0, 0, 0, 'RM.PCABSFR3010BFR301.', 'PC ABS FR 3010 BAYBLEND FR 301', 7, 418, '2/7/2023', '1', 'new part define ', 2, 15, '', NULL, NULL, 3, '7/2/2023', '10:15:11', NULL, NULL, NULL, NULL, NULL, NULL, NULL, NULL, NULL, '', NULL, 1, 'accept'),
(94, 0, 0, 0, 0, 'RM.PC2407010035W.', 'POLYCARBONATE 2407 010035 WHITE', 74, 265, '12/2/2023', '1', 'new part define ', 2, 18, '', NULL, NULL, 3, '12/2/2023', '8:52:26', NULL, NULL, NULL, NULL, NULL, NULL, NULL, NULL, NULL, '', NULL, 1, 'accept'),
(95, 0, 0, 0, 0, '40506-01', 'M5 INSERT REAR RR RED', 69, 0.85, '12/2/2023', '1', 'new part define ', 1, 96, '', NULL, NULL, 3, '12/2/2023', '11:34:31', NULL, NULL, NULL, NULL, NULL, NULL, NULL, NULL, NULL, '', NULL, 1, 'accept'),
(96, 0, 0, 0, 0, 'RM.ABSBHI121', 'ABS BLACK HI 121', 71, 170, '2/14/2023', 'NEW RATE ', 'new part define ', 2, 7, '', NULL, NULL, 3, '14-02-2023', '1:45:49', NULL, NULL, NULL, NULL, NULL, NULL, NULL, NULL, NULL, '', NULL, 1, 'accept'),
(97, 0, 0, 0, 0, 'RM.ABSBHI121', 'ABS BLACK HI 121', 3, 185, '3/1/2023', 'NEW RATE ', 'RATE DECREASE', 2, 7, '', NULL, NULL, 3, '1/3/2023', '10:12:50', NULL, NULL, NULL, NULL, NULL, NULL, NULL, NULL, NULL, '', NULL, 1, 'accept'),
(98, 0, 0, 0, 0, 'RM-POM ', 'DURACON M90 -44 NAT.', 74, 190, '3/1/2023', 'NEW RATE ', 'RATE DECREASE', 2, 13, '', NULL, NULL, 3, '1/3/2023', '10:15:06', NULL, NULL, NULL, NULL, NULL, NULL, NULL, NULL, NULL, '', NULL, 1, 'accept'),
(99, 0, 0, 0, 0, 'RM.PPCPN3530.', 'PPCP NATMI 3530PPCP NATURAL', 35, 118, '1/3/2023', '1', 'new part define ', 2, 3, '', NULL, NULL, 3, '1/3/2023', '10:16:52', NULL, NULL, NULL, NULL, NULL, NULL, NULL, NULL, NULL, '', NULL, 1, 'accept'),
(100, 0, 0, 0, 0, 'RM.PPCP ', 'Reprocess Plastic Granuels', 35, 73, '3/1/2023', 'NEW RATE ', 'RATE DECREASE', 2, 1, '', NULL, NULL, 3, '1/3/2023', '10:18:32', NULL, NULL, NULL, NULL, NULL, NULL, NULL, NULL, NULL, '', NULL, 1, 'accept'),
(101, 0, 0, 0, 0, 'RM.PPCP ', 'Reprocess Plastic Granuels', 35, 73, '3/1/2023', 'NEW RATE ', 'RATE DECREASE', 2, 1, '', NULL, NULL, 3, '1/3/2023', '10:27:02', NULL, NULL, NULL, NULL, NULL, NULL, NULL, NULL, NULL, '', NULL, 1, 'accept'),
(102, 0, 0, 0, 0, 'RM.PPCP ', 'Reprocess Plastic Granuels', 35, 73, '3/1/2023', '1', 'RATE INCREASE', 2, 1, '', NULL, NULL, 3, '1/3/2023', '10:30:34', NULL, NULL, NULL, NULL, NULL, NULL, NULL, NULL, NULL, '', NULL, 1, 'accept'),
(103, 0, 0, 0, 0, 'RM.PPCP ', 'Reprocess Plastic Granuels', 35, 73, '3/1/2023', '2', 'new part define ', 2, 1, '', NULL, NULL, 3, '1/3/2023', '10:32:06', NULL, NULL, NULL, NULL, NULL, NULL, NULL, NULL, NULL, '', NULL, 1, 'accept'),
(104, 0, 0, 0, 0, 'RM-POM ', 'DURACON M90 -44 NAT.', 3, 215, '1/3/2023', '1', 'new part define ', 2, 13, '', NULL, NULL, 3, '1/3/2023', '12:23:48', NULL, NULL, NULL, NULL, NULL, NULL, NULL, NULL, NULL, '', NULL, 1, 'accept'),
(105, 0, 0, 0, 0, 'BOX.750X400X400-5P.', 'RENTO BOX 750X 400X400 5 PLY', 68, 72, '1/3/2023', '1', 'new part define ', 1, 40, '', NULL, NULL, 3, '1/3/2023', '3:42:50', NULL, NULL, NULL, NULL, NULL, NULL, NULL, NULL, NULL, '', NULL, 1, 'accept'),
(106, 0, 0, 0, 0, 'PB.6x8i.', 'Poly Bag 6 x 8 inch', 65, 135, '3/3/2023', '1', 'new part define ', 2, 53, '', NULL, NULL, 3, '3/3/2023', '9:33:32', NULL, NULL, NULL, NULL, NULL, NULL, NULL, NULL, NULL, '', NULL, 1, 'accept'),
(107, 0, 0, 0, 0, 'BOX.345X280X280.', 'J.G. BOX 345X280X280', 68, 23, '3/3/2023', '1', 'new part define ', 1, 42, '', NULL, NULL, 3, '3/3/2023', '11:50:50', NULL, NULL, NULL, NULL, NULL, NULL, NULL, NULL, NULL, '', NULL, 1, 'accept'),
(108, 0, 0, 0, 0, 'PMMA 870S IH830 NP', 'PMMA 870S IH830 NP', 76, 226, '3/3/2023', '1', 'new part define ', 2, 98, '', NULL, NULL, 3, '3/3/2023', '3:10:49', NULL, NULL, NULL, NULL, NULL, NULL, NULL, NULL, NULL, '', NULL, 1, 'accept'),
(109, 0, 0, 0, 0, 'RM.PC-CLEAR', 'PC CLEAR', 43, 210, '4/3/2023', '1', 'new part define ', 2, 17, '', NULL, NULL, 3, '4/3/2023', '6:54:58', NULL, NULL, NULL, NULL, NULL, NULL, NULL, NULL, NULL, '', NULL, 1, 'accept'),
(110, 0, 0, 0, 0, 'BLUE 04002', 'MASTER BATCH BLUE 04002 RENOLD BLUE ', 29, 350, '4/3/2023', '1', 'new part define ', 2, 99, '', NULL, NULL, 3, '4/3/2023', '7:00:26', NULL, NULL, NULL, NULL, NULL, NULL, NULL, NULL, NULL, '', NULL, 1, 'accept'),
(111, 0, 0, 0, 0, 'T2 TOP PIN BRASS PIN ', 'BRASS PIN 7 MM OD x 52 LONG', 72, 8.5, '4/3/2023', '1', 'new part define ', 1, 100, '', NULL, NULL, 3, '4/3/2023', '7:19:23', NULL, NULL, NULL, NULL, NULL, NULL, NULL, NULL, NULL, '', NULL, 3, 'accept'),
(112, 0, 0, 0, 0, 'MBPCABSGRYP.', 'MBPCABS GRY MASTER BATCH FOR PC', 7, 723, '6/3/2023', '1', 'new part define ', 2, 38, '', NULL, NULL, 3, '6/3/2023', '12:46:57', NULL, NULL, NULL, NULL, NULL, NULL, NULL, NULL, NULL, '', NULL, 1, 'accept'),
(113, 0, 0, 0, 0, 'IN.NUTM5X9.', 'INSERT NUT M 5 X 9', 77, 2.26, '19-03-2023', '1', 'new part define ', 1, 59, '', NULL, NULL, 3, '19-03-2023', '10:41:41', NULL, NULL, NULL, NULL, NULL, NULL, NULL, NULL, NULL, '', NULL, 1, 'accept'),
(114, 0, 0, 0, 0, 'RM.PC-CLEAR', 'PC CLEAR', 14, 215, '4/3/2023', 'NEW RATE ', 'new part define ', 2, 17, '', NULL, NULL, 3, '3/4/2023', '10:10:17', NULL, NULL, NULL, NULL, NULL, NULL, NULL, NULL, NULL, '', NULL, 5, 'accept'),
(115, 0, 0, 0, 0, 'RM.PPCPN3530.', 'PPCP NATMI 3530PPCP NATURAL', 35, 113, '4/4/2023', 'NEW RATE ', 'new part define ', 2, 3, '', NULL, NULL, 3, '4/4/2023', '2:54:58', NULL, NULL, NULL, NULL, NULL, NULL, NULL, NULL, NULL, '', NULL, 1, 'accept'),
(116, 0, 0, 0, 0, 'RM.PPCP ', 'Reprocess Plastic Granuels', 35, 73, '4/4/2023', 'NEW RATE ', 'new part define ', 2, 1, '', NULL, NULL, 3, '4/4/2023', '2:59:54', NULL, NULL, NULL, NULL, NULL, NULL, NULL, NULL, NULL, '', NULL, 1, 'accept'),
(117, 0, 0, 0, 0, 'VAIPER BOX PLATE ', 'VAIPER BOX PLATE 630 X 560 3 PLY PLATE', 47, 9, '4/4/2023', '1', 'new part define ', 1, 101, '', NULL, NULL, 3, '4/4/2023', '4:40:21', NULL, NULL, NULL, NULL, NULL, NULL, NULL, NULL, NULL, '', NULL, 1, 'accept'),
(118, 0, 0, 0, 0, 'VAIPER BOX PIGAN', 'VAIPER BOX PIGAN 625 X 170', 47, 35, '4/4/2023', '1', 'new part define ', 1, 102, '', NULL, NULL, 3, '4/4/2023', '4:49:12', NULL, NULL, NULL, NULL, NULL, NULL, NULL, NULL, NULL, '', NULL, 1, 'accept'),
(119, 0, 0, 0, 0, 'VAIPER BOX PLATE ', 'VAIPER BOX PLATE 630 X 560 3 PLY PLATE', 47, 10, '4/4/2023', '1', 'new part define ', 1, 101, '', NULL, NULL, 3, '4/4/2023', '5:18:30', NULL, NULL, NULL, NULL, NULL, NULL, NULL, NULL, NULL, '', NULL, 1, 'accept'),
(120, 0, 0, 0, 0, 'PT.540X290-3P.', '550 X 290 3 PLY PLATE FOR FLI END', 47, 3, '4/4/2023', '1', 'new part define ', 1, 44, '', NULL, NULL, 3, '4/4/2023', '5:25:40', NULL, NULL, NULL, NULL, NULL, NULL, NULL, NULL, NULL, '', NULL, 1, 'accept'),
(121, 0, 0, 0, 0, 'GAS CORTRIDGE', 'GAS CORTRIDGE', 77, 110, '7/4/2023', '1', 'new part define ', 1, 103, '', NULL, NULL, 3, '7/4/2023', '6:11:05', NULL, NULL, NULL, NULL, NULL, NULL, NULL, NULL, NULL, '', NULL, 1, 'accept'),
(122, 0, 0, 0, 0, 'GAS CORTRIDGE', 'GAS CORTRIDGE', 78, 110, '7/4/2023', '1', 'new part define ', 1, 103, '', NULL, NULL, 3, '7/4/2023', '6:16:12', NULL, NULL, NULL, NULL, NULL, NULL, NULL, NULL, NULL, '', NULL, 1, 'accept'),
(123, 0, 0, 0, 0, 'RM.NYLON6PLAINB.', 'NYLON 6 PLAIN BLACK', 26, 190, '7/4/2023', '1', 'new part define ', 2, 23, '', NULL, NULL, 3, '7/4/2023', '6:19:09', NULL, NULL, NULL, NULL, NULL, NULL, NULL, NULL, NULL, '', NULL, 1, 'accept'),
(124, 0, 0, 0, 0, 'ANTY CORROSION SPRAY ( GREEN SPRAY )', 'ANTY CORROSION SPRAY ( GREEN SPRAY )', 26, 240, '7/4/2023', '1', 'new part define ', 1, 104, '', NULL, NULL, 3, '7/4/2023', '6:22:27', NULL, NULL, NULL, NULL, NULL, NULL, NULL, NULL, NULL, '', NULL, 1, 'accept'),
(125, 0, 0, 0, 0, 'RM.PCABSFR3010BFR301.', 'PC ABS FR 3010 BAYBLEND FR 301', 7, 506, '4/7/2023', 'NEW RATE ', 'RATE INCREASE', 2, 15, '', NULL, NULL, 3, '7/4/2023', '6:27:37', NULL, NULL, NULL, NULL, NULL, NULL, NULL, NULL, NULL, '', NULL, 1, 'accept'),
(126, 0, 0, 0, 0, 'RM.PCB143R2407LC.', 'PC BLACK 143R2407LC', 21, 145, '4/7/2023', 'NEW RATE ', 'RATE INCREASE', 2, 9, '', NULL, NULL, 3, '7/4/2023', '6:32:47', NULL, NULL, NULL, NULL, NULL, NULL, NULL, NULL, NULL, '', NULL, 1, 'accept'),
(127, 0, 0, 0, 0, 'RM.PCB143R701.', 'PC BLACK 143R701', 21, 232.63, '4/7/2023', 'NEW RATE ', 'RATE DECREASE', 2, 16, '', NULL, NULL, 3, '7/4/2023', '6:33:15', NULL, NULL, NULL, NULL, NULL, NULL, NULL, NULL, NULL, '', NULL, 1, 'accept'),
(128, 0, 0, 0, 0, 'RM.ABSBHI121', 'ABS BLACK HI 121', 21, 167.57, '4/7/2023', 'NEW RATE ', 'RATE DECREASE', 2, 7, '', NULL, NULL, 3, '7/4/2023', '6:56:11', NULL, NULL, NULL, NULL, NULL, NULL, NULL, NULL, NULL, '', NULL, 1, 'accept'),
(129, 0, 0, 0, 0, 'RM.PMMA.A.', 'PMMA AMBER', 21, 257.31, '4/7/2023', 'NEW RATE ', 'RATE DECREASE', 2, 10, '', NULL, NULL, 3, '7/4/2023', '6:56:46', NULL, NULL, NULL, NULL, NULL, NULL, NULL, NULL, NULL, '', NULL, 1, 'accept'),
(130, 0, 0, 0, 0, 'RM,PMMA876GRGSFC.', 'PMMA GR 876G Red of GSFC', 21, 257.31, '4/7/2023', 'NEW RATE ', 'RATE DECREASE', 2, 12, '', NULL, NULL, 3, '7/4/2023', '6:57:36', NULL, NULL, NULL, NULL, NULL, NULL, NULL, NULL, NULL, '', NULL, 1, 'accept'),
(131, 0, 0, 0, 0, 'RM.PMMAC.', 'PMMA CLEAR', 21, 212.2, '4/7/2023', 'NEW RATE ', 'RATE DECREASE', 2, 11, '', NULL, NULL, 3, '7/4/2023', '7:07:53', NULL, NULL, NULL, NULL, NULL, NULL, NULL, NULL, NULL, '', NULL, 1, 'accept'),
(132, 0, 0, 0, 0, 'RM.PC-CLEAR', 'PC CLEAR', 21, 209.1, '4/7/2023', 'NEW RATE ', 'RATE DECREASE', 2, 17, '', NULL, NULL, 3, '7/4/2023', '7:10:14', NULL, NULL, NULL, NULL, NULL, NULL, NULL, NULL, NULL, '', NULL, 1, 'accept'),
(133, 0, 0, 0, 0, 'ABS MIF 45 NATURAL', 'ABS MIF 45 NATURAL', 14, 176, '15-04-2023', '1', 'new part define ', 2, 105, '', NULL, NULL, 3, '15-04-2023', '12:12:10', NULL, NULL, NULL, NULL, NULL, NULL, NULL, NULL, NULL, '', NULL, 5, 'accept'),
(134, 0, 0, 0, 0, 'ABS EP 200', 'ABS EP 200 NATURAL', 21, 221.67, '4/21/2023', 'NEW RATE ', 'RATE DECREASE', 2, 79, '', NULL, NULL, 3, '21-04-2023', '11:51:26', NULL, NULL, NULL, NULL, NULL, NULL, NULL, NULL, NULL, '', NULL, 1, 'accept'),
(135, 0, 0, 0, 0, 'RM.PPCPN3530.', 'PPCP NATMI 3530PPCP NATURAL', 35, 114, '4/24/2023', 'NEW RATE ', 'RATE INCREASE', 2, 3, '', NULL, NULL, 3, '24-04-2023', '10:21:05', NULL, NULL, NULL, NULL, NULL, NULL, NULL, NULL, NULL, '', NULL, 1, 'accept'),
(136, 0, 0, 0, 0, 'CG 600X400X500', 'CG OUT BOX 600 X 400 X 500 MM 5 PLY', 21, 54.25, '4/28/2023', '2', 'RATE DECREASE', 1, 80, '', NULL, NULL, 3, '28-04-2023', '11:35:45', NULL, NULL, NULL, NULL, NULL, NULL, NULL, NULL, NULL, '', NULL, 1, 'accept'),
(137, 0, 0, 0, 0, 'VAIPER BOX ', '640 X 570 X 370 5 PLY BOX GOLDEN', 68, 85, '3/5/2023', '1', 'PO', 1, 76, '', NULL, NULL, 3, '3/5/2023', '8:55:29', NULL, NULL, NULL, NULL, NULL, NULL, NULL, NULL, NULL, '', NULL, 1, 'accept'),
(138, 0, 0, 0, 0, 'RM.ABSBHI121', 'ABS BLACK HI 121', 71, 160, '5/5/2023', 'NEW RATE ', 'RATE DECREASE', 2, 7, '', NULL, NULL, 3, '5/5/2023', '10:20:14', NULL, NULL, NULL, NULL, NULL, NULL, NULL, NULL, NULL, '', NULL, 1, 'accept'),
(139, 0, 0, 0, 0, 'Red MB', 'RED MASTER BATCH ', 79, 750, '5/5/2023', '1', 'new part define ', 2, 106, '', NULL, NULL, 3, '5/5/2023', '11:41:04', NULL, NULL, NULL, NULL, NULL, NULL, NULL, NULL, NULL, '', NULL, 1, 'accept'),
(140, 0, 0, 0, 0, 'FLI END CAP BOX', '560 X300 X300 5 PLY FLI END CAP BOX ', 68, 40, '6/5/2023', '1', 'new part define ', 1, 107, '', NULL, NULL, 3, '6/5/2023', '10:20:57', NULL, NULL, NULL, NULL, NULL, NULL, NULL, NULL, NULL, '', NULL, 1, 'accept'),
(141, 0, 0, 0, 0, 'PT.540X290-3P.', '550 X 290 3 PLY PLATE FOR FLI END', 68, 3, '6/5/2023', '1', 'new part define ', 1, 44, '', NULL, NULL, 3, '6/5/2023', '10:24:02', NULL, NULL, NULL, NULL, NULL, NULL, NULL, NULL, NULL, '', NULL, 1, 'accept'),
(142, 0, 0, 0, 0, 'PB.11X16.', 'POLY BAG 11 X16', 65, 126, '5/6/2023', 'NEW RATE ', 'RATE DECREASE', 2, 50, '', NULL, NULL, 3, '6/5/2023', '10:33:46', NULL, NULL, NULL, NULL, NULL, NULL, NULL, NULL, NULL, '', NULL, 1, 'accept'),
(143, 0, 0, 0, 0, 'PB5X4.5.', 'POLYBAG 5 X4.5', 65, 126, '5/6/2023', 'NEW RATE ', 'RATE DECREASE', 2, 49, '', NULL, NULL, 3, '6/5/2023', '10:34:11', NULL, NULL, NULL, NULL, NULL, NULL, NULL, NULL, NULL, '', NULL, 1, 'accept'),
(144, 0, 0, 0, 0, 'PB.6x8i.', 'Poly Bag 6 x 8 inch', 65, 126, '5/6/2023', 'NEW RATE ', 'RATE DECREASE', 2, 53, '', NULL, NULL, 3, '6/5/2023', '10:34:38', NULL, NULL, NULL, NULL, NULL, NULL, NULL, NULL, NULL, '', NULL, 1, 'accept'),
(145, 0, 0, 0, 0, 'PB.9X12.', 'POLYBAG 9 X12', 65, 126, '5/6/2023', 'NEW RATE ', 'RATE DECREASE', 2, 51, '', NULL, NULL, 3, '6/5/2023', '10:36:02', NULL, NULL, NULL, NULL, NULL, NULL, NULL, NULL, NULL, '', NULL, 1, 'accept'),
(146, 0, 0, 0, 0, 'RM.PPCPN3530.', 'PPCP NATMI 3530PPCP NATURAL', 35, 113, '5/14/2023', '2', 'RATE DECREASE', 2, 3, '', NULL, NULL, 3, '14-05-2023', '2:06:45', NULL, NULL, NULL, NULL, NULL, NULL, NULL, NULL, NULL, '', NULL, 1, 'accept'),
(147, 0, 0, 0, 0, 'MASTER BATCH PC BLACK ', 'MASTER BATCH PC BLACK ', 21, 303, '14-05-2023', '1', 'new part define ', 2, 108, '', NULL, NULL, 3, '14-05-2023', '2:30:37', NULL, NULL, NULL, NULL, NULL, NULL, NULL, NULL, NULL, '', NULL, 1, 'accept'),
(148, 0, 0, 0, 0, 'PB5X4.5.', 'POLYBAG 5 X4.5', 65, 135, '5/14/2023', 'NEW RATE ', 'new part define ', 2, 49, '', NULL, NULL, 3, '14-05-2023', '2:50:34', NULL, NULL, NULL, NULL, NULL, NULL, NULL, NULL, NULL, '', NULL, 1, 'accept'),
(149, 0, 0, 0, 0, 'PB.11X16.', 'POLY BAG 11 X16', 65, 135, '5/14/2023', 'NEW RATE ', 'new part define ', 2, 50, '', NULL, NULL, 3, '14-05-2023', '2:50:59', NULL, NULL, NULL, NULL, NULL, NULL, NULL, NULL, NULL, '', NULL, 1, 'accept'),
(150, 0, 0, 0, 0, 'PB.6x8i.', 'Poly Bag 6 x 8 inch', 65, 135, '5/14/2023', 'NEW RATE ', 'RATE DECREASE', 2, 53, '', NULL, NULL, 3, '14-05-2023', '2:51:21', NULL, NULL, NULL, NULL, NULL, NULL, NULL, NULL, NULL, '', NULL, 1, 'accept'),
(151, 0, 0, 0, 0, 'RM-POM ', 'DURACON M90 -44 NAT.', 14, 190, '26-05-2023', '1', 'new part define ', 2, 13, '', NULL, NULL, 3, '26-05-2023', '2:26:02', NULL, NULL, NULL, NULL, NULL, NULL, NULL, NULL, NULL, '', NULL, 5, 'accept'),
(152, 0, 0, 0, 0, 'MB.PCABSBPC.', 'MBPCABS BLUMASTER BATCH FOR PC', 7, 799, '5/6/2023', '1', 'RATE INCREASE', 2, 37, '', NULL, NULL, 3, '5/6/2023', '11:51:55', NULL, NULL, NULL, NULL, NULL, NULL, NULL, NULL, NULL, '', NULL, 1, 'accept'),
(153, 0, 0, 0, 0, 'RM-POM ', 'DURACON M90 -44 NAT.', 3, 210, '6/5/2023', 'NEW RATE ', 'RATE DECREASE', 2, 13, '', NULL, NULL, 3, '5/6/2023', '11:59:37', NULL, NULL, NULL, NULL, NULL, NULL, NULL, NULL, NULL, '', NULL, 1, 'accept'),
(154, 0, 0, 0, 0, 'RM-POM ', 'DURACON M90 -44 NAT.', 74, 195, '6/5/2023', 'NEW RATE ', 'RATE INCREASE', 2, 13, '', NULL, NULL, 3, '5/6/2023', '12:38:25', NULL, NULL, NULL, NULL, NULL, NULL, NULL, NULL, NULL, '', NULL, 1, 'accept'),
(155, 0, 0, 0, 0, 'RM.TPE30SHAB.', 'TPE 30 SHORE A COLOUR BLACK', 17, 180, '6/6/2023', 'NEW RATE ', 'RATE DECREASE', 2, 25, '', NULL, NULL, 3, '6/6/2023', '10:14:28', NULL, NULL, NULL, NULL, NULL, NULL, NULL, NULL, NULL, '', NULL, 1, 'accept'),
(156, 0, 0, 0, 0, 'RM.ABSBHI121', 'ABS BLACK HI 121', 3, 160, '6/7/2023', 'NEW RATE ', 'RATE INCREASE', 2, 7, '', NULL, NULL, 3, '7/6/2023', '11:59:43', NULL, NULL, NULL, NULL, NULL, NULL, NULL, NULL, NULL, '', NULL, 1, 'accept'),
(157, 0, 0, 0, 0, 'RM.PC2407010035W.', 'POLYCARBONATE 2407 010035 WHITE', 74, 248, '6/7/2023', 'NEW RATE ', 'RATE DECREASE', 2, 18, '', NULL, NULL, 3, '7/6/2023', '12:30:19', NULL, NULL, NULL, NULL, NULL, NULL, NULL, NULL, NULL, '', NULL, 1, 'accept'),
(158, 0, 0, 0, 0, 'RM.PC2405010035W.', 'POLYCARBONATE 2405  021630', 43, 255, '6/10/2023', 'NEW RATE ', 'RATE DECREASE', 2, 19, '', NULL, NULL, 3, '10/6/2023', '10:55:31', NULL, NULL, NULL, NULL, NULL, NULL, NULL, NULL, NULL, '', NULL, 1, 'accept'),
(159, 0, 0, 0, 0, 'RM.PC-CLEAR', 'PC CLEAR', 74, 196, '6/21/2023', '2', 'new part define ', 2, 17, '', NULL, NULL, 3, '21-06-2023', '12:01:41', NULL, NULL, NULL, NULL, NULL, NULL, NULL, NULL, NULL, '', NULL, 1, 'accept'),
(160, 0, 0, 0, 0, 'RM.PC-CLEAR', 'PC CLEAR', 14, 195, '6/21/2023', 'NEW RATE ', 'RATE DECREASE', 2, 17, '', NULL, NULL, 3, '21-06-2023', '2:03:32', NULL, NULL, NULL, NULL, NULL, NULL, NULL, NULL, NULL, '', NULL, 5, 'accept'),
(161, 0, 0, 0, 0, 'RM.PC2407010035W.', 'POLYCARBONATE 2407 010035 WHITE', 43, 235, '7/1/2023', 'NEW RATE ', 'RATE DECREASE', 2, 18, '', NULL, NULL, 3, '1/7/2023', '4:25:11', NULL, NULL, NULL, NULL, NULL, NULL, NULL, NULL, NULL, '', NULL, 1, 'accept'),
(162, 0, 0, 0, 0, 'RM.PPCPN3530.', 'PPCP NATMI 3530PPCP NATURAL', 74, 103, '3/7/2023', '1', 'new part define ', 2, 3, '', NULL, NULL, 3, '3/7/2023', '12:12:07', NULL, NULL, NULL, NULL, NULL, NULL, NULL, NULL, NULL, '', NULL, 1, 'accept'),
(163, 0, 0, 0, 0, 'RM.PC2405010035W.', 'POLYCARBONATE 2405  021630', 43, 250, '7/7/2023', '2', 'RATE DECREASE', 2, 19, '', NULL, NULL, 3, '7/7/2023', '9:32:12', NULL, NULL, NULL, NULL, NULL, NULL, NULL, NULL, NULL, '', NULL, 1, 'accept'),
(164, 0, 0, 0, 0, 'PB5X4.5.', 'POLYBAG 5 X4.5', 65, 121, '7/14/2023', 'NEW RATE ', 'RATE DECREASE', 2, 49, '', NULL, NULL, 3, '14-07-2023', '3:40:33', NULL, NULL, NULL, NULL, NULL, NULL, NULL, NULL, NULL, '', NULL, 1, 'accept'),
(165, 0, 0, 0, 0, 'PB.11X16.', 'POLY BAG 11 X16', 65, 121, '7/14/2023', 'NEW RATE ', 'RATE DECREASE', 2, 50, '', NULL, NULL, 3, '14-07-2023', '3:41:17', NULL, NULL, NULL, NULL, NULL, NULL, NULL, NULL, NULL, '', NULL, 1, 'accept'),
(166, 0, 0, 0, 0, 'PB.9X12.', 'POLYBAG 9 X12', 65, 121, '7/14/2023', 'NEW RATE ', 'new part define ', 2, 51, '', NULL, NULL, 3, '14-07-2023', '3:41:38', NULL, NULL, NULL, NULL, NULL, NULL, NULL, NULL, NULL, '', NULL, 1, 'accept'),
(167, 0, 0, 0, 0, 'PB.6x8i.', 'Poly Bag 6 x 8 inch', 65, 121, '7/14/2023', 'NEW RATE ', 'RATE DECREASE', 2, 53, '', NULL, NULL, 3, '14-07-2023', '3:41:58', NULL, NULL, NULL, NULL, NULL, NULL, NULL, NULL, NULL, '', NULL, 1, 'accept'),
(168, 0, 0, 0, 0, 'PB.16x21i.', 'Poly Bag 16 x 21 inch', 65, 121, '14-07-2023', '1', 'new part define ', 2, 52, '', NULL, NULL, 3, '14-07-2023', '3:45:03', NULL, NULL, NULL, NULL, NULL, NULL, NULL, NULL, NULL, '', NULL, 1, 'accept'),
(169, 0, 0, 0, 0, 'PBT UF NL', 'POLY BUTYLENE', 14, 250, '25-07-2023', '1', 'new part define ', 2, 87, '', NULL, NULL, 3, '25-07-2023', '4:53:00', NULL, NULL, NULL, NULL, NULL, NULL, NULL, NULL, NULL, '', NULL, 1, 'accept'),
(170, 0, 0, 0, 0, 'RM.PC-CLEAR', 'PC CLEAR', 14, 190, '8/2/2023', 'NEW RATE ', 'RATE DECREASE', 2, 17, '', NULL, NULL, 3, '2/8/2023', '10:06:49', NULL, NULL, NULL, NULL, NULL, NULL, NULL, NULL, NULL, '', NULL, 5, 'accept'),
(171, 0, 0, 0, 0, 'RM.ABSBHI121', 'ABS BLACK HI 121', 71, 155, '9/8/2023', 'NEW RATE ', 'RATE DECREASE', 2, 7, '', NULL, NULL, 3, '8/9/2023', '12:38:11', NULL, NULL, NULL, NULL, NULL, NULL, NULL, NULL, NULL, '', NULL, 1, 'accept'),
(172, 0, 0, 0, 0, 'RM.ABSBHI121', 'ABS BLACK HI 121', 21, 170.86, '2023-09-10', '3', 'RATE INCREASE', 2, 7, '', NULL, NULL, 3, '10-09-2023', '09:07:24', NULL, NULL, NULL, NULL, NULL, NULL, NULL, NULL, NULL, '', NULL, 1, 'accept'),
(173, 0, 0, 0, 0, 'ABS EP 200', 'ABS EP 200 NATURAL', 21, 230.67, '2023-09-10', '3', 'RATE DECREASE', 2, 79, '', NULL, NULL, 3, '10-09-2023', '09:08:59', NULL, NULL, NULL, NULL, NULL, NULL, NULL, NULL, NULL, '', NULL, 1, 'accept'),
(174, 0, 0, 0, 0, 'PT.600X400X270MM-5PCB.', '600X400X270MM5 PLYCORRUGATED B', 21, 55, '2023-09-10', '3', 'RATE INCREASE', 2, 46, '', NULL, NULL, 3, '10-09-2023', '09:11:27', NULL, NULL, NULL, NULL, NULL, NULL, NULL, NULL, NULL, '', NULL, 1, 'accept'),
(175, 0, 0, 0, 0, 'RM.PMMAC.', 'PMMA CLEAR', 21, 209.2, '2023-09-10', '3', 'RATE DECREASE', 2, 11, '', NULL, NULL, 3, '10-09-2023', '09:13:30', NULL, NULL, NULL, NULL, NULL, NULL, NULL, NULL, NULL, '', NULL, 1, 'accept'),
(176, 0, 0, 0, 0, 'RM,PMMA876GRGSFC.', 'PMMA GR 876G Red of GSFC', 21, 239.95, '2023-09-10', '3', 'RATE DECREASE', 2, 12, '', NULL, NULL, 3, '10-09-2023', '09:14:06', NULL, NULL, NULL, NULL, NULL, NULL, NULL, NULL, NULL, '', NULL, 1, 'accept'),
(177, 0, 0, 0, 0, 'P.P 20 % GF BK', 'P.P 20 % GF BK', 35, 75, '10-09-2023', '1', 'new part define ', 2, 109, '', NULL, NULL, 3, '10-09-2023', '09:59:16', NULL, NULL, NULL, NULL, NULL, NULL, NULL, NULL, NULL, '', NULL, 1, 'accept'),
(178, 0, 0, 0, 0, 'RM.PC-CLEAR', 'PC CLEAR', 80, 190, '10-09-2023', '1', 'RATE DECREASE', 2, 17, '', NULL, NULL, 3, '10-09-2023', '10:08:56', NULL, NULL, NULL, NULL, NULL, NULL, NULL, NULL, NULL, '', NULL, 1, 'accept'),
(179, 0, 0, 0, 0, 'RM.PCB143R701.', 'PC BLACK 143R701', 21, 231.03, '2023-09-15', '3', 'RATE DECREASE', 2, 16, '', NULL, NULL, 3, '15-09-2023', '10:36:37', NULL, NULL, NULL, NULL, NULL, NULL, NULL, NULL, NULL, '', NULL, 1, 'accept'),
(180, 0, 0, 0, 0, 'RM-POM ', 'DURACON M90 -44 NAT.', 26, 180, '15-09-2023', '1', 'RATE DECREASE', 2, 13, '', NULL, NULL, 3, '15-09-2023', '03:03:26', NULL, NULL, NULL, NULL, NULL, NULL, NULL, NULL, NULL, '', NULL, 1, 'accept'),
(181, 0, 0, 0, 0, 'PBT UF NL', 'POLY BUTYLENE', 26, 245, '15-09-2023', '1', 'RATE INCREASE', 2, 87, '', NULL, NULL, 3, '15-09-2023', '03:04:50', NULL, NULL, NULL, NULL, NULL, NULL, NULL, NULL, NULL, '', NULL, 1, 'accept'),
(182, 0, 0, 0, 0, 'P.P 20 % GF BK', 'P.P 20 % GF BK', 26, 128, '15-09-2023', '1', 'new part define ', 2, 109, '', NULL, NULL, 3, '15-09-2023', '03:46:20', NULL, NULL, NULL, NULL, NULL, NULL, NULL, NULL, NULL, '', NULL, 1, 'accept'),
(183, 0, 0, 0, 0, 'RM.NYLON6PLAINB.', 'NYLON 6 PLAIN BLACK', 74, 210, '15-09-2023', '1', 'new part define ', 2, 23, '', NULL, NULL, 3, '15-09-2023', '04:24:45', NULL, NULL, NULL, NULL, NULL, NULL, NULL, NULL, NULL, '', NULL, 1, 'accept'),
(184, 0, 0, 0, 0, 'PBT UF NL', 'POLY BUTYLENE', 74, 240, '2023-09-26', '3', 'RATE DECREASE', 2, 87, '', NULL, NULL, 3, '26-09-2023', '11:28:04', NULL, NULL, NULL, NULL, NULL, NULL, NULL, NULL, NULL, '', NULL, 1, 'accept'),
(185, 0, 0, 0, 0, 'PPCP BLUE ', 'PPCP BLUE PP', 74, 90, '30-09-2023', '1', 'RATE INCREASE', 2, 110, '', NULL, NULL, 3, '30-09-2023', '01:51:41', NULL, NULL, NULL, NULL, NULL, NULL, NULL, NULL, NULL, '', NULL, 1, 'accept'),
(186, 0, 0, 0, 0, 'SC-1220 UR', 'LOTTE SC-1220 UR', 7, 209, '30-09-2023', '1', 'new part define ', 2, 111, '', NULL, NULL, 3, '30-09-2023', '03:25:12', NULL, NULL, NULL, NULL, NULL, NULL, NULL, NULL, NULL, '', NULL, 1, 'accept'),
(187, 0, 0, 0, 0, '1200 LDPE', ' LDPE 1200', 7, 579.7, '30-09-2023', '1', 'new part define ', 2, 112, '', NULL, NULL, 3, '30-09-2023', '03:25:41', NULL, NULL, NULL, NULL, NULL, NULL, NULL, NULL, NULL, '', NULL, 1, 'accept'),
(188, 0, 0, 0, 0, 'RM.PMMAC.', 'PMMA CLEAR', 80, 207, '02-10-2023', '1', 'new part define ', 2, 11, '', NULL, NULL, 3, '02-10-2023', '10:04:10', NULL, NULL, NULL, NULL, NULL, NULL, NULL, NULL, NULL, '', NULL, 1, 'accept'),
(189, 0, 0, 0, 0, 'RM.PCB143R701.', 'PC BLACK 143R701', 81, 140, '03-10-2023', '1', 'new part define ', 2, 16, '', NULL, NULL, 3, '03-10-2023', '09:22:43', NULL, NULL, NULL, NULL, NULL, NULL, NULL, NULL, NULL, '', NULL, 1, 'accept'),
(190, 0, 0, 0, 0, 'PPCP BLUE ', 'PPCP BLUE PP', 35, 95, '04-10-2023', '1', 'RATE INCREASE', 2, 110, '', NULL, NULL, 3, '04-10-2023', '06:53:05', NULL, NULL, NULL, NULL, NULL, NULL, NULL, NULL, NULL, '', NULL, 1, 'accept'),
(191, 0, 0, 0, 0, 'MG GREEN', 'MG GREEN ', 26, 330, '04-10-2023', '1', 'new part define ', 2, 113, '', NULL, NULL, 3, '04-10-2023', '07:00:52', NULL, NULL, NULL, NULL, NULL, NULL, NULL, NULL, NULL, '', NULL, 1, 'accept'),
(192, 0, 0, 0, 0, 'RM.PPCPN3530.', 'PPCP NATMI 3530PPCP NATURAL', 35, 111, '2023-10-04', '3', 'RATE INCREASE', 2, 3, '', NULL, NULL, 3, '04-10-2023', '07:04:03', NULL, NULL, NULL, NULL, NULL, NULL, NULL, NULL, NULL, '', NULL, 1, 'accept'),
(193, 0, 0, 0, 0, 'PC BLACK -REGRAND', 'PC BLACK -REGRAND', 21, 214.73, '04-10-2023', '1', 'RATE DECREASE', 2, 114, '', NULL, NULL, 3, '04-10-2023', '07:09:34', NULL, NULL, NULL, NULL, NULL, NULL, NULL, NULL, NULL, '', NULL, 1, 'accept'),
(194, 0, 0, 0, 0, 'LDPE -01-LAW', 'LDPE -01-LOW DENSITY POLYTHYLENE 1200 MN 18C', 81, 579.7, '20-10-2023', '1', 'new part define ', 2, 115, '', NULL, NULL, 3, '20-10-2023', '03:26:40', NULL, NULL, NULL, NULL, NULL, NULL, NULL, NULL, NULL, '', NULL, 1, 'accept'),
(195, 0, 0, 0, 0, 'LOTE PC CLEAR 1220UR', 'PC CLEAR 003-LOTTE PC CLEAR 1220UR ENP', 7, 209, '20-10-2023', '1', 'new part define ', 2, 116, '', NULL, NULL, 3, '20-10-2023', '03:28:30', NULL, NULL, NULL, NULL, NULL, NULL, NULL, NULL, NULL, '', NULL, 1, 'accept'),
(196, 0, 0, 0, 0, 'LDPE -01-LAW', 'LDPE -01-LOW DENSITY POLYTHYLENE 1200 MN 18C', 7, 579.7, '20-10-2023', '1', 'new part define ', 2, 115, '', NULL, NULL, 3, '20-10-2023', '03:29:23', NULL, NULL, NULL, NULL, NULL, NULL, NULL, NULL, NULL, '', NULL, 1, 'accept'),
(197, 0, 0, 0, 0, 'PACKING TAPE ', 'BOPP TAPE 2 X 65 M ( TR )', 82, 1640, '20-10-2023', '1', 'new part define ', 1, 94, '', NULL, NULL, 3, '20-10-2023', '03:49:33', NULL, NULL, NULL, NULL, NULL, NULL, NULL, NULL, NULL, '', NULL, 1, 'accept'),
(198, 0, 0, 0, 0, 'PRINTER', 'REPARING PRINTER ', 51, 1500, '20-10-2023', '1', 'new part define ', 1, 117, '', NULL, NULL, 3, '20-10-2023', '04:19:25', NULL, NULL, NULL, NULL, NULL, NULL, NULL, NULL, NULL, '', NULL, 1, 'accept'),
(199, 0, 0, 0, 0, 'KLTBIN', 'GREEN COLORS 6429 ( 600X400X280 MM )', 83, 100, '20-10-2023', '1', 'new part define ', 1, 118, '', NULL, NULL, 3, '20-10-2023', '06:10:23', NULL, NULL, NULL, NULL, NULL, NULL, NULL, NULL, NULL, '', NULL, 12, 'accept'),
(200, 0, 0, 0, 0, 'ULT.A3EG6 UNC', 'ULT.A3EG6 UNC 66', 14, 310, '20-10-2023', '1', 'new part define ', 2, 119, '', NULL, NULL, 3, '20-10-2023', '06:35:59', NULL, NULL, NULL, NULL, NULL, NULL, NULL, NULL, NULL, '', NULL, 1, 'accept'),
(201, 0, 0, 0, 0, 'REFLILLING OF FIRE ', 'REFILLING OF FIRE EXTINUISHER ABC ', 38, 875, '21-10-2023', '1', 'new part define ', 1, 120, '', NULL, NULL, 3, '21-10-2023', '09:22:21', NULL, NULL, NULL, NULL, NULL, NULL, NULL, NULL, NULL, '', NULL, 1, 'accept'),
(202, 0, 0, 0, 0, 'APGE', 'APGE 4 LTR PHIROZI COLORS', 18, 1020, '21-10-2023', '1', 'new part define ', 1, 121, '', NULL, NULL, 3, '21-10-2023', '09:37:04', NULL, NULL, NULL, NULL, NULL, NULL, NULL, NULL, NULL, '', NULL, 1, 'accept'),
(203, 0, 0, 0, 0, 'RM-POM ', 'DURACON M90 -44 NAT.', 74, 175, '2023-10-21', '3', 'RATE DECREASE', 2, 13, '', NULL, NULL, 3, '21-10-2023', '09:43:44', NULL, NULL, NULL, NULL, NULL, NULL, NULL, NULL, NULL, '', NULL, 1, 'accept'),
(204, 0, 0, 0, 0, 'FUNNEL PIGAN ', 'FUNNEL PIGAN  PARTITION 5 PLY', 68, 10, '21-10-2023', '1', 'new part define ', 1, 122, '', NULL, NULL, 3, '21-10-2023', '09:58:19', NULL, NULL, NULL, NULL, NULL, NULL, NULL, NULL, NULL, '', NULL, 1, 'accept'),
(205, 0, 0, 0, 0, 'FLI END CAP BOX', '560 X300 X300 5 PLY FLI END CAP BOX ', 68, 54, '2023-10-21', '3', 'RATE INCREASE', 1, 107, '', NULL, NULL, 3, '21-10-2023', '10:11:42', NULL, NULL, NULL, NULL, NULL, NULL, NULL, NULL, NULL, '', NULL, 1, 'accept'),
(206, 0, 0, 0, 0, 'A4 PAPER', 'A/4 CENTURY ELANZA 70 GSM ', 24, 215, '2023-10-21', '3', 'RATE DECREASE', 1, 95, '', NULL, NULL, 3, '21-10-2023', '10:16:58', NULL, NULL, NULL, NULL, NULL, NULL, NULL, NULL, NULL, '', NULL, 7, 'accept'),
(207, 0, 0, 0, 0, 'POCAN B3235', 'POCAN B3235-0000', 3, 230, '21-10-2023', '1', 'new part define ', 2, 123, '', NULL, NULL, 3, '21-10-2023', '10:25:22', NULL, NULL, NULL, NULL, NULL, NULL, NULL, NULL, NULL, '', NULL, 1, 'accept'),
(208, 0, 0, 0, 0, 'RM.PC-CLEAR', 'PC CLEAR', 14, 193, '2023-10-27', '3', 'new part define ', 2, 17, '', NULL, NULL, 3, '27-10-2023', '10:42:49', NULL, NULL, NULL, NULL, NULL, NULL, NULL, NULL, NULL, '', NULL, 12, 'accept'),
(209, 0, 0, 0, 0, 'ABS BLACK SD 0150', 'ABS BLACK SD 0150', 71, 148, '27-10-2023', '1', 'new part define ', 2, 124, '', NULL, NULL, 3, '27-10-2023', '10:58:13', NULL, NULL, NULL, NULL, NULL, NULL, NULL, NULL, NULL, '', NULL, 1, 'accept'),
(210, 0, 0, 0, 0, 'RM.PPCPN3530.', 'PPCP NATMI 3530PPCP NATURAL', 35, 106, '2023-10-27', 'NEW RATE ', 'RATE DECREASE', 2, 3, '', NULL, NULL, 3, '27-10-2023', '11:04:54', NULL, NULL, NULL, NULL, NULL, NULL, NULL, NULL, NULL, '', NULL, 1, 'accept'),
(211, 0, 0, 0, 0, 'RM-POM ', 'DURACON M90 -44 NAT.', 80, 170, '30-10-2023', '1', 'new part define ', 2, 13, '', NULL, NULL, 3, '30-10-2023', '10:16:37', NULL, NULL, NULL, NULL, NULL, NULL, NULL, NULL, NULL, '', NULL, 1, 'accept');
INSERT INTO `child_part_master` (`id`, `stock`, `onhold_stock`, `production_qty`, `rejection_prodcution_qty`, `part_number`, `part_description`, `supplier_id`, `part_rate`, `revision_date`, `revision_no`, `revision_remark`, `uom_id`, `child_part_id`, `safty_buffer_stk`, `diagram`, `quote`, `created_id`, `date`, `time`, `deleted`, `hsn_code`, `part_drawing`, `ppap_document`, `modal_document`, `cad_file`, `a_d`, `q_d`, `c_d`, `quotation_document`, `with_in_state`, `gst_id`, `admin_approve`) VALUES
(212, 0, 0, 0, 0, 'BMV45+SI P3005', 'CNC VERTICAL MACHING CENTER MODEL  ', 86, 2125000, '31-10-2023', '1', 'new part define ', 1, 125, '', NULL, NULL, 3, '31-10-2023', '02:37:31', NULL, NULL, NULL, NULL, NULL, NULL, NULL, NULL, NULL, '', NULL, 2, 'accept'),
(213, 0, 0, 0, 0, 'RM.PCABSFR3010BFR301.', 'PC ABS FR 3010 BAYBLEND FR 301', 7, 418, '2023-10-31', '3', 'RATE INCREASE', 2, 15, '', NULL, NULL, 3, '31-10-2023', '02:58:12', NULL, NULL, NULL, NULL, NULL, NULL, NULL, NULL, NULL, '', NULL, 1, 'accept'),
(214, 0, 0, 0, 0, 'BAJAJ ESTEEM', 'BAJAJ ESTEEM 400MM W/F DOUBLE STAR', 59, 1652.6, '31-10-2023', '1', 'new part define ', 7, 126, '', NULL, NULL, 3, '31-10-2023', '03:09:44', NULL, NULL, NULL, NULL, NULL, NULL, NULL, NULL, NULL, '', NULL, 1, 'accept'),
(215, 0, 0, 0, 0, 'VAIPER BOX PIGAN', 'VAIPER BOX PIGAN 625 X 170', 68, 35, '01-11-2023', '1', 'new part define ', 1, 102, '', NULL, NULL, 3, '01-11-2023', '07:23:10', NULL, NULL, NULL, NULL, NULL, NULL, NULL, NULL, NULL, '', NULL, 1, 'accept'),
(216, 0, 0, 0, 0, 'VAIPER BOX PLATE ', 'VAIPER BOX PLATE 630 X 560 3 PLY PLATE', 68, 10, '01-11-2023', '1', 'new part define ', 1, 101, '', NULL, NULL, 3, '01-11-2023', '07:24:00', NULL, NULL, NULL, NULL, NULL, NULL, NULL, NULL, NULL, '', NULL, 1, 'accept'),
(217, 0, 0, 0, 0, '550 X 370 X 530 5 PLY BOX 180 GSM  ( PC TRAP BOX )', '550 X 370 X 530 5 PLY BOX 180 GSM  24 BF ( PC TRAP BOX ) ', 68, 98, '01-11-2023', '1', 'new part define ', 1, 127, '', NULL, NULL, 3, '01-11-2023', '07:30:44', NULL, NULL, NULL, NULL, NULL, NULL, NULL, NULL, NULL, '', NULL, 1, 'accept'),
(218, 0, 0, 0, 0, 'RM.PC-CLEAR', 'PC CLEAR', 14, 191, '2023-11-04', '3', 'new part define ', 2, 17, '', NULL, NULL, 3, '04-11-2023', '08:59:41', NULL, NULL, NULL, NULL, NULL, NULL, NULL, NULL, NULL, '', NULL, 12, 'accept'),
(219, 0, 0, 0, 0, 'a1', 'ASD', 87, 78, '06-12-2023', '1', 'gf', 8, 128, '', NULL, NULL, 3, '06-12-2023', '10:54:20', NULL, NULL, NULL, NULL, NULL, NULL, NULL, NULL, NULL, '', NULL, 12, 'accept'),
(220, 0, 0, 0, 0, 'Alpha2', 'hard', 92, 20000, '27-01-2024', '1', 'First', 3, 132, '', NULL, NULL, 3, '27-01-2024', '03:01:12', NULL, NULL, NULL, NULL, NULL, NULL, NULL, NULL, NULL, '', NULL, 12, 'accept'),
(221, 0, 0, 0, 0, 'a1', 'ASD', 88, 50, '27-01-2024', '1', 'first', 8, 128, '', NULL, NULL, 3, '27-01-2024', '03:12:32', NULL, NULL, NULL, NULL, NULL, NULL, NULL, NULL, NULL, '', NULL, 12, 'accept'),
(222, 0, 0, 0, 0, 'g6', 'xyz', 92, 75, '29-01-2024', '1', 'd', 3, 129, '', NULL, NULL, 3, '29-01-2024', '10:26:37', NULL, NULL, NULL, NULL, NULL, NULL, NULL, NULL, NULL, '', NULL, 9, 'accept'),
(223, 0, 0, 0, 0, 'a1', 'ASD', 87, 65, '2024-01-29', '2', 'fd', 8, 128, '', NULL, NULL, 3, '29-01-2024', '10:37:24', NULL, NULL, NULL, NULL, NULL, NULL, NULL, NULL, NULL, '', NULL, 12, 'accept'),
(224, 0, 0, 0, 0, 'a1', 'ASD', 88, 20000, '2024-01-29', '2', 'first', 8, 128, '', NULL, NULL, 3, '29-01-2024', '10:37:38', NULL, NULL, NULL, NULL, NULL, NULL, NULL, NULL, NULL, '', NULL, 12, 'accept'),
(225, 0, 0, 0, 0, 'G2a', 'unbreakable', 95, 100000, '30-01-2024', '1', 'first', 2, 134, '', NULL, NULL, 3, '30-01-2024', '01:25:53', NULL, NULL, NULL, NULL, NULL, NULL, NULL, NULL, NULL, '', NULL, 12, 'accept'),
(226, 0, 0, 0, 0, 'G2a', 'unbreakable', 95, 100000, '2024-01-30', '1', 'first', 2, 134, '', NULL, NULL, 3, '30-01-2024', '01:31:11', NULL, NULL, NULL, NULL, NULL, NULL, NULL, NULL, NULL, '', NULL, 12, 'accept'),
(227, 0, 0, 0, 0, 'a1', 'ASD', 88, 20000, '2024-01-30', '1', 'second', 8, 128, '', NULL, NULL, 3, '30-01-2024', '01:34:04', NULL, NULL, NULL, NULL, NULL, NULL, NULL, NULL, NULL, '', NULL, 12, 'accept'),
(228, 0, 0, 0, 0, 'a1', 'ASD', 88, 20000, '2024-01-30', '1', 'first', 8, 128, '', NULL, NULL, 3, '30-01-2024', '01:36:55', NULL, NULL, NULL, NULL, NULL, NULL, NULL, NULL, NULL, '', NULL, 12, 'no'),
(229, 0, 0, 0, 0, 'a1', 'ASD', 88, 20000, '2024-01-30', '1', 'first', 8, 128, '', NULL, NULL, 3, '30-01-2024', '01:36:56', NULL, NULL, NULL, NULL, NULL, NULL, NULL, NULL, NULL, '', NULL, 12, 'accept'),
(230, 0, 0, 0, 0, 'H1', '3 STAR', 96, 16000, '30-01-2024', '1', 'first', 4, 135, '', NULL, NULL, 3, '30-01-2024', '02:03:02', NULL, NULL, NULL, NULL, NULL, NULL, NULL, NULL, NULL, '', NULL, 12, 'accept'),
(231, 0, 0, 0, 0, 'PV', 'high', 97, 25000, '30-01-2024', '1', 'first', 8, 136, '', NULL, NULL, 3, '30-01-2024', '09:07:10', NULL, NULL, NULL, NULL, NULL, NULL, NULL, NULL, NULL, '', NULL, 12, 'accept'),
(232, 0, 0, 0, 0, 'PV', 'high', 97, 25000, '2024-01-30', '1', 'first', 8, 136, '', NULL, NULL, 3, '30-01-2024', '09:09:06', NULL, NULL, NULL, NULL, NULL, NULL, NULL, NULL, NULL, '', NULL, 12, 'accept'),
(233, 0, 0, 0, 0, 'a1', 'ASD', 88, 20000, '2024-01-30', '1', 'first', 8, 128, '', NULL, NULL, 3, '30-01-2024', '10:23:47', NULL, NULL, NULL, NULL, NULL, NULL, NULL, NULL, NULL, '', NULL, 12, 'accept'),
(234, 0, 0, 0, 0, 'SP-01', 'High Performance Multipurpose Non Silicon Spray', 97, 54, '31-01-2024', '1', 'hg', 1, 78, '', NULL, NULL, 3, '31-01-2024', '10:49:22', NULL, NULL, NULL, NULL, NULL, NULL, NULL, NULL, NULL, '', NULL, 12, 'accept'),
(235, 0, 0, 0, 0, 'l1', 'display', 97, 2000, '31-01-2024', '1', 'second', 8, 133, '', NULL, NULL, 3, '31-01-2024', '10:50:04', NULL, NULL, NULL, NULL, NULL, NULL, NULL, NULL, NULL, '', NULL, 12, 'accept'),
(236, 0, 0, 0, 0, 'G2a', 'unbreakable', 97, 30, '31-01-2024', '1', 'ds', 2, 134, '', NULL, NULL, 3, '31-01-2024', '10:50:50', NULL, NULL, NULL, NULL, NULL, NULL, NULL, NULL, NULL, '', NULL, 12, 'accept'),
(237, 0, 0, 0, 0, 'B1', 'handle', 97, 2500, '31-01-2024', '1', 'first', 3, 138, '', NULL, NULL, 3, '31-01-2024', '10:51:14', NULL, NULL, NULL, NULL, NULL, NULL, NULL, NULL, NULL, '', NULL, 12, 'accept'),
(238, 0, 0, 0, 0, 'Sp-1', 'Abc', 98, 20000, '01-02-2024', '1', 'first', 8, 140, '', NULL, NULL, 3, '01-02-2024', '03:53:01', NULL, NULL, NULL, NULL, NULL, NULL, NULL, NULL, NULL, '', NULL, 12, 'accept'),
(239, 0, 0, 0, 0, 'Sp-1', 'Abc', 98, 5000, '2024-02-01', '1', 'second', 8, 140, '', NULL, NULL, 3, '01-02-2024', '03:55:28', NULL, NULL, NULL, NULL, NULL, NULL, NULL, NULL, NULL, '', NULL, 12, 'accept'),
(240, 0, 0, 0, 0, 'Sp-1', 'Abc', 98, 5000, '2024-02-01', '2', 'first', 8, 140, '', NULL, NULL, 3, '01-02-2024', '04:03:03', NULL, NULL, NULL, NULL, NULL, NULL, NULL, NULL, NULL, '', NULL, 12, 'accept'),
(241, 0, 0, 0, 0, 'Sp-2', 'XYZ', 98, 4500, '01-02-2024', '1', 'second', 8, 141, '', NULL, NULL, 3, '01-02-2024', '04:10:50', NULL, NULL, NULL, NULL, NULL, NULL, NULL, NULL, NULL, '', NULL, 12, 'accept'),
(242, 0, 0, 0, 0, 'Sp-3', 'PQR', 98, 6000, '01-02-2024', '1', 'third', 8, 142, '', NULL, NULL, 3, '01-02-2024', '04:13:48', NULL, NULL, NULL, NULL, NULL, NULL, NULL, NULL, NULL, '', NULL, 12, 'accept'),
(243, 0, 0, 0, 0, 'Ac-01', 'COL', 99, 450, '01-02-2024', '1', 'first', 8, 143, '', NULL, NULL, 3, '01-02-2024', '04:35:40', NULL, NULL, NULL, NULL, NULL, NULL, NULL, NULL, NULL, '', NULL, 12, 'accept'),
(244, 0, 0, 0, 0, 'Ac-02', 'Abc', 99, 500, '01-02-2024', '1', 'second', 8, 144, '', NULL, NULL, 3, '01-02-2024', '04:37:11', NULL, NULL, NULL, NULL, NULL, NULL, NULL, NULL, NULL, '', NULL, 12, 'accept'),
(245, 0, 0, 0, 0, 'Ac-03', 'JKL', 99, 550, '01-02-2024', '1', 'third', 8, 145, '', NULL, NULL, 3, '01-02-2024', '04:38:17', NULL, NULL, NULL, NULL, NULL, NULL, NULL, NULL, NULL, '', NULL, 12, 'accept'),
(246, 0, 0, 0, 0, 'Ac-01', 'COL', 99, 450, '2024-02-01', '100', 'first', 8, 143, '', NULL, NULL, 3, '01-02-2024', '04:40:10', NULL, NULL, NULL, NULL, NULL, NULL, NULL, NULL, NULL, '', NULL, 12, 'accept'),
(247, 0, 0, 0, 0, 'Ac-02', 'Abc', 99, 500, '2024-02-01', '100', 'second', 8, 144, '', NULL, NULL, 3, '01-02-2024', '04:40:54', NULL, NULL, NULL, NULL, NULL, NULL, NULL, NULL, NULL, '', NULL, 12, 'no'),
(248, 0, 0, 0, 0, 'Ac-03', 'JKL', 99, 550, '2024-02-01', '100', 'third', 8, 145, '', NULL, NULL, 3, '01-02-2024', '04:41:28', NULL, NULL, NULL, NULL, NULL, NULL, NULL, NULL, NULL, '', NULL, 12, 'no'),
(249, 0, 0, 0, 0, '678', 'BELTS', 100, 750, '06-02-2024', '1', 'GFD', 5, 146, '', NULL, NULL, 3, '06-02-2024', '10:50:38', NULL, NULL, NULL, NULL, NULL, NULL, NULL, NULL, NULL, '', NULL, 12, 'accept'),
(250, 0, 0, 0, 0, 'GD-1', 'bolt', 101, 600, '07-02-2024', '1', 'first', 3, 147, '', NULL, NULL, 3, '07-02-2024', '04:23:55', NULL, NULL, NULL, NULL, NULL, NULL, NULL, NULL, NULL, '', NULL, 12, 'accept'),
(251, 0, 0, 0, 0, 'GD-2', 'screw', 102, 650, '07-02-2024', '1', 'sa', 3, 150, '', NULL, NULL, 3, '07-02-2024', '04:24:05', NULL, NULL, NULL, NULL, NULL, NULL, NULL, NULL, NULL, '', NULL, 12, 'accept'),
(252, 0, 0, 0, 0, 'GD-2', 'screw', 101, 550, '07-02-2024', '1', 'second', 3, 150, '', NULL, NULL, 3, '07-02-2024', '04:24:54', NULL, NULL, NULL, NULL, NULL, NULL, NULL, NULL, NULL, '', NULL, 12, 'accept'),
(253, 0, 0, 0, 0, 'GD-1', 'bolt', 101, 500, '2024-02-07', '1', 'first', 3, 147, '', NULL, NULL, 3, '07-02-2024', '04:31:49', NULL, NULL, NULL, NULL, NULL, NULL, NULL, NULL, NULL, '', NULL, 12, 'no'),
(254, 0, 0, 0, 0, 'GD-1', 'bolt', 101, 500, '2024-02-07', '1', 'first', 3, 147, '', NULL, NULL, 3, '07-02-2024', '04:31:50', NULL, NULL, NULL, NULL, NULL, NULL, NULL, NULL, NULL, '', NULL, 12, 'no'),
(255, 0, 0, 0, 0, 'GD-1', 'bolt', 101, 500, '2024-02-07', '1', 'first', 3, 147, '', NULL, NULL, 3, '07-02-2024', '04:31:52', NULL, NULL, NULL, NULL, NULL, NULL, NULL, NULL, NULL, '', NULL, 12, 'no'),
(256, 0, 0, 0, 0, 'GD-1', 'bolt', 101, 500, '2024-02-07', '1', 'first', 3, 147, '', NULL, NULL, 3, '07-02-2024', '04:31:53', NULL, NULL, NULL, NULL, NULL, NULL, NULL, NULL, NULL, '', NULL, 12, 'no'),
(257, 0, 0, 0, 0, 'GD-2', 'screw', 101, 550, '2024-02-07', '2', 'second', 3, 150, '', NULL, NULL, 3, '07-02-2024', '04:32:39', NULL, NULL, NULL, NULL, NULL, NULL, NULL, NULL, NULL, '', NULL, 12, 'accept'),
(258, 0, 0, 0, 0, 'BL-123', 'plastic pipe', 105, 200, '09-02-2024', '1', 'first', 8, 154, '', NULL, NULL, 3, '09-02-2024', '02:16:45', NULL, NULL, NULL, NULL, NULL, NULL, NULL, NULL, NULL, '', NULL, 12, 'accept'),
(259, 0, 0, 0, 0, 'PL-123', 'Elbow', 105, 50, '09-02-2024', '1', 'second', 8, 155, '', NULL, NULL, 3, '09-02-2024', '02:20:06', NULL, NULL, NULL, NULL, NULL, NULL, NULL, NULL, NULL, '', NULL, 12, 'accept'),
(260, 0, 0, 0, 0, 'BL-123', 'plastic pipe', 105, 200, '2024-02-09', '1', 'first', 8, 154, '', NULL, NULL, 3, '09-02-2024', '02:21:49', NULL, NULL, NULL, NULL, NULL, NULL, NULL, NULL, NULL, '', NULL, 12, 'no'),
(261, 0, 0, 0, 0, 'PL-123', 'Elbow', 105, 50, '2024-02-09', '100', 'second', 8, 155, '', NULL, NULL, 3, '09-02-2024', '02:22:30', NULL, NULL, NULL, NULL, NULL, NULL, NULL, NULL, NULL, '', NULL, 12, 'no'),
(262, 0, 0, 0, 0, 'SO234', 'FDS', 107, 45, '09-02-2024', '1', 'gf', 8, 159, '', NULL, NULL, 3, '09-02-2024', '04:12:49', NULL, NULL, NULL, NULL, NULL, NULL, NULL, NULL, NULL, '', NULL, 12, 'accept'),
(263, 0, 0, 0, 0, 'BT-456', 'Battery Ram', 106, 2000, '09-02-2024', '1', 'first', 8, 156, '', NULL, NULL, 3, '09-02-2024', '04:13:04', NULL, NULL, NULL, NULL, NULL, NULL, NULL, NULL, NULL, '', NULL, 12, 'accept'),
(264, 0, 0, 0, 0, 'Di-124', 'Disk', 106, 500, '09-02-2024', '1', 'second', 8, 158, '', NULL, NULL, 3, '09-02-2024', '04:13:45', NULL, NULL, NULL, NULL, NULL, NULL, NULL, NULL, NULL, '', NULL, 12, 'accept'),
(265, 0, 0, 0, 0, 'Di-124', 'Disk', 106, 2000, '2024-02-09', '2', 'first', 8, 158, '', NULL, NULL, 3, '09-02-2024', '04:16:24', NULL, NULL, NULL, NULL, NULL, NULL, NULL, NULL, NULL, '', NULL, 12, 'no'),
(266, 0, 0, 0, 0, 'BT-456', 'Battery Ram', 106, 500, '2024-02-09', '2', 'second', 8, 156, '', NULL, NULL, 3, '09-02-2024', '04:19:20', NULL, NULL, NULL, NULL, NULL, NULL, NULL, NULL, NULL, '', NULL, 12, 'no'),
(267, 0, 0, 0, 0, 'KK338990', 'mould', 108, 5000, '13-02-2024', '1', 'first', 8, 160, '', NULL, NULL, 3, '13-02-2024', '03:53:53', NULL, NULL, NULL, NULL, NULL, NULL, NULL, NULL, NULL, '', NULL, 12, 'accept'),
(268, 0, 0, 0, 0, 'KK338891', 'battery', 108, 5000, '13-02-2024', '1', 'second', 8, 161, '', NULL, NULL, 3, '13-02-2024', '03:57:45', NULL, NULL, NULL, NULL, NULL, NULL, NULL, NULL, NULL, '', NULL, 12, 'accept'),
(269, 0, 0, 0, 0, 'RM.ABS120W.', 'ABS 120 IFB WHITE', 88, 11.11, '20-02-2024', '1', 'New part defined', 2, 4, '', NULL, NULL, 3, '20-02-2024', '07:08:54', NULL, NULL, NULL, NULL, NULL, NULL, NULL, NULL, NULL, '', NULL, 1, 'no'),
(270, 0, 0, 0, 0, 'ACL-12', 'break', 109, 500, '21-02-2024', '1', 'first', 8, 162, '', NULL, NULL, 3, '21-02-2024', '03:08:08', NULL, NULL, NULL, NULL, NULL, NULL, NULL, NULL, NULL, '', NULL, 12, 'accept'),
(271, 0, 0, 0, 0, 'HRN-1', 'loud', 109, 250, '21-02-2024', '1', 'first', 8, 163, '', NULL, NULL, 3, '21-02-2024', '03:13:06', NULL, NULL, NULL, NULL, NULL, NULL, NULL, NULL, NULL, '', NULL, 12, 'accept'),
(272, 0, 0, 0, 0, 'ABC-1', 'battery', 110, 2000, '21-02-2024', '1', 'first', 8, 164, '', NULL, NULL, 3, '21-02-2024', '04:02:50', NULL, NULL, NULL, NULL, NULL, NULL, NULL, NULL, NULL, '', NULL, 12, 'accept'),
(273, 0, 0, 0, 0, 'PQR-1', 'Display', 110, 2000, '21-02-2024', '1', 'second', 8, 165, '', NULL, NULL, 3, '21-02-2024', '04:03:45', NULL, NULL, NULL, NULL, NULL, NULL, NULL, NULL, NULL, '', NULL, 12, 'accept'),
(274, 0, 0, 0, 0, 'ABC-1', 'battery', 110, 2000, '2024-02-21', '2', 'first', 8, 164, '', NULL, NULL, 3, '21-02-2024', '04:07:27', NULL, NULL, NULL, NULL, NULL, NULL, NULL, NULL, NULL, '', NULL, 12, 'no'),
(275, 0, 0, 0, 0, 'PQR-1', 'Display', 110, 2000, '2024-02-21', '3', 'third', 8, 165, '', NULL, NULL, 3, '21-02-2024', '04:08:07', NULL, NULL, NULL, NULL, NULL, NULL, NULL, NULL, NULL, '', NULL, 12, 'no'),
(276, 0, 0, 0, 0, 'PQR-1', 'Display', 110, 2000, '2024-02-21', '3', 'third', 8, 165, '', NULL, NULL, 3, '21-02-2024', '04:08:07', NULL, NULL, NULL, NULL, NULL, NULL, NULL, NULL, NULL, '', NULL, 12, 'no'),
(277, 0, 0, 0, 0, 'SO234', 'FDS', 111, 2250, '24-02-2024', '1', 'first', 8, 159, '', NULL, NULL, 3, '24-02-2024', '04:10:55', NULL, NULL, NULL, NULL, NULL, NULL, NULL, NULL, NULL, '', NULL, 12, 'accept'),
(278, 0, 0, 0, 0, 'SO234', 'FDS', 111, 2250, '2024-02-24', '1', 'first', 8, 159, '', NULL, NULL, 3, '24-02-2024', '04:12:37', NULL, NULL, NULL, NULL, NULL, NULL, NULL, NULL, NULL, '', NULL, 12, 'accept'),
(279, 0, 0, 0, 0, 'RM.PPCPN3530.', 'PPCP NATMI 3530PPCP NATURAL', 35, 43, '2024-02-24', '2', 'g', 2, 3, '', NULL, NULL, 3, '24-02-2024', '04:19:08', NULL, NULL, NULL, NULL, NULL, NULL, NULL, NULL, NULL, '', NULL, 1, 'accept'),
(280, 0, 0, 0, 0, 'SO234', 'FDS', 111, 2000, '2024-02-24', '2', 'second', 8, 159, '', NULL, NULL, 3, '24-02-2024', '04:20:17', NULL, NULL, NULL, NULL, NULL, NULL, NULL, NULL, NULL, '', NULL, 12, 'accept'),
(281, 0, 0, 0, 0, 'EN 21', 'storage', 111, 1500, '24-02-2024', '1', 'first', 4, 139, '', NULL, NULL, 3, '24-02-2024', '04:38:38', NULL, NULL, NULL, NULL, NULL, NULL, NULL, NULL, NULL, '', NULL, 12, 'accept'),
(282, 0, 0, 0, 0, 'RM.ABS312AFRB.', 'ABS 312  FR BLACK', 7, 430, '2024-02-24', '2', 'gf', 2, 5, '', NULL, NULL, 3, '24-02-2024', '04:44:27', NULL, NULL, NULL, NULL, NULL, NULL, NULL, NULL, NULL, '', NULL, 1, 'accept'),
(283, 0, 0, 0, 0, 'SO234', 'FDS', 111, 1000, '2024-02-24', '3', 'third', 8, 159, '', NULL, NULL, 3, '24-02-2024', '04:45:08', NULL, NULL, NULL, NULL, NULL, NULL, NULL, NULL, NULL, '', NULL, 12, 'no'),
(284, 0, 0, 0, 0, 'RM.PCB143R2407LC.', 'PC BLACK 143R2407LC', 21, 150, '2024-02-24', '2', 'h', 2, 9, '', NULL, NULL, 3, '24-02-2024', '04:52:13', NULL, NULL, NULL, NULL, NULL, NULL, NULL, NULL, NULL, '', NULL, 1, 'accept'),
(285, 0, 0, 0, 0, 'RM.PPCP ', 'Reprocess Plastic Granuels', 35, 80, '2024-02-24', '1', 'first', 2, 1, '', NULL, NULL, 3, '24-02-2024', '04:52:22', NULL, NULL, NULL, NULL, NULL, NULL, NULL, NULL, NULL, '', NULL, 1, 'accept'),
(286, 0, 0, 0, 0, 'RM.PPCP ', 'Reprocess Plastic Granuels', 35, 90, '2024-02-24', '2', 'fd', 2, 1, '', NULL, NULL, 3, '24-02-2024', '04:55:53', NULL, NULL, NULL, NULL, NULL, NULL, NULL, NULL, NULL, '', NULL, 8, 'accept'),
(287, 0, 0, 0, 0, 'KK338891', 'battery', 108, 4000, '2024-02-24', '3', 'third', 8, 161, '', NULL, NULL, 3, '24-02-2024', '04:57:03', NULL, NULL, NULL, NULL, NULL, NULL, NULL, NULL, NULL, '', NULL, 12, 'accept'),
(288, 0, 0, 0, 0, 'KK338891', 'battery', 108, 4200, '2024-02-24', '2', 'U', 8, 161, '', NULL, NULL, 3, '24-02-2024', '05:00:48', NULL, NULL, NULL, NULL, NULL, NULL, NULL, NULL, NULL, '', NULL, 12, 'accept'),
(289, 0, 0, 0, 0, 'RM.NYLON66PLAINN.', 'NYLON 66 PLAIN NATURAL', 14, 320.99, '2024-02-24', '2A', 'FGDG', 2, 24, '', NULL, NULL, 3, '24-02-2024', '05:05:59', NULL, NULL, NULL, NULL, NULL, NULL, NULL, NULL, NULL, '', NULL, 1, 'no'),
(290, 0, 0, 0, 0, 'FB.13X6i.', 'FOM BAGS 13 X 6 INCH', 19, 0.99, '2024-02-24', '2', 'DFGFG', 2, 66, '', NULL, NULL, 3, '24-02-2024', '05:07:21', NULL, NULL, NULL, NULL, NULL, NULL, NULL, NULL, NULL, '', NULL, 1, 'accept'),
(291, 0, 0, 0, 0, 'RM.PPCP ', 'Reprocess Plastic Granuels', 35, 92, '2024-02-25', '2', 'second', 2, 1, '', NULL, NULL, 3, '25-02-2024', '01:02:43', NULL, NULL, NULL, NULL, NULL, NULL, NULL, NULL, NULL, '', NULL, 8, 'accept'),
(292, 0, 0, 0, 0, 'PPCP BLUE ', 'PPCP BLUE PP', 35, 100, '2024-02-25', '3', 'third', 2, 110, '', NULL, NULL, 3, '25-02-2024', '01:08:34', NULL, NULL, NULL, NULL, NULL, NULL, NULL, NULL, NULL, '', NULL, 1, 'no'),
(293, 0, 0, 0, 0, 'Alpha2', 'hard', 92, 1000, '2024-02-25', '3', 'third', 3, 132, '', NULL, NULL, 3, '25-02-2024', '01:13:41', NULL, NULL, NULL, NULL, NULL, NULL, NULL, NULL, NULL, '', NULL, 12, 'accept'),
(294, 0, 0, 0, 0, 'AB', 'screw', 109, 50, '27-02-2024', '1', 'first', 8, 166, '', NULL, NULL, 3, '27-02-2024', '01:43:31', NULL, NULL, NULL, NULL, NULL, NULL, NULL, NULL, NULL, '', NULL, 12, 'accept'),
(295, 0, 0, 0, 0, 'BC', 'bolt', 112, 50, '27-02-2024', '1', 'first', 8, 167, '', NULL, NULL, 3, '27-02-2024', '01:55:19', NULL, NULL, NULL, NULL, NULL, NULL, NULL, NULL, NULL, '', NULL, 12, 'accept'),
(296, 0, 0, 0, 0, 'CD', 'handle', 112, 250, '27-02-2024', '1', 'first', 8, 168, '', NULL, NULL, 3, '27-02-2024', '01:58:01', NULL, NULL, NULL, NULL, NULL, NULL, NULL, NULL, NULL, '', NULL, 12, 'accept'),
(297, 0, 0, 0, 0, 'DE', 'Lock', 112, 100, '27-02-2024', '1', 'first', 8, 169, '', NULL, NULL, 3, '27-02-2024', '02:00:44', NULL, NULL, NULL, NULL, NULL, NULL, NULL, NULL, NULL, '', NULL, 12, 'accept'),
(298, 0, 0, 0, 0, 'EF', 'Indicator', 112, 200, '27-02-2024', '1', 'first', 8, 170, '', NULL, NULL, 3, '27-02-2024', '02:03:23', NULL, NULL, NULL, NULL, NULL, NULL, NULL, NULL, NULL, '', NULL, 12, 'accept'),
(299, 0, 0, 0, 0, 'FG', 'Engine', 112, 1000, '27-02-2024', '1', 'first', 8, 171, '', NULL, NULL, 3, '27-02-2024', '02:05:37', NULL, NULL, NULL, NULL, NULL, NULL, NULL, NULL, NULL, '', NULL, 12, 'accept'),
(300, 0, 0, 0, 0, 'GH', 'Acsilator', 112, 70, '27-02-2024', '1', 'first', 8, 172, '', NULL, NULL, 3, '27-02-2024', '02:08:22', NULL, NULL, NULL, NULL, NULL, NULL, NULL, NULL, NULL, '', NULL, 12, 'accept'),
(301, 0, 0, 0, 0, 'HI', 'battery', 112, 150, '27-02-2024', '1', 'first', 8, 173, '', NULL, NULL, 3, '27-02-2024', '02:10:41', NULL, NULL, NULL, NULL, NULL, NULL, NULL, NULL, NULL, '', NULL, 12, 'accept'),
(302, 0, 0, 0, 0, 'IJ', 'horn', 112, 100, '27-02-2024', '1', 'first', 8, 174, '', NULL, NULL, 3, '27-02-2024', '02:14:47', NULL, NULL, NULL, NULL, NULL, NULL, NULL, NULL, NULL, '', NULL, 12, 'accept'),
(303, 0, 0, 0, 0, 'JK', 'Light', 112, 150, '27-02-2024', '1', 'first', 8, 175, '', NULL, NULL, 3, '27-02-2024', '02:17:02', NULL, NULL, NULL, NULL, NULL, NULL, NULL, NULL, NULL, '', NULL, 12, 'accept'),
(304, 0, 0, 0, 0, 'KL', 'clutch', 112, 100, '27-02-2024', '1', 'first', 8, 176, '', NULL, NULL, 3, '27-02-2024', '03:44:49', NULL, NULL, NULL, NULL, NULL, NULL, NULL, NULL, NULL, '', NULL, 12, 'accept'),
(305, 0, 0, 0, 0, 'LM', 'mirror', 112, 200, '27-02-2024', '1', 'first', 8, 177, '', NULL, NULL, 3, '27-02-2024', '04:00:42', NULL, NULL, NULL, NULL, NULL, NULL, NULL, NULL, NULL, '', NULL, 12, 'accept'),
(306, 0, 0, 0, 0, 'ABC-1', 'battery', 112, 200, '27-02-2024', '1', 'first', 8, 164, '', NULL, NULL, 3, '27-02-2024', '04:12:53', NULL, NULL, NULL, NULL, NULL, NULL, NULL, NULL, NULL, '', NULL, 12, 'accept'),
(307, 0, 0, 0, 0, 'BCD', 'TOUGH', 112, 200, '27-02-2024', '1', 'first', 8, 178, '', NULL, NULL, 3, '27-02-2024', '04:13:34', NULL, NULL, NULL, NULL, NULL, NULL, NULL, NULL, NULL, '', NULL, 12, 'accept'),
(308, 0, 0, 0, 0, 'EFG-1', 'tube', 112, 250, '27-02-2024', '1', 'first', 8, 179, '', NULL, NULL, 3, '27-02-2024', '04:20:16', NULL, NULL, NULL, NULL, NULL, NULL, NULL, NULL, NULL, '', NULL, 12, 'accept'),
(309, 0, 0, 0, 0, 'HIJ-2', 'seat', 112, 200, '27-02-2024', '1', 'first', 8, 180, '', NULL, NULL, 3, '27-02-2024', '04:21:15', NULL, NULL, NULL, NULL, NULL, NULL, NULL, NULL, NULL, '', NULL, 12, 'accept'),
(310, 0, 0, 0, 0, 'MNO', 'Tyer', 112, 1500, '27-02-2024', '1', 'first', 8, 183, '', NULL, NULL, 3, '27-02-2024', '04:37:39', NULL, NULL, NULL, NULL, NULL, NULL, NULL, NULL, NULL, '', NULL, 12, 'accept'),
(311, 0, 0, 0, 0, 'PQR', 'Jack', 112, 150, '27-02-2024', '1', 'first', 8, 184, '', NULL, NULL, 3, '27-02-2024', '04:38:28', NULL, NULL, NULL, NULL, NULL, NULL, NULL, NULL, NULL, '', NULL, 12, 'accept'),
(312, 0, 0, 0, 0, 'RST', '12-a1', 112, 50, '27-02-2024', '1', 'first', 8, 185, '', NULL, NULL, 3, '27-02-2024', '04:40:07', NULL, NULL, NULL, NULL, NULL, NULL, NULL, NULL, NULL, '', NULL, 12, 'accept'),
(313, 0, 0, 0, 0, 'KLM', 'gear', 112, 100, '27-02-2024', '1', 'first', 8, 181, '', NULL, NULL, 3, '27-02-2024', '04:56:03', NULL, NULL, NULL, NULL, NULL, NULL, NULL, NULL, NULL, '', NULL, 12, 'accept'),
(314, 0, 0, 0, 0, 'STU', '123-ab', 112, 75, '27-02-2024', '1', 'first', 8, 186, '', NULL, NULL, 3, '27-02-2024', '04:57:02', NULL, NULL, NULL, NULL, NULL, NULL, NULL, NULL, NULL, '', NULL, 12, 'accept'),
(315, 0, 0, 0, 0, 'UVW', '4342-sap', 112, 50, '27-02-2024', '1', 'first', 8, 187, '', NULL, NULL, 3, '27-02-2024', '04:57:44', NULL, NULL, NULL, NULL, NULL, NULL, NULL, NULL, NULL, '', NULL, 12, 'accept'),
(316, 0, 0, 0, 0, 'AB', 'screw', 112, 50, '27-02-2024', '1', 'first', 8, 166, '', NULL, NULL, 3, '27-02-2024', '05:01:45', NULL, NULL, NULL, NULL, NULL, NULL, NULL, NULL, NULL, '', NULL, 12, 'accept'),
(317, 0, 0, 0, 0, 'XYZ', '12-abs', 112, 100, '28-02-2024', '1', 'first', 8, 188, '', NULL, NULL, 3, '28-02-2024', '12:51:05', NULL, NULL, NULL, NULL, NULL, NULL, NULL, NULL, NULL, '', NULL, 12, 'accept'),
(318, 0, 0, 0, 0, 'PO-45', 'asd', 112, 50, '28-02-2024', '1', 'first', 8, 190, '', NULL, NULL, 3, '28-02-2024', '01:06:43', NULL, NULL, NULL, NULL, NULL, NULL, NULL, NULL, NULL, '', NULL, 12, 'accept'),
(319, 0, 0, 0, 0, 'RM.PPCP-RP', 'Reprocess Plastic Granuels', 114, 50, '28-02-2024', '1', 'first', 2, 1, '', NULL, NULL, 3, '28-02-2024', '05:37:30', NULL, NULL, NULL, NULL, NULL, NULL, NULL, NULL, NULL, '', NULL, 8, 'accept'),
(320, 0, 0, 0, 0, 'RM.PP H 110 MA ', 'PPH110MA', 114, 50, '28-02-2024', '1', 'first', 2, 2, '', NULL, NULL, 3, '28-02-2024', '05:39:17', NULL, NULL, NULL, NULL, NULL, NULL, NULL, NULL, NULL, '', NULL, 12, 'accept'),
(321, 0, 0, 0, 0, 'RM.PPCPN3530.', 'PPCP NATMI 3530PPCP NATURAL', 114, 70, '28-02-2024', '1', 'first', 2, 3, '', NULL, NULL, 3, '28-02-2024', '05:41:12', NULL, NULL, NULL, NULL, NULL, NULL, NULL, NULL, NULL, '', NULL, 12, 'accept'),
(322, 0, 0, 0, 0, 'RM.ABS312AFRB.', 'ABS 312  FR BLACK', 114, 70, '28-02-2024', '1', 'first', 2, 5, '', NULL, NULL, 3, '28-02-2024', '05:48:08', NULL, NULL, NULL, NULL, NULL, NULL, NULL, NULL, NULL, '', NULL, 12, 'accept'),
(323, 0, 0, 0, 0, 'RM.ABS700IFBW.', 'ABS  700 IFB WHITE', 114, 70, '28-02-2024', '1', 'first', 2, 6, '', NULL, NULL, 3, '28-02-2024', '05:49:56', NULL, NULL, NULL, NULL, NULL, NULL, NULL, NULL, NULL, '', NULL, 12, 'accept'),
(324, 0, 0, 0, 0, 'RM.ABSBHI121', 'ABS BLACK HI 121', 114, 25, '28-02-2024', '1', 'first', 2, 7, '', NULL, NULL, 3, '28-02-2024', '05:51:45', NULL, NULL, NULL, NULL, NULL, NULL, NULL, NULL, NULL, '', NULL, 12, 'accept'),
(325, 0, 0, 0, 0, 'RM.ABSFRVH0815NL.', 'ABS FR VH 0815 NATURAL  LOTTE', 114, 50, '28-02-2024', '1', 'first', 2, 8, '', NULL, NULL, 3, '28-02-2024', '05:57:16', NULL, NULL, NULL, NULL, NULL, NULL, NULL, NULL, NULL, '', NULL, 12, 'accept'),
(326, 0, 0, 0, 0, 'RM.PCB143R2407LC.', 'PC BLACK 143R2407LC', 114, 50, '29-02-2024', '1', 'first', 2, 9, '', NULL, NULL, 3, '29-02-2024', '12:52:00', NULL, NULL, NULL, NULL, NULL, NULL, NULL, NULL, NULL, '', NULL, 12, 'accept'),
(327, 0, 0, 0, 0, 'RM.PMMA.A.', 'PMMA AMBER', 114, 70, '29-02-2024', '1', 'first', 2, 10, '', NULL, NULL, 3, '29-02-2024', '12:53:56', NULL, NULL, NULL, NULL, NULL, NULL, NULL, NULL, NULL, '', NULL, 12, 'accept'),
(328, 0, 0, 0, 0, 'RM.PMMAC.', 'PMMA CLEAR', 114, 50, '29-02-2024', '1', 'first', 2, 11, '', NULL, NULL, 3, '29-02-2024', '12:55:37', NULL, NULL, NULL, NULL, NULL, NULL, NULL, NULL, NULL, '', NULL, 12, 'accept'),
(329, 0, 0, 0, 0, 'RM,PMMA876GRGSFC.', 'PMMA GR 876G Red of GSFC', 114, 50, '29-02-2024', '1', 'first', 2, 12, '', NULL, NULL, 3, '29-02-2024', '12:56:39', NULL, NULL, NULL, NULL, NULL, NULL, NULL, NULL, NULL, '', NULL, 12, 'accept'),
(330, 0, 0, 0, 0, 'RM-POM ', 'DURACON M90 -44 NAT.', 114, 50, '29-02-2024', '1', 'first', 2, 13, '', NULL, NULL, 3, '29-02-2024', '12:58:36', NULL, NULL, NULL, NULL, NULL, NULL, NULL, NULL, NULL, '', NULL, 12, 'accept'),
(331, 0, 0, 0, 0, 'RM.MI45ABST.', 'MI 45ABS TRANSPARENT', 114, 50, '29-02-2024', '1', 'first', 2, 14, '', NULL, NULL, 3, '29-02-2024', '01:00:29', NULL, NULL, NULL, NULL, NULL, NULL, NULL, NULL, NULL, '', NULL, 12, 'accept'),
(332, 0, 0, 0, 0, 'RM.PCABSFR3010BFR301.', 'PC ABS FR 3010 BAYBLEND FR 301', 114, 50, '29-02-2024', '1', 'first', 2, 15, '', NULL, NULL, 3, '29-02-2024', '01:02:20', NULL, NULL, NULL, NULL, NULL, NULL, NULL, NULL, NULL, '', NULL, 12, 'accept'),
(333, 0, 0, 0, 0, 'RM.PCB143R701.', 'PC BLACK 143R701', 114, 50, '29-02-2024', '1', 'first', 2, 16, '', NULL, NULL, 3, '29-02-2024', '01:04:45', NULL, NULL, NULL, NULL, NULL, NULL, NULL, NULL, NULL, '', NULL, 12, 'accept'),
(334, 0, 0, 0, 0, 'RM.PC-CLEAR', 'PC CLEAR', 114, 50, '29-02-2024', '1', 'first', 2, 17, '', NULL, NULL, 3, '29-02-2024', '01:07:32', NULL, NULL, NULL, NULL, NULL, NULL, NULL, NULL, NULL, '', NULL, 12, 'accept'),
(335, 0, 0, 0, 0, 'RM.PC2407010035W.', 'POLYCARBONATE 2407 010035 WHITE', 114, 50, '29-02-2024', '1', 'first', 2, 18, '', NULL, NULL, 3, '29-02-2024', '01:08:56', NULL, NULL, NULL, NULL, NULL, NULL, NULL, NULL, NULL, '', NULL, 12, 'accept'),
(336, 0, 0, 0, 0, 'RM.PC2405010035W.', 'POLYCARBONATE 2405  021630 DIFFUSER GRADE', 114, 50, '29-02-2024', '1', 'first', 2, 19, '', NULL, NULL, 3, '29-02-2024', '01:10:26', NULL, NULL, NULL, NULL, NULL, NULL, NULL, NULL, NULL, '', NULL, 12, 'accept'),
(337, 0, 0, 0, 0, 'RM.Ny6Gf3HN.', 'Ny6 Gf 30 % Natural', 114, 70, '29-02-2024', '1', 'first', 2, 20, '', NULL, NULL, 3, '29-02-2024', '01:11:47', NULL, NULL, NULL, NULL, NULL, NULL, NULL, NULL, NULL, '', NULL, 12, 'accept'),
(338, 0, 0, 0, 0, 'RM.NYLON6-30%GFBLTECHNYLEC218LV.35', 'NYLON6-30%GF BL TECHNYLE C218L V', 114, 60, '29-02-2024', '1', 'first', 2, 21, '', NULL, NULL, 3, '29-02-2024', '01:15:09', NULL, NULL, NULL, NULL, NULL, NULL, NULL, NULL, NULL, '', NULL, 12, 'accept'),
(339, 0, 0, 0, 0, 'RM.NYLON6PLAINB.', 'NYLON 6 PLAIN BLACK', 114, 50, '29-02-2024', '1', 'first', 2, 23, '', NULL, NULL, 3, '29-02-2024', '01:17:38', NULL, NULL, NULL, NULL, NULL, NULL, NULL, NULL, NULL, '', NULL, 12, 'accept'),
(340, 0, 0, 0, 0, 'RM.NYLON66PLAINN.', 'NYLON 66 PLAIN  BLACK ', 114, 50, '29-02-2024', '1', 'first', 2, 24, '', NULL, NULL, 3, '29-02-2024', '01:19:05', NULL, NULL, NULL, NULL, NULL, NULL, NULL, NULL, NULL, '', NULL, 12, 'accept'),
(341, 0, 0, 0, 0, 'RM.TPE30SHAB.', 'TPE 30 SHORE A COLOUR BLACK', 114, 50, '29-02-2024', '1', 'first', 2, 25, '', NULL, NULL, 3, '29-02-2024', '01:20:52', NULL, NULL, NULL, NULL, NULL, NULL, NULL, NULL, NULL, '', NULL, 12, 'accept'),
(342, 0, 0, 0, 0, 'RM.TPE45-50SHAS.', 'TPE 45/50 SHORE A HARDNESS COLOUR BLACK', 114, 60, '29-02-2024', '1', 'first', 2, 26, '', NULL, NULL, 3, '29-02-2024', '01:23:52', NULL, NULL, NULL, NULL, NULL, NULL, NULL, NULL, NULL, '', NULL, 12, 'accept'),
(343, 0, 0, 0, 0, 'RM PC ABS ', 'PC ABS -GN5007FM-PCABS LUPOY BLACK', 114, 50, '29-02-2024', '1', 'first', 2, 27, '', NULL, NULL, 3, '29-02-2024', '01:25:19', NULL, NULL, NULL, NULL, NULL, NULL, NULL, NULL, NULL, '', NULL, 12, 'accept'),
(344, 0, 0, 0, 0, 'RM.NGC3010BNYLON630GF.', 'NGC 3001 NATURAL (NYLON 6 30 % GF )', 114, 50, '29-02-2024', '1', 'first', 2, 28, '', NULL, NULL, 3, '29-02-2024', '01:27:28', NULL, NULL, NULL, NULL, NULL, NULL, NULL, NULL, NULL, '', NULL, 12, 'accept'),
(345, 0, 0, 0, 0, 'MB.B04002.', 'Master Batch Blue 04002', 114, 45, '29-02-2024', '1', 'first', 8, 29, '', NULL, NULL, 3, '29-02-2024', '01:29:23', NULL, NULL, NULL, NULL, NULL, NULL, NULL, NULL, NULL, '', NULL, 12, 'accept'),
(346, 0, 0, 0, 0, 'MB.W04061.', 'MASTER BATCH WHITE 04061', 114, 50, '29-02-2024', '1', 'first', 2, 31, '', NULL, NULL, 3, '29-02-2024', '01:30:55', NULL, NULL, NULL, NULL, NULL, NULL, NULL, NULL, NULL, '', NULL, 12, 'accept'),
(347, 0, 0, 0, 0, 'MB.B04232REYNOLDB.', 'Master Batch BLUE 04232 mb reynold blue', 114, 50, '29-02-2024', '1', 'first', 2, 32, '', NULL, NULL, 3, '29-02-2024', '01:32:18', NULL, NULL, NULL, NULL, NULL, NULL, NULL, NULL, NULL, '', NULL, 12, 'accept'),
(348, 0, 0, 0, 0, 'MB.PCB.', 'MASTER BATCH PC BLACK', 114, 45, '29-02-2024', '1', 'first', 2, 33, '', NULL, NULL, 3, '29-02-2024', '01:33:35', NULL, NULL, NULL, NULL, NULL, NULL, NULL, NULL, NULL, '', NULL, 12, 'accept'),
(349, 0, 0, 0, 0, 'MB.UB.', 'MASTER BATCH UNIVERSAL BLACK', 114, 45, '29-02-2024', '1', 'first', 2, 34, '', NULL, NULL, 3, '29-02-2024', '01:36:38', NULL, NULL, NULL, NULL, NULL, NULL, NULL, NULL, NULL, '', NULL, 12, 'accept'),
(350, 0, 0, 0, 0, 'MB.VBB9012L.', 'MB BLUE VB BLUE 9012 L', 114, 50, '29-02-2024', '1', 'first', 2, 35, '', NULL, NULL, 3, '29-02-2024', '01:37:52', NULL, NULL, NULL, NULL, NULL, NULL, NULL, NULL, NULL, '', NULL, 12, 'accept'),
(351, 0, 0, 0, 0, 'MB.UB240.', 'MB UTILITY BLUE 240', 114, 50, '29-02-2024', '1', 'first', 2, 36, '', NULL, NULL, 3, '29-02-2024', '01:39:04', NULL, NULL, NULL, NULL, NULL, NULL, NULL, NULL, NULL, '', NULL, 12, 'accept'),
(352, 0, 0, 0, 0, 'MB.PCABSBPC.', 'MBPCABS BLUMASTER BATCH FOR PC', 114, 40, '29-02-2024', '1', 'first', 2, 37, '', NULL, NULL, 3, '29-02-2024', '01:40:53', NULL, NULL, NULL, NULL, NULL, NULL, NULL, NULL, NULL, '', NULL, 12, 'accept'),
(353, 0, 0, 0, 0, 'BOX.560X300X300-5P.', 'FLI END BOX 560X300X300 5 PLY', 114, 50, '29-02-2024', '1', 'first', 1, 39, '', NULL, NULL, 3, '29-02-2024', '01:44:40', NULL, NULL, NULL, NULL, NULL, NULL, NULL, NULL, NULL, '', NULL, 12, 'accept'),
(354, 0, 0, 0, 0, 'BOX.750X400X400-5P.', 'RENTO BOX 750X 400X400 5 PLY', 114, 50, '29-02-2024', '1', 'first', 1, 40, '', NULL, NULL, 3, '29-02-2024', '01:45:49', NULL, NULL, NULL, NULL, NULL, NULL, NULL, NULL, NULL, '', NULL, 12, 'accept'),
(355, 0, 0, 0, 0, 'BOX.345X280X280.', 'J.G. BOX 345X280X280', 114, 50, '29-02-2024', '1', 'first', 1, 42, '', NULL, NULL, 3, '29-02-2024', '01:47:02', NULL, NULL, NULL, NULL, NULL, NULL, NULL, NULL, NULL, '', NULL, 12, 'accept'),
(356, 0, 0, 0, 0, 'BOX.630X560X300MM-5PGO.', 'ECO DOOR BOX 630 X  560 X 300  MM 5 PLY  GO', 114, 50, '29-02-2024', '1', 'first', 1, 43, '', NULL, NULL, 3, '29-02-2024', '01:48:33', NULL, NULL, NULL, NULL, NULL, NULL, NULL, NULL, NULL, '', NULL, 12, 'accept'),
(357, 0, 0, 0, 0, 'VAIPER BOX ', '640 X 570 X 370 5 PLY BOX GOLDEN', 114, 45, '29-02-2024', '1', 'first', 1, 76, '', NULL, NULL, 3, '29-02-2024', '01:49:41', NULL, NULL, NULL, NULL, NULL, NULL, NULL, NULL, NULL, '', NULL, 12, 'accept'),
(358, 0, 0, 0, 0, 'BRASS INSERT VAIPER ', '6 M X 15 MM BRASS INSERT', 114, 50, '29-02-2024', '1', 'first', 1, 77, '', NULL, NULL, 3, '29-02-2024', '01:52:54', NULL, NULL, NULL, NULL, NULL, NULL, NULL, NULL, NULL, '', NULL, 12, 'accept'),
(359, 0, 0, 0, 0, 'SP-01', 'High Performance Multipurpose Non Silicon Spray', 114, 50, '29-02-2024', '1', 'first', 1, 78, '', NULL, NULL, 3, '29-02-2024', '01:53:58', NULL, NULL, NULL, NULL, NULL, NULL, NULL, NULL, NULL, '', NULL, 12, 'accept'),
(360, 0, 0, 0, 0, 'PP-asp', 'Display', 114, 50, '29-02-2024', '1', 'first', 8, 191, '', NULL, NULL, 3, '29-02-2024', '01:55:33', NULL, NULL, NULL, NULL, NULL, NULL, NULL, NULL, NULL, '', NULL, 12, 'accept'),
(361, 0, 0, 0, 0, 'PO-45', 'asd', 114, 50, '29-02-2024', '1', 'first', 8, 190, '', NULL, NULL, 3, '29-02-2024', '01:57:30', NULL, NULL, NULL, NULL, NULL, NULL, NULL, NULL, NULL, '', NULL, 12, 'accept'),
(362, 0, 0, 0, 0, 'RM-123', 'heavy', 114, 50, '29-02-2024', '1', 'first', 8, 189, '', NULL, NULL, 3, '29-02-2024', '01:59:04', NULL, NULL, NULL, NULL, NULL, NULL, NULL, NULL, NULL, '', NULL, 12, 'accept'),
(363, 0, 0, 0, 0, 'XYZ', '12-abs', 114, 50, '29-02-2024', '1', 'first', 8, 188, '', NULL, NULL, 3, '29-02-2024', '02:00:09', NULL, NULL, NULL, NULL, NULL, NULL, NULL, NULL, NULL, '', NULL, 12, 'accept'),
(364, 0, 0, 0, 0, 'UVW', '4342-sap', 114, 50, '29-02-2024', '1', 'first', 8, 187, '', NULL, NULL, 3, '29-02-2024', '02:01:41', NULL, NULL, NULL, NULL, NULL, NULL, NULL, NULL, NULL, '', NULL, 12, 'accept'),
(365, 0, 0, 0, 0, 'STU', '123-ab', 114, 50, '29-02-2024', '1', 'first', 8, 186, '', NULL, NULL, 3, '29-02-2024', '02:02:43', NULL, NULL, NULL, NULL, NULL, NULL, NULL, NULL, NULL, '', NULL, 12, 'accept'),
(366, 0, 0, 0, 0, 'RST', '12-a1', 114, 50, '29-02-2024', '1', 'first', 8, 185, '', NULL, NULL, 3, '29-02-2024', '02:03:51', NULL, NULL, NULL, NULL, NULL, NULL, NULL, NULL, NULL, '', NULL, 12, 'accept'),
(367, 0, 0, 0, 0, 'GD-2', 'screw', 114, 50, '29-02-2024', '1', 'first', 3, 150, '', NULL, NULL, 3, '29-02-2024', '02:04:50', NULL, NULL, NULL, NULL, NULL, NULL, NULL, NULL, NULL, '', NULL, 12, 'accept'),
(368, 0, 0, 0, 0, 'MNO', 'Tyer', 114, 500, '29-02-2024', '1', 'first', 8, 183, '', NULL, NULL, 3, '29-02-2024', '03:03:40', NULL, NULL, NULL, NULL, NULL, NULL, NULL, NULL, NULL, '', NULL, 12, 'accept'),
(369, 0, 0, 0, 0, 'PLASTO pipe', 'TOUGH', 115, 200, '02-03-2024', '1', 'first', 8, 192, '', NULL, NULL, 3, '02-03-2024', '03:58:21', NULL, NULL, NULL, NULL, NULL, NULL, NULL, NULL, NULL, '', NULL, 12, 'accept'),
(370, 0, 0, 0, 0, 'CMP-1234', 'Cover plate', 116, 14.35, '08-03-2024', '1', 'first', 3, 193, '', NULL, NULL, 3, '08-03-2024', '01:10:31', NULL, NULL, NULL, NULL, NULL, NULL, NULL, NULL, NULL, '', NULL, 12, 'accept'),
(371, 0, 0, 0, 0, 'PP H110MA', 'PP H110MA', 117, 100.68, '19-03-2024', '1', 'first', 8, 195, '', NULL, NULL, 3, '19-03-2024', '03:07:01', NULL, NULL, NULL, NULL, NULL, NULL, NULL, NULL, NULL, '', NULL, 1, 'accept'),
(372, 0, 0, 0, 0, 'RM-TPE-Kraiburg', 'Kraiburg TPE grade(TC7PAZ)', 118, 1214, '23-03-2024', '1', 'first', 2, 196, '', NULL, NULL, 3, '23-03-2024', '04:20:21', NULL, NULL, NULL, NULL, NULL, NULL, NULL, NULL, NULL, '', NULL, 2, 'accept'),
(373, 0, 0, 0, 0, 'ap', 'abf', 118, 50, '03-04-2024', '1', 'first', 1, 197, '', NULL, NULL, 3, '03-04-2024', '04:19:28', NULL, NULL, NULL, NULL, NULL, NULL, NULL, NULL, NULL, '', NULL, 11, 'accept'),
(374, 0, 0, 0, 0, 'Ap1-16', 'grommet', 119, 1.35, '19-04-2024', '1', 'first', 8, 201, '', NULL, NULL, 3, '19-04-2024', '04:17:02', NULL, NULL, NULL, NULL, NULL, NULL, NULL, NULL, NULL, '', NULL, 7, 'accept'),
(375, 0, 0, 0, 0, 'Ap2-22', 'grill', 119, 1.3, '19-04-2024', '1', 'first', 8, 202, '', NULL, NULL, 3, '19-04-2024', '04:17:57', NULL, NULL, NULL, NULL, NULL, NULL, NULL, NULL, NULL, '', NULL, 7, 'accept'),
(376, 0, 0, 0, 0, 'CD-1', 'DC20', 120, 1.1, '20-04-2024', '1', 'first', 1, 203, '', NULL, NULL, 3, '20-04-2024', '12:23:13', NULL, NULL, NULL, NULL, NULL, NULL, NULL, NULL, NULL, '', NULL, 7, 'accept'),
(377, 0, 0, 0, 0, 'CD-2', 'DC-50', 120, 2.2, '20-04-2024', '1', 'first', 1, 204, '', NULL, NULL, 3, '20-04-2024', '12:23:48', NULL, NULL, NULL, NULL, NULL, NULL, NULL, NULL, NULL, '', NULL, 7, 'accept'),
(378, 0, 0, 0, 0, 'CMP-1234', 'Cover plate', 116, 15, '2024-04-22', '2', 'NEW RELEASE', 3, 193, '', NULL, NULL, 3, '22-04-2024', '03:51:19', NULL, NULL, NULL, NULL, NULL, NULL, NULL, NULL, NULL, '', NULL, 12, 'no'),
(379, 0, 0, 0, 0, 'VM-b12345', 'brinkler', 121, 1.15, '24-04-2024', '1', 'first', 1, 210, '', NULL, NULL, 3, '24-04-2024', '02:32:59', NULL, NULL, NULL, NULL, NULL, NULL, NULL, NULL, NULL, '', NULL, 1, 'accept'),
(380, 0, 0, 0, 0, 'VM2-b21234', 'bracket', 121, 2.52, '24-04-2024', '1', 'first', 1, 211, '', NULL, NULL, 3, '24-04-2024', '02:33:48', NULL, NULL, NULL, NULL, NULL, NULL, NULL, NULL, NULL, '', NULL, 7, 'accept'),
(381, 0, 0, 0, 0, 'abcd-12', 'grommet', 121, 10.5, '27-04-2024', '1', 'first', 1, 212, '', NULL, NULL, 3, '27-04-2024', '11:08:47', NULL, NULL, NULL, NULL, NULL, NULL, NULL, NULL, NULL, '', NULL, 1, 'accept'),
(382, 0, 0, 0, 0, 'RM.PP H 110 MA ', 'abc', 121, 22, '28-04-2024', '1', 'New part defined', 2, 2, '', NULL, NULL, 3, '28-04-2024', '10:40:38', NULL, NULL, NULL, NULL, NULL, NULL, NULL, NULL, NULL, '', NULL, 1, 'accept'),
(383, 0, 0, 0, 0, 'VM2-b21234', 'bracket', 121, 3, '2024-05-11', '2', 'second', 1, 211, '', NULL, NULL, 3, '11-05-2024', '03:07:20', NULL, NULL, NULL, NULL, NULL, NULL, NULL, NULL, NULL, '', NULL, 7, 'accept'),
(384, 0, 0, 0, 0, 'EN 21', 'storage', 111, 1520, '2024-05-14', '2', 'NEW', 4, 139, '', NULL, NULL, 3, '14-05-2024', '03:35:43', NULL, NULL, NULL, NULL, NULL, NULL, NULL, NULL, NULL, '', NULL, 12, 'accept'),
(385, 0, 0, 0, 0, 'Ac-01', 'COL', 99, 460, '2024-05-15', '2', 'new', 8, 143, '', NULL, NULL, 3, '15-05-2024', '03:50:54', NULL, NULL, NULL, NULL, NULL, NULL, NULL, NULL, NULL, '', NULL, 12, 'accept'),
(386, 0, 0, 0, 0, 'D8MS-24404', 'TOP TETHER WIRE	', 122, 1.91, '20-05-2024', '1', 'first', 1, 213, '', NULL, NULL, 3, '20-05-2024', '12:07:51', NULL, NULL, NULL, NULL, NULL, NULL, NULL, NULL, NULL, '', NULL, 3, 'accept'),
(387, 0, 0, 0, 0, 'D8MS-24404CED', 'TOP TETHER WIRE	', 122, 2, '20-05-2024', '1', 'first', 1, 214, '', NULL, NULL, 3, '20-05-2024', '12:09:18', NULL, NULL, NULL, NULL, NULL, NULL, NULL, NULL, NULL, '', NULL, 7, 'accept'),
(388, 0, 0, 0, 0, 'PN01', 'PD1', 123, 13, '27-05-2024', '1', 'New Part', 1, 215, '', NULL, NULL, 3, '27-05-2024', '11:36:46', NULL, NULL, NULL, NULL, NULL, NULL, NULL, NULL, NULL, '', NULL, 1, 'accept'),
(389, 0, 0, 0, 0, 'PN01', 'PD1', 123, 13.99, '2024-05-27', '2', 'Changing price', 1, 215, '', NULL, NULL, 3, '27-05-2024', '11:49:49', NULL, NULL, NULL, NULL, NULL, NULL, NULL, NULL, NULL, '', NULL, 1, 'accept');

-- --------------------------------------------------------

--
-- Table structure for table `child_part_stock`
--

CREATE TABLE `child_part_stock` (
  `childPartStockId` int NOT NULL,
  `childPartId` int NOT NULL COMMENT 'Reference to Child_Part ID',
  `clientId` int NOT NULL,
  `stock` decimal(15,2) NOT NULL,
  `safty_buffer_stk` varchar(255) DEFAULT NULL,
  `onhold_stock` decimal(15,2) NOT NULL,
  `production_qty` decimal(15,2) NOT NULL,
  `rejection_prodcution_qty` decimal(15,2) NOT NULL,
  `sub_con_stock` decimal(15,2) DEFAULT NULL,
  `rejection_stock` decimal(15,2) DEFAULT NULL,
  `sharing_qty` decimal(15,2) NOT NULL DEFAULT '0.00',
  `machine_mold_issue_stock` decimal(15,2) NOT NULL DEFAULT '0.00',
  `production_scrap` int NOT NULL DEFAULT '0',
  `production_rejection` int NOT NULL DEFAULT '0',
  `deflashing_stock` decimal(15,2) NOT NULL,
  `created_id` int NOT NULL,
  `date` varchar(255) NOT NULL,
  `time` varchar(255) NOT NULL,
  `timestamp` timestamp NOT NULL DEFAULT CURRENT_TIMESTAMP ON UPDATE CURRENT_TIMESTAMP
) ENGINE=InnoDB DEFAULT CHARSET=latin1;

--
-- Dumping data for table `child_part_stock`
--

INSERT INTO `child_part_stock` (`childPartStockId`, `childPartId`, `clientId`, `stock`, `safty_buffer_stk`, `onhold_stock`, `production_qty`, `rejection_prodcution_qty`, `sub_con_stock`, `rejection_stock`, `sharing_qty`, `machine_mold_issue_stock`, `production_scrap`, `production_rejection`, `deflashing_stock`, `created_id`, `date`, `time`) VALUES
(1, 1, 1, '115.00', '457', '0.00', '0.00', '0.00', '64.22', '0.00', '10.00', '0.00', 0, 0, '0.00', 3, '12/11/2022', '3:19:05'),
(2, 2, 1, '104.00', '200', '0.00', '0.00', '0.00', '14.00', '0.00', '0.00', '5.00', 0, 0, '0.00', 3, '12/11/2022', '3:19:05'),
(3, 3, 1, '797.22', '56', '0.00', '0.00', '0.00', '0.00', '0.00', '0.00', '0.00', 0, 0, '0.00', 3, '12/11/2022', '3:19:05'),
(4, 4, 1, '0.00', '200', '0.00', '0.00', '0.00', '0.00', '0.00', '0.00', '0.00', 0, 0, '0.00', 3, '12/11/2022', '3:19:05'),
(5, 5, 1, '2122.00', '200', '0.00', '0.00', '0.00', '0.00', '0.00', '0.00', '0.00', 0, 0, '0.00', 3, '12/11/2022', '3:19:05'),
(6, 6, 1, '1000.00', '200', '0.00', '0.00', '0.00', '0.00', '0.00', '0.00', '0.00', 0, 0, '0.00', 3, '12/11/2022', '3:19:05'),
(7, 7, 1, '3025.00', '2000', '0.00', '0.00', '0.00', '0.00', '0.00', '0.00', '0.00', 0, 0, '0.00', 3, '12/11/2022', '3:19:05'),
(8, 8, 1, '0.00', '200', '0.00', '0.00', '0.00', '0.00', '0.00', '0.00', '0.00', 0, 0, '0.00', 3, '12/11/2022', '3:19:05'),
(9, 9, 1, '1650.00', '2000', '0.00', '0.00', '0.00', '0.00', '0.00', '0.00', '0.00', 0, 0, '0.00', 3, '12/11/2022', '3:19:05'),
(10, 10, 1, '350.00', '2000', '0.00', '0.00', '0.00', '0.00', '0.00', '0.00', '40.00', 0, 0, '0.00', 3, '12/11/2022', '3:19:05'),
(11, 11, 1, '1425.00', '2000', '0.00', '0.00', '0.00', '0.00', '0.00', '0.00', '19.00', 0, 0, '0.00', 3, '12/11/2022', '3:19:05'),
(12, 12, 1, '400.00', '2000', '0.00', '0.00', '0.00', '0.00', '0.00', '0.00', '91.00', 0, 0, '0.00', 3, '12/11/2022', '3:19:05'),
(13, 13, 1, '350.00', '200', '0.00', '0.00', '0.00', '0.00', '0.00', '0.00', '0.00', 0, 0, '0.00', 3, '12/11/2022', '3:19:05'),
(14, 14, 1, '0.00', '200', '0.00', '0.00', '0.00', '0.00', '0.00', '0.00', '0.00', 0, 0, '0.00', 3, '12/11/2022', '3:19:05'),
(15, 15, 1, '525.00', NULL, '0.00', '0.00', '0.00', '0.00', '0.00', '0.00', '0.00', 0, 0, '0.00', 3, '12/11/2022', '3:19:05'),
(16, 16, 1, '750.00', '2000', '0.00', '0.00', '0.00', '0.00', '0.00', '0.00', '0.00', 0, 0, '0.00', 3, '12/11/2022', '3:19:05'),
(17, 17, 1, '3550.00', '2000', '0.00', '0.00', '0.00', '0.00', '0.00', '0.00', '0.00', 0, 0, '0.00', 3, '12/11/2022', '3:19:05'),
(18, 18, 1, '300.00', NULL, '0.00', '0.00', '0.00', '0.00', '0.00', '0.00', '0.00', 0, 0, '0.00', 3, '12/11/2022', '3:19:05'),
(19, 19, 1, '0.00', '200', '0.00', '0.00', '0.00', '0.00', '0.00', '0.00', '0.00', 0, 0, '0.00', 3, '12/11/2022', '3:19:05'),
(20, 20, 1, '0.00', '200', '0.00', '0.00', '0.00', '0.00', '0.00', '0.00', '0.00', 0, 0, '0.00', 3, '12/11/2022', '3:19:05'),
(21, 21, 1, '100.00', '200', '0.00', '0.00', '0.00', '0.00', '0.00', '0.00', '0.00', 0, 0, '0.00', 3, '12/11/2022', '3:19:05'),
(22, 23, 1, '50.00', '200', '0.00', '0.00', '0.00', '0.00', '0.00', '0.00', '0.00', 0, 0, '0.00', 3, '12/11/2022', '3:19:05'),
(23, 24, 1, '0.00', NULL, '0.00', '0.00', '0.00', '0.00', '0.00', '0.00', '0.00', 0, 0, '0.00', 3, '12/11/2022', '3:19:05'),
(24, 25, 1, '315.00', '200', '0.00', '0.00', '0.00', '0.00', '0.00', '0.00', '7.00', 0, 0, '0.00', 3, '12/11/2022', '3:19:05'),
(25, 26, 1, '353.00', '200', '0.00', '0.00', '0.00', '0.00', '0.00', '0.00', '37.61', 0, 0, '0.00', 3, '12/11/2022', '3:19:05'),
(26, 27, 1, '0.00', NULL, '0.00', '0.00', '0.00', '0.00', '0.00', '0.00', '0.00', 0, 0, '0.00', 3, '12/11/2022', '3:19:05'),
(27, 28, 1, '1500.00', '200', '0.00', '0.00', '0.00', '0.00', '0.00', '0.00', '0.00', 0, 0, '0.00', 3, '12/11/2022', '3:19:05'),
(28, 29, 1, '0.00', '', '0.00', '0.00', '0.00', '0.00', '0.00', '0.00', '0.00', 0, 0, '0.00', 3, '12/11/2022', '3:19:05'),
(29, 31, 1, '0.00', '', '0.00', '0.00', '0.00', '0.00', '0.00', '0.00', '0.00', 0, 0, '0.00', 3, '12/11/2022', '3:19:05'),
(30, 32, 1, '2.70', '', '0.00', '0.00', '0.00', '0.00', '0.00', '0.00', '0.00', 0, 0, '0.00', 3, '12/11/2022', '3:19:05'),
(31, 33, 1, '21.00', '50', '0.00', '0.00', '0.00', '0.00', '0.00', '0.00', '0.00', 0, 0, '0.00', 3, '12/11/2022', '3:19:05'),
(32, 34, 1, '50.00', NULL, '0.00', '0.00', '0.00', '0.00', '0.00', '0.00', '0.00', 0, 0, '0.00', 3, '12/11/2022', '3:19:05'),
(33, 35, 1, '0.00', '', '0.00', '0.00', '0.00', '0.00', '0.00', '0.00', '0.00', 0, 0, '0.00', 3, '12/11/2022', '3:19:05'),
(34, 36, 1, '0.00', '', '0.00', '0.00', '0.00', '0.00', '0.00', '0.00', '0.00', 0, 0, '0.00', 3, '12/11/2022', '3:19:05'),
(35, 37, 1, '0.00', '', '0.00', '0.00', '0.00', '0.00', '0.00', '0.00', '0.00', 0, 0, '0.00', 3, '12/11/2022', '3:19:05'),
(36, 38, 1, '3.00', '', '0.00', '0.00', '0.00', '0.00', '0.00', '0.00', '0.00', 0, 0, '0.00', 3, '12/11/2022', '3:19:05'),
(37, 39, 1, '80.00', '', '0.00', '0.00', '0.00', '0.00', '0.00', '0.00', '0.00', 0, 0, '0.00', 3, '12/11/2022', '3:19:05'),
(38, 40, 1, '907.00', '', '0.00', '0.00', '0.00', '0.00', '0.00', '0.00', '0.00', 0, 0, '0.00', 3, '12/11/2022', '3:19:05'),
(39, 42, 1, '90.00', '', '0.00', '0.00', '0.00', '0.00', '0.00', '0.00', '0.00', 0, 0, '0.00', 3, '12/11/2022', '3:19:05'),
(40, 43, 1, '70.00', '', '0.00', '0.00', '0.00', '0.00', '0.00', '0.00', '0.00', 0, 0, '0.00', 3, '12/11/2022', '3:19:05'),
(41, 44, 1, '1111.00', '', '0.00', '0.00', '0.00', '0.00', '0.00', '0.00', '0.00', 0, 0, '0.00', 3, '12/11/2022', '3:19:05'),
(42, 45, 1, '12087.00', NULL, '0.00', '0.00', '0.00', '0.00', '0.00', '0.00', '0.00', 0, 0, '0.00', 3, '12/11/2022', '3:19:05'),
(43, 46, 1, '1358.00', NULL, '0.00', '0.00', '0.00', '0.00', '0.00', '0.00', '0.00', 0, 0, '0.00', 3, '12/11/2022', '3:19:05'),
(44, 47, 1, '4200.00', '', '0.00', '0.00', '0.00', '0.00', '0.00', '0.00', '0.00', 0, 0, '0.00', 3, '12/11/2022', '3:19:05'),
(45, 48, 1, '0.00', '', '0.00', '0.00', '0.00', '0.00', '0.00', '0.00', '0.00', 0, 0, '0.00', 3, '12/11/2022', '3:19:05'),
(46, 49, 1, '305.00', NULL, '0.00', '0.00', '0.00', '0.00', '0.00', '0.00', '0.00', 0, 0, '0.00', 3, '12/11/2022', '3:19:05'),
(47, 50, 1, '219.00', NULL, '0.00', '0.00', '0.00', '0.00', '0.00', '0.00', '9.00', 0, 0, '0.00', 3, '12/11/2022', '3:19:05'),
(48, 51, 1, '150.00', '', '0.00', '0.00', '0.00', '0.00', '0.00', '0.00', '0.00', 0, 0, '0.00', 3, '12/11/2022', '3:19:05'),
(49, 52, 1, '79.00', '', '0.00', '0.00', '0.00', '0.00', '0.00', '0.00', '0.00', 0, 0, '0.00', 3, '12/11/2022', '3:19:05'),
(50, 53, 1, '100.00', NULL, '0.00', '0.00', '0.00', '0.00', '0.00', '0.00', '0.00', 0, 0, '0.00', 3, '12/11/2022', '3:19:05'),
(51, 54, 1, '0.00', '5000', '0.00', '0.00', '0.00', '0.00', '0.00', '0.00', '0.00', 0, 0, '0.00', 3, '12/11/2022', '3:19:05'),
(52, 55, 1, '0.00', '', '0.00', '0.00', '0.00', '0.00', '0.00', '0.00', '0.00', 0, 0, '0.00', 3, '12/11/2022', '3:19:05'),
(53, 56, 1, '0.00', '', '0.00', '0.00', '0.00', '0.00', '0.00', '0.00', '0.00', 0, 0, '0.00', 3, '12/11/2022', '3:19:05'),
(54, 57, 1, '50000.00', '10000', '0.00', '0.00', '0.00', '0.00', '0.00', '0.00', '0.00', 0, 0, '0.00', 3, '12/11/2022', '3:19:05'),
(55, 58, 1, '0.00', '', '0.00', '0.00', '0.00', '0.00', '0.00', '0.00', '0.00', 0, 0, '0.00', 3, '12/11/2022', '3:19:05'),
(56, 59, 1, '97960.00', NULL, '0.00', '0.00', '0.00', '0.00', '0.00', '0.00', '0.00', 0, 0, '0.00', 3, '12/11/2022', '3:19:05'),
(57, 60, 1, '0.00', '', '0.00', '0.00', '0.00', '0.00', '0.00', '0.00', '0.00', 0, 0, '0.00', 3, '12/11/2022', '3:19:05'),
(58, 61, 1, '0.00', '', '0.00', '0.00', '0.00', '0.00', '0.00', '0.00', '0.00', 0, 0, '0.00', 3, '12/11/2022', '3:19:05'),
(59, 64, 1, '0.00', '', '0.00', '0.00', '0.00', '0.00', '0.00', '0.00', '0.00', 0, 0, '0.00', 3, '12/11/2022', '3:19:05'),
(60, 65, 1, '0.00', '', '0.00', '0.00', '0.00', '0.00', '0.00', '0.00', '0.00', 0, 0, '0.00', 3, '12/11/2022', '3:19:05'),
(61, 66, 1, '4000.00', '5000', '0.00', '0.00', '0.00', '0.00', '0.00', '0.00', '0.00', 0, 0, '0.00', 3, '12/11/2022', '3:19:05'),
(62, 67, 1, '1000.00', '', '0.00', '0.00', '0.00', '0.00', '0.00', '0.00', '0.00', 0, 0, '0.00', 3, '12/11/2022', '3:19:05'),
(63, 68, 1, '1000.00', '', '0.00', '0.00', '0.00', '0.00', '0.00', '0.00', '0.00', 0, 0, '0.00', 3, '12/11/2022', '3:19:05'),
(64, 69, 1, '1273.00', '', '0.00', '0.00', '0.00', '0.00', '0.00', '0.00', '0.00', 0, 0, '0.00', 3, '12/11/2022', '3:19:05'),
(65, 70, 1, '15000.00', '', '0.00', '0.00', '0.00', '0.00', '0.00', '0.00', '0.00', 0, 0, '0.00', 3, '12/11/2022', '3:19:05'),
(66, 71, 1, '9000.00', '6000', '0.00', '0.00', '0.00', '0.00', '0.00', '0.00', '0.00', 0, 0, '0.00', 3, '23-11-2022', '9:32:43'),
(67, 73, 1, '0.00', '1', '0.00', '0.00', '0.00', '0.00', '0.00', '0.00', '0.00', 0, 0, '0.00', 3, '26-12-2022', '3:29:15'),
(68, 74, 1, '0.00', '1', '0.00', '0.00', '0.00', '0.00', '0.00', '0.00', '0.00', 0, 0, '0.00', 3, '26-12-2022', '3:30:03'),
(69, 75, 1, '8936.00', NULL, '0.00', '0.00', '0.00', '0.00', '0.00', '0.00', '0.00', 0, 0, '0.00', 3, '4/1/2023', '6:59:58'),
(70, 76, 1, '100.00', '60', '0.00', '0.00', '0.00', '0.00', '0.00', '0.00', '0.00', 0, 0, '0.00', 3, '7/1/2023', '9:40:56'),
(71, 77, 1, '17000.00', NULL, '0.00', '0.00', '0.00', '0.00', '0.00', '0.00', '0.00', 0, 0, '0.00', 3, '7/1/2023', '9:53:39'),
(72, 78, 1, '197.00', '40', '0.00', '0.00', '0.00', '0.00', '0.00', '0.00', '0.00', 0, 0, '0.00', 3, '11/1/2023', '11:28:47'),
(73, 79, 1, '300.00', '2000', '0.00', '0.00', '0.00', '0.00', '0.00', '0.00', '0.00', 0, 0, '0.00', 3, '14-01-2023', '6:00:52'),
(74, 80, 1, '200.00', '10000', '0.00', '0.00', '0.00', '0.00', '0.00', '0.00', '0.00', 0, 0, '0.00', 3, '14-01-2023', '6:05:09'),
(75, 81, 1, '125.00', NULL, '0.00', '0.00', '0.00', '0.00', '0.00', '0.00', '0.00', 0, 0, '0.00', 3, '14-01-2023', '6:09:21'),
(76, 82, 1, '0.00', '25', '0.00', '0.00', '0.00', '0.00', '0.00', '0.00', '0.00', 0, 0, '0.00', 3, '15-01-2023', '10:49:27'),
(77, 83, 1, '0.00', '1', '0.00', '0.00', '0.00', '0.00', '0.00', '0.00', '0.00', 0, 0, '0.00', 3, '15-01-2023', '11:28:29'),
(78, 84, 1, '0.00', NULL, '0.00', '0.00', '0.00', '0.00', '0.00', '0.00', '0.00', 0, 0, '0.00', 3, '15-01-2023', '12:14:55'),
(79, 85, 1, '0.00', '200', '0.00', '0.00', '0.00', '0.00', '0.00', '0.00', '0.00', 0, 0, '0.00', 3, '15-01-2023', '12:48:53'),
(80, 86, 1, '100.00', '200', '0.00', '0.00', '0.00', '0.00', '0.00', '0.00', '0.00', 0, 0, '0.00', 3, '15-01-2023', '12:49:58'),
(81, 87, 1, '50.00', '50', '0.00', '0.00', '0.00', '0.00', '0.00', '0.00', '0.00', 0, 0, '0.00', 3, '15-01-2023', '2:06:01'),
(82, 88, 1, '32577.00', '10000', '0.00', '0.00', '0.00', '0.00', '0.00', '0.00', '0.00', 0, 0, '0.00', 3, '20-01-2023', '4:38:34'),
(83, 89, 1, '197.00', '50', '0.00', '0.00', '0.00', '0.00', '0.00', '0.00', '0.00', 0, 0, '0.00', 3, '28-01-2023', '12:15:41'),
(84, 90, 1, '0.00', '2000', '0.00', '0.00', '0.00', '0.00', '0.00', '0.00', '0.00', 0, 0, '0.00', 3, '28-01-2023', '12:20:41'),
(85, 91, 1, '0.00', '2000', '0.00', '0.00', '0.00', '0.00', '0.00', '0.00', '0.00', 0, 0, '0.00', 3, '28-01-2023', '12:23:26'),
(86, 92, 1, '10000.00', '2000', '0.00', '0.00', '0.00', '0.00', '0.00', '0.00', '0.00', 0, 0, '0.00', 3, '28-01-2023', '5:35:58'),
(87, 93, 1, '10000.00', '2000', '0.00', '0.00', '0.00', '0.00', '0.00', '0.00', '0.00', 0, 0, '0.00', 3, '28-01-2023', '5:37:00'),
(88, 94, 1, '392.00', '100', '0.00', '0.00', '0.00', '2.00', '0.00', '0.00', '0.00', 0, 0, '0.00', 3, '30-01-2023', '2:02:51'),
(89, 95, 1, '0.00', '10', '0.00', '0.00', '0.00', '0.00', '0.00', '0.00', '0.00', 0, 0, '0.00', 3, '30-01-2023', '2:08:11'),
(90, 96, 1, '25000.00', '5000', '0.00', '0.00', '0.00', '0.00', '0.00', '0.00', '0.00', 0, 0, '0.00', 3, '12/2/2023', '11:33:53'),
(91, 97, 1, '0.00', '2000', '0.00', '0.00', '0.00', '0.00', '0.00', '0.00', '0.00', 0, 0, '0.00', 3, '17-02-2023', '4:03:50'),
(92, 98, 1, '2.00', '500', '0.00', '0.00', '0.00', '0.00', '0.00', '0.00', '0.00', 0, 0, '0.00', 3, '3/3/2023', '3:10:04'),
(93, 99, 1, '1.00', '5', '0.00', '2.00', '0.00', '0.00', '0.00', '0.00', '0.00', 0, 0, '0.00', 3, '4/3/2023', '6:58:33'),
(94, 100, 1, '10000.00', '5000', '0.00', '0.00', '0.00', '0.00', '0.00', '0.00', '0.00', 0, 0, '0.00', 3, '4/3/2023', '7:18:30'),
(95, 101, 1, '205.00', '300', '0.00', '0.00', '0.00', '0.00', '0.00', '0.00', '0.00', 0, 0, '0.00', 3, '4/4/2023', '4:39:41'),
(96, 102, 1, '155.00', '300', '0.00', '0.00', '0.00', '0.00', '0.00', '0.00', '0.00', 0, 0, '0.00', 3, '4/4/2023', '4:48:46'),
(97, 103, 1, '10.00', '5', '0.00', '0.00', '0.00', NULL, NULL, '0.00', '0.00', 0, 0, '0.00', 3, '7/4/2023', '6:10:12'),
(98, 104, 1, '12.00', '5', '0.00', '0.00', '0.00', NULL, NULL, '0.00', '0.00', 0, 0, '0.00', 3, '7/4/2023', '6:22:01'),
(99, 105, 1, '0.00', '200', '0.00', '0.00', '0.00', NULL, NULL, '0.00', '0.00', 0, 0, '0.00', 3, '15-04-2023', '12:11:21'),
(100, 106, 1, '18.00', '2', '0.00', '0.00', '0.00', NULL, NULL, '2.00', '0.00', 0, 0, '0.00', 3, '5/5/2023', '11:25:34'),
(101, 107, 1, '208.00', '200', '0.00', '0.00', '0.00', NULL, NULL, '0.00', '0.00', 0, 0, '0.00', 3, '6/5/2023', '10:20:27'),
(102, 108, 1, '50.00', '25', '0.00', '0.00', '0.00', NULL, NULL, '0.00', '0.00', 0, 0, '0.00', 3, '14-05-2023', '2:29:48'),
(103, 109, 1, '50.00', '2000', '0.00', '0.00', '0.00', NULL, NULL, '0.00', '0.00', 0, 0, '0.00', 3, '10-09-2023', '09:58:25'),
(104, 110, 1, '25.00', '500', '0.00', '0.00', '0.00', NULL, NULL, '0.00', '0.00', 0, 0, '0.00', 3, '30-09-2023', '01:50:52'),
(105, 111, 1, '0.00', '300', '0.00', '0.00', '0.00', NULL, NULL, '0.00', '0.00', 0, 0, '0.00', 3, '30-09-2023', '03:20:08'),
(106, 112, 1, '50.00', '300', '0.00', '0.00', '0.00', NULL, NULL, '0.00', '0.00', 0, 0, '0.00', 3, '30-09-2023', '03:24:08'),
(107, 113, 1, '0.00', '300', '0.00', '0.00', '0.00', NULL, NULL, '0.00', '0.00', 0, 0, '0.00', 3, '04-10-2023', '07:00:22'),
(108, 114, 1, '0.00', '300', '0.00', '0.00', '0.00', NULL, NULL, '0.00', '0.00', 0, 0, '0.00', 3, '04-10-2023', '07:09:05'),
(109, 115, 1, '0.00', '300', '0.00', '0.00', '0.00', NULL, NULL, '0.00', '0.00', 0, 0, '0.00', 3, '20-10-2023', '03:25:58'),
(110, 116, 1, '0.00', '300', '0.00', '0.00', '0.00', NULL, NULL, '0.00', '0.00', 0, 0, '0.00', 3, '20-10-2023', '03:27:53'),
(111, 117, 1, '0.00', '1', '0.00', '0.00', '0.00', NULL, NULL, '0.00', '0.00', 0, 0, '0.00', 3, '20-10-2023', '04:18:55'),
(112, 118, 1, '600.00', '300', '0.00', '0.00', '0.00', NULL, NULL, '0.00', '0.00', 0, 0, '0.00', 3, '20-10-2023', '06:09:13'),
(113, 119, 1, '0.00', '200', '0.00', '0.00', '0.00', NULL, NULL, '0.00', '0.00', 0, 0, '0.00', 3, '20-10-2023', '06:35:35'),
(114, 120, 1, '0.00', '1', '0.00', '0.00', '0.00', NULL, NULL, '0.00', '0.00', 0, 0, '0.00', 3, '21-10-2023', '09:21:33'),
(115, 121, 1, '0.00', '1', '0.00', '0.00', '0.00', NULL, NULL, '0.00', '0.00', 0, 0, '0.00', 3, '21-10-2023', '09:36:33'),
(116, 122, 1, '108.00', '300', '0.00', '0.00', '0.00', NULL, NULL, '0.00', '0.00', 0, 0, '0.00', 3, '21-10-2023', '09:57:54'),
(117, 123, 1, '500.00', '300', '0.00', '0.00', '0.00', NULL, NULL, '0.00', '0.00', 0, 0, '0.00', 3, '21-10-2023', '10:24:41'),
(118, 124, 1, '0.00', '500', '0.00', '0.00', '0.00', NULL, NULL, '0.00', '0.00', 0, 0, '0.00', 3, '27-10-2023', '10:57:44'),
(119, 125, 1, '1.00', '1', '0.00', '0.00', '0.00', NULL, NULL, '0.00', '0.00', 0, 0, '0.00', 3, '31-10-2023', '02:36:46'),
(120, 126, 1, '0.00', '1', '0.00', '0.00', '0.00', NULL, NULL, '0.00', '0.00', 0, 0, '0.00', 3, '31-10-2023', '03:09:15'),
(121, 127, 1, '0.00', '300', '0.00', '0.00', '0.00', NULL, NULL, '0.00', '0.00', 0, 0, '0.00', 3, '01-11-2023', '07:28:02'),
(122, 128, 1, '30.00', '300', '0.00', '0.00', '0.00', NULL, NULL, '0.00', '5.00', 0, 0, '0.00', 3, '06-12-2023', '09:46:04'),
(123, 129, 1, '0.00', '1000', '0.00', '0.00', '0.00', NULL, NULL, '0.00', '0.00', 0, 0, '0.00', 3, '26-01-2024', '03:36:58'),
(124, 130, 1, '0.00', '500', '0.00', '0.00', '0.00', NULL, NULL, '0.00', '0.00', 0, 0, '0.00', 3, '26-01-2024', '03:47:18'),
(125, 131, 1, '0.00', '500', '0.00', '0.00', '0.00', NULL, NULL, '0.00', '0.00', 0, 0, '0.00', 3, '26-01-2024', '04:12:54'),
(126, 132, 1, '0.00', '500', '0.00', '0.00', '0.00', NULL, NULL, '0.00', '0.00', 0, 0, '0.00', 3, '27-01-2024', '02:46:37'),
(127, 133, 1, '0.00', '400', '0.00', '0.00', '0.00', NULL, NULL, '0.00', '0.00', 0, 0, '0.00', 3, '30-01-2024', '10:51:04'),
(128, 134, 1, '0.00', '500', '0.00', '0.00', '0.00', NULL, NULL, '0.00', '0.00', 0, 0, '0.00', 3, '30-01-2024', '01:16:07'),
(129, 135, 1, '0.00', '100', '0.00', '0.00', '0.00', NULL, NULL, '0.00', '0.00', 0, 0, '0.00', 3, '30-01-2024', '01:57:13'),
(130, 136, 1, '0.00', '500', '0.00', '0.00', '0.00', NULL, NULL, '0.00', '0.00', 0, 0, '0.00', 3, '30-01-2024', '08:31:08'),
(131, 137, 1, '0.00', '500', '0.00', '0.00', '0.00', NULL, NULL, '0.00', '0.00', 0, 0, '0.00', 3, '30-01-2024', '10:46:05'),
(132, 138, 1, '0.00', '100', '0.00', '0.00', '0.00', NULL, NULL, '0.00', '0.00', 0, 0, '0.00', 3, '31-01-2024', '10:11:39'),
(133, 139, 1, '0.00', '500', '0.00', '0.00', '0.00', NULL, NULL, '0.00', '0.00', 0, 0, '0.00', 3, '01-02-2024', '02:19:39'),
(134, 140, 1, '0.00', '100', '0.00', '0.00', '0.00', NULL, NULL, '0.00', '0.00', 0, 0, '0.00', 3, '01-02-2024', '03:46:40'),
(135, 141, 1, '0.00', '500', '0.00', '0.00', '0.00', NULL, NULL, '0.00', '0.00', 0, 0, '0.00', 3, '01-02-2024', '03:57:30'),
(136, 142, 1, '0.00', '100', '0.00', '0.00', '0.00', NULL, NULL, '0.00', '0.00', 0, 0, '0.00', 3, '01-02-2024', '03:59:36'),
(137, 143, 1, '0.00', '100', '0.00', '0.00', '0.00', NULL, NULL, '0.00', '0.00', 0, 0, '0.00', 3, '01-02-2024', '04:24:01'),
(138, 144, 1, '0.00', '100', '0.00', '0.00', '0.00', NULL, NULL, '0.00', '0.00', 0, 0, '0.00', 3, '01-02-2024', '04:27:47'),
(139, 145, 1, '500.00', '600', '0.00', '0.00', '0.00', NULL, NULL, '0.00', '0.00', 0, 0, '0.00', 3, '01-02-2024', '04:29:54'),
(140, 146, 1, '0.00', '200', '0.00', '0.00', '0.00', NULL, NULL, '0.00', '0.00', 0, 0, '0.00', 3, '06-02-2024', '10:48:39'),
(141, 147, 1, '4.00', '500', '0.00', '0.00', '0.00', NULL, NULL, '0.00', '0.00', 0, 0, '0.00', 3, '07-02-2024', '04:19:04'),
(142, 148, 1, '0.00', '130', '0.00', '0.00', '0.00', NULL, NULL, '0.00', '0.00', 0, 0, '0.00', 3, '07-02-2024', '04:19:18'),
(143, 149, 1, '0.00', '500', '0.00', '0.00', '0.00', NULL, NULL, '0.00', '0.00', 0, 0, '0.00', 3, '07-02-2024', '04:21:04'),
(144, 150, 1, '8.00', '500', '0.00', '0.00', '0.00', NULL, NULL, '0.00', '0.00', 0, 0, '0.00', 3, '07-02-2024', '04:21:08'),
(145, 151, 1, '0.00', '700', '0.00', '0.00', '0.00', NULL, NULL, '0.00', '0.00', 0, 0, '0.00', 3, '09-02-2024', '10:42:04'),
(146, 152, 1, '0.00', '800', '0.00', '0.00', '0.00', NULL, NULL, '0.00', '0.00', 0, 0, '0.00', 3, '09-02-2024', '10:49:25'),
(147, 153, 1, '0.00', '530', '0.00', '0.00', '0.00', NULL, NULL, '0.00', '0.00', 0, 0, '0.00', 3, '09-02-2024', '10:50:19'),
(148, 154, 1, '0.00', '200', '0.00', '0.00', '0.00', NULL, NULL, '0.00', '0.00', 0, 0, '0.00', 3, '09-02-2024', '02:11:17'),
(149, 155, 1, '0.00', '100', '0.00', '0.00', '0.00', NULL, NULL, '0.00', '0.00', 0, 0, '0.00', 3, '09-02-2024', '02:18:57'),
(150, 156, 1, '25.00', '500', '0.00', '0.00', '0.00', NULL, NULL, '0.00', '0.00', 0, 0, '0.00', 3, '09-02-2024', '04:09:50'),
(151, 157, 1, '0.00', '120', '0.00', '0.00', '0.00', NULL, NULL, '0.00', '0.00', 0, 0, '0.00', 3, '09-02-2024', '04:10:35'),
(152, 158, 1, '25.00', '500', '0.00', '0.00', '0.00', NULL, NULL, '0.00', '0.00', 0, 0, '0.00', 3, '09-02-2024', '04:11:00'),
(153, 159, 1, '10.00', '450', '0.00', '0.00', '0.00', NULL, NULL, '0.00', '0.00', 0, 0, '0.00', 3, '09-02-2024', '04:11:31'),
(154, 160, 1, '10.00', '100', '0.00', '0.00', '0.00', NULL, NULL, '0.00', '0.00', 0, 0, '0.00', 3, '13-02-2024', '03:49:45'),
(155, 161, 1, '9.00', '500', '0.00', '0.00', '0.00', NULL, NULL, '0.00', '0.00', 0, 0, '0.00', 3, '13-02-2024', '03:56:33'),
(156, 162, 1, '0.00', '500', '0.00', '0.00', '0.00', NULL, NULL, '0.00', '0.00', 0, 0, '0.00', 3, '21-02-2024', '03:04:11'),
(157, 163, 1, '0.00', '500', '0.00', '0.00', '0.00', NULL, NULL, '0.00', '0.00', 0, 0, '0.00', 3, '21-02-2024', '03:11:19'),
(158, 164, 1, '33.00', '500', '0.00', '0.00', '0.00', NULL, NULL, '0.00', '0.00', 0, 0, '0.00', 3, '21-02-2024', '03:53:25'),
(159, 165, 1, '32.00', '500', '0.00', '0.00', '0.00', NULL, NULL, '0.00', '0.00', 0, 0, '0.00', 3, '21-02-2024', '03:54:52'),
(160, 166, 1, '0.00', '500', '0.00', '0.00', '0.00', NULL, NULL, '0.00', '0.00', 0, 0, '0.00', 3, '27-02-2024', '01:32:35'),
(161, 167, 1, '25.00', '500', '0.00', '0.00', '0.00', NULL, NULL, '0.00', '0.00', 0, 0, '0.00', 3, '27-02-2024', '01:51:59'),
(162, 168, 1, '10.00', '500', '0.00', '0.00', '0.00', NULL, NULL, '0.00', '0.00', 0, 0, '0.00', 3, '27-02-2024', '01:56:44'),
(163, 169, 1, '25.00', '500', '0.00', '0.00', '0.00', NULL, NULL, '0.00', '0.00', 0, 0, '0.00', 3, '27-02-2024', '01:59:38'),
(164, 170, 1, '20.00', '500', '0.00', '0.00', '0.00', NULL, NULL, '0.00', '0.00', 0, 0, '0.00', 3, '27-02-2024', '02:02:26'),
(165, 171, 1, '25.00', '500', '0.00', '0.00', '0.00', NULL, NULL, '0.00', '0.00', 0, 0, '0.00', 3, '27-02-2024', '02:04:52'),
(166, 172, 1, '0.00', '500', '0.00', '0.00', '0.00', NULL, NULL, '0.00', '0.00', 0, 0, '0.00', 3, '27-02-2024', '02:07:28'),
(167, 173, 1, '0.00', '500', '0.00', '0.00', '0.00', NULL, NULL, '0.00', '0.00', 0, 0, '0.00', 3, '27-02-2024', '02:09:45'),
(168, 174, 1, '0.00', '500', '0.00', '0.00', '0.00', NULL, NULL, '0.00', '0.00', 0, 0, '0.00', 3, '27-02-2024', '02:13:39'),
(169, 175, 1, '0.00', '500', '0.00', '0.00', '0.00', NULL, NULL, '0.00', '0.00', 0, 0, '0.00', 3, '27-02-2024', '02:16:13'),
(170, 176, 1, '0.00', '500', '0.00', '0.00', '0.00', NULL, NULL, '0.00', '0.00', 0, 0, '0.00', 3, '27-02-2024', '03:44:01'),
(171, 177, 1, '0.00', '500', '0.00', '0.00', '0.00', NULL, NULL, '0.00', '0.00', 0, 0, '0.00', 3, '27-02-2024', '03:59:29'),
(172, 178, 1, '0.00', '500', '0.00', '0.00', '0.00', NULL, NULL, '0.00', '0.00', 0, 0, '0.00', 3, '27-02-2024', '04:10:24'),
(173, 179, 1, '0.00', '500', '0.00', '0.00', '0.00', NULL, NULL, '0.00', '0.00', 0, 0, '0.00', 3, '27-02-2024', '04:17:46'),
(174, 180, 1, '0.00', '500', '0.00', '0.00', '0.00', NULL, NULL, '0.00', '0.00', 0, 0, '0.00', 3, '27-02-2024', '04:18:47'),
(175, 181, 1, '0.00', '200', '0.00', '0.00', '0.00', NULL, NULL, '0.00', '0.00', 0, 0, '0.00', 3, '27-02-2024', '04:28:23'),
(176, 182, 1, '0.00', '200', '0.00', '0.00', '0.00', NULL, NULL, '0.00', '0.00', 0, 0, '0.00', 3, '27-02-2024', '04:30:11'),
(177, 183, 1, '0.00', '500', '0.00', '0.00', '0.00', NULL, NULL, '0.00', '0.00', 0, 0, '0.00', 3, '27-02-2024', '04:31:13'),
(178, 184, 1, '0.00', '500', '0.00', '0.00', '0.00', NULL, NULL, '0.00', '0.00', 0, 0, '0.00', 3, '27-02-2024', '04:32:19'),
(179, 185, 1, '340.00', '500', '0.00', '0.00', '0.00', NULL, NULL, '0.00', '160.00', 0, 0, '0.00', 3, '27-02-2024', '04:33:26'),
(180, 186, 1, '1100.00', '500', '0.00', '0.00', '0.00', NULL, NULL, '0.00', '100.00', 0, 0, '0.00', 3, '27-02-2024', '04:34:42'),
(181, 187, 1, '900.00', '500', '0.00', '0.00', '0.00', NULL, NULL, '0.00', '100.00', 0, 0, '0.00', 3, '27-02-2024', '04:35:45'),
(182, 188, 1, '4382.00', '500', '0.00', '3.00', '0.00', NULL, NULL, '0.00', '110.00', 0, 0, '0.00', 3, '28-02-2024', '12:48:04'),
(183, 189, 1, '0.00', '500', '0.00', '0.00', '0.00', NULL, NULL, '0.00', '0.00', 0, 0, '0.00', 3, '28-02-2024', '12:56:22'),
(184, 190, 1, '200.00', '500', '0.00', '0.00', '0.00', NULL, NULL, '0.00', '0.00', 0, 0, '0.00', 3, '28-02-2024', '01:05:26'),
(185, 191, 1, '1650.00', '500', '0.00', '0.00', '0.00', NULL, NULL, '0.00', '0.00', 0, 0, '0.00', 3, '28-02-2024', '04:01:24'),
(186, 192, 1, '0.00', '500', '0.00', '0.00', '0.00', NULL, NULL, '0.00', '0.00', 0, 0, '0.00', 3, '02-03-2024', '03:52:31'),
(187, 193, 1, '0.00', '500', '0.00', '0.00', '0.00', NULL, NULL, '0.00', '0.00', 0, 0, '0.00', 3, '08-03-2024', '01:06:33'),
(188, 194, 1, '500.00', '500', '0.00', '0.00', '0.00', NULL, NULL, '0.00', '0.00', 0, 0, '0.00', 3, '18-03-2024', '12:53:01'),
(189, 195, 1, '0.00', 'NA', '0.00', '0.00', '0.00', NULL, NULL, '0.00', '0.00', 0, 0, '0.00', 3, '19-03-2024', '02:43:20'),
(190, 196, 1, '150.00', '1', '0.00', '0.00', '0.00', NULL, NULL, '0.00', '0.00', 0, 0, '0.00', 3, '23-03-2024', '03:48:11'),
(191, 197, 1, '0.00', '50033', '0.00', '0.00', '0.00', NULL, NULL, '0.00', '0.00', 0, 0, '0.00', 3, '03-04-2024', '04:16:53'),
(192, 198, 1, '0.00', 'gthd', '0.00', '0.00', '0.00', NULL, NULL, '0.00', '0.00', 0, 0, '0.00', 3, '06-04-2024', '06:01:09'),
(193, 199, 1, '0.00', '5000', '0.00', '0.00', '0.00', NULL, NULL, '0.00', '0.00', 0, 0, '0.00', 3, '18-04-2024', '03:53:04'),
(194, 200, 1, '0.00', '5000', '0.00', '0.00', '0.00', NULL, NULL, '0.00', '0.00', 0, 0, '0.00', 3, '18-04-2024', '03:57:43'),
(195, 201, 1, '900.00', '5000', '0.00', '0.00', '0.00', '-80.00', NULL, '0.00', '0.00', 0, 0, '0.00', 3, '19-04-2024', '04:12:13'),
(196, 202, 1, '40.00', '5000', '0.00', '0.00', '0.00', NULL, NULL, '0.00', '0.00', 0, 0, '0.00', 3, '19-04-2024', '04:13:15'),
(197, 203, 1, '430.00', '5000', '0.00', '0.00', '0.00', '-50.00', NULL, '0.00', '0.00', 0, 0, '0.00', 3, '20-04-2024', '12:19:45'),
(198, 204, 1, '0.00', '5000', '0.00', '0.00', '0.00', NULL, NULL, '0.00', '0.00', 0, 0, '0.00', 3, '20-04-2024', '12:20:31'),
(199, 205, 1, '0.00', '11', '0.00', '0.00', '0.00', '-1.30', NULL, '0.00', '0.00', 0, 0, '0.00', 3, '20-04-2024', '05:57:38'),
(200, 206, 1, '0.00', '33', '0.00', '0.00', '0.00', NULL, NULL, '0.00', '0.00', 0, 0, '0.00', 3, '20-04-2024', '05:57:57'),
(201, 207, 1, '0.00', '2', '0.00', '0.00', '0.00', NULL, NULL, '0.00', '0.00', 0, 0, '0.00', 3, '20-04-2024', '05:58:20'),
(202, 208, 1, '0.00', NULL, '0.00', '0.00', '0.00', NULL, NULL, '0.00', '0.00', 0, 0, '0.00', 3, '20-04-2024', '05:58:50'),
(203, 209, 1, '0.00', NULL, '0.00', '0.00', '0.00', NULL, NULL, '0.00', '0.00', 0, 0, '0.00', 3, '20-04-2024', '05:59:18'),
(204, 210, 1, '370.00', '5000', '0.00', '0.00', '0.00', '-32.00', NULL, '0.00', '20.00', 0, 0, '0.00', 3, '24-04-2024', '02:27:20'),
(205, 211, 1, '47.00', '5000', '0.00', '3.00', '0.00', NULL, NULL, '0.00', '0.00', 0, 0, '0.00', 3, '24-04-2024', '02:30:03'),
(206, 212, 1, '0.00', '500', '0.00', '0.00', '0.00', NULL, NULL, '0.00', '0.00', 0, 0, '0.00', 3, '27-04-2024', '11:07:42'),
(207, 213, 1, '3000.00', '2000', '0.00', '0.00', '0.00', '-1000.00', NULL, '0.00', '0.00', 0, 0, '0.00', 3, '20-05-2024', '11:56:20'),
(208, 214, 1, '0.00', '5000', '0.00', '0.00', '0.00', NULL, NULL, '0.00', '0.00', 0, 0, '0.00', 3, '20-05-2024', '12:01:26'),
(209, 215, 1, '0.00', '10', '0.00', '0.00', '0.00', NULL, NULL, '0.00', '0.00', 0, 0, '0.00', 3, '27-05-2024', '10:40:19');

-- --------------------------------------------------------

--
-- Table structure for table `child_part_variance`
--

CREATE TABLE `child_part_variance` (
  `id` int NOT NULL,
  `stock` float NOT NULL,
  `part_number` varchar(255) NOT NULL,
  `part_description` varchar(250) NOT NULL,
  `supplier_id` int DEFAULT NULL,
  `part_rate` int DEFAULT NULL,
  `revision_date` varchar(50) DEFAULT NULL,
  `revision_no` varchar(50) DEFAULT NULL,
  `revision_remark` varchar(20) DEFAULT NULL,
  `uom_id` int NOT NULL,
  `child_part_id` int NOT NULL,
  `store_rack_location` varchar(255) DEFAULT NULL,
  `store_stock_rate` float DEFAULT NULL,
  `safty_buffer_stk` varchar(255) NOT NULL,
  `diagram` varchar(50) DEFAULT NULL,
  `quote` varchar(50) DEFAULT NULL,
  `created_id` int NOT NULL,
  `date` varchar(255) NOT NULL,
  `time` varchar(255) NOT NULL,
  `timestamp` timestamp NOT NULL DEFAULT CURRENT_TIMESTAMP ON UPDATE CURRENT_TIMESTAMP,
  `deleted` int DEFAULT NULL,
  `hsn_code` varchar(20) DEFAULT NULL,
  `part_drawing` text,
  `ppap_document` text NOT NULL,
  `modal_document` text NOT NULL,
  `cad_file` text NOT NULL,
  `a_d` text NOT NULL,
  `q_d` text NOT NULL,
  `c_d` text NOT NULL,
  `quotation_document` varchar(20) DEFAULT NULL,
  `gst_id` int DEFAULT NULL,
  `sub_type` text,
  `max_uom` float DEFAULT NULL,
  `min_uom` float DEFAULT NULL,
  `onhold_stock` float NOT NULL,
  `production_qty` float NOT NULL,
  `rejection_prodcution_qty` float NOT NULL
) ENGINE=InnoDB DEFAULT CHARSET=latin1;

-- --------------------------------------------------------

--
-- Table structure for table `client`
--

CREATE TABLE `client` (
  `id` int NOT NULL,
  `client_unit` varchar(50) COLLATE utf8mb4_general_ci DEFAULT NULL,
  `client_name` varchar(50) COLLATE utf8mb4_general_ci NOT NULL,
  `contact_person` varchar(30) COLLATE utf8mb4_general_ci NOT NULL,
  `pan_no` varchar(20) COLLATE utf8mb4_general_ci NOT NULL,
  `billing_address` varchar(255) COLLATE utf8mb4_general_ci DEFAULT NULL,
  `shifting_address` varchar(255) COLLATE utf8mb4_general_ci NOT NULL,
  `phone_no` varchar(50) COLLATE utf8mb4_general_ci NOT NULL,
  `gst_number` varchar(50) COLLATE utf8mb4_general_ci NOT NULL,
  `created_id` int DEFAULT NULL,
  `date` varchar(10) COLLATE utf8mb4_general_ci DEFAULT NULL,
  `time` varchar(10) COLLATE utf8mb4_general_ci DEFAULT NULL,
  `timestamp` timestamp NULL DEFAULT CURRENT_TIMESTAMP,
  `deleted` int DEFAULT '0',
  `state` varchar(20) COLLATE utf8mb4_general_ci NOT NULL,
  `state_no` varchar(200) COLLATE utf8mb4_general_ci NOT NULL,
  `bank_details` text COLLATE utf8mb4_general_ci NOT NULL,
  `address1` varchar(100) COLLATE utf8mb4_general_ci NOT NULL,
  `location` varchar(50) COLLATE utf8mb4_general_ci NOT NULL,
  `pin` varchar(10) COLLATE utf8mb4_general_ci NOT NULL
) ENGINE=InnoDB DEFAULT CHARSET=utf8mb4 COLLATE=utf8mb4_general_ci;

--
-- Dumping data for table `client`
--

INSERT INTO `client` (`id`, `client_unit`, `client_name`, `contact_person`, `pan_no`, `billing_address`, `shifting_address`, `phone_no`, `gst_number`, `created_id`, `date`, `time`, `timestamp`, `deleted`, `state`, `state_no`, `bank_details`, `address1`, `location`, `pin`) VALUES
(1, 'Mayuresh', 'MAYURESH PLASTICS', 'Mr Mahadev Torane', 'AEQPT5791K', 'Gat no-77, Plot no-06, Jyotibanagar, Talwade, Pune', 'Gat no-77, Plot no-06, Jyotibanagar, Talwade, Pune', '9527442812', '27AEQPT5791K1ZF', 3, '08-09-2023', '03:41:53', '2023-09-08 10:11:53', 0, 'Maharashtra', '27', 'State bank of India, AC No 31062083815, IFSC Code SBIN0008752', 'Gat no-77, Plot no-06, Jyotibanagar, Talwade, Pune', 'Pune', '411062'),
(2, 'Mayuresh-2', 'MAYURESH PLASTICS', 'Mr Ramesh Patil', 'pan123456', 'Chinchwad Pune', 'RAGHUNATH Chinchwad Pune', '12345678', 'gst123456', 3, '30-03-2024', '10:12:58', '2024-02-19 03:50:11', 0, 'Maharashtra', '27', '1234-State bank of India, Ac no 1234566dd', 'Chinchwad Pune', 'Pune', '414 019');

-- --------------------------------------------------------

--
-- Table structure for table `consignee`
--

CREATE TABLE `consignee` (
  `id` int NOT NULL,
  `consignee_name` varchar(100) NOT NULL,
  `location` varchar(50) NOT NULL,
  `pan_no` varchar(20) NOT NULL,
  `phone_no` varchar(50) NOT NULL,
  `gst_number` varchar(50) NOT NULL,
  `address_id` int NOT NULL,
  `deleted` int NOT NULL,
  `created_dttm` datetime NOT NULL,
  `updatedttm` datetime NOT NULL,
  `updated_user` varchar(255) NOT NULL
) ENGINE=InnoDB DEFAULT CHARSET=latin1;

--
-- Dumping data for table `consignee`
--

INSERT INTO `consignee` (`id`, `consignee_name`, `location`, `pan_no`, `phone_no`, `gst_number`, `address_id`, `deleted`, `created_dttm`, `updatedttm`, `updated_user`) VALUES
(1, 'NSPL', 'Nagpur', '45543FJG', '123456', '27DDRRGG66UU', 1, 0, '2024-03-30 09:40:36', '0000-00-00 00:00:00', 'Admin'),
(2, 'PIAGGIO', 'Baramati', '2222222', '454545', '271111111UU', 2, 0, '2024-03-30 09:58:36', '0000-00-00 00:00:00', 'Admin'),
(3, 'GHADGE PATIL.PVT.LTD', 'KOLHAPUR', 'FXX12365', '9529727909', '27KL23698', 3, 0, '2024-03-30 10:13:15', '0000-00-00 00:00:00', 'Admin');

-- --------------------------------------------------------

--
-- Table structure for table `consumable_item`
--

CREATE TABLE `consumable_item` (
  `id` int NOT NULL,
  `part_number` varchar(30) COLLATE utf8mb4_general_ci NOT NULL,
  `part_description` varchar(30) COLLATE utf8mb4_general_ci NOT NULL,
  `created_id` int DEFAULT NULL,
  `date` varchar(10) COLLATE utf8mb4_general_ci DEFAULT NULL,
  `time` varchar(10) COLLATE utf8mb4_general_ci DEFAULT NULL,
  `timestamp` timestamp NOT NULL DEFAULT CURRENT_TIMESTAMP,
  `deleted` int DEFAULT '0'
) ENGINE=InnoDB DEFAULT CHARSET=utf8mb4 COLLATE=utf8mb4_general_ci;

-- --------------------------------------------------------

--
-- Table structure for table `customer`
--

CREATE TABLE `customer` (
  `id` int NOT NULL,
  `customer_name` varchar(100) COLLATE utf8mb4_general_ci NOT NULL,
  `customer_code` varchar(30) COLLATE utf8mb4_general_ci NOT NULL,
  `billing_address` varchar(255) COLLATE utf8mb4_general_ci DEFAULT NULL,
  `shifting_address` varchar(255) COLLATE utf8mb4_general_ci NOT NULL,
  `payment_terms` varchar(50) COLLATE utf8mb4_general_ci NOT NULL,
  `state` varchar(50) COLLATE utf8mb4_general_ci NOT NULL,
  `gst_number` varchar(50) COLLATE utf8mb4_general_ci NOT NULL,
  `created_id` int DEFAULT NULL,
  `date` varchar(10) COLLATE utf8mb4_general_ci DEFAULT NULL,
  `time` varchar(10) COLLATE utf8mb4_general_ci DEFAULT NULL,
  `timestamp` timestamp NULL DEFAULT CURRENT_TIMESTAMP,
  `deleted` int DEFAULT '0',
  `vendor_code` varchar(20) COLLATE utf8mb4_general_ci DEFAULT NULL,
  `pan_no` varchar(20) COLLATE utf8mb4_general_ci NOT NULL,
  `state_no` varchar(20) COLLATE utf8mb4_general_ci NOT NULL,
  `bank_details` text COLLATE utf8mb4_general_ci NOT NULL,
  `customer_challan_number` varchar(20) COLLATE utf8mb4_general_ci DEFAULT NULL,
  `pos` varchar(10) COLLATE utf8mb4_general_ci NOT NULL,
  `address1` varchar(100) COLLATE utf8mb4_general_ci NOT NULL,
  `location` varchar(50) COLLATE utf8mb4_general_ci NOT NULL,
  `pin` varchar(10) COLLATE utf8mb4_general_ci NOT NULL
) ENGINE=InnoDB DEFAULT CHARSET=utf8mb4 COLLATE=utf8mb4_general_ci;

--
-- Dumping data for table `customer`
--

INSERT INTO `customer` (`id`, `customer_name`, `customer_code`, `billing_address`, `shifting_address`, `payment_terms`, `state`, `gst_number`, `created_id`, `date`, `time`, `timestamp`, `deleted`, `vendor_code`, `pan_no`, `state_no`, `bank_details`, `customer_challan_number`, `pos`, `address1`, `location`, `pin`) VALUES
(1, 'UNO MINDA LIMITED (RINDER DIV.)', 'MP-01', 'GAT NO 148, MAHALUNGE INGALE, OFF CHAKAN TALEGAON ROAD TAL KHED, PUNE,410501', 'GAT NO 148, MAHALUNGE INGALE, OFF CHAKAN TALEGAON ROAD TAL KHED, PUNE,410501', '45', 'MAHARASTRA', '27AAACM1152C7ZX', 3, '22-11-2022', '8:01:06', '0000-00-00 00:00:00', 0, 'NA', 'AAACM1152C', '27', 'NA', NULL, '27', 'GAT NO 148, MAHALUNGE INGALE, OFF CHAKAN TALEGAON ROAD TAL KHED, PUNE,410501', 'Chakan', '410501'),
(2, 'Brandenburg India Pvt. Ltd', 'MP-02', 'PAP-V106/1, Chakan MIDC Phase-2 Road, Vasuli Chakan Industrial Area, Tal-Khed, Dist-Pune', 'PAP-V106/1, Chakan MIDC Phase-2 Road, Vasuli Chakan Industrial Area, Tal-Khed, Dist-Pune', '45', 'MAHARASTRA', '27AAECB7681F1ZI', 3, '22-11-2022', '8:01:06', '0000-00-00 00:00:00', 0, 'NA', 'AAECB7681F', '27', 'NA', NULL, '27', 'PAP-V106/1, Chakan MIDC Phase-2 Road, Vasuli Chakan Industrial Area, Tal-Khed, Dist-Pune', 'Chakan', '410501'),
(3, 'Godrej & Boyce Mfg.Co.Ltd  (Prima Division )', 'MP-03', 'UNIT NO 32. ELECTRONIC SADAN BHOSARI MH411026', 'UNIT NO 32. ELECTRONIC SADAN BHOSARI MH411026', '45', 'MAHARASTRA', '27AAACG1395D1ZU', 3, '22-11-2022', '8:01:06', '0000-00-00 00:00:00', 0, 'NA', 'AAACG1395D', '27', 'NA', NULL, '27', 'UNIT NO 32. ELECTRONIC SADAN BHOSARI MH411026', 'Bhosari', '411026'),
(4, 'GODREJ & BOYCE MFG CO.LTD( Lawkim Motors )', 'MP-04', 'GAT NO.431, VILLAGE:- SHINDEWADI, POST:- SHIRWAl DIST:- SATARA-412801', 'GAT NO.431, VILLAGE:- SHINDEWADI, POST:- SHIRWAl DIST:- SATARA-412801', '45', 'MAHARASTRA', '27AAACG1395D1ZU', 3, '22-11-2022', '8:01:06', '0000-00-00 00:00:00', 0, 'NA', 'AAACG1395D', '27', 'NA', NULL, '27', 'GAT NO.431, VILLAGE:- SHINDEWADI, POST:- SHIRWAl DIST:- SATARA-412801', 'Shirwal', '412801'),
(5, 'Reliable Mechatronics Pvt .Ltd', 'MP-05', 'T Block Get No -182 M.I.D.C BHOSARI PUNE -411026', 'T Block Get No -182 M.I.D.C BHOSARI PUNE -411026', '45', 'MAHARASTRA', '27AAFCR8276B1Z8', 3, '22-11-2022', '8:01:06', '0000-00-00 00:00:00', 0, 'NA', 'AAFCR8276B', '27', 'NA', NULL, '27', 'T Block Get No -182 M.I.D.C BHOSARI PUNE -411026', 'Bhosari', '411026'),
(6, 'Suniti Holdings Pvt Ltd', 'MP-06', 'Shreeram Warehousing, Survey No-65/2, Shed No-9, Tathawade, Pune', 'Shreeram Warehousing, Survey No-65/2, Shed No-9, Tathawade, Pune', '45', 'MAHARASTRA', '27AACCS5834P1ZR', 3, '22-11-2022', '8:01:06', '0000-00-00 00:00:00', 0, 'NA', 'AACCS5834P', '27', 'NA', NULL, '27', 'Shreeram Warehousing, Survey No-65/2, Shed No-9, Tathawade, Pune', 'Pimpri Chinchwad', '411033'),
(7, 'FRONTLINE ELECTRONICS LTD -PUNE-(2019-20 )', 'MP-07', 'PLOY NO E-7 B/2 CHAKAN INDUSTRIAL AREA PHASE -III VILLAGE -NIGHOJE TAL -KHED DIST-PUNE 410501', 'PLOY NO E-7 B/2 CHAKAN INDUSTRIAL AREA PHASE -III VILLAGE -NIGHOJE TAL -KHED DIST-PUNE 410501', '45', 'MAHARASTRA', '27AAACF2689P1ZZ', 3, '22-11-2022', '8:01:06', '0000-00-00 00:00:00', 0, 'NA', 'AAACF2689P', '27', 'NA', NULL, '27', 'PLOY NO E-7 B/2 CHAKAN INDUSTRIAL AREA PHASE -III VILLAGE -NIGHOJE TAL -KHED DIST-PUNE 410501', 'Chakan', '410501'),
(8, 'In Yantra Technologies Pvt.Ltd', 'MP-08', 'At Shindewadi Post Shirawal TQ: KHANDALA DT SATARA SHIRAWL', 'At Shindewadi Post Shirawal TQ: KHANDALA DT SATARA SHIRAWL', '45', 'MAHARASTRA', '27AABCE1693B1ZY', 3, '22-11-2022', '8:01:06', '0000-00-00 00:00:00', 0, 'NA', 'AABCE1693B', '27', 'NA', NULL, '27', 'At Shindewadi Post Shirawal TQ: KHANDALA DT SATARA SHIRAWL', 'Shirwal', '412801'),
(9, 'INTELUX ELECTRONICS PVT.LTD.', 'MP-09', 'SHED NO  02/08 S NO 30/4 NEAR DRAN/PARI CO ,NEAR DHAYARI ROAD DHAYARI DIST:PUNE', 'SHED NO  02/08 S NO 30/4 NEAR DRAN/PARI CO ,NEAR DHAYARI ROAD DHAYARI DIST:PUNE', '45', 'MAHARASTRA', '27AAACI8424P1Z3', 3, '22-11-2022', '8:01:06', '0000-00-00 00:00:00', 0, 'NA', 'AAACI8424P', '27', 'NA', NULL, '27', 'SHED NO  02/08 S NO 30/4 NEAR DRAN/PARI CO ,NEAR DHAYARI ROAD DHAYARI DIST:PUNE', 'Pimpri Chinchwad', '411044'),
(10, 'VINEY CORPORATION PRIVATE LIMITED-(PUNE)', 'MP-10', 'PLOT NO G -21 PHASE III NIGHOJE VILLAGE MIDC CHAKAN PUNE 410501', 'PLOT NO G -21 PHASE III NIGHOJE VILLAGE MIDC CHAKAN PUNE 410501', '45', 'MAHARASTRA', '27AAACV0446L1Z8', 3, '22-11-2022', '8:01:06', '0000-00-00 00:00:00', 0, 'NA', 'AAACV0446L', '27', 'NA', NULL, '27', 'PLOT NO G -21 PHASE III NIGHOJE VILLAGE MIDC CHAKAN PUNE 410501', 'Chakan', '410501'),
(11, 'AGS VISIONS  PVT LTD PUNE 21-22', 'MP-11', 'GAT NO 134/2 MAHALUNGE CHAKAN  PUNE', 'GAT NO 134/2 MAHALUNGE CHAKAN  PUNE', '45', 'MAHARASTRA', '27AASCA7067L1ZW', 3, '22-11-2022', '8:01:06', '0000-00-00 00:00:00', 0, 'NA', 'AASCA7067L', '27', 'NA', NULL, '27', 'GAT NO 134/2 MAHALUNGE CHAKAN  PUNE', 'Chakan', '410501'),
(12, 'Ashok Plastic Industries\r\n', 'MP-12', '51/3, D-3, MIDC, Chinchwad, Pune', '51/3, D-3, MIDC, Chinchwad, Pune', '45', 'MAHARASTRA', '27ACUPA6641B1ZQ', 3, '22-11-2022', '8:01:06', '0000-00-00 00:00:00', 0, 'NA', 'AEQPT5791K', '27', 'NA', NULL, '27', '51/3, D-3, MIDC, Chinchwad, Pune', 'Pimpri Chinchwad', '411018'),
(13, 'DEBURRING INDIA PVT LTD', 'MP-13', 'SHOP NO 2 SATAYM INDUSTRIAL ESTATE OPP KRISHNA AIR PROUCTS ,POKHRAN ROAD NO 1 UPVAN ,THANE WEST -400606', 'SHOP NO 2 SATAYM INDUSTRIAL ESTATE OPP KRISHNA AIR PROUCTS ,POKHRAN ROAD NO 1 UPVAN ,THANE WEST -400606', '45', 'MAHARASTRA', '27AAICD1657K1ZD', 3, '22-11-2022', '8:01:06', '0000-00-00 00:00:00', 0, 'NA', 'AAICD1657K', '27', 'NA', NULL, '27', 'SHOP NO 2 SATAYM INDUSTRIAL ESTATE OPP KRISHNA AIR PROUCTS ,POKHRAN ROAD NO 1 UPVAN ,THANE WEST -400', 'Thane', '400606'),
(14, 'VITRO MOTORS PRIVATE LIMITED', 'MP-14', '1 ST FLOOR VASUNDHARA PLAZA , VISHAL NAGAR PIMPLE- NILAKH, PUNE -411027', '1 ST FLOOR VASUNDHARA PLAZA , VISHAL NAGAR PIMPLE- NILAKH, PUNE -411027', '45', 'MAHARASTRA', '27AAHCV3606K1Z3', 3, '22-11-2022', '8:01:06', '0000-00-00 00:00:00', 0, 'NA', 'AAHCV3606K', '27', 'NA', NULL, '27', '1 ST FLOOR VASUNDHARA PLAZA , VISHAL NAGAR PIMPLE- NILAKH, PUNE -411027', 'Pimpri Chinchwad', '411027'),
(15, 'CHAITANYA TOOLING SOLUTIONS', 'MP-15', '4 TH FLOOR ,PLAT NO A1 405 PLOT NO 1159 AISHWARYAM COURTYARD PHASE 2 CHIKHALI  ROAD PUNE', '4 TH FLOOR ,PLAT NO A1 405 PLOT NO 1159 AISHWARYAM COURTYARD PHASE 2 CHIKHALI  ROAD PUNE', '45', 'MAHARASTRA', '27AISPT1398Q1ZX', 3, '22-11-2022', '8:01:06', '0000-00-00 00:00:00', 0, 'NA', 'AISPT1398Q', '27', 'NA', NULL, '27', '4 TH FLOOR ,PLAT NO A1 405 PLOT NO 1159 AISHWARYAM COURTYARD PHASE 2 CHIKHALI  ROAD PUNE', 'Chikhali', '411062'),
(16, 'ANVI PLASTIC TRADING', 'MP-16', 'EVEREST PLAZA HAVELI ,GAT NO 421/1 FLAT NO A901 PIMPARI CHINCHAWAD PCMC PUNE', 'EVEREST PLAZA HAVELI ,GAT NO 421/1 FLAT NO A901 PIMPARI CHINCHAWAD PCMC PUNE', '45', 'MAHARASTRA', '27BALPG1495D1ZQ', 3, '22-11-2022', '8:01:06', '0000-00-00 00:00:00', 0, 'NA', 'BALPG1495D', '27', 'NA', NULL, '27', 'EVEREST PLAZA HAVELI ,GAT NO 421/1 FLAT NO A901 PIMPARI CHINCHAWAD PCMC PUNE', 'Pimpri Chinchwad', '411018'),
(17, 'DIVEKAR INDUSTRIES', 'MP-17', 'GAT NO 162 B NEAR ICON HOSPITAL TOWER  LINE ROAD TRIVENI NAGAR TALAWADE PUNE-411062', 'GAT NO 162 B NEAR ICON HOSPITAL TOWER  LINE ROAD TRIVENI NAGAR TALAWADE PUNE-411062', '45', 'MAHARASTRA', '27APYPD6204L1ZG', 3, '22-11-2022', '8:01:06', '0000-00-00 00:00:00', 0, 'NA', 'APYPD6204L', '27', 'NA', NULL, '27', 'GAT NO 162 B NEAR ICON HOSPITAL TOWER  LINE ROAD TRIVENI NAGAR TALAWADE PUNE-411062', 'Chikhali', '411062'),
(18, 'GLOBALTECH ENGINEERING SOLUTIONS', 'MP-18', 'S BLOCK W-178/A MIDC BHOSARI PUNE -', 'S BLOCK W-178/A MIDC BHOSARI PUNE -', '45', 'MAHARASTRA', '27BKMPS2167K1ZI', 3, '22-11-2022', '8:01:06', '0000-00-00 00:00:00', 0, 'NA', 'BKMPS2167K', '27', 'NA', NULL, '27', 'S BLOCK W-178/A MIDC BHOSARI PUNE -', 'Bhosari', '411026'),
(19, 'GURUVALLABHADAS INDUSTRIES PVT LTD', 'MP-19', '5, RADHE APT PLOT NO-40 SECTOR NO 28 PRADHIKARAN , NIGADI PUNE-411044', '5, RADHE APT PLOT NO-40 SECTOR NO 28 PRADHIKARAN , NIGADI PUNE-411044', '45', 'MAHARASTRA', '27AAHCG8315N1Z4', 3, '22-11-2022', '8:01:06', '0000-00-00 00:00:00', 0, 'NA', 'AAHCG8315N', '27', 'NA', NULL, '27', '5, RADHE APT PLOT NO-40 SECTOR NO 28 PRADHIKARAN , NIGADI PUNE-411044', 'Pimpri Chinchwad', '411044'),
(20, 'JAYESH PLASTIC', 'MP-20', 'SHOP NO.1,GAT NUMBER:467 NEAR TALAWADE CHOWK ,NIGAD', 'SHOP NO.1,GAT NUMBER:467 NEAR TALAWADE CHOWK ,NIGAD', '45', 'MAHARASTRA', '27BZGPB1880B1ZS', 3, '22-11-2022', '8:01:06', '0000-00-00 00:00:00', 0, 'NA', 'BZGPB1880B', '27', 'NA', NULL, '27', 'SHOP NO.1,GAT NUMBER:467 NEAR TALAWADE CHOWK ,NIGAD', 'Pimpri Chinchwad', '411044'),
(21, 'KABRA EXTRUS ONTECHNIK LTD', 'MP-21', 'C-22/8 CHAKAN INDUSTRIES AREA PHASE II VILLAGE BHAMBOLI CHAKAN TAL KHED PUNE -410501 INDIA', 'C-22/8 CHAKAN INDUSTRIES AREA PHASE II VILLAGE BHAMBOLI CHAKAN TAL KHED PUNE -410501 INDIA', '45', 'MAHARASTRA', '27AAACK4289L3Z0', 3, '22-11-2022', '8:01:06', '0000-00-00 00:00:00', 0, 'NA', 'AAACK4289L', '27', 'NA', NULL, '27', 'C-22/8 CHAKAN INDUSTRIES AREA PHASE II VILLAGE BHAMBOLI CHAKAN TAL KHED PUNE -410501 INDIA', 'Chakan', '410501'),
(22, 'KAIZEN ENGINEERING', 'MP-22', 'PLOT NO 4/6 SECTOR NO -10 PCNTDA NEAR VISHWESHWAR CHOWK MIDC BHOSARI ,PUNE', 'PLOT NO 4/6 SECTOR NO -10 PCNTDA NEAR VISHWESHWAR CHOWK MIDC BHOSARI ,PUNE', '45', 'MAHARASTRA', '27AANFK3297J1ZP', 3, '22-11-2022', '8:01:06', '0000-00-00 00:00:00', 0, 'NA', 'AANFK3297J', '27', 'NA', NULL, '27', 'PLOT NO 4/6 SECTOR NO -10 PCNTDA NEAR VISHWESHWAR CHOWK MIDC BHOSARI ,PUNE', 'Bhosari', '411026'),
(23, 'MASS AUTO COMPONENTS', 'MP-23', 'NO. 3/ 133 HOSUR TALLI ROAD BELEAGONDAPALLI VILLAGE & POST DENKSNIKOTTAI TALUK, KRISHNAGIRI (DIS) HOSUR-635114', 'NO. 3/ 133 HOSUR TALLI ROAD BELEAGONDAPALLI VILLAGE & POST DENKSNIKOTTAI TALUK, KRISHNAGIRI (DIS) HOSUR-635114', '45', 'KARNATAKA ', '33AIRPJ1014A1ZZ', 3, '22-11-2022', '8:01:06', '0000-00-00 00:00:00', 0, 'NA', 'AIRPJ1014A', '33', 'NA', NULL, '33', 'NO. 3/ 133 HOSUR TALLI ROAD BELEAGONDAPALLI VILLAGE & POST DENKSNIKOTTAI TALUK, KRISHNAGIRI (DIS) HO', 'Hosur', '635114'),
(24, 'MK INDUSTRY D', 'MP-24', 'S NO 15/3/2 Mhaveernagar Sinhagad Rod Hingane Khurd Pune 411051', 'S NO 15/3/2 Mhaveernagar Sinhagad Rod Hingane Khurd Pune 411051', '45', 'MAHARASTRA', '27ASJPK5431E1ZU', 3, '22-11-2022', '8:01:06', '0000-00-00 00:00:00', 0, 'NA', 'ASJPK5431E', '27', 'NA', NULL, '27', 'S NO 15/3/2 Mhaveernagar Sinhagad Rod Hingane Khurd Pune 411051', 'Chakan', '410501'),
(25, 'NEXON HARNESS PVT LTD', 'MP-25', 'WARE HOUSE GATE NO 96 ,WAGHOLI RAHU ROAD KESNAND PUNE -412207', 'WARE HOUSE GATE NO 96 ,WAGHOLI RAHU ROAD KESNAND PUNE -412207', '45', 'MAHARASTRA', '27AAGCN8465P1ZJ', 3, '22-11-2022', '8:01:06', '0000-00-00 00:00:00', 0, 'NA', 'AAGCN8465P', '27', 'NA', NULL, '27', 'WARE HOUSE GATE NO 96 ,WAGHOLI RAHU ROAD KESNAND PUNE -412207', 'Wagholi', '412207'),
(26, 'PASK INDUSTRIES', 'MP-26', 'PLOT.NO.2 GET NO .444/4 VILLAGE NIGHOJE TALUKA.KHED ,DIST PUNE PUNE 410501', 'PLOT.NO.2 GET NO .444/4 VILLAGE NIGHOJE TALUKA.KHED ,DIST PUNE PUNE 410501', '45', 'MAHARASTRA', '27AYTPK3037C1ZE', 3, '22-11-2022', '8:01:06', '0000-00-00 00:00:00', 0, 'NA', 'AEQPT5791K', '27', 'NA', NULL, '27', 'PLOT.NO.2 GET NO .444/4 VILLAGE NIGHOJE TALUKA.KHED ,DIST PUNE PUNE 410501', 'Chakan', '410501'),
(27, 'R D  ELECTROCIRCUITS PVT LTD', 'MP-27', 'PLOT NO A 16 SOFTWARE TECHNOLOGY PARK MIDC TALAWADE  PUNE MAHARASHTRA', 'PLOT NO A 16 SOFTWARE TECHNOLOGY PARK MIDC TALAWADE  PUNE MAHARASHTRA', '45', 'MAHARASTRA', '27AAECR1800J1ZK', 3, '22-11-2022', '8:01:06', '0000-00-00 00:00:00', 0, 'NA', 'AAECR1800J', '27', 'NA', NULL, '27', 'PLOT NO A 16 SOFTWARE TECHNOLOGY PARK MIDC TALAWADE  PUNE MAHARASHTRA', 'Chikhali', '411062'),
(28, 'SAKTHI PLASTICS', 'MP-28', 'NO 26, RAJESHWARI LAYOUT,BAGAPALLI  POST, SIPCOT 1, HOSUR -635126', 'NO 26, RAJESHWARI LAYOUT,BAGAPALLI  POST, SIPCOT 1, HOSUR -635126', '45', 'KARNATAKA ', '33AECPV6772N1ZT', 3, '22-11-2022', '8:01:06', '0000-00-00 00:00:00', 0, 'NA', 'AECPV6772N', '33', 'NA', NULL, '33', 'NO 26, RAJESHWARI LAYOUT,BAGAPALLI  POST, SIPCOT 1, HOSUR -635126', 'Hosur', '635126'),
(29, 'SAMUDRA ELECTRONIC SYSTEM PVT.LTD', 'MP-29', 'Plot No  .C-2 Baramati Industries Area .MIDC Baramati Maharastra India -413133', 'Plot No  .C-2 Baramati Industries Area .MIDC Baramati Maharastra India -413133', '45', 'MAHARASTRA', '27AACCS6033L1Z6', 3, '22-11-2022', '8:01:06', '0000-00-00 00:00:00', 0, 'NA', 'AACCS6033L', '27', 'NA', NULL, '27', 'Plot No  .C-2 Baramati Industries Area .MIDC Baramati Maharastra India -413133', 'Pimpri Chinchwad', '411033'),
(30, 'SHREE INDUSTRIES', 'MP-30', '278/1941,SANT  TUKARAM NAGAR,PIMPARI PUNE,411018', '278/1941,SANT  TUKARAM NAGAR,PIMPARI PUNE,411018', '45', 'MAHARASTRA', '27CFIPB4037D1ZV', 3, '22-11-2022', '8:01:06', '0000-00-00 00:00:00', 0, 'NA', 'CFIPB4037D', '27', 'NA', NULL, '27', '278/1941,SANT  TUKARAM NAGAR,PIMPARI PUNE,411018', 'Pimpri Chinchwad', '411018'),
(31, 'SUMAN CORPORATION ( SALES )', 'MP-31', 'GROUND  FLOOR GAT NO 1400 SHOP NO 2 SWAPAN NAGAR HO HOUSUING  SOCIETY MOREWASTI CHIKALI PUNE', 'GROUND  FLOOR GAT NO 1400 SHOP NO 2 SWAPAN NAGAR HO HOUSUING  SOCIETY MOREWASTI CHIKALI PUNE', '45', 'MAHARASTRA', '27EZJPM9269R1ZZ', 3, '22-11-2022', '8:01:06', '0000-00-00 00:00:00', 0, 'NA', 'EZJPM9269R', '27', 'NA', NULL, '27', 'GROUND  FLOOR GAT NO 1400 SHOP NO 2 SWAPAN NAGAR HO HOUSUING  SOCIETY MOREWASTI CHIKALI PUNE', 'Chikhali', '411062'),
(32, 'Sun Electrodevices Pvt. Ltd', 'MP-32', 'PLOT NO, D-7 AREA NO 1 M.I.D.C. CHAKAN MHALUNGE PUNE -410501', 'PLOT NO, D-7 AREA NO 1 M.I.D.C. CHAKAN MHALUNGE PUNE -410501', '45', 'MAHARASTRA', '27AANCS2439P1ZL', 3, '22-11-2022', '8:01:06', '0000-00-00 00:00:00', 0, 'NA', 'AANCS2439P', '27', 'NA', NULL, '27', 'PLOT NO, D-7 AREA NO 1 M.I.D.C. CHAKAN MHALUNGE PUNE -410501', 'Chakan', '410501'),
(33, 'TWINNOV TECHNOLOGY PVT LTD', 'MP-33', 'S. NO 188/1 SHRADDHA GRADEN E BUILDING SHOP NO 1 GAWADE COLONY CHINCHWAD PUNE 411033', 'S. NO 188/1 SHRADDHA GRADEN E BUILDING SHOP NO 1 GAWADE COLONY CHINCHWAD PUNE 411033', '45', 'MAHARASTRA', '27AAGCT6817M1ZR', 3, '22-11-2022', '8:01:06', '0000-00-00 00:00:00', 0, 'NA', 'AAGCT6817M', '27', 'NA', NULL, '27', 'S. NO 188/1 SHRADDHA GRADEN E BUILDING SHOP NO 1 GAWADE COLONY CHINCHWAD PUNE 411033', 'Pimpri Chinchwad', '411033'),
(34, 'ULC Auto Engineering', 'MP-34', '624 / 9 Behind Mahalximi Hardware Nashik Rod Chakan', '624 / 9 Behind Mahalximi Hardware Nashik Rod Chakan', '45', 'MAHARASTRA', '27AKVPC3290R1ZA', 3, '22-11-2022', '8:01:06', '0000-00-00 00:00:00', 0, 'NA', 'AKVPC3290R', '27', 'NA', NULL, '27', '624 / 9 Behind Mahalximi Hardware Nashik Rod Chakan', 'Chakan', '410501'),
(35, 'WILLPRO TECHNOLOGIES', 'MP-35', 'KUNAL MARKET FLAT NO 08 C -WING CHAPEKAR CHOWKCHINCHWAD PUNE -411033', 'KUNAL MARKET FLAT NO 08 C -WING CHAPEKAR CHOWKCHINCHWAD PUNE -411033', '45', 'MAHARASTRA', '27ARGPR4401F1ZY', 3, '22-11-2022', '8:01:06', '0000-00-00 00:00:00', 0, 'NA', 'ARGPR4401F', '27', 'NA', NULL, '27', 'KUNAL MARKET FLAT NO 08 C -WING CHAPEKAR CHOWKCHINCHWAD PUNE -411033', 'Pimpri Chinchwad', '411033'),
(36, 'TATA INDIKA', 'MH 12', 'PUNE', 'KOLHAPUR', '70', 'MAHARASHTRA', 'HGF123', 3, '26-02-2024', '05:14:34', '2024-02-26 11:44:34', 0, '4', 'AIMPDQWER12345', '4', '                                                                                                                                                                                ', NULL, '27', 'Chikhali Pune 411019', 'Pune', '411014'),
(37, 'MRF tyers', '123', '3rd lane vikramnagar', 'nr tramboli temple kolhapur', '15', 'Maharashtra', '12345', 3, '26-02-2024', '05:14:51', '2024-02-26 11:44:51', 0, '12', 'fxx123', 'Maharashtra', '                                                                                                                                                                                ', NULL, 'MH-27', 'kolhapur', 'kolhapur', '415401'),
(38, 'TATA MOTORS', '456', '3rd lane vikramnagar', 'nr tramboli temple kolhapur', '30', 'Maharashtra', '987456', 3, '28-02-2024', '04:11:04', '2024-02-28 10:41:04', 0, '15', 'fxx456', 'Maharashtra', '', NULL, 'MH-27', 'kolhapur', 'vikramnagar', '415001'),
(39, 'Hind', 'hd', 'PUNE', 'KOLHAPUR', '60', 'Maharashtra', 'GH1234', 3, '28-02-2024', '04:11:06', '2024-02-28 10:41:06', 0, 'H1', 'AIMPD1234', '27', '', NULL, '27', 'Chikhali Pune 411019', 'Pune', '411014'),
(40, 'PIAGGIO', 'PD', 'NAGAR', 'PUNE', '99', 'Maharashtra', 'HGF', 3, '28-02-2024', '04:12:56', '2024-02-28 10:42:56', 0, 'P12', 'OIJ1234', '27', '', NULL, '27', 'talwade chowk, near sweet mart, plot 122', 'Pune', '411034'),
(41, 'TATA MOTORS', '2369', 'Satara', 'kolhapur', '30', 'Maharashtra', '123789', 3, '01-03-2024', '04:05:41', '2024-03-01 10:35:41', 0, '20', 'FXx67890', 'Maharashtra', '', NULL, '27', 'kolhapur', 'kolhapur', '415001'),
(42, 'Krome Dispense private Limited UNiT 2', 'Dolly 8872788022', 'Village Dhogri, rasulpur raipur , Pathankot Road,Opposite MEX SWITCHGEAR GSTIN Jalandhar', 'Village Dhogri, rasulpur raipur , Pathankot Road,Opposite MEX SWITCHGEAR GSTIN Jalandhar', '15', 'Punjab', '03AAFCK9296A1ZL', 3, '06-03-2024', '05:44:54', '2024-03-06 12:14:54', 0, 'NA', '03AAFCK9296A1ZL', 'Punjab', '                                                                                                                                                                                                                                                                                                                                                                ', NULL, '03', 'Village Dhogri, rasulpur raipur , Pathankot Road,Opposite MEX SWITCHGEAR GSTIN Jalandhar', 'Punjab', '144012'),
(43, 'JBM Auto Limited,', 'AICUST0006', 'MVML VENDOR PARK, PLOT NO.A-1/6, 410501, Pune', 'MVML VENDOR PARK, PLOT NO.A-1/6, 410501, Pune', '45', 'Maharashtra', '27AXXFO12345', 3, '24-04-2024', '02:55:05', '2024-04-24 09:25:05', 0, '12356', 'AKCPC1186F', '27', '', NULL, '27', 'MVML VENDOR PARK, PLOT NO.A-1/6, 410501, Pune', 'pune', '410501');

-- --------------------------------------------------------

--
-- Table structure for table `customer_part`
--

CREATE TABLE `customer_part` (
  `id` int NOT NULL,
  `part_number` varchar(255) NOT NULL,
  `part_description` varchar(200) NOT NULL,
  `customer_id` int NOT NULL,
  `revision_date` varchar(50) DEFAULT NULL,
  `customer_part_id` int DEFAULT NULL,
  `revision_no` varchar(255) DEFAULT NULL,
  `diagram` varchar(50) DEFAULT NULL,
  `model` varchar(50) DEFAULT NULL,
  `part_family` varchar(200) NOT NULL,
  `created_id` int NOT NULL,
  `date` varchar(255) NOT NULL,
  `time` varchar(255) NOT NULL,
  `timestamp` timestamp NOT NULL DEFAULT CURRENT_TIMESTAMP ON UPDATE CURRENT_TIMESTAMP,
  `deleted` int DEFAULT NULL,
  `revision_remark` varchar(100) DEFAULT NULL,
  `hsn_code` varchar(20) DEFAULT NULL,
  `uom` varchar(20) NOT NULL,
  `packaging_qty` int DEFAULT '1',
  `safety_stock` varchar(20) NOT NULL,
  `fg_stock` float NOT NULL,
  `gst_id` int NOT NULL DEFAULT '1',
  `hold_stock` float DEFAULT NULL,
  `grade` varchar(20) DEFAULT NULL,
  `sharing_qty` float DEFAULT NULL,
  `gross_weight` float DEFAULT NULL,
  `finish_weight` float DEFAULT NULL,
  `runner_weight` float DEFAULT NULL,
  `cycyle_time` float DEFAULT NULL,
  `production_target_per_shift` float DEFAULT NULL,
  `rm_grade` text,
  `thickness` float DEFAULT '0',
  `passivationType` varchar(50) DEFAULT NULL,
  `molding_production_qty` int NOT NULL DEFAULT '0',
  `production_rejection` float NOT NULL DEFAULT '0',
  `production_scrap` float NOT NULL DEFAULT '0',
  `semi_finished_location` float NOT NULL,
  `deflashing_assembly_location` float NOT NULL,
  `final_inspection_location` float NOT NULL,
  `type` varchar(20) NOT NULL DEFAULT 'standard_po',
  `customer_parts_master_id` int NOT NULL,
  `isservice` enum('N','Y') NOT NULL DEFAULT 'N'
) ENGINE=InnoDB DEFAULT CHARSET=latin1;

--
-- Dumping data for table `customer_part`
--

INSERT INTO `customer_part` (`id`, `part_number`, `part_description`, `customer_id`, `revision_date`, `customer_part_id`, `revision_no`, `diagram`, `model`, `part_family`, `created_id`, `date`, `time`, `deleted`, `revision_remark`, `hsn_code`, `uom`, `packaging_qty`, `safety_stock`, `fg_stock`, `gst_id`, `hold_stock`, `grade`, `sharing_qty`, `gross_weight`, `finish_weight`, `runner_weight`, `cycyle_time`, `production_target_per_shift`, `rm_grade`, `thickness`, `passivationType`, `molding_production_qty`, `production_rejection`, `production_scrap`, `semi_finished_location`, `deflashing_assembly_location`, `final_inspection_location`, `type`, `customer_parts_master_id`, `isservice`) VALUES
(1, 'MO99369-10', 'B104 HL REFLECTROR (MOULDED )', 1, NULL, NULL, NULL, NULL, NULL, 'NA', 3, '3/1/2023', '11:08:08', NULL, NULL, '85129000', 'Number', 1, '200', 0, 1, NULL, NULL, NULL, 250.3, 247, 3.03, 60, 720, 'PC BLACK 143R', 0, '', 432, 0, 0, 0, 0, 0, 'standard_po', 0, 'N'),
(2, 'MO51263-01', 'B106 G OUTER BEZEL', 1, NULL, NULL, NULL, NULL, NULL, 'NA', 3, '3/1/2023', '11:08:08', NULL, NULL, '85129000', 'Number', 1, '500', 0, 1, NULL, NULL, NULL, 40.23, 40.23, 0, 50, 864, 'ABS EP 200 NATURAL', 0, '', 1338, 0, 0, 0, 0, 0, 'standard_po', 0, 'N'),
(3, 'MO99369-03', 'CALIBER 115/CT100 DLX REF (HSI) W/PL', 1, NULL, NULL, NULL, NULL, NULL, 'NA', 3, '3/1/2023', '11:08:08', NULL, NULL, '85122010', 'Number', 1, '500', 0, 1, NULL, NULL, NULL, 255, 252, 2.94, 60, 720, 'PC BLACK 143R', 0, '', 408, 0, 0, 0, 0, 0, 'standard_po', 0, 'N'),
(4, '94489-00', 'CALIBER BLINKER LENS', 1, NULL, NULL, NULL, NULL, NULL, 'NA', 3, '3/1/2023', '11:08:08', NULL, NULL, '85129000', 'Number', 1, '4480', 0, 1, NULL, NULL, NULL, 16.915, 60.34, 7.26, 44, 982, 'PMMA AMBER ', 0, '', 11429, 0, 0, 0, 0, 0, 'standard_po', 0, 'N'),
(5, '92106-00', 'CALIBER FLH COVER', 1, NULL, NULL, NULL, NULL, NULL, 'NA', 3, '3/1/2023', '11:08:08', NULL, NULL, '85129000', 'Number', 1, '4000', 0, 1, NULL, NULL, NULL, 18.085, 23.72, 12.45, 45, 960, 'PPCP NAT. MI 3530/PPCP NAT./OTHERS', 0, '', 1600, 0, 0, 0, 0, 0, 'standard_po', 0, 'N'),
(6, '92105-00', 'CALIBER FRH COVER', 1, NULL, NULL, NULL, NULL, NULL, 'NA', 3, '3/1/2023', '11:08:08', NULL, NULL, '85129000', 'Number', 1, '4000', 0, 1, NULL, NULL, NULL, 16.85, 23.72, 12.45, 45, 960, 'PPCP NAT. MI 3530/PPCP NAT./OTHERS', 0, '', 1600, 0, 0, 0, 0, 0, 'standard_po', 0, 'N'),
(7, '99983-00', 'CALIBER FLH HOUSING (2/4 & 4/4 )', 1, NULL, NULL, NULL, NULL, NULL, 'NA', 3, '3/1/2023', '11:08:08', NULL, NULL, '85129000', 'Number', 1, '4000', 0, 1, NULL, NULL, NULL, 25.125, 46.1, 4.15, 45, 960, 'PPCP NAT. MI 3530/PPCP NAT./OTHERS', 0, '', 7020, 0, 0, 0, 0, 0, 'standard_po', 0, 'N'),
(8, '99982-00', 'CALIBER FRH HOUSING (1/4 & 3/4)', 1, NULL, NULL, NULL, NULL, NULL, 'NA', 3, '3/1/2023', '11:08:08', NULL, NULL, '85129000', 'Number', 1, '4000', 0, 1, NULL, NULL, NULL, 25.125, 46.1, 4.15, 45, 960, 'PPCP NAT. MI 3530/PPCP NAT./OTHERS', 0, '', 7892, 0, 0, 0, 0, 0, 'standard_po', 0, 'N'),
(9, 'MO99369-01', 'CT100 REF W/O POSITION (MOULDED) (SET2)', 1, NULL, NULL, NULL, NULL, NULL, 'NA', 3, '3/1/2023', '11:08:08', NULL, NULL, '85122010', 'Number', 1, '500', 0, 1, NULL, NULL, NULL, 252.94, 249, 2.94, 60, 720, 'PC BLACK 143R', 0, '', 2529, 0, 0, 0, 0, 0, 'standard_po', 0, 'N'),
(10, '42167-01', 'DRL PCB CAP', 1, NULL, NULL, NULL, NULL, NULL, 'NA', 3, '3/1/2023', '11:08:08', NULL, NULL, '85129000', 'Number', 1, '5000', 0, 1, NULL, NULL, NULL, 0.5015, 0, 0, 21, 2057, 'NYLON6-30%GF BL (TECHNOL-R C218L V30BK', 0, '', 2000, 0, 0, 0, 0, 0, 'standard_po', 0, 'N'),
(11, '53132-01', 'INNER LENS', 1, NULL, NULL, NULL, NULL, NULL, 'NA', 3, '3/1/2023', '11:08:08', NULL, NULL, '85414020', 'Number', 1, '1680', 0, 1, NULL, NULL, NULL, 26.07, 22.88, 3.2, 45, 960, 'PMMA CLEAR', 0, '', 7899, 0, 0, 0, 0, 0, 'standard_po', 0, 'N'),
(12, '52403-01', 'INSULATION PLATE LH', 1, NULL, NULL, NULL, NULL, NULL, 'NA', 3, '3/1/2023', '11:08:08', NULL, NULL, '73181110', 'Number', 1, '2000', 0, 1, NULL, NULL, NULL, 0, 0, 0, 21, 2057, 'PMMA CLEAR', 0, '', 0, 0, 0, 0, 0, 0, 'standard_po', 0, 'N'),
(13, '52403.02', 'INSULATION PLATE RH', 1, NULL, NULL, NULL, NULL, NULL, 'NA', 3, '3/1/2023', '11:08:08', NULL, NULL, '73181110', 'Number', 1, '2000', 0, 1, NULL, NULL, NULL, 0, 0, 0, 21, 2057, 'PMMA CLEAR', 0, '', 0, 0, 0, 0, 0, 0, 'standard_po', 0, 'N'),
(14, '53574-01', 'J1C TL INNER HOUSING', 1, NULL, NULL, NULL, NULL, NULL, 'NA', 3, '3/1/2023', '11:08:08', NULL, NULL, '85122010', 'Number', 1, '3360', 0, 1, NULL, NULL, NULL, 29.72, 58.13, 1.28, 70, 617, 'ABS HI 121 BLACK', 0, '', 5503, 0, 0, 0, 0, 0, 'standard_po', 0, 'N'),
(15, '94771-00', 'J.G.BLINKER INNER LENSE MOULDED', 1, NULL, NULL, NULL, NULL, NULL, 'NA', 3, '3/1/2023', '11:08:08', NULL, NULL, '85129000', 'Number', 1, '15000', 0, 1, NULL, NULL, NULL, 5.84, 14.98, 8.32, 33, 1309, 'PMMA CLEAR', 0, '', 13700, 0, 0, 0, 0, 0, 'standard_po', 0, 'N'),
(16, '61085-36', 'NT- 51 RR BASE', 1, NULL, NULL, NULL, NULL, NULL, 'NA', 3, '3/1/2023', '11:08:08', NULL, NULL, '85122090', 'Number', 1, '2640', 0, 1, NULL, NULL, NULL, 9.74, 17.07, 2.39, 30, 1440, 'ABS HI 121 BLACK', 0, '', 0, 0, 0, 0, 0, 0, 'standard_po', 0, 'N'),
(17, '61085-37', 'NT 51 RR LENS', 1, NULL, NULL, NULL, NULL, NULL, 'NA', 3, '3/1/2023', '11:08:08', NULL, NULL, '85472000', 'Number', 1, '7200', 0, 1, NULL, NULL, NULL, 9.47, 17.21, 1.76, 20, 2160, 'Pmma Gr  876G (Red) of GSFC', 0, '', 0, 0, 0, 0, 0, 0, 'standard_po', 0, 'N'),
(18, 'MO95479-01', 'PULSAR UG3 H/L POSITION REF RH ( MOULDED)', 1, NULL, NULL, NULL, NULL, NULL, 'NA', 3, '3/1/2023', '11:08:08', NULL, NULL, '85122010', 'Number', 1, '5600', 0, 1, NULL, NULL, NULL, 18.5, 26.5, 10.5, 38, 1137, 'PC CLEAR', 0, '', 0, 0, 0, 0, 0, 0, 'standard_po', 0, 'N'),
(19, 'MO95480-01', 'PULSAR UG3 H/L POSTITION REF LH ( MOULDED)', 1, NULL, NULL, NULL, NULL, NULL, 'NA', 3, '3/1/2023', '11:08:08', NULL, NULL, '85122010', 'Number', 1, '5600', 0, 1, NULL, NULL, NULL, 18.5, 26.5, 10.5, 38, 1137, 'PC CLEAR', 0, '', 0, 0, 0, 0, 0, 0, 'standard_po', 0, 'N'),
(20, 'MO99779-00', 'REF 244 BL HSG SHORT ARM FOR FLH & RRH', 1, NULL, NULL, NULL, NULL, NULL, 'NA', 3, '3/1/2023', '11:08:08', NULL, NULL, '85122010', 'Number', 1, '3360', 0, 1, NULL, NULL, NULL, 20, 18.42, 0, 40, 1080, 'PPCP NAT. MI 3530/PPCP NAT./OTHERS', 0, '', 6658, 0, 0, 0, 0, 0, 'standard_po', 0, 'N'),
(21, 'MO99778-00', 'REF 244 BL HSG SHORT ARM FOR FRH & RLH', 1, NULL, NULL, NULL, NULL, NULL, 'NA', 3, '3/1/2023', '11:08:08', NULL, NULL, '85122010', 'Number', 1, '3360', 0, 1, NULL, NULL, NULL, 20, 18.42, 0, 40, 1080, 'PPCP NAT. MI 3530/PPCP NAT./OTHERS', 0, '', 7666, 0, 0, 0, 0, 0, 'standard_po', 0, 'N'),
(22, '57233-01', 'RR BASE', 1, NULL, NULL, NULL, NULL, NULL, 'NA', 3, '3/1/2023', '11:08:08', NULL, NULL, '85129000', 'Number', 1, '6600', 0, 1, NULL, NULL, NULL, 9.74, 17.07, 2.39, 40, 1080, 'ABS HI 121 BLACK', 0, '', 5940, 0, 0, 0, 0, 0, 'standard_po', 0, 'N'),
(23, '57234-01', 'RR LENS', 1, NULL, NULL, NULL, NULL, NULL, 'NA', 3, '3/1/2023', '11:08:08', NULL, NULL, '85129000', 'Number', 1, '7200', 0, 1, NULL, NULL, NULL, 9.47, 17.21, 1.76, 38, 1137, 'Pmma Gr  876G (Red) of GSFC', 0, '', 1440, 0, 0, 0, 0, 0, 'standard_po', 0, 'N'),
(24, '53134-01', 'SMALL BEZEL WITHOUT METALIZING', 1, NULL, NULL, NULL, NULL, NULL, 'NA', 3, '3/1/2023', '11:08:08', NULL, NULL, '85414020', 'Number', 1, '7500', 0, 1, NULL, NULL, NULL, 6.2, 1.72, 0, 30, 1440, 'ABS HI 121 BLACK', 0, '', 1500, 0, 0, 0, 0, 0, 'standard_po', 0, 'N'),
(25, 'BG-3456-01-01', 'CATCH TRAY END  CAP A', 2, NULL, NULL, NULL, NULL, NULL, 'NA', 3, '3/1/2023', '11:08:08', NULL, NULL, '39239090', 'Number', 1, '0', 0, 1, NULL, NULL, NULL, 96.5, 0, 0, 70, 617, 'ABS -312A -FR BLACK', 0, '', 0, 0, 0, 0, 0, 0, 'standard_po', 0, 'N'),
(26, 'BG-3457-01-01', 'CATCH TRAY END  CAP B', 2, NULL, NULL, NULL, NULL, NULL, 'NA', 3, '3/1/2023', '11:08:08', NULL, NULL, '39239090', 'Number', 1, '0', 0, 1, NULL, NULL, NULL, 96.5, 0, 0, 70, 617, 'ABS -312A -FR BLACK', 0, '', 0, 0, 0, 0, 0, 0, 'standard_po', 0, 'N'),
(27, 'BG-4694-01-01', 'CATCH TRAY END CAPS A SPRING CLIPS INLET POF LITE', 2, NULL, NULL, NULL, NULL, NULL, 'NA', 3, '3/1/2023', '11:08:08', NULL, NULL, '39239090', 'Number', 1, '0', 0, 1, NULL, NULL, NULL, 0, 0, 0, 70, 617, 'ABS -312A -FR BLACK', 0, '', 0, 0, 0, 0, 0, 0, 'standard_po', 0, 'N'),
(28, 'BG-4694-01-01', 'CATCH TRAY END CAPS B FOR POF LITE', 2, NULL, NULL, NULL, NULL, NULL, 'NA', 3, '3/1/2023', '11:08:08', NULL, NULL, '39239090', 'Number', 1, '0', 0, 1, NULL, NULL, NULL, 0, 0, 0, 70, 617, 'ABS -312A -FR BLACK', 0, '', 0, 0, 0, 0, 0, 0, 'standard_po', 0, 'N'),
(29, 'BG-2204-55', 'FLI END CAPS', 2, NULL, NULL, NULL, NULL, NULL, 'NA', 3, '3/1/2023', '11:08:08', NULL, NULL, '39231010', 'Number', 1, '0', 0, 1, NULL, NULL, NULL, 78, 73, 5, 60, 720, 'ABS -312A -FR BLACK', 0, '', 84, 0, 0, 0, 0, 0, 'standard_po', 0, 'N'),
(30, 'BG-4839-5O', 'FLI LED RH END CAP  BLACK', 2, NULL, NULL, NULL, NULL, NULL, 'NA', 3, '3/1/2023', '11:08:08', NULL, NULL, '39231010', 'Number', 1, '0', 0, 1, NULL, NULL, NULL, 78, 73, 5, 60, 720, 'ABS -312A -FR BLACK', 0, '', 0, 0, 0, 0, 0, 0, 'standard_po', 0, 'N'),
(31, 'BG-3053-01-01', 'Front/ Real Grill Spacer', 2, NULL, NULL, NULL, NULL, NULL, 'NA', 3, '3/1/2023', '11:08:08', NULL, NULL, '39261099', 'Number', 1, '5000', 0, 1, NULL, NULL, NULL, 0, 0, 0, 20, 2160, 'NYLON 6 PLAIN NATURAL ', 0, '', 2000, 0, 0, 0, 0, 0, 'standard_po', 0, 'N'),
(32, 'BSR 033-000', 'Grommet 12.70 mm', 2, NULL, NULL, NULL, NULL, NULL, 'NA', 3, '3/1/2023', '11:08:08', NULL, NULL, '39261099', 'Number', 1, '5000', 0, 1, NULL, NULL, NULL, 0, 0, 0, 20, 2160, ' NYLON 6 PLAIN BLACK ', 0, '', 0, 0, 0, 0, 0, 0, 'standard_po', 0, 'N'),
(33, 'NO PART NO', 'GROMMET 16 MM', 2, NULL, NULL, NULL, NULL, NULL, 'NA', 3, '3/1/2023', '11:08:08', NULL, NULL, '39261099', 'Number', 1, '5000', 0, 1, NULL, NULL, NULL, 0, 0, 0, 20, 2160, ' NYLON 6 PLAIN BLACK ', 0, '', 0, 0, 0, 0, 0, 0, 'standard_po', 0, 'N'),
(34, 'BG-3578-01 -01', 'Kiling Grill Hv Insulator', 2, NULL, NULL, NULL, NULL, NULL, 'NA', 3, '3/1/2023', '11:08:08', NULL, NULL, '39261099', 'Number', 1, '1000', 0, 1, NULL, NULL, NULL, 0, 0, 0, 35, 1234, 'PC ABS -GN5007FM-PCABS LUPOY BLACK', 0, '', 1500, 0, 0, 0, 0, 0, 'standard_po', 0, 'N'),
(35, '1333-50-02', 'Killing Grill Hv Insulator Bottom', 2, NULL, NULL, NULL, NULL, NULL, 'NA', 3, '3/1/2023', '11:08:08', NULL, NULL, '39261099', 'Number', 1, '1000', 0, 1, NULL, NULL, NULL, 0, 0, 0, 45, 960, 'ABS -312A -FR BLACK', 0, '', 500, 0, 0, 0, 0, 0, 'standard_po', 0, 'N'),
(36, 'BG-4654-50', 'LED CONNECTOR BODY', 2, NULL, NULL, NULL, NULL, NULL, 'NA', 3, '3/1/2023', '11:08:08', NULL, NULL, '39231010', 'Number', 1, '1000', 0, 1, NULL, NULL, NULL, 3.845, 10.96, 4.47, 36, 1200, 'PC ABS -GN5007FM-PCABS LUPOY BLACK', 0, '', 0, 0, 0, 0, 0, 0, 'standard_po', 0, 'N'),
(37, 'BG-4654-51', 'LED CONNECTOR BODY  BLUE', 2, NULL, NULL, NULL, NULL, NULL, 'NA', 3, '3/1/2023', '11:08:08', NULL, NULL, '39231010', 'Number', 1, '1000', 0, 1, NULL, NULL, NULL, 3.845, 10.96, 4.47, 36, 1200, 'PC ABS -FR 3010 BAYBLEND FR 3010 NATURAL', 0, '', 4000, 0, 0, 0, 0, 0, 'standard_po', 0, 'N'),
(38, 'BG-4654-53', 'LED CONNECTOR BODY GREEN', 2, NULL, NULL, NULL, NULL, NULL, 'NA', 3, '3/1/2023', '11:08:08', NULL, NULL, '39231010', 'Number', 1, '1000', 0, 1, NULL, NULL, NULL, 3.845, 10.96, 4.47, 36, 1200, 'PC ABS -FR 3010 BAYBLEND FR 3010 NATURAL', 0, '', 0, 0, 0, 0, 0, 0, 'standard_po', 0, 'N'),
(39, 'BG-4654-52', 'LED CONNECTOR BODY GREY', 2, NULL, NULL, NULL, NULL, NULL, 'NA', 3, '3/1/2023', '11:08:08', NULL, NULL, '39231010', 'Number', 1, '1000', 0, 1, NULL, NULL, NULL, 3.845, 10.96, 4.47, 36, 1200, 'PC ABS -FR 3010 BAYBLEND FR 3010 NATURAL', 0, '', 500, 0, 0, 0, 0, 0, 'standard_po', 0, 'N'),
(40, 'BG-4655-50', 'LED CONNECTOR POST', 2, NULL, NULL, NULL, NULL, NULL, 'NA', 3, '3/1/2023', '11:08:08', NULL, NULL, '39231010', 'Number', 1, '1000', 0, 1, NULL, NULL, NULL, 7.155, 22.24, 6.07, 40, 1080, 'PC ABS -GN5007FM-PCABS LUPOY BLACK', 0, '', 3000, 0, 0, 0, 0, 0, 'standard_po', 0, 'N'),
(41, 'NO PART NO', 'LED-DRBOX -001 -LED DRIVER BOX 7,14,17W', 2, NULL, NULL, NULL, NULL, NULL, 'NA', 3, '3/1/2023', '11:08:08', NULL, NULL, '39239090', 'Number', 1, '1000', 0, 1, NULL, NULL, NULL, 15.48, 26.06, 4.89, 45, 960, 'PC ABS -FR 3010 BAYBLEND FR 3010 NATURAL', 0, '', 0, 0, 0, 0, 0, 0, 'standard_po', 0, 'N'),
(42, 'BG-4652-50', 'LED END CAP (CON)', 2, NULL, NULL, NULL, NULL, NULL, 'NA', 3, '3/1/2023', '11:08:08', NULL, NULL, '39231010', 'Number', 1, '1000', 0, 1, NULL, NULL, NULL, 0, 0, 0, 36, 1200, 'PC ABS -GN5007FM-PCABS LUPOY BLACK', 0, '', 14000, 0, 0, 0, 0, 0, 'standard_po', 0, 'N'),
(43, 'BG-44652-51', 'LED END CAP (CON ) BLUE', 2, NULL, NULL, NULL, NULL, NULL, 'NA', 3, '3/1/2023', '11:08:08', NULL, NULL, '39231010', 'Number', 1, '1000', 0, 1, NULL, NULL, NULL, 0, 0, 0, 36, 1200, 'PC ABS -FR 3010 BAYBLEND FR 3010 NATURAL', 0, '', 0, 0, 0, 0, 0, 0, 'standard_po', 0, 'N'),
(44, 'BG-4652-52', 'LED END CAP CON (GREY )', 2, NULL, NULL, NULL, NULL, NULL, 'NA', 3, '3/1/2023', '11:08:08', NULL, NULL, '39231010', 'Number', 1, '1000', 0, 1, NULL, NULL, NULL, 0, 0, 0, 36, 1200, 'PC ABS -FR 3010 BAYBLEND FR 3010 NATURAL', 0, '', 0, 0, 0, 0, 0, 0, 'standard_po', 0, 'N'),
(45, 'BG-4653-50', 'LED END CAP (RET)', 2, NULL, NULL, NULL, NULL, NULL, 'NA', 3, '3/1/2023', '11:08:08', NULL, NULL, '39231010', 'Number', 1, '1000', 0, 1, NULL, NULL, NULL, 0, 0, 0, 36, 1200, 'PC ABS -GN5007FM-PCABS LUPOY BLACK', 0, '', 0, 0, 0, 0, 0, 0, 'standard_po', 0, 'N'),
(46, 'BG-4657-50', 'LED RETAINER CLIP', 2, NULL, NULL, NULL, NULL, NULL, 'NA', 3, '3/1/2023', '11:08:08', NULL, NULL, '39231010', 'Number', 1, '1000', 0, 1, NULL, NULL, NULL, 0, 0, 0, 30, 1440, 'PC ABS -GN5007FM-PCABS LUPOY BLACK', 0, '', 1000, 0, 0, 0, 0, 0, 'standard_po', 0, 'N'),
(47, 'BG-4656-50', 'LED RETAINER POST', 2, NULL, NULL, NULL, NULL, NULL, 'NA', 3, '3/1/2023', '11:08:08', NULL, NULL, '39231010', 'Number', 1, '1000', 0, 1, NULL, NULL, NULL, 0, 0, 0, 40, 1080, 'PC ABS -GN5007FM-PCABS LUPOY BLACK', 0, '', 7000, 0, 0, 0, 0, 0, 'standard_po', 0, 'N'),
(48, 'BG-4310-01-01', 'METAL RODA BOX KEY', 2, NULL, NULL, NULL, NULL, NULL, 'NA', 3, '3/1/2023', '11:08:08', NULL, NULL, '39231010', 'Number', 1, '1000', 0, 1, NULL, NULL, NULL, 0, 0, 0, 35, 1234, 'PPCP REPROCESS ', 0, '', 0, 0, 0, 0, 0, 0, 'standard_po', 0, 'N'),
(49, 'BG-4308-01-01', 'METAL RODA BOX NUT', 2, NULL, NULL, NULL, NULL, NULL, 'NA', 3, '3/1/2023', '11:08:08', NULL, NULL, '39231010', 'Number', 1, '1000', 0, 1, NULL, NULL, NULL, 0, 0, 0, 80, 540, 'PPCP REPROCESS ', 0, '', 1500, 0, 0, 0, 0, 0, 'standard_po', 0, 'N'),
(50, 'WAM049-000', 'NYLON SHOULDER  WASHER', 2, NULL, NULL, NULL, NULL, NULL, 'NA', 3, '3/1/2023', '11:08:08', NULL, NULL, '39231010', 'Number', 1, '1000', 0, 1, NULL, NULL, NULL, 0, 0, 0, 20, 2160, 'NYLON 6 PLAIN NATURAL ', 0, '', 0, 0, 0, 0, 0, 0, 'standard_po', 0, 'N'),
(51, 'BG-2887-01-0A', 'NYLON SHOULDER WASHER 4.30X6.35X12.00', 2, NULL, NULL, NULL, NULL, NULL, 'NA', 3, '3/1/2023', '11:08:08', NULL, NULL, '39231010', 'Number', 1, '1000', 0, 1, NULL, NULL, NULL, 0, 0, 0, 20, 2160, 'NYLON 6 PLAIN NATURAL ', 0, '', 0, 0, 0, 0, 0, 0, 'standard_po', 0, 'N'),
(52, 'PBS-9115-001', 'PLASTIC BAIT STATION', 2, NULL, NULL, NULL, NULL, NULL, 'NA', 3, '3/1/2023', '11:08:08', NULL, NULL, '39269099', 'Number', 1, '1000', 0, 1, NULL, NULL, NULL, 658, 0, 0, 80, 540, 'PPCP REPROCESS ', 0, '', 0, 0, 0, 0, 0, 0, 'standard_po', 0, 'N'),
(53, 'FST040-001', 'Retainer', 2, NULL, NULL, NULL, NULL, NULL, 'NA', 3, '3/1/2023', '11:08:08', NULL, NULL, '39261099', 'Number', 1, '2000', 0, 1, NULL, NULL, NULL, 0, 0, 0, 25, 1728, 'DURACON M90 -44 NAT.', 0, '', 0, 0, 0, 0, 0, 0, 'standard_po', 0, 'N'),
(54, 'BG-5162-50', 'Retainer Post (COB RING)', 2, NULL, NULL, NULL, NULL, NULL, 'NA', 3, '3/1/2023', '11:08:08', NULL, NULL, '39231010', 'NOS', 1, '2000', 0, 1, NULL, NULL, NULL, 6.015, 18, 6.01, 40, 1080, 'PC ABS -GN5007FM-PCABS LUPOY BLACK', 0, '', 0, 0, 0, 0, 0, 0, 'standard_po', 0, 'Y'),
(55, 'CBA007-000', 'STRAIN RELIEF', 2, NULL, NULL, NULL, NULL, NULL, 'NA', 3, '3/1/2023', '11:08:08', NULL, NULL, '39261099', 'Number', 1, '1000', 0, 1, NULL, NULL, NULL, 0, 0, 0, 30, 1440, 'NYLON 66 PLAIN BLACK ', 0, '', 300, 0, 0, 0, 0, 0, 'standard_po', 0, 'N'),
(56, 'BG-1337-50', 'T2 Top Hv Insulator', 2, NULL, NULL, NULL, NULL, NULL, 'NA', 3, '3/1/2023', '11:08:08', NULL, NULL, '39261099', 'Number', 1, '1000', 0, 1, NULL, NULL, NULL, 0, 0, 0, 50, 864, 'ABS -312A -FR BLACK', 0, '', 0, 0, 0, 0, 0, 0, 'standard_po', 0, 'N'),
(57, 'BG-3442-01-03', 'TOP END CAP -IEC', 2, NULL, NULL, NULL, NULL, NULL, 'NA', 3, '3/1/2023', '11:08:08', NULL, NULL, '39239090', 'Number', 1, '0', 0, 1, NULL, NULL, NULL, 127.5, 0, 0, 70, 617, 'ABS -312A -FR BLACK', 0, '', 0, 0, 0, 0, 0, 0, 'standard_po', 0, 'N'),
(58, 'BG-3443-01-03', 'TOP END CAP -NO IEC', 2, NULL, NULL, NULL, NULL, NULL, 'NA', 3, '3/1/2023', '11:08:08', NULL, NULL, '39239090', 'Number', 1, '0', 0, 1, NULL, NULL, NULL, 127.5, 0, 0, 70, 617, 'ABS -312A -FR BLACK', 0, '', 0, 0, 0, 0, 0, 0, 'standard_po', 0, 'N'),
(59, 'BG-4692-01-01', 'TOP END CAP NO INLET FOR POF LITE', 2, NULL, NULL, NULL, NULL, NULL, 'NA', 3, '3/1/2023', '11:08:08', NULL, NULL, '39239090', 'Number', 1, '0', 0, 1, NULL, NULL, NULL, 0, 0, 0, 60, 720, 'ABS -312A -FR BLACK', 0, '', 0, 0, 0, 0, 0, 0, 'standard_po', 0, 'N'),
(60, 'BG-4691-01-01', 'TOP END CAP WITH INLET FOR POF LITE', 2, NULL, NULL, NULL, NULL, NULL, 'NA', 3, '3/1/2023', '11:08:08', NULL, NULL, '39239090', 'Number', 1, '0', 0, 1, NULL, NULL, NULL, 0, 0, 0, 60, 720, 'ABS -312A -FR BLACK', 0, '', 0, 0, 0, 0, 0, 0, 'standard_po', 0, 'N'),
(61, 'BB-1070-01.MC', 'Top Hv Connector Assy', 2, NULL, NULL, NULL, NULL, NULL, 'NA', 3, '3/1/2023', '11:08:08', NULL, NULL, '39261099', 'Number', 1, '0', 0, 1, NULL, NULL, NULL, 0, 0, 0, 45, 960, 'ABS -312A -FR BLACK', 0, '', 100, 0, 0, 0, 0, 0, 'standard_po', 0, 'N'),
(62, '31141597DG00451', 'Brew Outlet  Locking Piece MFE', 3, NULL, NULL, NULL, NULL, NULL, 'NA', 3, '3/1/2023', '11:08:08', NULL, NULL, '39269099', 'Number', 1, '500', 0, 1, NULL, NULL, NULL, 0, 0, 0, 20, 2160, 'DURACON M90 -44 NAT.', 0, '', 0, 0, 0, 0, 0, 0, 'standard_po', 0, 'N'),
(63, '31141597GD00384', 'COVER LH SENSOR MINIBAR', 3, NULL, NULL, NULL, NULL, NULL, 'NA', 3, '3/1/2023', '11:08:08', NULL, NULL, '39269090', 'Number', 1, '500', 0, 1, NULL, NULL, NULL, 50.295, 48.705, 1.805, 50, 864, 'ABS HI 121 BLACK', 0, '', 50, 0, 0, 0, 0, 0, 'standard_po', 0, 'N'),
(64, '31141597DG00385', 'COVER RH SENSOR MINIBAR', 3, NULL, NULL, NULL, NULL, NULL, 'NA', 3, '3/1/2023', '11:08:08', NULL, NULL, '39269090', 'Number', 1, '500', 0, 1, NULL, NULL, NULL, 50.295, 48.705, 1.805, 50, 864, 'ABS HI 121 BLACK', 0, '', 50, 0, 0, 0, 0, 0, 'standard_po', 0, 'N'),
(65, '31141597DG00545', 'DOOR ECO  STAR ABS', 3, NULL, NULL, NULL, NULL, NULL, 'NA', 3, '3/1/2023', '11:08:08', NULL, NULL, '39269099', 'Number', 1, '500', 0, 1, NULL, NULL, NULL, 840, 0, 0, 85, 508, 'ABS HI 121 BLACK', 0, '', 0, 0, 0, 0, 0, 0, 'standard_po', 0, 'N'),
(66, '31141597DG00547', 'DOOR INNER COVER ECO STAR ABS', 3, NULL, NULL, NULL, NULL, NULL, 'NA', 3, '3/1/2023', '11:08:08', NULL, NULL, '39269099', 'Number', 1, '500', 0, 1, NULL, NULL, NULL, 0, 0, 0, 45, 960, 'ABS HI 121 BLACK', 0, '', 386, 0, 0, 0, 0, 0, 'standard_po', 0, 'N'),
(67, '31141597DG00546', 'DRIP TRAY ECO STAR ABS', 3, NULL, NULL, NULL, NULL, NULL, 'NA', 3, '3/1/2023', '11:08:08', NULL, NULL, '39269099', 'Number', 1, '500', 0, 1, NULL, NULL, NULL, 106, 0, 0, 45, 960, 'ABS HI 121 BLACK', 0, '', 30, 0, 0, 0, 0, 0, 'standard_po', 0, 'N'),
(68, '31141597DG00548', 'DRIP TRAY GRIL ECO STAR ABS', 3, NULL, NULL, NULL, NULL, NULL, 'NA', 3, '3/1/2023', '11:08:08', NULL, NULL, '39269099', 'Number', 1, '500', 0, 1, NULL, NULL, NULL, 51, 0, 0, 45, 960, 'ABS HI 121 BLACK', 0, '', 45, 0, 0, 0, 0, 0, 'standard_po', 0, 'N'),
(69, '31141597DG00027', 'Driver Red Actl 6358810', 3, NULL, NULL, NULL, NULL, NULL, 'NA', 3, '3/1/2023', '11:08:08', NULL, NULL, '39169090', 'Number', 1, '3000', 0, 1, NULL, NULL, NULL, 5, 0, 0, 40, 1080, 'DURACON M90 -44 NAT.', 0, '', 2000, 0, 0, 0, 0, 0, 'standard_po', 0, 'N'),
(70, '31141597DG00391', 'Grill Drip Tray Minibar Black ABS', 3, NULL, NULL, NULL, NULL, NULL, 'NA', 3, '3/1/2023', '11:08:08', NULL, NULL, '84769010', 'Number', 1, '200', 0, 1, NULL, NULL, NULL, 22, 0, 0, 55, 785, 'ABS HI 121 BLACK', 0, '', 0, 0, 0, 0, 0, 0, 'standard_po', 0, 'N'),
(71, '31141597DG00553', 'Hot Water Pipe for 5 Way Brew', 3, NULL, NULL, NULL, NULL, NULL, 'NA', 3, '3/1/2023', '11:08:08', NULL, NULL, '39269000', 'Number', 1, '500', 0, 1, NULL, NULL, NULL, 0, 0, 0, 40, 1080, 'DURACON M90 -44 NAT.', 0, '', 0, 0, 0, 0, 0, 0, 'standard_po', 0, 'N'),
(72, '31141597DG00594', 'Mixer Funnel RMS Black Pp Food Grd', 3, NULL, NULL, NULL, NULL, NULL, 'NA', 3, '3/1/2023', '11:08:08', NULL, NULL, '84807900', 'Number', 1, '200', 0, 1, NULL, NULL, NULL, 41.5, 40, 4, 60, 720, 'DURACON M90 -44 NAT.', 0, '', 40, 0, 0, 0, 0, 0, 'standard_po', 0, 'N'),
(73, '31141597DG00595', 'Mixer Lock Lever RMS Orange POM', 3, NULL, NULL, NULL, NULL, NULL, 'NA', 3, '3/1/2023', '11:08:08', NULL, NULL, '84807900', 'Number', 1, '200', 0, 1, NULL, NULL, NULL, 15.785, 10.73, 10.18, 45, 960, 'DURACON M90 -44 NAT.', 0, '', 0, 0, 0, 0, 0, 0, 'standard_po', 0, 'N'),
(74, '31141597DG00596', 'Mixer Steam Trap RMS Black Pp Food Grd', 3, NULL, NULL, NULL, NULL, NULL, 'NA', 3, '3/1/2023', '11:08:08', NULL, NULL, '84807900', 'Number', 1, '200', 0, 1, NULL, NULL, NULL, 11.07, 0, 0, 45, 960, 'PP H 110 MA', 0, '', 0, 0, 0, 0, 0, 0, 'standard_po', 0, 'N'),
(75, '31141597DG00593', 'Mixer Vane RMS Opt 1 Blck Pp Food Grd', 3, NULL, NULL, NULL, NULL, NULL, 'NA', 3, '3/1/2023', '11:08:08', NULL, NULL, '84807900', 'NOS', 1, '200', 0, 1, NULL, NULL, NULL, 0, 0, 0, 35, 1234, 'DURACON M90 -44 NAT.', 0, '', 0, 0, 0, 0, 0, 0, 'standard_po', 0, 'Y'),
(76, '31141597DG00602', 'Mixer Vane RMS Opt 3 Black Pp Food Grd', 3, NULL, NULL, NULL, NULL, NULL, 'NA', 3, '3/1/2023', '11:08:08', NULL, NULL, '84807900', 'NOS', 1, '200', 0, 1, NULL, NULL, NULL, 0, 0, 0, 35, 1234, 'DURACON M90 -44 NAT.', 0, '', 0, 0, 0, 0, 0, 0, 'standard_po', 0, 'Y'),
(77, '31141597DG00589', 'Motor Mntg Bkt RMS Black Pp Food Grd', 3, NULL, NULL, NULL, NULL, NULL, 'NA', 3, '3/1/2023', '11:08:08', NULL, NULL, '84807900', 'Number', 1, '200', 0, 1, NULL, NULL, NULL, 0, 0, 0, 30, 1440, 'DURACON M90 -44 NAT.', 0, '', 0, 0, 0, 0, 0, 0, 'standard_po', 0, 'N'),
(78, '31141597DG00014', 'Motor Mounting Bracket NMS', 3, NULL, NULL, NULL, NULL, NULL, 'NA', 3, '3/1/2023', '11:08:08', NULL, NULL, '84769010', 'Number', 1, '3000', 0, 1, NULL, NULL, NULL, 15.07, 13.5, 3.02, 40, 1080, 'PP H 110 MA', 0, '', 7731, 0, 0, 0, 0, 0, 'standard_po', 0, 'N'),
(79, '31141597DG00678', 'Outlet Pipe Straight Minifresh\r\n', 3, NULL, NULL, NULL, NULL, NULL, 'NA', 3, '3/1/2023', '11:08:08', NULL, NULL, '39269099', 'Number', 1, '500', 0, 1, NULL, NULL, NULL, 0, 0, 0, 35, 1234, 'DURACON M90 -44 NAT.', 0, '', 0, 0, 0, 0, 0, 0, 'standard_po', 0, 'N'),
(80, '31141597DG00598', 'Reducer ID 3.5 Rms Pp Food Grd', 3, NULL, NULL, NULL, NULL, NULL, 'NA', 3, '3/1/2023', '11:08:08', NULL, NULL, '84807900', 'Number', 1, '500', 0, 1, NULL, NULL, NULL, 0, 0, 0, 35, 1234, 'PP H 110 MA', 0, '', 0, 0, 0, 0, 0, 0, 'standard_po', 0, 'N'),
(81, '31141597DG00590', 'Seperator Wheel RMS Black Pp Food Grd', 3, NULL, NULL, NULL, NULL, NULL, 'NA', 3, '3/1/2023', '11:08:08', NULL, NULL, '84807900', 'Number', 1, '500', 0, 1, NULL, NULL, NULL, 0, 0, 0, 30, 1440, 'PP H 110 MA', 0, '', 0, 0, 0, 0, 0, 0, 'standard_po', 0, 'N'),
(82, '31141597DG00012', 'Steam Trap NMS Black PP Food', 3, NULL, NULL, NULL, NULL, NULL, 'NA', 3, '3/1/2023', '11:08:08', NULL, NULL, '84769010', 'Number', 1, '3000', 0, 1, NULL, NULL, NULL, 11.07, 0, 0, 40, 1080, 'PP H 110 MA', 0, '', 1764, 0, 0, 0, 0, 0, 'standard_po', 0, 'N'),
(83, '31141597DG00597', 'Water Inlet ID3 RMS Black Pp Food Grd', 3, NULL, NULL, NULL, NULL, NULL, 'NA', 3, '3/1/2023', '11:08:08', NULL, NULL, '84807900', 'Number', 1, '500', 0, 1, NULL, NULL, NULL, 9.4075, 7, 9.75, 45, 960, 'DURACON M90 -44 NAT.', 0, '', 0, 0, 0, 0, 0, 0, 'standard_po', 0, 'N'),
(84, '31141597DG00605', 'Water Inlet ID4 RMS Black Pp Food Grd', 3, NULL, NULL, NULL, NULL, NULL, 'NA', 3, '3/1/2023', '11:08:08', NULL, NULL, '84807900', 'Number', 1, '500', 0, 1, NULL, NULL, NULL, 9.4075, 7, 9.75, 45, 960, 'DURACON M90 -44 NAT.', 0, '', 0, 0, 0, 0, 0, 0, 'standard_po', 0, 'N'),
(85, '31141597DG00039', 'WATER INLET PIPE BLACK PP FOOD', 3, NULL, NULL, NULL, NULL, NULL, 'NA', 3, '3/1/2023', '11:08:08', NULL, NULL, '84769010', 'Number', 1, '3000', 0, 1, NULL, NULL, NULL, 5.31, 3.42, 3.67, 40, 1080, 'PP H 110 MA', 0, '', 5000, 0, 0, 0, 0, 0, 'standard_po', 0, 'N'),
(86, '31141597DG00591', 'Whipper Chamber RMS Black POM Black Food Grd', 3, NULL, NULL, NULL, NULL, NULL, 'NA', 3, '3/1/2023', '11:08:08', NULL, NULL, '84807900', 'NOS', 1, '500', 0, 1, NULL, NULL, NULL, 17.52, 11.67, 11.81, 40, 1080, 'DURACON M90 -44 NAT.', 0, '', 0, 0, 0, 0, 0, 0, 'standard_po', 0, 'Y'),
(87, '31141598DG00213', 'LEAD SUPPORT INSULATION PBT', 4, NULL, NULL, NULL, NULL, NULL, 'NA', 3, '3/1/2023', '11:08:08', NULL, NULL, '85479090', 'Number', 1, '3000', 0, 1, NULL, NULL, NULL, 0, 0, 0, 35, 1234, 'PBT NATURAL  T 06 202', 0, '', 6000, 0, 0, 0, 0, 0, 'standard_po', 0, 'N'),
(88, '39121728DG00115', 'LS 14 SLOT INSULATION CONNECTRO SIDE', 4, NULL, NULL, NULL, NULL, NULL, 'NA', 3, '3/1/2023', '11:08:08', NULL, NULL, '85030090', 'Number', 1, '2000', 0, 1, NULL, NULL, NULL, 0, 0, 0, 45, 960, 'NGC 3001 NATURAL (NYLON 6 30 % GF )', 0, '', 1728, 0, 0, 0, 0, 0, 'standard_po', 0, 'N'),
(89, '39121728DG00283', 'LS 14 SLOT INSULATION NON CONNECTOR SIDE', 4, NULL, NULL, NULL, NULL, NULL, 'NA', 3, '3/1/2023', '11:08:08', NULL, NULL, '85479090', 'Number', 1, '2000', 0, 1, NULL, NULL, NULL, 0, 0, 0, 45, 960, 'NGC 3001 NATURAL (NYLON 6 30 % GF )', 0, '', 2016, 0, 0, 0, 0, 0, 'standard_po', 0, 'N'),
(90, '24141701SD00111', 'Packaging Ring OD:105mm', 4, NULL, NULL, NULL, NULL, NULL, 'NA', 3, '3/1/2023', '11:08:08', NULL, NULL, '39231090', 'Number', 1, '1000', 0, 1, NULL, NULL, NULL, 16.34, 14.37, 1.91, 32, 1350, 'PPCP NAT. MI 3530/PPCP NAT./OTHERS', 0, '', 500, 0, 0, 0, 0, 0, 'standard_po', 0, 'N'),
(91, '24141701SD00113', 'Packaging Ring OD:135mm', 4, NULL, NULL, NULL, NULL, NULL, 'NA', 3, '3/1/2023', '11:08:08', NULL, NULL, '39231090', 'Number', 1, '1000', 0, 1, NULL, NULL, NULL, 0, 0, 0, 35, 1234, 'PPCP NAT. MI 3530/PPCP NAT./OTHERS', 0, '', 300, 0, 0, 0, 0, 0, 'standard_po', 0, 'N'),
(92, '24141701SD00114', 'Packaging Ring  OD 183 MM', 4, NULL, NULL, NULL, NULL, NULL, 'NA', 3, '3/1/2023', '11:08:08', NULL, NULL, '39231010', 'Number', 1, '1000', 0, 1, NULL, NULL, NULL, 46, 42, 4, 38, 1137, 'PPCP NAT. MI 3530/PPCP NAT./OTHERS', 0, '', 300, 0, 0, 0, 0, 0, 'standard_po', 0, 'N'),
(93, '39121728DGOO178', 'Slot Insulation Nylo6+30GF Mini BLDC Non Conn Side', 4, NULL, NULL, NULL, NULL, NULL, 'NA', 3, '3/1/2023', '11:08:08', NULL, NULL, '85479090', 'Number', 1, '12000', 0, 1, NULL, NULL, NULL, 43.97, 34.18, 9.8, 38, 1137, 'NGC 3001 NATURAL (NYLON 6 30 % GF )', 0, '', 9672, 0, 0, 0, 0, 0, 'standard_po', 0, 'N'),
(94, '39121728DGOO177', 'Slot Insulation Nylon6+30%Gf.Mini BLDC Conn Side', 4, NULL, NULL, NULL, NULL, NULL, 'NA', 3, '3/1/2023', '11:08:08', NULL, NULL, '85479090', 'Number', 1, '12000', 0, 1, NULL, NULL, NULL, 43.97, 34.18, 9.8, 38, 1137, 'NGC 3001 NATURAL (NYLON 6 30 % GF )', 0, '', 12053, 0, 0, 0, 0, 0, 'standard_po', 0, 'N'),
(95, '31141598DG00149', 'Terminal Covering Cap Plastic', 4, NULL, NULL, NULL, NULL, NULL, 'NA', 3, '3/1/2023', '11:08:08', NULL, NULL, '85030090', 'Number', 1, '2000', 0, 1, NULL, NULL, NULL, 0, 0, 0, 22, 1964, 'NGC 3001 NATURAL (NYLON 6 30 % GF )', 0, '', 4000, 0, 0, 0, 0, 0, 'standard_po', 0, 'N'),
(96, 'PL0209', 'Base MBCS Compact (Oval holes)\r\n', 5, NULL, NULL, NULL, NULL, NULL, 'NA', 3, '3/1/2023', '11:08:08', NULL, NULL, '85332929', 'NOS', 1, '1000', 0, 1, NULL, NULL, NULL, 0, 0, 0, 40, 1080, 'NGC 3001 NATURAL (NYLON 6 30 % GF )', 0, '', 0, 0, 0, 0, 0, 0, 'standard_po', 0, 'Y'),
(97, 'PL0188', 'EAL Base NESS\r\n', 5, NULL, NULL, NULL, NULL, NULL, 'NA', 3, '3/1/2023', '11:08:08', NULL, NULL, '85332929', 'NOS', 1, '1000', 0, 1, NULL, NULL, NULL, 0, 0, 0, 25, 1728, 'NGC 3001 NATURAL (NYLON 6 30 % GF ) ', 0, '', 0, 0, 0, 0, 0, 0, 'standard_po', 0, 'Y'),
(98, 'PL0189', 'EAL-NESS Base Reservior\r\n', 5, NULL, NULL, NULL, NULL, NULL, 'NA', 3, '3/1/2023', '11:08:08', NULL, NULL, '85332929', 'NOS', 1, '1000', 0, 1, NULL, NULL, NULL, 0, 0, 0, 25, 1728, 'NGC 3001 NATURAL (NYLON 6 30 % GF ) ', 0, '', 0, 0, 0, 0, 0, 0, 'standard_po', 0, 'Y'),
(99, 'PL0159', 'HANDLE  COVER MBCS COMPACT', 5, NULL, NULL, NULL, NULL, NULL, 'NA', 3, '3/1/2023', '11:08:08', NULL, NULL, '39269099', 'NOS', 1, '1000', 0, 1, NULL, NULL, NULL, 0, 0, 0, 60, 720, 'NGC 3001 NATURAL (NYLON 6 30 % GF ) ', 0, '', 2000, 0, 0, 0, 0, 0, 'standard_po', 0, 'Y'),
(100, 'PL0158', 'HANDLE MBCS COMPACT', 5, NULL, NULL, NULL, NULL, NULL, 'NA', 3, '3/1/2023', '11:08:08', NULL, NULL, '39269099', 'NOS', 1, '1000', 0, 1, NULL, NULL, NULL, 0, 0, 0, 40, 1080, 'NGC 3001 NATURAL (NYLON 6 30 % GF ) ', 0, '', 600, 0, 0, 0, 0, 0, 'standard_po', 0, 'Y'),
(101, 'PL0032', 'Housing BCI', 5, NULL, NULL, NULL, NULL, NULL, 'NA', 3, '3/1/2023', '11:08:08', NULL, NULL, '87089900', 'NOS', 1, '1000', 0, 1, NULL, NULL, NULL, 0, 0, 0, 35, 1234, 'NYLON 66 PLAIN BLACK ', 0, '', 3000, 0, 0, 0, 0, 0, 'standard_po', 0, 'Y'),
(102, 'PL0196', 'Housing Hazard Switch (POPO)\r\n', 5, NULL, NULL, NULL, NULL, NULL, 'NA', 3, '3/1/2023', '11:08:08', NULL, NULL, '85365090', 'NOS', 1, '1000', 0, 1, NULL, NULL, NULL, 0, 0, 0, 40, 1080, 'ABS HI 121 BLACK', 0, '', 0, 0, 0, 0, 0, 0, 'standard_po', 0, 'Y'),
(103, 'PL0137', 'INSULATING PIPE MBCS', 5, NULL, NULL, NULL, NULL, NULL, 'NA', 3, '3/1/2023', '11:08:08', NULL, NULL, '87089900', 'NOS', 1, '1000', 0, 1, NULL, NULL, NULL, 1.975, 3, 0.95, 35, 1234, 'NGC 3001 NATURAL (NYLON 6 30 % GF ) ', 0, '', 1000, 0, 0, 0, 0, 0, 'standard_po', 0, 'Y'),
(104, 'PL0198', 'KNOB COVER\r\n', 5, NULL, NULL, NULL, NULL, NULL, 'NA', 3, '3/1/2023', '11:08:08', NULL, NULL, '85365090', 'NOS', 1, '1000', 0, 1, NULL, NULL, NULL, 0, 0, 0, 30, 1440, 'DURACON M90 -44 NAT.', 0, '', 0, 0, 0, 0, 0, 0, 'standard_po', 0, 'Y'),
(105, 'PL0126', 'MOR BOX', 5, NULL, NULL, NULL, NULL, NULL, 'NA', 3, '3/1/2023', '11:08:08', NULL, NULL, '87089900', 'NOS', 1, '1000', 0, 1, NULL, NULL, NULL, 166.4, 162.41, 3.88, 60, 720, 'NGC 3001 NATURAL (NYLON 6 30 % GF ) ', 0, '', 400, 0, 0, 0, 0, 0, 'standard_po', 0, 'Y'),
(106, 'PL0127', 'MOR COVER', 5, NULL, NULL, NULL, NULL, NULL, 'NA', 3, '3/1/2023', '11:08:08', NULL, NULL, '87089900', 'NOS', 1, '1000', 0, 1, NULL, NULL, NULL, 20.34, 18.78, 1.54, 40, 1080, 'NGC 3001 NATURAL (NYLON 6 30 % GF ) ', 0, '', 2326, 0, 0, 0, 0, 0, 'standard_po', 0, 'Y'),
(107, 'PL0165', 'New Gen Dummy Switch Plunger', 5, NULL, NULL, NULL, NULL, NULL, 'NA', 3, '3/1/2023', '11:08:08', NULL, NULL, '87089900', 'NOS', 1, '5000', 0, 1, NULL, NULL, NULL, 1.305, 3.69, 1.51, 25, 1728, 'DURACON M90 -44 NAT.', 0, '', 5000, 0, 0, 0, 0, 0, 'standard_po', 0, 'Y'),
(108, 'PL0051', 'PKS PLUNGER', 5, NULL, NULL, NULL, NULL, NULL, 'NA', 3, '3/1/2023', '11:08:08', NULL, NULL, '39269099', 'NOS', 1, '2000', 0, 1, NULL, NULL, NULL, 0.515, 0.19, 0.82, 20, 2160, 'DURACON M90 -44 NAT.', 0, '', 0, 0, 0, 0, 0, 0, 'standard_po', 0, 'Y'),
(109, 'PL0210', 'PL0210 BUSH MBCS COMPACT\r\n', 5, NULL, NULL, NULL, NULL, NULL, 'NA', 3, '3/1/2023', '11:08:08', NULL, NULL, '85332929', 'NOS', 1, '1000', 0, 1, NULL, NULL, NULL, 0, 0, 0, 40, 1080, 'NGC 3001 NATURAL (NYLON 6 30 % GF ) ', 0, '', 2000, 0, 0, 0, 0, 0, 'standard_po', 0, 'Y'),
(110, 'PL0211', 'PL0211 SPACER MBCS COMPACT\r\n', 5, NULL, NULL, NULL, NULL, NULL, 'NA', 3, '3/1/2023', '11:08:08', NULL, NULL, '85332929', 'NOS', 1, '1000', 0, 1, NULL, NULL, NULL, 0, 0, 0, 40, 1080, 'NGC 3001 NATURAL (NYLON 6 30 % GF ) ', 0, '', 2000, 0, 0, 0, 0, 0, 'standard_po', 0, 'Y'),
(111, 'PL0218', 'PL0218 :: Hazard Cap\r\n', 5, NULL, NULL, NULL, NULL, NULL, 'NA', 3, '3/1/2023', '11:08:08', NULL, NULL, '85365090', 'NOS', 1, '1000', 0, 1, NULL, NULL, NULL, 0, 0, 0, 38, 1137, 'PC CLEAR', 0, '', 0, 0, 0, 0, 0, 0, 'standard_po', 0, 'Y'),
(112, 'PL0187', 'Plunger-EAL NESS\r\n', 5, NULL, NULL, NULL, NULL, NULL, 'NA', 3, '3/1/2023', '11:08:08', NULL, NULL, '85332929', 'NOS', 1, '1000', 0, 1, NULL, NULL, NULL, 0, 0, 0, 35, 1234, 'DURACON M90 -44 NAT.', 0, '', 0, 0, 0, 0, 0, 0, 'standard_po', 0, 'Y'),
(113, 'PL0175', 'PLUNGER NESS', 5, NULL, NULL, NULL, NULL, NULL, 'NA', 3, '3/1/2023', '11:08:08', NULL, NULL, '39269099', 'NOS', 1, '1000', 0, 1, NULL, NULL, NULL, 0, 0, 0, 35, 1234, 'DURACON M90 -44 NAT.', 0, '', 0, 0, 0, 0, 0, 0, 'standard_po', 0, 'Y'),
(114, 'PL0197-W', 'POPO CAP (White)\r\n', 5, NULL, NULL, NULL, NULL, NULL, 'NA', 3, '3/1/2023', '11:08:08', NULL, NULL, '85365090', 'NOS', 1, '1000', 0, 1, NULL, NULL, NULL, 0, 0, 0, 30, 1440, 'PC CLEAR', 0, '', 0, 0, 0, 0, 0, 0, 'standard_po', 0, 'Y'),
(115, 'PL0181', 'Push Plunger-EAL NESS\r\n', 5, NULL, NULL, NULL, NULL, NULL, 'NA', 3, '3/1/2023', '11:08:08', NULL, NULL, '85332929', 'NOS', 1, '1000', 0, 1, NULL, NULL, NULL, 0, 0, 0, 30, 1440, 'DURACON M90 -44 NAT.', 0, '', 0, 0, 0, 0, 0, 0, 'standard_po', 0, 'Y'),
(116, 'PL0174', 'PUSH PLUNGER NESS', 5, NULL, NULL, NULL, NULL, NULL, 'NA', 3, '3/1/2023', '11:08:08', NULL, NULL, '39269099', 'NOS', 1, '1000', 0, 1, NULL, NULL, NULL, 0, 0, 0, 30, 1440, 'DURACON M90 -44 NAT.', 0, '', 0, 0, 0, 0, 0, 0, 'standard_po', 0, 'Y'),
(117, 'PL0144-EXP', 'RESERVOIR', 5, NULL, NULL, NULL, NULL, NULL, 'NA', 3, '3/1/2023', '11:08:08', NULL, NULL, '39269099', 'NOS', 1, '1000', 0, 1, NULL, NULL, NULL, 2.84, 4.52, 1.08, 30, 1440, 'NGC 3001 NATURAL (NYLON 6 30 % GF ) ', 0, '', 3000, 0, 0, 0, 0, 0, 'standard_po', 0, 'Y'),
(118, 'PL0173', 'USB CHARGER HOUSING( ROUND)', 5, NULL, NULL, NULL, NULL, NULL, 'NA', 3, '3/1/2023', '11:08:08', NULL, NULL, '39269099', 'NOS', 1, '1000', 0, 1, NULL, NULL, NULL, 4.695, 8.07, 1.28, 38, 1137, 'NGC 3001 NATURAL (NYLON 6 30 % GF ) ', 0, '', 1000, 0, 0, 0, 0, 0, 'standard_po', 0, 'Y'),
(119, '42111', '2 HOLE HOLE GROMMET (H-105 BLINKER NPL )', 6, NULL, NULL, NULL, NULL, NULL, 'NA', 3, '3/1/2023', '11:08:08', NULL, NULL, '85122093', 'Number', 1, '5000', 0, 1, NULL, NULL, NULL, 2.12, 2.64, 1.6, 25, 1728, 'TPE-45-50 SHORE A HARDNESS COLOUR BLACK', 0, '', 13165, 0, 0, 0, 0, 0, 'standard_po', 0, 'N'),
(120, '42236-01', '3 HOLE GROMMET  ( U-129 TL )', 6, NULL, NULL, NULL, NULL, NULL, 'NA', 3, '3/1/2023', '11:08:08', NULL, NULL, '85122093', 'Number', 1, '5000', 0, 1, NULL, NULL, NULL, 3.425, 4.76, 2.1, 40, 1080, 'TPE-30-35 SHORE A HARDNESS COLOUR BLACK', 0, '', 6500, 0, 0, 0, 0, 0, 'standard_po', 0, 'N'),
(121, '42177.01', '3 HOLE ,TPE GROMMET U-362', 6, NULL, NULL, NULL, NULL, NULL, 'SWITCH', 3, '3/1/2023', '11:08:08', NULL, NULL, '85122093', 'NOS', 1, '15000', 0, 1, NULL, NULL, NULL, 2.8, 2.8, 1.7, 45, 3840, 'TPE-45-50 SHORE A HARDNESS COLOUR BLACK', NULL, NULL, 26628, 0, 0, 0, 0, 2276, 'standard_po', 0, 'N'),
(122, '42213-01', '4 Hole Grommet Black (U-324HL )', 6, NULL, NULL, NULL, NULL, NULL, 'NA', 3, '3/1/2023', '11:08:08', NULL, NULL, '85122093', 'Number', 1, '10000', 0, 1, NULL, NULL, NULL, 3.37, 5.3, 1.42, 40, 1080, 'TPE-45-50 SHORE A HARDNESS COLOUR BLACK', 0, '', 5805, 0, 0, 0, 0, 0, 'standard_po', 0, 'N'),
(123, '42151-01', '5 Hole Grommet (D-104HL)', 6, NULL, NULL, NULL, NULL, NULL, 'NA', 3, '3/1/2023', '11:08:08', NULL, NULL, '85122093', 'Number', 1, '10000', 0, 1, NULL, NULL, NULL, 3.865, 6.37, 1.36, 35, 1234, 'TPE-30-35 SHORE A HARDNESS COLOUR BLACK', 0, '', 25502, 0, 0, 0, 0, 0, 'standard_po', 0, 'N'),
(124, '42236-02', '5 HOLE GROMMET (U-377HL )', 6, NULL, NULL, NULL, NULL, NULL, 'NA', 3, '3/1/2023', '11:08:08', NULL, NULL, '85122093', 'Number', 1, '10000', 0, 1, NULL, NULL, NULL, 8.025, 26.4, 5.7, 42, 1029, 'TPE-30-35 SHORE A HARDNESS COLOUR BLACK', 0, '', 10225, 0, 0, 0, 0, 0, 'standard_po', 0, 'N'),
(125, '57085-01', 'HOUSING BASE FOR J1D NPL', 7, NULL, NULL, NULL, NULL, NULL, 'NA', 3, '3/1/2023', '11:08:08', NULL, NULL, '85414020', 'Number', 1, '7000', 0, 1, NULL, NULL, NULL, 7.28, 13.76, 0.79, 45, 960, 'ABS HI 121 BLACK', 0, '', 3300, 0, 0, 0, 0, 0, 'standard_po', 0, 'N'),
(126, 'NO PART NO', 'MECH, BASE COMPLETE FOR NPL PCB', 8, NULL, NULL, NULL, NULL, NULL, 'NA', 3, '3/1/2023', '11:08:08', NULL, NULL, '7318', 'Number', 1, '5000', 0, 1, NULL, NULL, NULL, 7.28, 13.76, 0.79, 45, 960, 'ABS HI 121 BLACK', 0, '', 0, 0, 0, 0, 0, 0, 'standard_po', 0, 'N'),
(127, 'NO PART NO', 'BOX /BOTTOM/PLASTIC WHITE/122.5X36X28MM NYLON 6 30%', 9, NULL, NULL, NULL, NULL, NULL, 'NA', 3, '3/1/2023', '11:08:08', NULL, NULL, '39231010', 'Number', 1, '2000', 0, 1, NULL, NULL, NULL, 34.17, 28.37, 5.8, 40, 1080, 'NGC 3001 NATURAL (NYLON 6 30 % GF )', 0, '', 0, 0, 0, 0, 0, 0, 'standard_po', 0, 'N'),
(128, 'NO PART NO', 'BOX/ PLASTICS BOX /BLDC C TYP DRIVER  TOP PLATE', 9, NULL, NULL, NULL, NULL, NULL, 'NA', 3, '3/1/2023', '11:08:08', NULL, NULL, '39231010', 'Number', 1, '500', 0, 1, NULL, NULL, NULL, 11.29, 18.85, 3.69, 35, 1234, 'POLYCARBONATE 2407 010035 WHITE', 0, '', 0, 0, 0, 0, 0, 0, 'standard_po', 0, 'N'),
(129, 'NO PART NO', 'BOX/ PLASTICS BOX /BLDC C TYP DRIVER BOTTOM PLATE ', 9, NULL, NULL, NULL, NULL, NULL, 'NA', 3, '3/1/2023', '11:08:08', NULL, NULL, '39231010', 'Number', 1, '500', 0, 1, NULL, NULL, NULL, 15.77, 28.45, 3.04, 35, 1234, 'POLYCARBONATE 2407 010035 WHITE', 0, '', 0, 0, 0, 0, 0, 0, 'standard_po', 0, 'N'),
(130, 'NO PART NO', 'LED/CROMPTON/ORBITER/BOTTOM/158X30.2MM', 9, NULL, NULL, NULL, NULL, NULL, 'NA', 3, '3/1/2023', '11:08:08', NULL, NULL, '39231010', 'Number', 1, '500', 0, 1, NULL, NULL, NULL, 88, 85, 3, 48, 900, 'POLYCARBONATE 2407 010035 WHITE', 0, '', 0, 0, 0, 0, 0, 0, 'standard_po', 0, 'N'),
(131, 'NO PART NO', 'LED/CROMPTON/ORBITER/DIFFIUSER/155X19MM', 9, NULL, NULL, NULL, NULL, NULL, 'NA', 3, '3/1/2023', '11:08:08', NULL, NULL, '39231010', 'Number', 1, '500', 0, 1, NULL, NULL, NULL, 60, 56, 4.63, 40, 1080, 'POLYCARBONATE 2405  021630', 0, '', 0, 0, 0, 0, 0, 0, 'standard_po', 0, 'N'),
(132, '42183-01', 'K03 5 HOLE GROMMET', 10, NULL, NULL, NULL, NULL, NULL, 'NA', 3, '3/1/2023', '11:08:08', NULL, NULL, '82073000', 'NOS', 1, '3000', 0, 1, NULL, NULL, NULL, 5.55, 7.43, 3.71, 48, 900, 'TPE-45-50 SHORE A HARDNESS COLOUR BLACK', 0, '', 3000, 0, 0, 0, 0, 0, 'standard_po', 0, 'Y'),
(133, '99319-01', 'H11,ADAPTOR-IMPORTED', 11, NULL, NULL, NULL, NULL, NULL, 'NA', 3, '3/1/2023', '11:08:08', NULL, NULL, '85129000', 'Number', 1, '1500', 0, 1, NULL, NULL, NULL, 25.73, 23.83, 1.9, 35, 1234, 'NGC 3001 NATURAL (NYLON 6 30 % GF )', 0, '', 2000, 0, 0, 0, 0, 0, 'standard_po', 0, 'N'),
(134, 'RM-PLA-00008', 'Delrin Cover Black', 12, NULL, NULL, NULL, NULL, NULL, 'NA', 3, '3/1/2023', '11:08:08', NULL, NULL, '9988', 'Number', 1, '100000', 0, 1, NULL, NULL, NULL, 0, 0, 0, 13, 3323, 'DURACON M90 -44 NAT.', 0, '', 0, 0, 0, 0, 0, 0, 'standard_po', 0, 'N'),
(135, 'CRM-PLA-00039', 'Delrin Cover White', 12, NULL, NULL, NULL, NULL, NULL, 'NA', 3, '3/1/2023', '11:08:08', NULL, NULL, '9988', 'Number', 1, '100000', 0, 1, NULL, NULL, NULL, 0, 0, 0, 13, 3323, 'DURACON M90 -44 NAT.', 0, '', 10000, 0, 0, 0, 0, 0, 'standard_po', 0, 'N'),
(136, 'NO PART NO', '100 MM RING', 13, NULL, NULL, NULL, NULL, NULL, 'NA', 3, '3/1/2023', '11:08:08', NULL, NULL, '8480', 'Number', 1, '0', 0, 1, NULL, NULL, NULL, 0, 0, 0, 50, 864, 'PP H 110 MA', 0, '', 0, 0, 0, 0, 0, 0, 'standard_po', 0, 'N'),
(137, 'NO PART NO', '125 MM RING', 13, NULL, NULL, NULL, NULL, NULL, 'NA', 3, '3/1/2023', '11:08:08', NULL, NULL, '8480', 'Number', 1, '0', 0, 1, NULL, NULL, NULL, 0, 0, 0, 60, 720, 'PP H 110 MA', 0, '', 0, 0, 0, 0, 0, 0, 'standard_po', 0, 'N'),
(138, 'NO PART NO', '150 MM RING', 13, NULL, NULL, NULL, NULL, NULL, 'NA', 3, '3/1/2023', '11:08:08', NULL, NULL, '8480', 'Number', 1, '0', 0, 1, NULL, NULL, NULL, 0, 0, 0, 80, 540, 'PP H 110 MA', 0, '', 0, 0, 0, 0, 0, 0, 'standard_po', 0, 'N'),
(139, 'NO PART NO', '80 MM RING', 13, NULL, NULL, NULL, NULL, NULL, 'NA', 3, '3/1/2023', '11:08:08', NULL, NULL, '8480', 'Number', 1, '0', 0, 1, NULL, NULL, NULL, 0, 0, 0, 45, 960, 'PP H 110 MA', 0, '', 0, 0, 0, 0, 0, 0, 'standard_po', 0, 'N'),
(140, 'NO PART NO', 'RING 50', 13, NULL, NULL, NULL, NULL, NULL, 'NA', 3, '3/1/2023', '11:08:08', NULL, NULL, '8480', 'Number', 1, '0', 0, 1, NULL, NULL, NULL, 0, 0, 0, 150, 288, 'PP H 110 MA', 0, '', 0, 0, 0, 0, 0, 0, 'standard_po', 0, 'N'),
(141, 'NO PART NO', 'RING 60', 13, NULL, NULL, NULL, NULL, NULL, 'NA', 3, '3/1/2023', '11:08:08', NULL, NULL, '8480', 'Number', 1, '0', 0, 1, NULL, NULL, NULL, 0, 0, 0, 150, 288, 'PP H 110 MA', 0, '', 0, 0, 0, 0, 0, 0, 'standard_po', 0, 'N'),
(142, '57238-01', 'H107 BASE LH', 1, NULL, NULL, NULL, NULL, NULL, 'NA', 3, '11/1/2023', '5:34:42', NULL, '', '85129000', 'Number', 1, '2000', 0, 1, NULL, NULL, NULL, 13.495, 11.18, 2.315, 50, 864, 'ABS HI121', 0, '', 0, 0, 0, 0, 0, 0, 'standard_po', 0, 'N'),
(143, '57238-02', 'H107 RR BASE RH', 1, NULL, NULL, NULL, NULL, NULL, 'NA', 3, '11/1/2023', '5:39:42', NULL, '', '85129000', 'Number', 1, '2000', 0, 1, NULL, NULL, NULL, 13.495, 11.18, 2.315, 50, 864, 'ABS HI 121', 0, '', 0, 0, 0, 0, 0, 0, 'standard_po', 0, 'N'),
(144, '57237-01', 'H107 RED LENSE LH', 1, NULL, NULL, NULL, NULL, NULL, 'NA', 3, '11/1/2023', '5:46:10', NULL, '', '85129000', 'Number', 1, '2000', 0, 1, NULL, NULL, NULL, 9.98, 6.44, 2.54, 45, 960, 'PMMA RED IH830A', 0, '', 1200, 0, 0, 0, 0, 0, 'standard_po', 0, 'N'),
(145, '57237-02', 'H107 RED LENSE RH', 1, NULL, NULL, NULL, NULL, NULL, 'NA', 3, '11/1/2023', '5:47:44', NULL, '', '85129000', 'Number', 1, '2000', 0, 1, NULL, NULL, NULL, 9.98, 6.44, 2.54, 45, 960, 'PMMA RED IH830A', 0, '', 254, 0, 0, 0, 0, 946, 'standard_po', 0, 'N'),
(146, '51465-01', 'H107 REFLEX REFLECTOR', 1, NULL, NULL, NULL, NULL, NULL, 'NA', 3, '11/1/2023', '5:52:18', NULL, '', '85129000', 'Number', 1, '2000', 0, 1, NULL, NULL, NULL, 8.065, 5.18, 2.885, 37, 1167, 'PMMA CLEAR IH830A', 0, '', 0, 0, 0, 0, 0, 0, 'standard_po', 0, 'N'),
(147, 'PL0267', 'BRAKE SWITCH HOUSING', 5, NULL, NULL, NULL, NULL, NULL, 'NA', 3, '11/1/2023', '6:05:16', NULL, '', '87089900', 'NOS', 1, '500', 0, 1, NULL, NULL, NULL, 7.93, 5.75, 2.18, 35, 1234, 'PBT NATURAL', 0, '', 0, 0, 0, 0, 0, 0, 'standard_po', 0, 'Y'),
(148, 'PL0268', 'BRAKE SWITCH SPRING HOLDER', 5, NULL, NULL, NULL, NULL, NULL, 'NA', 3, '11/1/2023', '6:07:05', NULL, '', '87089900', 'NOS', 1, '500', 0, 1, NULL, NULL, NULL, 4.14, 2, 2.2, 30, 1440, 'POM M90 NATURAL', 0, '', 0, 0, 0, 0, 0, 0, 'standard_po', 0, 'Y'),
(149, 'no part number ', 'BOX/ PLASTICS BOX /BLDC C TYP DRIVER / 105X50.9X21.', 9, NULL, NULL, NULL, NULL, NULL, 'NA', 3, '5/2/2023', '5:57:06', NULL, '', '39231010', 'Number', 1, '2000', 0, 1, NULL, NULL, NULL, 1, 1, 1, 1, 1, 'polycarbonate 2407', 0, '', 0, 0, 0, 0, 0, 0, 'standard_po', 0, 'N'),
(150, 'PL0222', 'CAP REVERSE BEEPER', 5, NULL, NULL, NULL, NULL, NULL, 'NA', 3, '10/2/2023', '12:04:29', NULL, '', '87089900', 'NOS', 1, '2000', 0, 1, NULL, NULL, NULL, 0, 0, 0, 0, 0, 'DURECON POM M 90-44', 0, '', 0, 0, 0, 0, 0, 0, 'standard_po', 0, 'Y'),
(151, 'PL0223', 'BASE REVERSE BEEPER ', 5, NULL, NULL, NULL, NULL, NULL, 'NA', 3, '10/2/2023', '12:05:26', NULL, '', '87089900', 'NOS', 1, '2000', 0, 1, NULL, NULL, NULL, 0, 0, 0, 0, 0, 'DURECON POM M 90-44', 0, '', 0, 0, 0, 0, 0, 0, 'standard_po', 0, 'Y'),
(152, 'PL0224', 'BASE COVER  REVERSE BEEPER ', 5, NULL, NULL, NULL, NULL, NULL, 'NA', 3, '10/2/2023', '12:06:15', NULL, '', '87089900', 'NOS', 1, '2000', 0, 1, NULL, NULL, NULL, 0, 0, 0, 0, 0, 'DURECON POM M 90-44', 0, '', 0, 0, 0, 0, 0, 0, 'standard_po', 0, 'Y'),
(153, 'PL0147', 'BASE PTO SWITCH LAMP', 5, NULL, NULL, NULL, NULL, NULL, 'NA', 3, '10/2/2023', '12:07:16', NULL, '', '87089900', 'NOS', 1, '2000', 0, 1, NULL, NULL, NULL, 0, 0, 0, 0, 0, 'DURECON POM M 90-44', 0, '', 0, 0, 0, 0, 0, 0, 'standard_po', 0, 'Y'),
(154, '90494-47', 'NT 51 TL OPTICAL GUIDE MOULDED P', 1, NULL, NULL, NULL, NULL, NULL, 'NA', 3, '25-02-2023', '11:19:56', NULL, '', '85122010', 'NOS', 1, '840', 0, 1, NULL, NULL, NULL, 0, 0, 0, 50, 864, 'PMMA CLEAR', 0, '', 0, 0, 0, 0, 0, 0, 'standard_po', 0, 'Y'),
(155, 'KRONOS BASE', 'KRONOS BASE', 30, NULL, NULL, NULL, NULL, NULL, 'NA', 3, '25-02-2023', '11:23:52', NULL, '', '39239090', 'NOS', 1, '500', 0, 1, NULL, NULL, NULL, 0, 0, 0, 0, 0, '0', 0, '', 0, 0, 0, 0, 0, 0, 'standard_po', 0, 'Y'),
(156, 'COVER SCREEN ', 'COVER SCREEN ', 30, NULL, NULL, NULL, NULL, NULL, 'NA', 3, '25-02-2023', '11:32:22', NULL, '', '39239090', 'NOS', 1, '500', 0, 1, NULL, NULL, NULL, 850, 846, 4, 80, 540, 'PMMA CLEAR', 0, '', 0, 0, 0, 0, 0, 0, 'standard_po', 0, 'Y'),
(157, 'MULTI DRIVE BASE ', 'MULTI DRIVE BASE ', 5, NULL, NULL, NULL, NULL, NULL, 'NA', 3, '15-03-2023', '3:06:59', NULL, '', '87089900', 'NOS', 1, '500', 0, 1, NULL, NULL, NULL, 0, 0, 0, 0, 0, '0', 0, '', 0, 0, 0, 0, 0, 0, 'standard_po', 0, 'Y'),
(158, 'MULTI DRIVE HOUSING ', 'MULTI DRIVE HOUSING ', 5, NULL, NULL, NULL, NULL, NULL, 'NA', 3, '15-03-2023', '3:08:47', NULL, '', '32061900', 'NOS', 1, '500', 0, 1, NULL, NULL, NULL, 0, 0, 0, 0, 0, '0', 0, '', 0, 0, 0, 0, 0, 0, 'standard_po', 0, 'Y'),
(159, 'MULTI DRIVE KNOB', 'MULTI DRIVE KNOB', 5, NULL, NULL, NULL, NULL, NULL, 'NA', 3, '15-03-2023', '3:09:51', NULL, '', '32061900', 'NOS', 1, '500', 0, 1, NULL, NULL, NULL, 0, 0, 0, 0, 0, '0', 0, '', 0, 0, 0, 0, 0, 0, 'standard_po', 0, 'Y'),
(160, 'BG-5331-50', 'INSULATOR MOULDED ABS ', 2, NULL, NULL, NULL, NULL, NULL, 'SWITCH', 3, '7/4/2023', '7:48:08', NULL, '', '39231010', 'Number', 1, '2000', 0, 1, NULL, NULL, NULL, 1, 1, 1, 35, 1200, 'ABS FR 312 ', 0, '', 0, 0, 0, 0, 0, 0, 'standard_po', 160, 'N'),
(161, 'MECH, BASE COMPLETE FOR NPL PCB', 'MECH, BASE COMPLETE FOR NPL PCB', 8, NULL, NULL, NULL, NULL, NULL, 'SWITCH', 3, '22-04-2023', '4:51:20', NULL, '', '7318', 'NOS', 1, '8000', 0, 1, NULL, NULL, NULL, 14.1, 13.19, 1.1, 65, 664, 'ABS HI 121 BLACK ', 0, '', 0, 0, 0, 0, 0, 0, 'standard_po', 161, 'Y'),
(162, 'PL0197-R', 'POPO CAP ( RED )', 5, NULL, NULL, NULL, NULL, NULL, 'SWITCH', 3, '23-04-2023', '11:36:41', NULL, '', '85365090', 'NOS', 1, '50000', 0, 1, NULL, NULL, NULL, 5, 4, 1, 30, 1440, 'PC CLEAR', 0, '', 0, 0, 0, 0, 0, 0, 'standard_po', 162, 'N'),
(163, 'PLO211', 'SPACER MBCS COMPACT', 5, NULL, NULL, NULL, NULL, NULL, 'SWITCH', 3, '23-04-2023', '12:12:44', NULL, '', '85332929', 'NOS', 1, '2000', 0, 1, NULL, NULL, NULL, 10, 5, 2, 30, 1250, 'DURECON POM M 90-44', 0, '', 0, 0, 0, 0, 0, 0, 'standard_po', 163, 'N'),
(164, 'NGC 3001 NATURAL (NYLON 6 30 % GF )', 'NGC 3001 NATURAL (NYLON 6 30 % GF )', 5, NULL, NULL, NULL, NULL, NULL, 'RM ', 3, '23-04-2023', '1:00:51', NULL, '', '87089900', 'KGS', 1, '25', 0, 1, NULL, NULL, NULL, 25, 25, 25, 25, 25, 'NGC NATURAL', 0, '', 0, 0, 0, 0, 0, 0, 'standard_po', 164, 'Y'),
(165, 'MASTER BATCH UNIVERSAL', 'MASTER BATCH UNIVERSAL', 5, NULL, NULL, NULL, NULL, NULL, 'RM ', 3, '23-04-2023', '1:02:45', NULL, '', '87089900', 'KGS', 1, '24', 0, 1, NULL, NULL, NULL, 25, 25, 25, 25, 25, 'MASTER BATCH ', 0, '', 0, 0, 0, 0, 0, 0, 'standard_po', 165, 'Y'),
(166, 'PL0182', 'BASE ASSEMBLY ( 3 POSITION )', 5, NULL, NULL, NULL, NULL, NULL, 'SWITCH', 3, '23-04-2023', '3:11:51', NULL, '', '85365090', 'NOS', 1, '5000', 0, 1, NULL, NULL, NULL, 10, 5, 1, 35, 1400, 'ABS ', 0, '', 0, 0, 0, 0, 0, 0, 'standard_po', 166, 'Y'),
(167, 'BB-LED-DR BOX ', 'LED-DRBOX -001 -LED DRIVER BOX 7,14,17W', 2, NULL, NULL, NULL, NULL, NULL, 'SWITCH', 3, '23-04-2023', '6:00:17', NULL, '', '39239090', 'NOS', 1, '2000', 0, 1, NULL, NULL, NULL, 13, 12, 2, 40, 1500, 'PC ABS BAYBLEND ', 0, '', 0, 0, 0, 0, 0, 0, 'standard_po', 167, 'Y'),
(168, 'PP-RP- BLK', 'PP-RP- BLK PP BLACK ', 2, NULL, NULL, NULL, NULL, NULL, 'RM ', 3, '23-04-2023', '6:30:41', NULL, '', '39239090', 'NOS', 1, '50', 0, 1, NULL, NULL, NULL, 25, 25, 36, 25, 25, 'PP REPROCESS', 0, '', 0, 0, 0, 0, 0, 0, 'standard_po', 168, 'Y'),
(169, 'METAL ROAD LOCK ASSSY WITH SCREW  SET', 'METAL ROAD LOCK ASSSY WITH SCREW  SET (KEY,NUT,ASSY)', 22, NULL, NULL, NULL, NULL, NULL, 'SWITCH', 3, '28-04-2023', '12:45:37', NULL, '', '84801010', 'NOS', 1, '2000', 0, 1, NULL, NULL, NULL, 10, 9, 1, 45, 1200, 'ABS FR 312 ', 0, '', 0, 0, 0, 0, 0, 0, 'standard_po', 169, 'Y'),
(170, '42177.01', '3 HOLE ,TPE GROMMET U-362', 25, NULL, NULL, NULL, NULL, NULL, 'SWITCH', 3, '7/5/2023', '9:24:22', NULL, '', '87089900', 'NOS', 1, '2000', 0, 1, NULL, NULL, NULL, 0, 0, 0, 45, 2500, 'TPE 45 HARDNESS', 0, '', 0, 0, 0, 0, 0, 0, 'standard_po', 121, 'Y'),
(171, 'PL0231', 'BASE MULTI DRIVE SWITCH', 5, NULL, NULL, NULL, NULL, NULL, 'SWITCH', 3, '12/5/2023', '4:01:38', NULL, '', '85365090', 'NOS', 1, '2000', 0, 1, NULL, NULL, NULL, 10, 5, 5, 40, 1500, 'ABS', 0, '', 0, 0, 0, 0, 0, 0, 'standard_po', 170, 'Y'),
(172, 'BG-5095-50', 'BG-5095-50-SPECTRA BIG LAMP RETAINER BULK HEAD', 2, NULL, NULL, NULL, NULL, NULL, 'RM ', 3, '21-05-2023', '3:47:39', NULL, '', '39269099', 'NOS', 1, '2000', 0, 1, NULL, NULL, NULL, 10, 5, 1, 40, 1200, 'ABS FR 312 ', 0, '', 0, 0, 0, 0, 0, 0, 'standard_po', 172, 'Y'),
(173, 'BG-5094-50', 'BG-5094-50 SPECTRA BIG LMP HOLDER BULK HEAD', 2, NULL, NULL, NULL, NULL, NULL, 'SWITCH', 3, '21-05-2023', '3:49:03', NULL, '', '39269099', 'NOS', 1, '2000', 0, 1, NULL, NULL, NULL, 10, 5, 3, 45, 1300, 'ABS 312', 0, '', 0, 0, 0, 0, 0, 0, 'standard_po', 171, 'Y'),
(174, 'PL0212', 'BASE ASSEMBLY ( 2 POSITION )', 5, NULL, NULL, NULL, NULL, NULL, 'SWITCH', 3, '18-06-2023', '3:29:15', NULL, '', '85365090', 'NOS', 1, '500', 0, 3, NULL, NULL, NULL, 10, 5, 2, 40, 1200, 'NGC NATURAL', 0, '', 0, 0, 0, 0, 0, 0, 'standard_po', 175, 'Y'),
(175, 'PL0205', 'ROTORY SWITCH CASE INSERT -4 RIB', 5, NULL, NULL, NULL, NULL, NULL, 'SWITCH', 3, '18-06-2023', '3:30:37', NULL, '', '85365090', 'NOS', 1, '2000', 0, 3, NULL, NULL, NULL, 10, 8, 6, 45, 1400, 'NGC NATURAL', 0, '', 0, 0, 0, 0, 0, 0, 'standard_po', 174, 'Y'),
(176, 'PL0204', 'ROTORY SWITCH CASE INSERT -3 RIB', 5, NULL, NULL, NULL, NULL, NULL, 'SWITCH', 3, '18-06-2023', '3:31:40', NULL, '', '85365090', 'NOS', 1, '2000', 0, 3, NULL, NULL, NULL, 15, 12, 10, 35, 1200, 'NGC NATURAL', 0, '', 0, 0, 0, 0, 0, 0, 'standard_po', 173, 'Y');
INSERT INTO `customer_part` (`id`, `part_number`, `part_description`, `customer_id`, `revision_date`, `customer_part_id`, `revision_no`, `diagram`, `model`, `part_family`, `created_id`, `date`, `time`, `deleted`, `revision_remark`, `hsn_code`, `uom`, `packaging_qty`, `safety_stock`, `fg_stock`, `gst_id`, `hold_stock`, `grade`, `sharing_qty`, `gross_weight`, `finish_weight`, `runner_weight`, `cycyle_time`, `production_target_per_shift`, `rm_grade`, `thickness`, `passivationType`, `molding_production_qty`, `production_rejection`, `production_scrap`, `semi_finished_location`, `deflashing_assembly_location`, `final_inspection_location`, `type`, `customer_parts_master_id`, `isservice`) VALUES
(177, 'PL0202', 'SYMBOL PLATE ROTARY SWITCH ', 5, NULL, NULL, NULL, NULL, NULL, 'SWITCH', 3, '18-06-2023', '3:44:15', NULL, '', '85365090', 'NOS', 1, '500', 0, 3, NULL, NULL, NULL, 10, 9, 8, 45, 1300, 'ABS ', 0, '', 0, 0, 0, 0, 0, 0, 'standard_po', 177, 'Y'),
(178, 'PL0214', 'ROTARY SWITCH HANDLE', 5, NULL, NULL, NULL, NULL, NULL, 'SWITCH', 3, '18-06-2023', '3:45:17', NULL, '', '85365090', 'NOS', 1, '1000', 0, 3, NULL, NULL, NULL, 10, 8, 7, 45, 1500, 'NGC NATURAL', 0, '', 0, 0, 0, 0, 0, 0, 'standard_po', 176, 'Y'),
(179, '34441598DG00203', 'DRIVER BOX LID ABS', 4, NULL, NULL, NULL, NULL, NULL, 'SWITCH', 3, '18-06-2023', '4:01:12', NULL, '', '39269099', 'NOS', 1, '500', 0, 1, NULL, NULL, NULL, 0, 0, 0, 40, 1200, 'ABS MI45 NATURAL', 0, '', 0, 0, 0, 0, 0, 0, 'standard_po', 181, 'Y'),
(180, '31141598DG00202', 'CONTROLLER BOX-ABS', 4, NULL, NULL, NULL, NULL, NULL, 'SWITCH', 3, '18-06-2023', '4:02:44', NULL, '', '39269099', 'NOS', 1, '500', 0, 1, NULL, NULL, NULL, 0, 0, 0, 45, 1200, 'ABS MI45 NATURAL', 0, '', 0, 0, 0, 0, 0, 0, 'standard_po', 178, 'Y'),
(181, '31141598DG00204', 'CABLE LOCK ABS', 4, NULL, NULL, NULL, NULL, NULL, 'SWITCH', 3, '19-06-2023', '10:22:54', NULL, '', '3926909*', 'NOS', 1, '500', 0, 1, NULL, NULL, NULL, 0, 0, 0, 45, 1200, 'ABS MI45 NATURAL', 0, '', 0, 0, 0, 0, 0, 0, 'standard_po', 179, 'Y'),
(182, '31141598DG00205', 'LOCKING CLIP ABS', 4, NULL, NULL, NULL, NULL, NULL, 'SWITCH', 3, '19-06-2023', '10:24:01', NULL, '', '39269099', 'NOS', 1, '500', 0, 1, NULL, NULL, NULL, 0, 0, 0, 45, 1200, 'ABS MI45 NATURAL', 0, '', 0, 0, 0, 0, 0, 0, 'standard_po', 180, 'Y'),
(183, 'PL0213', 'PLASTICS STRIP', 5, NULL, NULL, NULL, NULL, NULL, 'SWITCH', 3, '19-06-2023', '1:04:25', NULL, '', '39231010', 'NOS', 1, '500', 0, 1, NULL, NULL, NULL, 0, 0, 0, 45, 1200, 'NGC NATURAL', 0, '', 0, 0, 0, 0, 0, 0, 'standard_po', 182, 'Y'),
(184, 'PL0299', 'BASE ( MDM SWITCH )', 5, NULL, NULL, NULL, NULL, NULL, 'SWITCH', 3, '19-06-2023', '4:07:31', NULL, '', '85365090', 'NOS', 1, '500', 0, 1, NULL, NULL, NULL, 0, 0, 0, 45, 1200, 'ABS MI45 NATURAL', 0, '', 0, 0, 0, 0, 0, 0, 'standard_po', 183, 'Y'),
(185, 'T2 TOP PIN', 'T2 TOP PIN BRASS PIN', 30, NULL, NULL, NULL, NULL, NULL, 'SWITCH', 3, '21-06-2023', '10:37:59', NULL, '', '39261099', 'NOS', 1, '500', 0, 1, NULL, NULL, NULL, 0, 0, 0, 0, 0, '0', 0, '', 0, 0, 0, 0, 0, 0, 'standard_po', 186, 'Y'),
(186, 'CIRCLIP', 'CIRCLIP-E 4-SS', 30, NULL, NULL, NULL, NULL, NULL, 'SWITCH', 3, '21-06-2023', '10:38:47', NULL, '', '7318', 'NOS', 1, '500', 0, 1, NULL, NULL, NULL, 0, 0, 0, 0, 0, '0', 0, '', 0, 0, 0, 0, 0, 0, 'standard_po', 185, 'Y'),
(187, 'SPRING T2 TOP', 'Compression Spring W-0.7 ID -5.1 COILS -14 FL -38', 30, NULL, NULL, NULL, NULL, NULL, 'RM ', 3, '21-06-2023', '10:39:42', NULL, '', '73209090', 'NOS', 1, '500', 0, 1, NULL, NULL, NULL, 0, 0, 0, 0, 0, '0', 0, '', 0, 0, 0, 0, 0, 0, 'standard_po', 184, 'Y'),
(188, 'BOX/ PLASTICS BOX /BLDC C TYP DRIVER / 105X50.9X21.', 'BOX/ PLASTICS BOX /BLDC C TYP DRIVER / 105X50.9X21.', 9, NULL, NULL, NULL, NULL, NULL, 'SWITCH', 3, '5/7/2023', '1:11:36', NULL, '', '39231010', 'NOS', 1, '1000', 0, 1, NULL, NULL, NULL, 10, 5, 1, 45, 1200, 'polycarbonate 2407', 0, '', 0, 0, 0, 0, 0, 0, 'standard_po', 189, 'Y'),
(189, 'LED/CROMPTON/ORBITER/DIFFIUSER/155X19MM', 'LED/CROMPTON/ORBITER/DIFFIUSER/155X19MM', 9, NULL, NULL, NULL, NULL, NULL, 'SWITCH', 3, '5/7/2023', '1:13:48', NULL, '', '39231010', 'NOS', 1, '500', 0, 1, NULL, NULL, NULL, 0, 0, 0, 0, 0, '0', 0, '', 0, 0, 0, 0, 0, 0, 'standard_po', 188, 'Y'),
(190, 'LED/CROMPTON/ORBITER/BOTTOM/158X30.2MM', 'LED/CROMPTON/ORBITER/BOTTOM/158X30.2MM', 9, NULL, NULL, NULL, NULL, NULL, 'SWITCH', 3, '5/7/2023', '1:14:32', NULL, '', '39231010', 'NOS', 1, '500', 0, 1, NULL, NULL, NULL, 0, 0, 0, 0, 0, '0', 0, '', 0, 0, 0, 0, 0, 0, 'standard_po', 187, 'Y'),
(191, 'BG-3053-01-01', 'Front/ Real Grill Spacer', 30, NULL, NULL, NULL, NULL, NULL, 'SWITCH', 3, '7/7/2023', '2:12:44', NULL, '', '39231010', 'NOS', 1, '500', 0, 1, NULL, NULL, NULL, 0, 0, 0, 0, 0, '0', 0, '', 0, 0, 0, 0, 0, 0, 'standard_po', 31, 'Y'),
(192, '23151514SD04676', 'MOULD SLOT INSULATION 108020715', 4, NULL, NULL, NULL, NULL, NULL, 'SWITCH', 3, '8/7/2023', '3:01:52', NULL, '', '84807900', 'NOS', 1, '0', 0, 1, NULL, NULL, NULL, 0, 0, 0, 0, 0, '0', 0, '', 0, 0, 0, 0, 0, 0, 'standard_po', 190, 'Y'),
(193, 'PL0229', 'ROTARY KNOB (MULTI DRIVE SWITCH )', 5, NULL, NULL, NULL, NULL, NULL, 'SWITCH', 3, '10/7/2023', '6:33:44', NULL, '', '85365090', 'NOS', 1, '500', 0, 1, NULL, NULL, NULL, 0, 0, 0, 0, 0, '0', 0, '', 0, 0, 0, 0, 0, 0, 'standard_po', 191, 'Y'),
(194, 'LED DRIVER PLATICS COVER 15-20 W', 'LED DRIVER PLATICS COVER 15-20 W', 29, NULL, NULL, NULL, NULL, NULL, 'SWITCH', 3, '10-09-2023', '04:18:12', NULL, '', '39235010', 'NOS', 1, '2000', 0, 1, NULL, NULL, NULL, 15, 4, 3, 45, 1200, NULL, NULL, NULL, 0, 0, 0, 0, 0, 0, 'standard_po', 193, 'Y'),
(195, 'LED DRIVER PLASTIC  BOX -15-20 W', 'LED DRIVER PLASTIC  BOX -15-20 W', 29, NULL, NULL, NULL, NULL, NULL, 'SWITCH', 3, '10-09-2023', '04:18:46', NULL, '', '39235010', 'NOS', 1, '2000', 0, 1, NULL, NULL, NULL, 5, 4, 3, 45, 1200, NULL, NULL, NULL, 0, 0, 0, 0, 0, 0, 'standard_po', 192, 'Y'),
(196, 'MDB10007', 'BOX /BOTTOM/PLASTIC WHITE/122.5X36X28MM NYLON 6 30%', 9, NULL, NULL, NULL, NULL, NULL, 'SWITCH', 3, '26-09-2023', '09:28:52', NULL, '', '39231010', 'NOS', 1, '500', 0, 1, NULL, NULL, NULL, 12, 5, 2, 45, 1200, NULL, NULL, NULL, 0, 0, 0, 0, 0, 0, 'standard_po', 216, 'Y'),
(197, '23151514SD04332', 'MOLD NON CON SIDE INSUL LS14BLDC', 4, NULL, NULL, NULL, NULL, NULL, 'SWITCH', 3, '03-10-2023', '12:24:38', NULL, '', '8480', 'NOS', 1, '1', 0, 1, NULL, NULL, NULL, 1, 1, 1, 1, 1, NULL, NULL, NULL, 0, 0, 0, 0, 0, 0, 'standard_po', 218, 'N'),
(198, '23151514SD04331', 'MOLD CON SIDE INSUL LS14BLDC', 4, NULL, NULL, NULL, NULL, NULL, 'SWITCH', 3, '03-10-2023', '12:25:12', NULL, '', '8480', 'NOS', 1, '1', 0, 1, NULL, NULL, NULL, 1, 1, 1, 1, 1, '1', NULL, NULL, 0, 0, 0, 0, 0, 0, 'standard_po', 217, 'N'),
(199, 'RING 150 ', '150 MM RING ', 13, NULL, NULL, NULL, NULL, NULL, 'SWITCH', 3, '04-10-2023', '08:43:16', NULL, '', '8480', 'NOS', 1, '500', 0, 1, NULL, NULL, NULL, 1, 1, 1, 1, 1, NULL, NULL, NULL, 0, 0, 0, 0, 0, 0, 'standard_po', 219, 'N'),
(200, '13X6 FOM BAG', '13X6 FOM BAG ', 30, NULL, NULL, NULL, NULL, NULL, 'SWITCH', 3, '15-10-2023', '04:57:13', NULL, '', '39231010', 'NOS', 1, '500', 0, 1, NULL, NULL, NULL, 1, 1, 1, 1, 1, NULL, NULL, NULL, 0, 0, 0, 0, 0, 0, 'standard_po', 220, 'Y'),
(201, '11783', 'VIAL ', 2, NULL, NULL, NULL, NULL, NULL, 'SWITCH', 3, '15-10-2023', '05:19:55', NULL, '', '39231010', 'NOS', 1, '5000', 0, 1, NULL, NULL, NULL, 1, 1, 1, 1, 1, NULL, NULL, NULL, 0, 0, 0, 0, 0, 0, 'standard_po', 221, 'Y'),
(202, 'PBT NATURAL S500F 40 NC010', 'PBT NATURAL S500F 40 NC010', 1, NULL, NULL, NULL, NULL, NULL, 'SWITCH', 3, '21-10-2023', '01:57:45', NULL, '', '39231010', 'KGS', 1, '200', 0, 1, NULL, NULL, NULL, 1, 1, 1, 1, 1, NULL, NULL, NULL, 0, 0, 0, 0, 0, 0, 'standard_po', 222, 'Y'),
(203, 'TAP END U -TYPE CLI -W/ADJ SUPP TTUC-12', 'TAP END U -TYPE CLI -W/ADJ SUPP TTUC-12', 5, NULL, NULL, NULL, NULL, NULL, 'SWITCH', 3, '21-10-2023', '05:25:43', NULL, '', '84662000', 'NOS', 1, '2', 0, 1, NULL, NULL, NULL, 1, 1, 1, 1, 1, NULL, NULL, NULL, 0, 0, 0, 0, 0, 0, 'standard_po', 223, 'Y'),
(204, 'PLAIN CLAMP TES -12', 'PLAIN CLAMP TES -12', 5, NULL, NULL, NULL, NULL, NULL, 'SWITCH', 3, '21-10-2023', '05:27:23', NULL, '', '84662000', 'NOS', 1, '500', 0, 1, NULL, NULL, NULL, 1, 1, 1, 1, 1, NULL, NULL, NULL, 0, 0, 0, 0, 0, 0, 'standard_po', 224, 'Y'),
(205, 'CLAMPING TUDE -12-75', 'CLAMPING TUDE -12-75', 5, NULL, NULL, NULL, NULL, NULL, 'SWITCH', 3, '21-10-2023', '05:28:06', NULL, '', '84662000', 'KGS', 1, '2', 0, 1, NULL, NULL, NULL, 1, 1, 1, 1, 1, NULL, NULL, NULL, 0, 0, 0, 0, 0, 0, 'standard_po', 225, 'Y'),
(206, 'PPLANED NUT -12', 'PPLANED NUT -12', 5, NULL, NULL, NULL, NULL, NULL, 'SWITCH', 3, '21-10-2023', '05:29:06', NULL, '', '84662000', 'NOS', 1, '1', 0, 1, NULL, NULL, NULL, 1, 1, 1, 1, 1, NULL, NULL, NULL, 0, 0, 0, 0, 0, 0, 'standard_po', 227, 'Y'),
(207, 'PLAIN WASHER 12', 'PLAIN WASHER 12', 5, NULL, NULL, NULL, NULL, NULL, 'SWITCH', 3, '21-10-2023', '05:38:57', NULL, '', '85129000', 'NOS', 1, '1', 0, 1, NULL, NULL, NULL, 1, 1, 1, 1, 1, NULL, NULL, NULL, 0, 0, 0, 0, 0, 0, 'standard_po', 226, 'Y'),
(208, '42177.01', '3 HOLE ,TPE GROMMET U-362', 5, NULL, NULL, NULL, NULL, NULL, 'SWITCH', 3, '21-10-2023', '07:35:01', NULL, '', '39231010', 'NOS', 1, '1', 0, 1, NULL, NULL, NULL, 1, 1, 1, 1, 1, NULL, NULL, NULL, 0, 0, 0, 0, 0, 0, 'standard_po', 121, 'Y'),
(209, 'PL0140', '2 WAY  HOUSING NEW GEN VERSION II', 5, NULL, NULL, NULL, NULL, NULL, 'SWITCH', 3, '21-10-2023', '07:50:14', NULL, '', '87089900', 'NOS', 1, '5000', 0, 1, NULL, NULL, NULL, 1, 1, 1, 1, 1, NULL, NULL, NULL, 0, 0, 0, 0, 0, 0, 'standard_po', 228, 'Y'),
(210, 'PL0130', 'Housing New Gen', 5, NULL, NULL, NULL, NULL, NULL, 'SWITCH', 3, '21-10-2023', '07:52:13', NULL, '', '85365090', 'NOS', 1, '5000', 0, 1, NULL, NULL, NULL, 1, 1, 1, 1, 1, NULL, NULL, NULL, 0, 0, 0, 0, 0, 0, 'standard_po', 199, 'Y'),
(211, '23151514SD04769', 'MOLD NON CON SIDE INSUL ROTARY BLDC ', 4, NULL, NULL, NULL, NULL, NULL, 'SWITCH', 3, '22-10-2023', '12:45:28', NULL, '', '84807900', 'NOS', 1, '1', 0, 1, NULL, NULL, NULL, 1, 1, 1, 1, 1, NULL, NULL, NULL, 0, 0, 0, 0, 0, 0, 'standard_po', 230, 'Y'),
(212, '2315514SD04768', 'MOLD CON SIDE INSUL ROTARY', 4, NULL, NULL, NULL, NULL, NULL, 'SWITCH', 3, '22-10-2023', '12:46:11', NULL, '', '84807900', 'NOS', 1, '1', 0, 1, NULL, NULL, NULL, 0, 0, 0, 0, 0, NULL, NULL, NULL, 0, 0, 0, 0, 0, 0, 'standard_po', 229, 'Y'),
(213, 'PL0109', 'PL0109 HOUSING HD 4MM ( ROKER )', 5, NULL, NULL, NULL, NULL, NULL, 'SWITCH', 3, '27-10-2023', '02:36:57', NULL, '', '39269099', 'NOS', 1, '500', 0, 1, NULL, NULL, NULL, 1, 1, 1, 45, 1200, NULL, NULL, NULL, 0, 0, 0, 0, 0, 0, 'standard_po', 231, 'Y'),
(214, 'PL0375', 'PL0375 PROTECTIVE CAP NEWGEN VI', 5, NULL, NULL, NULL, NULL, NULL, 'SWITCH', 3, '27-10-2023', '03:25:48', NULL, '', '85365090', 'NOS', 1, '500', 0, 1, NULL, NULL, NULL, 1, 1, 1, 1, 1, NULL, NULL, NULL, 0, 0, 0, 0, 0, 0, 'standard_po', 233, 'Y'),
(215, 'PL0378 ', 'PL0378 PROTECTIVE CAP FACIA', 5, NULL, NULL, NULL, NULL, NULL, 'SWITCH', 3, '27-10-2023', '03:26:29', NULL, '', '85365090', 'NOS', 1, '500', 0, 1, NULL, NULL, NULL, 1, 1, 1, 1, 1, NULL, NULL, NULL, 0, 0, 0, 0, 0, 0, 'standard_po', 232, 'Y'),
(216, 'PL0374 ', 'PL0374 HOUSING PROTECTIVE CAP NEWGEN VI', 5, NULL, NULL, NULL, NULL, NULL, 'SWITCH', 3, '27-10-2023', '03:33:57', NULL, '', '85365090', 'NOS', 1, '500', 0, 1, NULL, NULL, NULL, 1, 1, 1, 1, 1, NULL, NULL, NULL, 0, 0, 0, 0, 0, 0, 'standard_po', 234, 'Y'),
(217, 'bsp1', 'check sales price', 1, NULL, NULL, NULL, NULL, NULL, 'SWITCH', 3, '12-02-2024', '05:11:00', NULL, '', 'hsn1', 'NOS', 1, '1', 0, 1, NULL, NULL, NULL, 1, 1, 1, 1, 1, NULL, NULL, NULL, 0, 0, 0, 0, 0, 0, 'standard_po', 235, 'N'),
(218, 'hg', 'ghhd', 36, NULL, NULL, NULL, NULL, NULL, 'SWITCH', 3, '26-02-2024', '05:29:55', NULL, '', 'DFS', 'Rim', 59, '28', 0, 12, NULL, NULL, NULL, 0.1, 0.8, 0.2, 5, 100, NULL, NULL, NULL, 0, 0, 0, 0, 0, 0, 'standard_po', 237, 'Y'),
(219, 'Ac-01', 'abc', 37, NULL, NULL, NULL, NULL, NULL, 'SWITCH', 3, '26-02-2024', '05:29:56', NULL, '', '1232', 'Rim', 100, '200', 0, 12, NULL, NULL, NULL, 12, 15, 232, 15, 1, NULL, NULL, NULL, 0, 0, 0, 0, 0, 0, 'standard_po', 238, 'Y'),
(220, 'MH 12', 'break', 40, NULL, NULL, NULL, NULL, NULL, 'SWITCH', 3, '28-02-2024', '04:18:28', NULL, '', 'PG', 'KGS', 100, '100', 0, 12, NULL, NULL, NULL, 0.3, 0.25, 0.5, 20, 1000, NULL, NULL, NULL, 0, 0, 0, 0, 0, 0, 'standard_po', 242, 'N'),
(221, 'MH 12', 'break', 38, NULL, NULL, NULL, NULL, NULL, 'SWITCH', 3, '28-02-2024', '04:19:50', NULL, '', '123', 'Rim', 50, '100', 0, 12, NULL, NULL, NULL, 120, 55, 25, 30, 1, NULL, NULL, NULL, 0, 0, 0, 0, 0, 0, 'standard_po', 242, 'Y'),
(222, 'PQR', 'Battery', 38, NULL, NULL, NULL, NULL, NULL, 'SWITCH', 3, '28-02-2024', '04:23:57', NULL, '', '456', 'Rim', 100, '200', 0, 12, NULL, NULL, NULL, 100, 50, 50, 15, 2, NULL, NULL, NULL, 0, 0, 0, 0, 0, 0, 'standard_po', 241, 'Y'),
(223, 'MH 12', 'break', 39, NULL, NULL, NULL, NULL, NULL, 'SWITCH', 3, '28-02-2024', '04:28:31', NULL, '', 'HD1', 'NOS', 500, '400', 0, 7, NULL, NULL, NULL, 0.6, 0.5, 0.1, 15, 150, '1', NULL, NULL, 0, 0, 0, 0, 0, 0, 'standard_po', 242, 'Y'),
(224, 'Ac-01', 'abc', 41, NULL, NULL, NULL, NULL, NULL, 'SWITCH', 3, '01-03-2024', '04:07:53', NULL, '', '123', 'KGS', 50, '200', 0, 12, NULL, NULL, NULL, 50, 70, 40, 2, 1, NULL, NULL, NULL, 0, 0, 0, 0, 0, 0, 'standard_po', 238, 'Y'),
(225, 'MH 12', 'break', 41, NULL, NULL, NULL, NULL, NULL, 'SWITCH', 3, '01-03-2024', '04:10:33', NULL, '', '456', 'KGS', 50, '100', 0, 12, NULL, NULL, NULL, 25, 50, 50, 1, 2, NULL, NULL, NULL, 0, 0, 0, 0, 0, 0, 'standard_po', 242, 'Y'),
(226, 'JKL', 'Screw', 41, NULL, NULL, NULL, NULL, NULL, 'SWITCH', 3, '01-03-2024', '04:26:35', NULL, '', '123', 'Meter', 50, '100', 0, 12, NULL, NULL, NULL, 10, 5, 8, 1, 1, NULL, NULL, NULL, 0, 0, 0, 0, 0, 0, 'standard_po', 244, 'Y'),
(227, 'MH 14', 'Boalt', 41, NULL, NULL, NULL, NULL, NULL, 'SWITCH', 3, '01-03-2024', '04:27:25', NULL, '', 'hsn1', 'Rim', 650, '500', 0, 3, NULL, NULL, NULL, 0.05, 0.1, 0.04, 40, 1000, 'NA', NULL, NULL, 0, 0, 0, 0, 0, 0, 'standard_po', 243, 'N'),
(228, 'PO-123', 'gpw', 41, NULL, NULL, NULL, NULL, NULL, 'SWITCH', 3, '04-03-2024', '04:15:54', NULL, '', '456', 'KGS', 200, '500', 0, 12, NULL, NULL, NULL, 10, 25, 30, 30, 1, NULL, NULL, NULL, 0, 0, 0, 0, 0, 0, 'standard_po', 245, 'Y'),
(229, 'ABC', 'light', 39, NULL, NULL, NULL, NULL, NULL, 'SWITCH', 3, '04-03-2024', '05:34:57', NULL, '', '456', 'NOS', 500, '1000', 0, 7, NULL, NULL, NULL, 10, 15, 20, 2, 2, 'NA', NULL, NULL, 0, 0, 0, 0, 0, 0, 'standard_po', 239, 'Y'),
(230, 'MH11', 'Boalt', 39, NULL, NULL, NULL, NULL, NULL, 'SWITCH', 3, '04-03-2024', '05:36:02', NULL, '', '123', 'NOS', 100, '500', 0, 7, NULL, NULL, NULL, 20, 21, 12, 1, 1, 'NA', NULL, NULL, 0, 0, 0, 0, 0, 0, 'standard_po', 240, 'Y'),
(231, 'PO-123', 'gpw', 37, NULL, NULL, NULL, NULL, NULL, 'SWITCH', 3, '04-03-2024', '05:40:30', NULL, '', '1234', 'KGS', 400, '500', 0, 12, NULL, NULL, NULL, 50, 100, 25, 1, 1, NULL, NULL, NULL, 0, 0, 0, 0, 0, 0, 'standard_po', 245, 'Y'),
(232, 'BG-44652-51', 'LED END CAP (CON ) BLUE', 36, NULL, NULL, NULL, NULL, NULL, 'SWITCH', 3, '04-03-2024', '05:43:20', NULL, '', '1256', 'KGS', 500, '2000', 0, 12, NULL, NULL, NULL, 20, 52, 21, 1, 1, NULL, NULL, NULL, 0, 0, 0, 0, 0, 0, 'standard_po', 43, 'Y'),
(233, 'PO-123', 'gpw', 42, NULL, NULL, NULL, NULL, NULL, 'SWITCH', 3, '18-03-2024', '12:38:46', NULL, '', '123', 'NOS', 5000, '15000', 0, 7, NULL, NULL, NULL, NULL, NULL, NULL, NULL, NULL, '2.52', NULL, NULL, 0, 0, 0, 0, 0, 0, 'standard_po', 245, 'Y'),
(234, 'JKL', 'Screw', 42, NULL, NULL, NULL, NULL, NULL, 'SWITCH', 3, '18-03-2024', '12:39:31', NULL, '', '456', 'NOS', 5000, '500', 0, 7, NULL, NULL, NULL, NULL, NULL, NULL, NULL, NULL, '3.5', NULL, NULL, 0, 0, 0, 0, 0, 0, 'standard_po', 244, 'Y'),
(235, 'BP021345678-OP10', 'RAIL SUB ASSY VF36 RR LH UNCOATED-90', 43, NULL, NULL, NULL, NULL, NULL, 'SWITCH', 3, '24-04-2024', '02:56:22', NULL, '', '1235689', 'KGS', 100, '50', 0, 7, NULL, NULL, NULL, 2.5, 2.8, 0.21, 30, 1, NULL, NULL, NULL, 0, 0, 0, 0, 0, 0, 'standard_po', 246, 'N'),
(236, 'PLAIN WASHER 12', 'PLAIN WASHER 12', 43, NULL, NULL, NULL, NULL, NULL, 'SWITCH', 3, '18-05-2024', '07:04:32', NULL, '', '87004854', 'NOS', 1, '1', 0, 1, NULL, NULL, NULL, NULL, NULL, NULL, NULL, NULL, '1', NULL, NULL, 0, 0, 0, 0, 0, 0, 'standard_po', 226, 'N');

-- --------------------------------------------------------

--
-- Table structure for table `customer_parts_master`
--

CREATE TABLE `customer_parts_master` (
  `id` int NOT NULL,
  `part_number` varchar(200) COLLATE utf8mb4_general_ci NOT NULL,
  `part_description` text COLLATE utf8mb4_general_ci NOT NULL,
  `fg_stock` float NOT NULL DEFAULT '0',
  `fg_stock2` float NOT NULL DEFAULT '0',
  `fg_stock3` float NOT NULL DEFAULT '0',
  `fg_rate` float DEFAULT '0' COMMENT 'Per Unit rate for FG stock report',
  `molding_production_qty` float NOT NULL DEFAULT '0',
  `production_rejection` float NOT NULL DEFAULT '0',
  `production_scrap` float NOT NULL DEFAULT '0',
  `semi_finished_location` float NOT NULL DEFAULT '0',
  `deflashing_assembly_location` float NOT NULL DEFAULT '0',
  `final_inspection_location` float NOT NULL DEFAULT '0',
  `created_id` int NOT NULL,
  `date` varchar(255) COLLATE utf8mb4_general_ci DEFAULT NULL,
  `time` varchar(255) COLLATE utf8mb4_general_ci DEFAULT NULL,
  `timestamp` timestamp NOT NULL DEFAULT CURRENT_TIMESTAMP
) ENGINE=InnoDB DEFAULT CHARSET=utf8mb4 COLLATE=utf8mb4_general_ci;

--
-- Dumping data for table `customer_parts_master`
--

INSERT INTO `customer_parts_master` (`id`, `part_number`, `part_description`, `fg_stock`, `fg_stock2`, `fg_stock3`, `fg_rate`, `molding_production_qty`, `production_rejection`, `production_scrap`, `semi_finished_location`, `deflashing_assembly_location`, `final_inspection_location`, `created_id`, `date`, `time`, `timestamp`) VALUES
(1, 'MO99369-10', 'B104 HL REFLECTROR (MOULDED )', 24.55, 0, 0, 0, 0, 0, 0, 0, 0, 0, 0, NULL, NULL, '2024-05-28 12:37:20'),
(2, 'MO51263-01', 'B106 G OUTER BEZEL', 16.4, 0, 0, 0, 1020, 0, 0, 0, 0, 0, 0, NULL, NULL, '2024-05-28 12:37:20'),
(3, 'MO99369-03', 'CALIBER 115/CT100 DLX REF (HSI) W/PL', 200, 0, 0, 0, 24, 0, 0, 0, 0, 0, 0, NULL, NULL, '2024-05-28 12:37:20'),
(4, '94489-00', 'CALIBER BLINKER LENS', 3312, 0, 0, 0, 9860, 0, 0, 0, 0, 0, 0, NULL, NULL, '2024-05-28 12:37:20'),
(5, '92106-00', 'CALIBER FLH COVER', 7000, 0, 0, 0, 8000, 0, 0, 0, 0, 0, 0, NULL, NULL, '2024-05-28 12:37:20'),
(6, '92105-00', 'CALIBER FRH COVER', 7000, 0, 0, 0, 4000, 0, 0, 0, 0, 0, 0, NULL, NULL, '2024-05-28 12:37:20'),
(7, '99983-00', 'CALIBER FLH HOUSING (2/4 & 4/4 )', 2400, 0, 0, 0, 900, 0, 0, 0, 0, 0, 0, NULL, NULL, '2024-05-28 12:37:20'),
(8, '99982-00', 'CALIBER FRH HOUSING (1/4 & 3/4)', 2400, 0, 0, 0, 1800, 0, 0, 0, 0, 0, 0, NULL, NULL, '2024-05-28 12:37:20'),
(9, 'MO99369-01', 'CT100 REF W/O POSITION (MOULDED) (SET2)', 1784, 0, 0, 0, 24, 0, 0, 0, 0, 0, 0, NULL, NULL, '2024-05-28 12:37:20'),
(10, '42167-01', 'DRL PCB CAP', 0, 0, 0, 0, 10000, 0, 0, 0, 0, 0, 0, NULL, NULL, '2024-05-28 12:37:20'),
(11, '53132-01', 'INNER LENS', 4540, 0, 0, 0, 0, 0, 0, 0, 0, 0, 0, NULL, NULL, '2024-05-28 12:37:20'),
(12, '52403-01', 'INSULATION PLATE LH', 3800, 0, 0, 0, 0, 0, 0, 0, 0, 0, 0, NULL, NULL, '2024-05-28 12:37:20'),
(13, '52403.02', 'INSULATION PLATE RH', 3800, 0, 0, 0, 0, 0, 0, 0, 0, 0, 0, NULL, NULL, '2024-05-28 12:37:20'),
(14, '53574-01', 'J1C TL INNER HOUSING', 13208, 0, 0, 0, 1680, 0, 0, 0, 0, 0, 0, NULL, NULL, '2024-05-28 12:37:20'),
(15, '94771-00', 'J.G.BLINKER INNER LENSE MOULDED', 12500, 0, 0, 0, 11950, 0, 0, 0, 0, 50, 0, NULL, NULL, '2024-05-28 12:37:20'),
(16, '61085-36', 'NT- 51 RR BASE', 0, 0, 0, 0, 13200, 0, 0, 0, 0, 0, 0, NULL, NULL, '2024-05-28 12:37:20'),
(17, '61085-37', 'NT 51 RR LENS', 2880, 0, 0, 0, 4320, 0, 0, 0, 0, 0, 0, NULL, NULL, '2024-05-28 12:37:20'),
(18, 'MO95479-01', 'PULSAR UG3 H/L POSITION REF RH ( MOULDED)', 15600, 0, 0, 0, 0, 0, 0, 0, 0, 0, 0, NULL, NULL, '2024-05-28 12:37:20'),
(19, 'MO95480-01', 'PULSAR UG3 H/L POSTITION REF LH ( MOULDED)', 15600, 0, 0, 0, 0, 0, 0, 0, 0, 0, 0, NULL, NULL, '2024-05-28 12:37:20'),
(20, 'MO99779-00', 'REF 244 BL HSG SHORT ARM FOR FLH & RRH', 5256, 0, 0, 0, 5040, 0, 0, 0, 0, 0, 0, NULL, NULL, '2024-05-28 12:37:20'),
(21, 'MO99778-00', 'REF 244 BL HSG SHORT ARM FOR FRH & RLH', 5256, 0, 0, 0, 3696, 0, 0, 0, 0, 0, 0, NULL, NULL, '2024-05-28 12:37:20'),
(22, '57233-01', 'RR BASE', 2200, 0, 0, 0, 10560, 0, 0, 0, 0, 0, 0, NULL, NULL, '2024-05-28 12:37:20'),
(23, '57234-01', 'RR LENS', 2476, 0, 0, 0, 2880, 0, 0, 0, 0, 0, 0, NULL, NULL, '2024-05-28 12:37:20'),
(24, '53134-01', 'SMALL BEZEL WITHOUT METALIZING', 3000, 0, 0, 0, 0, 0, 0, 0, 0, 0, 0, NULL, NULL, '2024-05-28 12:37:20'),
(25, 'BG-3456-01-01', 'CATCH TRAY END  CAP A', 0, 0, 0, 0, 0, 0, 0, 0, 0, 0, 0, NULL, NULL, '2024-05-28 12:37:20'),
(26, 'BG-3457-01-01', 'CATCH TRAY END  CAP B', 0, 0, 0, 0, 0, 0, 0, 0, 0, 0, 0, NULL, NULL, '2024-05-28 12:37:20'),
(27, 'BG-4694-01-01', 'CATCH TRAY END CAPS A SPRING CLIPS INLET POF LITE', 0, 0, 0, 0, 0, 0, 0, 0, 0, 0, 0, NULL, NULL, '2024-05-28 12:37:20'),
(28, 'BG-4694-01-01', 'CATCH TRAY END CAPS B FOR POF LITE', 0, 0, 0, 0, 0, 0, 0, 0, 0, 0, 0, NULL, NULL, '2024-05-28 12:37:20'),
(29, 'BG-2204-55', 'FLI END CAPS', 1624, 0, 0, 0, 5208, 0, 0, 0, 0, 0, 0, NULL, NULL, '2024-05-28 12:37:20'),
(30, 'BG-4839-5O', 'FLI LED RH END CAP  BLACK', 0, 0, 0, 0, 420, 0, 0, 0, 0, 0, 0, NULL, NULL, '2024-05-28 12:37:20'),
(31, 'BG-3053-01-01', 'Front/ Real Grill Spacer', 10000, 0, 0, 0, 0, 0, 0, 0, 0, 0, 0, NULL, NULL, '2024-05-28 12:37:20'),
(32, 'BSR 033-000', 'Grommet 12.70 mm', 10000, 0, 0, 0, 0, 0, 0, 0, 0, 0, 0, NULL, NULL, '2024-05-28 12:37:20'),
(33, 'NO PART NO', 'GROMMET 16 MM', 0, 0, 0, 0, 0, 0, 0, 0, 0, 0, 0, NULL, NULL, '2024-05-28 12:37:20'),
(34, 'BG-3578-01 -01', 'Kiling Grill Hv Insulator', 0, 0, 0, 0, 0, 0, 0, 0, 0, 0, 0, NULL, NULL, '2024-05-28 12:37:20'),
(35, '1333-50-02', 'Killing Grill Hv Insulator Bottom', 2098, 0, 0, 0, 0, 0, 0, 0, 0, 0, 0, NULL, NULL, '2024-05-28 12:37:20'),
(36, 'BG-4654-50', 'LED CONNECTOR BODY', 1000, 0, 0, 0, 0, 0, 0, 0, 0, 0, 0, NULL, NULL, '2024-05-28 12:37:20'),
(37, 'BG-4654-51', 'LED CONNECTOR BODY  BLUE', 1000, 0, 0, 0, 900, 0, 0, 0, 0, 0, 0, NULL, NULL, '2024-05-28 12:37:20'),
(38, 'BG-4654-53', 'LED CONNECTOR BODY GREEN', 500, 0, 0, 0, 0, 0, 0, 0, 0, 0, 0, NULL, NULL, '2024-05-28 12:37:20'),
(39, 'BG-4654-52', 'LED CONNECTOR BODY GREY', 3000, 0, 0, 0, 100, 0, 0, 0, 0, 0, 0, NULL, NULL, '2024-05-28 12:37:20'),
(40, 'BG-4655-50', 'LED CONNECTOR POST', 4000, 0, 0, 0, 1000, 0, 0, 0, 0, 0, 0, NULL, NULL, '2024-05-28 12:37:20'),
(41, 'NO PART NO', 'LED-DRBOX -001 -LED DRIVER BOX 7,14,17W', 10000, 0, 0, 0, 0, 0, 0, 0, 0, 0, 0, NULL, NULL, '2024-05-28 12:37:20'),
(42, 'BG-4652-50', 'LED END CAP (CON)', 4000, 0, 0, 0, 0, 0, 0, 0, 0, 0, 0, NULL, NULL, '2024-05-28 12:37:20'),
(43, 'BG-44652-51', 'LED END CAP (CON ) BLUE', 25, 0, 0, 0, 0, 0, 0, 0, 0, 0, 0, NULL, NULL, '2024-05-28 12:37:20'),
(44, 'BG-4652-52', 'LED END CAP CON (GREY )', 14400, 0, 0, 0, 0, 0, 0, 0, 0, 0, 0, NULL, NULL, '2024-05-28 12:37:20'),
(45, 'BG-4653-50', 'LED END CAP (RET)', 0, 0, 0, 0, 0, 0, 0, 0, 0, 0, 0, NULL, NULL, '2024-05-28 12:37:20'),
(46, 'BG-4657-50', 'LED RETAINER CLIP', 10000, 0, 0, 0, 0, 0, 0, 0, 0, 0, 0, NULL, NULL, '2024-05-28 12:37:20'),
(47, 'BG-4656-50', 'LED RETAINER POST', 7500, 0, 0, 0, 7000, 0, 0, 0, 0, 0, 0, NULL, NULL, '2024-05-28 12:37:20'),
(48, 'BG-4310-01-01', 'METAL RODA BOX KEY', 8000, 0, 0, 0, 0, 0, 0, 0, 0, 0, 0, NULL, NULL, '2024-05-28 12:37:20'),
(49, 'BG-4308-01-01', 'METAL RODA BOX NUT', 4000, 0, 0, 0, 0, 0, 0, 0, 0, 0, 0, NULL, NULL, '2024-05-28 12:37:20'),
(50, 'WAM049-000', 'NYLON SHOULDER  WASHER', 5990, 0, 0, 0, 0, 0, 0, 0, 0, 0, 0, NULL, NULL, '2024-05-28 12:37:20'),
(51, 'BG-2887-01-0A', 'NYLON SHOULDER WASHER 4.30X6.35X12.00', 0, 0, 0, 0, 0, 0, 0, 0, 0, 0, 0, NULL, NULL, '2024-05-28 12:37:20'),
(52, 'PBS-9115-001', 'PLASTIC BAIT STATION', 452, 0, 0, 0, 0, 0, 0, 0, 0, 0, 0, NULL, NULL, '2024-05-28 12:37:20'),
(53, 'FST040-001', 'Retainer', 5000, 0, 0, 0, 0, 0, 0, 0, 0, 0, 0, NULL, NULL, '2024-05-28 12:37:20'),
(54, 'BG-5162-50', 'Retainer Post (COB RING)', 6500, 0, 0, 0, 0, 0, 0, 0, 0, 0, 0, NULL, NULL, '2024-05-28 12:37:20'),
(55, 'CBA007-000', 'STRAIN RELIEF', 6000, 0, 0, 0, 0, 0, 0, 0, 0, 0, 0, NULL, NULL, '2024-05-28 12:37:20'),
(56, 'BG-1337-50', 'T2 Top Hv Insulator', 440, 0, 0, 0, 3000, 0, 0, 0, 0, 0, 0, NULL, NULL, '2024-05-28 12:37:20'),
(57, 'BG-3442-01-03', 'TOP END CAP -IEC', 76, 0, 0, 0, 0, 0, 0, 0, 0, 0, 0, NULL, NULL, '2024-05-28 12:37:20'),
(58, 'BG-3443-01-03', 'TOP END CAP -NO IEC', 76, 0, 0, 0, 0, 0, 0, 0, 0, 0, 0, NULL, NULL, '2024-05-28 12:37:20'),
(59, 'BG-4692-01-01', 'TOP END CAP NO INLET FOR POF LITE', 0, 0, 0, 0, 0, 0, 0, 0, 0, 0, 0, NULL, NULL, '2024-05-28 12:37:20'),
(60, 'BG-4691-01-01', 'TOP END CAP WITH INLET FOR POF LITE', 0, 0, 0, 0, 0, 0, 0, 0, 0, 0, 0, NULL, NULL, '2024-05-28 12:37:20'),
(61, 'BB-1070-01.MC', 'Top Hv Connector Assy', 500, 0, 0, 0, 500, 0, 0, 0, 0, 0, 0, NULL, NULL, '2024-05-28 12:37:20'),
(62, '31141597DG00451', 'Brew Outlet  Locking Piece MFE', 0, 0, 0, 0, 0, 0, 0, 0, 0, 0, 0, NULL, NULL, '2024-05-28 12:37:20'),
(63, '31141597GD00384', 'COVER LH SENSOR MINIBAR', 0, 0, 0, 0, 100, 0, 0, 0, 0, 0, 0, NULL, NULL, '2024-05-28 12:37:20'),
(64, '31141597DG00385', 'COVER RH SENSOR MINIBAR', 0, 0, 0, 0, 100, 0, 0, 0, 0, 0, 0, NULL, NULL, '2024-05-28 12:37:20'),
(65, '31141597DG00545', 'DOOR ECO  STAR ABS', 227, 0, 0, 0, 77, 0, 0, 0, 0, 0, 0, NULL, NULL, '2024-05-28 12:37:20'),
(66, '31141597DG00547', 'DOOR INNER COVER ECO STAR ABS', 46, 0, 0, 0, 128, 0, 0, 0, 0, 0, 0, NULL, NULL, '2024-05-28 12:37:20'),
(67, '31141597DG00546', 'DRIP TRAY ECO STAR ABS', 206, 0, 0, 0, 960, 0, 0, 0, 0, 0, 0, NULL, NULL, '2024-05-28 12:37:20'),
(68, '31141597DG00548', 'DRIP TRAY GRIL ECO STAR ABS', 206, 0, 0, 0, 445, 0, 0, 0, 0, 0, 0, NULL, NULL, '2024-05-28 12:37:20'),
(69, '31141597DG00027', 'Driver Red Actl 6358810', 7650, 0, 0, 0, 0, 0, 0, 0, 0, 0, 0, NULL, NULL, '2024-05-28 12:37:20'),
(70, '31141597DG00391', 'Grill Drip Tray Minibar Black ABS', 290, 0, 0, 0, 480, 0, 0, 0, 0, 0, 0, NULL, NULL, '2024-05-28 12:37:20'),
(71, '31141597DG00553', 'Hot Water Pipe for 5 Way Brew', 0, 0, 0, 0, 620, 0, 0, 0, 0, 0, 0, NULL, NULL, '2024-05-28 12:37:20'),
(72, '31141597DG00594', 'Mixer Funnel RMS Black Pp Food Grd', 98, 0, 0, 0, 0, 0, 0, 0, 0, 0, 0, NULL, NULL, '2024-05-28 12:37:20'),
(73, '31141597DG00595', 'Mixer Lock Lever RMS Orange POM', 200, 0, 0, 0, 0, 0, 0, 0, 0, 0, 0, NULL, NULL, '2024-05-28 12:37:20'),
(74, '31141597DG00596', 'Mixer Steam Trap RMS Black Pp Food Grd', 1608, 0, 0, 0, 0, 0, 0, 0, 0, 0, 0, NULL, NULL, '2024-05-28 12:37:20'),
(75, '31141597DG00593', 'Mixer Vane RMS Opt 1 Blck Pp Food Grd', 520, 0, 0, 0, 0, 0, 0, 0, 0, 0, 0, NULL, NULL, '2024-05-28 12:37:20'),
(76, '31141597DG00602', 'Mixer Vane RMS Opt 3 Black Pp Food Grd', 500, 0, 0, 0, 0, 0, 0, 0, 0, 0, 0, NULL, NULL, '2024-05-28 12:37:20'),
(77, '31141597DG00589', 'Motor Mntg Bkt RMS Black Pp Food Grd', 1960, 0, 0, 0, 0, 0, 0, 0, 0, 0, 0, NULL, NULL, '2024-05-28 12:37:20'),
(78, '31141597DG00014', 'Motor Mounting Bracket NMS', 7000, 0, 0, 0, 3212, 0, 0, 0, 0, 0, 0, NULL, NULL, '2024-05-28 12:37:20'),
(79, '31141597DG00678', 'Outlet Pipe Straight Minifresh\r', 3000, 0, 0, 0, 0, 0, 0, 0, 0, 0, 0, NULL, NULL, '2024-05-28 12:37:20'),
(80, '31141597DG00598', 'Reducer ID 3.5 Rms Pp Food Grd', 1000, 0, 0, 0, 0, 0, 0, 0, 0, 0, 0, NULL, NULL, '2024-05-28 12:37:20'),
(81, '31141597DG00590', 'Seperator Wheel RMS Black Pp Food Grd', 200, 0, 0, 0, 0, 0, 0, 0, 0, 0, 0, NULL, NULL, '2024-05-28 12:37:20'),
(82, '31141597DG00012', 'Steam Trap NMS Black PP Food', 5400, 0, 0, 0, 0, 0, 0, 0, 0, 0, 0, NULL, NULL, '2024-05-28 12:37:20'),
(83, '31141597DG00597', 'Water Inlet ID3 RMS Black Pp Food Grd', 2047, 0, 0, 0, 0, 0, 0, 0, 0, 0, 0, NULL, NULL, '2024-05-28 12:37:20'),
(84, '31141597DG00605', 'Water Inlet ID4 RMS Black Pp Food Grd', 3000, 0, 0, 0, 0, 0, 0, 0, 0, 0, 0, NULL, NULL, '2024-05-28 12:37:20'),
(85, '31141597DG00039', 'WATER INLET PIPE BLACK PP FOOD', 1700, 0, 0, 0, 0, 0, 0, 0, 0, 0, 0, NULL, NULL, '2024-05-28 12:37:20'),
(86, '31141597DG00591', 'Whipper Chamber RMS Black POM Black Food Grd', 1000, 0, 0, 0, 1218, 0, 0, 0, 0, 0, 0, NULL, NULL, '2024-05-28 12:37:20'),
(87, '31141598DG00213', 'LEAD SUPPORT INSULATION PBT', 6000, 0, 0, 0, 0, 0, 0, 0, 0, 0, 0, NULL, NULL, '2024-05-28 12:37:20'),
(88, '39121728DG00115', 'LS 14 SLOT INSULATION CONNECTRO SIDE', 996, 0, 0, 0, 0, 0, 0, 0, 0, 0, 0, NULL, NULL, '2024-05-28 12:37:20'),
(89, '39121728DG00283', 'LS 14 SLOT INSULATION NON CONNECTOR SIDE', 996, 0, 0, 0, 0, 0, 0, 0, 0, 0, 0, NULL, NULL, '2024-05-28 12:37:20'),
(90, '24141701SD00111', 'Packaging Ring OD:105mm', 1150, 0, 0, 0, 3380, 0, 0, 0, 0, 0, 0, NULL, NULL, '2024-05-28 12:37:20'),
(91, '24141701SD00113', 'Packaging Ring OD:135mm', 4500, 0, 0, 0, 200, 0, 0, 0, 0, 0, 0, NULL, NULL, '2024-05-28 12:37:20'),
(92, '24141701SD00114', 'Packaging Ring  OD 183 MM', 1400, 0, 0, 0, 819, 0, 0, 0, 0, 0, 0, NULL, NULL, '2024-05-28 12:37:20'),
(93, '39121728DGOO178', 'Slot Insulation Nylo6+30GF Mini BLDC Non Conn Side', 9640, 0, 0, 0, 6160, 0, 0, 0, 0, 0, 0, NULL, NULL, '2024-05-28 12:37:20'),
(94, '39121728DGOO177', 'Slot Insulation Nylon6+30%Gf.Mini BLDC Conn Side', 9640, 0, 0, 0, 6160, 0, 0, 0, 0, 0, 0, NULL, NULL, '2024-05-28 12:37:20'),
(95, '31141598DG00149', 'Terminal Covering Cap Plastic', 4000, 0, 0, 0, 10000, 0, 0, 0, 0, 0, 0, NULL, NULL, '2024-05-28 12:37:20'),
(96, 'PL0209', 'Base MBCS Compact (Oval holes)\r', 4200, 0, 0, 0, 1000, 0, 0, 0, 0, 0, 0, NULL, NULL, '2024-05-28 12:37:20'),
(97, 'PL0188', 'EAL Base NESS\r', 3000, 0, 0, 0, 1000, 0, 0, 0, 0, 0, 0, NULL, NULL, '2024-05-28 12:37:20'),
(98, 'PL0189', 'EAL-NESS Base Reservior\r', 3000, 0, 0, 0, 1000, 0, 0, 0, 0, 0, 0, NULL, NULL, '2024-05-28 12:37:20'),
(99, 'PL0159', 'HANDLE  COVER MBCS COMPACT', 1400, 0, 0, 0, 2000, 0, 0, 0, 0, 0, 0, NULL, NULL, '2024-05-28 12:37:20'),
(100, 'PL0158', 'HANDLE MBCS COMPACT', 1800, 0, 0, 0, 710, 0, 0, 0, 0, 0, 0, NULL, NULL, '2024-05-28 12:37:20'),
(101, 'PL0032', 'Housing BCI', 2000, 0, 0, 0, 0, 0, 0, 0, 0, 0, 0, NULL, NULL, '2024-05-28 12:37:20'),
(102, 'PL0196', 'Housing Hazard Switch (POPO)\r', 2500, 0, 0, 0, 3000, 0, 0, 0, 0, 0, 0, NULL, NULL, '2024-05-28 12:37:20'),
(103, 'PL0137', 'INSULATING PIPE MBCS', 2000, 0, 0, 0, 0, 0, 0, 0, 0, 0, 0, NULL, NULL, '2024-05-28 12:37:20'),
(104, 'PL0198', 'KNOB COVER\r', 2500, 0, 0, 0, 0, 0, 0, 0, 0, 0, 0, NULL, NULL, '2024-05-28 12:37:20'),
(105, 'PL0126', 'MOR BOX', 1775, 0, 0, 0, 300, 0, 0, 0, 0, 0, 0, NULL, NULL, '2024-05-28 12:37:20'),
(106, 'PL0127', 'MOR COVER', 4000, 0, 0, 0, 1260, 0, 0, 0, 0, 0, 0, NULL, NULL, '2024-05-28 12:37:20'),
(107, 'PL0165', 'New Gen Dummy Switch Plunger', 2000, 0, 0, 0, 0, 0, 0, 0, 0, 0, 0, NULL, NULL, '2024-05-28 12:37:20'),
(108, 'PL0051', 'PKS PLUNGER', 6000, 0, 0, 0, 8000, 0, 0, 0, 0, 0, 0, NULL, NULL, '2024-05-28 12:37:20'),
(109, 'PL0210', 'PL0210 BUSH MBCS COMPACT\r', 1740, 0, 0, 0, 813, 0, 0, 0, 0, 0, 0, NULL, NULL, '2024-05-28 12:37:20'),
(110, 'PL0211', 'PL0211 SPACER MBCS COMPACT\r', 4200, 0, 0, 0, 2000, 0, 0, 0, 0, 0, 0, NULL, NULL, '2024-05-28 12:37:20'),
(111, 'PL0218', 'PL0218 :: Hazard Cap\r', 3000, 0, 0, 0, 400, 0, 0, 0, 0, 0, 0, NULL, NULL, '2024-05-28 12:37:20'),
(112, 'PL0187', 'Plunger-EAL NESS\r', 5000, 0, 0, 0, 0, 0, 0, 0, 0, 0, 0, NULL, NULL, '2024-05-28 12:37:20'),
(113, 'PL0175', 'PLUNGER NESS', 3000, 0, 0, 0, 0, 0, 0, 0, 0, 0, 0, NULL, NULL, '2024-05-28 12:37:20'),
(114, 'PL0197-W', 'POPO CAP (White)\r', 2820, 0, 0, 0, 300, 0, 0, 0, 0, 0, 0, NULL, NULL, '2024-05-28 12:37:20'),
(115, 'PL0181', 'Push Plunger-EAL NESS\r', 7500, 0, 0, 0, 0, 0, 0, 0, 0, 0, 0, NULL, NULL, '2024-05-28 12:37:20'),
(116, 'PL0174', 'PUSH PLUNGER NESS', 4000, 0, 0, 0, 0, 0, 0, 0, 0, 0, 0, NULL, NULL, '2024-05-28 12:37:20'),
(117, 'PL0144-EXP', 'RESERVOIR', 1000, 0, 0, 0, 3000, 0, 0, 0, 0, 0, 0, NULL, NULL, '2024-05-28 12:37:20'),
(118, 'PL0173', 'USB CHARGER HOUSING( ROUND)', 5750, 0, 0, 0, 1186, 0, 0, 0, 0, 0, 0, NULL, NULL, '2024-05-28 12:37:20'),
(119, '42111', '2 HOLE HOLE GROMMET (H-105 BLINKER NPL )', 50000, 0, 0, 0, 300, 0, 0, 0, 0, 0, 0, NULL, NULL, '2024-05-28 12:37:20'),
(120, '42236-01', '3 HOLE GROMMET  ( U-129 TL )', 0, 0, 0, 0, 6500, 0, 0, 0, 0, 0, 0, NULL, NULL, '2024-05-28 12:37:20'),
(121, '42177.01', '3 HOLE ,TPE GROMMET U-362', 2995, 0, 0, 0, -90, 0, 0, 0, 0, 90, 0, NULL, NULL, '2024-05-28 12:37:20'),
(122, '42213-01', '4 Hole Grommet Black (U-324HL )', 8000, 0, 0, 0, 0, 0, 0, 0, 0, 0, 0, NULL, NULL, '2024-05-28 12:37:20'),
(123, '42151-01', '5 Hole Grommet (D-104HL)', 8000, 0, 0, 0, 2500, 0, 0, 0, 0, 900, 0, NULL, NULL, '2024-05-28 12:37:20'),
(124, '42236-02', '5 HOLE GROMMET (U-377HL )', 23960, 0, 0, 0, 0, 0, 0, 0, 0, 0, 0, NULL, NULL, '2024-05-28 12:37:20'),
(125, '57085-01', 'HOUSING BASE FOR J1D NPL', 20000, 0, 0, 0, 2500, 0, 0, 0, 0, 0, 0, NULL, NULL, '2024-05-28 12:37:20'),
(126, 'NO PART NO', 'MECH, BASE COMPLETE FOR NPL PCB', 8000, 0, 0, 0, 0, 0, 0, 0, 0, 0, 0, NULL, NULL, '2024-05-28 12:37:20'),
(127, 'NO PART NO', 'BOX /BOTTOM/PLASTIC WHITE/122.5X36X28MM NYLON 6 30%', 10000, 0, 0, 0, 0, 0, 0, 0, 0, 0, 0, NULL, NULL, '2024-05-28 12:37:20'),
(128, 'NO PART NO', 'BOX/ PLASTICS BOX /BLDC C TYP DRIVER  TOP PLATE', 10000, 0, 0, 0, 0, 0, 0, 0, 0, 0, 0, NULL, NULL, '2024-05-28 12:37:20'),
(129, 'NO PART NO', 'BOX/ PLASTICS BOX /BLDC C TYP DRIVER BOTTOM PLATE ', 0, 0, 0, 0, 0, 0, 0, 0, 0, 0, 0, NULL, NULL, '2024-05-28 12:37:20'),
(130, 'NO PART NO', 'LED/CROMPTON/ORBITER/BOTTOM/158X30.2MM', 10000, 0, 0, 0, 0, 0, 0, 0, 0, 0, 0, NULL, NULL, '2024-05-28 12:37:20'),
(131, 'NO PART NO', 'LED/CROMPTON/ORBITER/DIFFIUSER/155X19MM', 10000, 0, 0, 0, 0, 0, 0, 0, 0, 0, 0, NULL, NULL, '2024-05-28 12:37:20'),
(132, '42183-01', 'K03 5 HOLE GROMMET', 11000, 0, 0, 0, 0, 0, 0, 0, 0, 0, 0, NULL, NULL, '2024-05-28 12:37:20'),
(133, '99319-01', 'H11,ADAPTOR-IMPORTED', 1000, 0, 0, 0, 1015, 0, 0, 0, 0, 0, 0, NULL, NULL, '2024-05-28 12:37:20'),
(134, 'RM-PLA-00008', 'Delrin Cover Black', 459972, 0, 0, 0, 0, 0, 0, 0, 0, 0, 0, NULL, NULL, '2024-05-28 12:37:20'),
(135, 'CRM-PLA-00039', 'Delrin Cover White', 508000, 0, 0, 0, 0, 0, 0, 0, 0, 0, 0, NULL, NULL, '2024-05-28 12:37:20'),
(136, 'NO PART NO', '100 MM RING', 0, 0, 0, 0, 0, 0, 0, 0, 0, 0, 0, NULL, NULL, '2024-05-28 12:37:20'),
(137, 'NO PART NO', '125 MM RING', 0, 0, 0, 0, 0, 0, 0, 0, 0, 0, 0, NULL, NULL, '2024-05-28 12:37:20'),
(138, 'NO PART NO', '150 MM RING', 500, 0, 0, 0, 0, 0, 0, 0, 0, 0, 0, NULL, NULL, '2024-05-28 12:37:20'),
(139, 'NO PART NO', '80 MM RING', 0, 0, 0, 0, 0, 0, 0, 0, 0, 0, 0, NULL, NULL, '2024-05-28 12:37:20'),
(140, 'NO PART NO', 'RING 50', 0, 0, 0, 0, 0, 0, 0, 0, 0, 0, 0, NULL, NULL, '2024-05-28 12:37:20'),
(141, 'NO PART NO', 'RING 60', 0, 0, 0, 0, 0, 0, 0, 0, 0, 0, 0, NULL, NULL, '2024-05-28 12:37:20'),
(142, '57238-01', 'H107 BASE LH', 3120, 0, 0, 0, 0, 0, 0, 0, 0, 0, 0, NULL, NULL, '2024-05-28 12:37:20'),
(143, '57238-02', 'H107 RR BASE RH', 3117, 0, 0, 0, 0, 0, 0, 0, 0, 0, 0, NULL, NULL, '2024-05-28 12:37:20'),
(144, '57237-01', 'H107 RED LENSE LH', 1678, 0, 0, 0, 0, 0, 0, 0, 0, 0, 0, NULL, NULL, '2024-05-28 12:37:20'),
(145, '57237-02', 'H107 RED LENSE RH', 1674, 0, 0, 0, 0, 0, 0, 0, 0, 0, 0, NULL, NULL, '2024-05-28 12:37:20'),
(146, '51465-01', 'H107 REFLEX REFLECTOR', 2390, 0, 0, 0, -950, 0, 0, 0, 0, 950, 0, NULL, NULL, '2024-05-28 12:37:20'),
(147, 'PL0267', 'BASE BRACK  SWITCH ', 7500, 0, 0, 4.92, 0, 0, 0, 0, 0, 0, 0, NULL, NULL, '2024-05-28 12:37:20'),
(148, 'PL0268', 'BRAKE SWITCH SPRING HOLDER', 0, 0, 0, 0, 0, 0, 0, 0, 0, 0, 0, NULL, NULL, '2024-05-28 12:37:20'),
(149, 'no part number ', 'BOX/ PLASTICS BOX /BLDC C TYP DRIVER / 105X50.9X21.', 10000, 0, 0, 0, 0, 0, 0, 0, 0, 0, 0, NULL, NULL, '2024-05-28 12:37:20'),
(150, 'PL0222', 'CAP REVERSE BEEPER', 0, 0, 0, 0, 0, 0, 0, 0, 0, 0, 0, NULL, NULL, '2024-05-28 12:37:20'),
(151, 'PL0223', 'BASE REVERSE BEEPER ', 0, 0, 0, 0, 0, 0, 0, 0, 0, 0, 0, NULL, NULL, '2024-05-28 12:37:20'),
(152, 'PL0224', 'BASE COVER  REVERSE BEEPER ', 0, 0, 0, 0, 0, 0, 0, 0, 0, 0, 0, NULL, NULL, '2024-05-28 12:37:20'),
(153, 'PL0147', 'BASE PTO SWITCH LAMP', 0, 0, 0, 0, 0, 0, 0, 0, 0, 0, 0, NULL, NULL, '2024-05-28 12:37:20'),
(154, '90494-47', 'NT 51 TL OPTICAL GUIDE MOULDED P', 540, 0, 0, 0, 0, 0, 0, 0, 0, 0, 0, NULL, NULL, '2024-05-28 12:37:20'),
(155, 'KRONOS BASE', 'KRONOS BASE', 983, 0, 0, 0, 0, 0, 0, 0, 0, 0, 0, NULL, NULL, '2024-05-28 12:37:20'),
(156, 'COVER SCREEN ', 'COVER SCREEN ', 447, 0, 0, 0, 0, 0, 0, 0, 0, 0, 0, NULL, NULL, '2024-05-28 12:37:20'),
(157, 'MULTI DRIVE BASE ', 'MULTI DRIVE BASE ', 0, 0, 0, 0, 0, 0, 0, 0, 0, 0, 0, NULL, NULL, '2024-05-28 12:37:20'),
(158, 'MULTI DRIVE HOUSING ', 'MULTI DRIVE HOUSING ', 0, 0, 0, 0, 0, 0, 0, 0, 0, 0, 0, NULL, NULL, '2024-05-28 12:37:20'),
(159, 'MULTI DRIVE KNOB', 'MULTI DRIVE KNOB', 0, 0, 0, 0, 0, 0, 0, 0, 0, 0, 0, NULL, NULL, '2024-05-28 12:37:20'),
(160, 'BG-5331-50', 'INSULATOR MOULDED ABS ', 2000, 0, 0, 0, 0, 0, 0, 0, 0, 0, 0, NULL, NULL, '2024-05-28 12:37:20'),
(161, 'MECH, BASE COMPLETE FOR NPL PCB', 'MECH, BASE COMPLETE FOR NPL PCB', 3100, 0, 0, 0, 0, 0, 0, 0, 0, 0, 0, NULL, NULL, '2024-05-28 12:37:20'),
(162, 'PL0197-R', 'POPO CAP ( RED )', 14864, 0, 0, 0, 0, 0, 0, 0, 0, 0, 0, NULL, NULL, '2024-05-28 12:37:20'),
(163, 'PLO211', 'SPACER MBCS COMPACT', 47600, 0, 0, 0, 0, 0, 0, 0, 0, 0, 0, NULL, NULL, '2024-05-28 12:37:20'),
(164, 'NGC 3001 NATURAL (NYLON 6 30 % GF )', 'NGC 3001 NATURAL (NYLON 6 30 % GF )', 0, 0, 0, 0, 0, 0, 0, 0, 0, 0, 0, NULL, NULL, '2024-05-28 12:37:20'),
(165, 'MASTER BATCH UNIVERSAL', 'MASTER BATCH UNIVERSAL', 0, 0, 0, 0, 0, 0, 0, 0, 0, 0, 0, NULL, NULL, '2024-05-28 12:37:20'),
(166, 'PL0182', 'BASE ASSEMBLY ( 3 POSITION )', 4690, 0, 0, 0, 0, 0, 0, 0, 0, 0, 0, NULL, NULL, '2024-05-28 12:37:20'),
(167, 'BB-LED-DR BOX ', 'LED-DRBOX -001 -LED DRIVER BOX 7,14,17W', 4960, 0, 0, 0, 0, 0, 0, 0, 0, 0, 0, NULL, NULL, '2024-05-28 12:37:20'),
(168, 'PP-RP- BLK', 'PP-RP- BLK PP BLACK ', 100, 0, 0, 0, 0, 0, 0, 0, 0, 0, 0, NULL, NULL, '2024-05-28 12:37:20'),
(169, 'METAL ROAD LOCK ASSSY WITH SCREW  SET', 'METAL ROAD LOCK ASSSY WITH SCREW  SET (KEY,NUT,ASSY)', 2500, 0, 0, 0, 0, 0, 0, 0, 0, 0, 0, NULL, NULL, '2024-05-28 12:37:20'),
(170, 'PL0231', 'BASE MULTI DRIVE SWITCH', 4000, 0, 0, 0, 0, 0, 0, 0, 0, 0, 0, NULL, NULL, '2024-05-28 12:37:20'),
(171, 'BG-5094-50', 'BG-5094-50 SPECTRA BIG LMP HOLDER BULK HEAD', 2750, 0, 0, 0, 0, 0, 0, 0, 0, 0, 0, NULL, NULL, '2024-05-28 12:37:20'),
(172, 'BG-5095-50', 'BG-5095-50-SPECTRA BIG LAMP RETAINER BULK HEAD', 2750, 0, 0, 0, 0, 0, 0, 0, 0, 0, 0, NULL, NULL, '2024-05-28 12:37:20'),
(173, 'PL0204', 'ROTORY SWITCH CASE INSERT -3 RIB', 4000, 0, 0, 0, 0, 0, 0, 0, 0, 0, 0, NULL, NULL, '2024-05-28 12:37:20'),
(174, 'PL0205', 'ROTORY SWITCH CASE INSERT -4 RIB', 4000, 0, 0, 0, 0, 0, 0, 0, 0, 0, 0, NULL, NULL, '2024-05-28 12:37:20'),
(175, 'PL0212', 'BASE ASSEMBLY ( 2 POSITION )', 4770, 0, 0, 0, 0, 0, 0, 0, 0, 0, 0, NULL, NULL, '2024-05-28 12:37:20'),
(176, 'PL0214', 'ROTARY SWITCH HANDLE', 3400, 0, 0, 0, 0, 0, 0, 0, 0, 0, 0, NULL, NULL, '2024-05-28 12:37:20'),
(177, 'PL0202', 'SYMBOL PLATE ROTARY SWITCH ', 4300, 0, 0, 0, 0, 0, 0, 0, 0, 0, 0, NULL, NULL, '2024-05-28 12:37:20'),
(178, '31141598DG00202', 'CONTROLLER BOX-ABS', 350, 0, 0, 0, 0, 0, 0, 0, 0, 0, 0, NULL, NULL, '2024-05-28 12:37:20'),
(179, '31141598DG00204', 'CABLE LOCK ABS', 350, 0, 0, 0, 0, 0, 0, 0, 0, 0, 0, NULL, NULL, '2024-05-28 12:37:20'),
(180, '31141598DG00205', 'LOCKING CLIP ABS', 350, 0, 0, 0, 0, 0, 0, 0, 0, 0, 0, NULL, NULL, '2024-05-28 12:37:20'),
(181, '34441598DG00203', 'DRIVER BOX LID ABS', 350, 0, 0, 0, 0, 0, 0, 0, 0, 0, 0, NULL, NULL, '2024-05-28 12:37:20'),
(182, 'PL0213', 'PLASTICS STRIP', 3000, 0, 0, 0, 0, 0, 0, 0, 0, 0, 0, NULL, NULL, '2024-05-28 12:37:20'),
(183, 'PL0299', 'BASE ( MDM SWITCH )', 4000, 0, 0, 0, 0, 0, 0, 0, 0, 0, 0, NULL, NULL, '2024-05-28 12:37:20'),
(184, 'SPRING T2 TOP', 'Compression Spring W-0.7 ID -5.1 COILS -14 FL -38', 4600, 0, 0, 0, 0, 0, 0, 0, 0, 0, 0, NULL, NULL, '2024-05-28 12:37:20'),
(185, 'CIRCLIP', 'CIRCLIP-E 4-SS', 1800, 0, 0, 0, 0, 0, 0, 0, 0, 0, 0, NULL, NULL, '2024-05-28 12:37:20'),
(186, 'T2 TOP PIN', 'T2 TOP PIN BRASS PIN', 1800, 0, 0, 0, 0, 0, 0, 0, 0, 0, 0, NULL, NULL, '2024-05-28 12:37:20'),
(187, 'LED/CROMPTON/ORBITER/BOTTOM/158X30.2MM', 'LED/CROMPTON/ORBITER/BOTTOM/158X30.2MM', 4632, 0, 0, 0, 0, 0, 0, 0, 0, 0, 0, NULL, NULL, '2024-05-28 12:37:20'),
(188, 'LED/CROMPTON/ORBITER/DIFFIUSER/155X19MM', 'LED/CROMPTON/ORBITER/DIFFIUSER/155X19MM', 2588, 0, 0, 0, 0, 0, 0, 0, 0, 0, 0, NULL, NULL, '2024-05-28 12:37:20'),
(189, 'BOX/ PLASTICS BOX /BLDC C TYP DRIVER / 105X50.9X21.', 'BOX/ PLASTICS BOX /BLDC C TYP DRIVER / 105X50.9X21.', 1212, 0, 0, 0, 0, 0, 0, 0, 0, 0, 0, NULL, NULL, '2024-05-28 12:37:20'),
(190, '23151514SD04676', 'MOULD SLOT INSULATION 108020715', 0, 0, 0, 0, 0, 0, 0, 0, 0, 0, 0, NULL, NULL, '2024-05-28 12:37:20'),
(191, 'PL0229', 'ROTARY KNOB (MULTI DRIVE SWITCH )', 1000, 0, 0, 0, 0, 0, 0, 0, 0, 0, 0, NULL, NULL, '2024-05-28 12:37:20'),
(192, 'LED DRIVER PLASTIC  BOX -15-20 W', 'LED DRIVER PLASTIC  BOX -15-20 W', 2840, 0, 0, 20.05, 0, 0, 0, 0, 0, 0, 0, NULL, NULL, '2024-05-28 12:37:20'),
(193, 'LED DRIVER PLATICS COVER 15-20 W', 'LED DRIVER PLATICS COVER 15-20 W', 2840, 0, 0, 8.45, 0, 0, 0, 0, 0, 0, 0, NULL, NULL, '2024-05-28 12:37:20'),
(194, 'PL0092', 'BASE NEW GEN', 0, 0, 0, 1, 0, 0, 0, 0, 0, 0, 0, NULL, NULL, '2024-05-28 12:37:20'),
(195, 'PL0093', 'SPRING HOLDER NEW GEN', 0, 0, 0, 0, 0, 0, 0, 0, 0, 0, 0, NULL, NULL, '2024-05-28 12:37:20'),
(196, 'PL0094', 'Roller Holder New Gen', 0, 0, 0, 0, 0, 0, 0, 0, 0, 0, 0, NULL, NULL, '2024-05-28 12:37:20'),
(197, 'PL0128', 'CAP NEW GEN WITH STOPPER ', 0, 0, 0, 0, 0, 0, 0, 0, 0, 0, 0, NULL, NULL, '2024-05-28 12:37:20'),
(198, 'PL0129', 'CAP NEW GEN WITHOUT STOPPER', 0, 0, 0, 0, 0, 0, 0, 0, 0, 0, 0, NULL, NULL, '2024-05-28 12:37:20'),
(199, 'PL0130', 'Housing New Gen', 1000, 0, 0, 0, 0, 0, 0, 0, 0, 0, 0, NULL, NULL, '2024-05-28 12:37:20'),
(200, 'PL0150', 'CAP NEW GEN WITH STOPPER FOR HAZARD ', 0, 0, 0, 0, 0, 0, 0, 0, 0, 0, 0, NULL, NULL, '2024-05-28 12:37:20'),
(201, 'PL0273-JK3010-1100', 'SWITCH HOUSING ', 0, 0, 0, 0, 0, 0, 0, 0, 0, 0, 0, NULL, NULL, '2024-05-28 12:37:20'),
(202, 'PL0274-JK3010-3005', 'HORN ON PILAR ', 0, 0, 0, 0, 0, 0, 0, 0, 0, 0, 0, NULL, NULL, '2024-05-28 12:37:20'),
(203, 'PL0275-JK3010-5004 ', 'ROTOR', 0, 0, 0, 0, 0, 0, 0, 0, 0, 0, 0, NULL, NULL, '2024-05-28 12:37:20'),
(204, 'PL0276-JK3010-5002', 'LIGHT AXIS ', 0, 0, 0, 0, 0, 0, 0, 0, 0, 0, 0, NULL, NULL, '2024-05-28 12:37:20'),
(205, 'PL0277-JK3010-5003 ', 'GEAR SILT', 0, 0, 0, 0, 0, 0, 0, 0, 0, 0, 0, NULL, NULL, '2024-05-28 12:37:20'),
(206, 'PL0278-JK3010-5001', 'LIGHT DIAL ', 0, 0, 0, 0, 0, 0, 0, 0, 0, 0, 0, NULL, NULL, '2024-05-28 12:37:20'),
(207, 'PL0279-JK3010-5010 ', 'LIMIT RING', 0, 0, 0, 0, 0, 0, 0, 0, 0, 0, 0, NULL, NULL, '2024-05-28 12:37:20'),
(208, 'PL0280-JK3010-5013', 'DECORATIVE RING', 0, 0, 0, 0, 0, 0, 0, 0, 0, 0, 0, NULL, NULL, '2024-05-28 12:37:20'),
(209, 'PL0281-JK3010-4001', 'STEERING GEAR SIT', 0, 0, 0, 0, 0, 0, 0, 0, 0, 0, 0, NULL, NULL, '2024-05-28 12:37:20'),
(210, 'PL0282-JK3010-4002 ', 'STEERING JACKING', 0, 0, 0, 0, 0, 0, 0, 0, 0, 0, 0, NULL, NULL, '2024-05-28 12:37:20'),
(211, 'PL0283-JK3010-4101', 'STEERING BLOCK ', 0, 0, 0, 0, 0, 0, 0, 0, 0, 0, 0, NULL, NULL, '2024-05-28 12:37:20'),
(212, 'PL0284-JK3010-2001', 'BASE COMBINATION SWITCH', 0, 0, 0, 0, 0, 0, 0, 0, 0, 0, 0, NULL, NULL, '2024-05-28 12:37:20'),
(213, 'PL0285-JK3010-1101', 'LENS/LIGHT GUIDE COMBINATON SWITCH', 0, 0, 0, 0, 0, 0, 0, 0, 0, 0, 0, NULL, NULL, '2024-05-28 12:37:20'),
(214, 'RB0086 (JK3010-1003) ', 'Shell Rubber Pad', 0, 0, 0, 0, 0, 0, 0, 0, 0, 0, 0, NULL, NULL, '2024-05-28 12:37:20'),
(215, 'RB0087-JK3010-3002 ', 'Horn Sleeve', 0, 0, 0, 0, 0, 0, 0, 0, 0, 0, 0, NULL, NULL, '2024-05-28 12:37:20'),
(216, 'MDB10007', 'BOX /BOTTOM/PLASTIC WHITE/122.5X36X28MM NYLON 6 30%', 9264, 0, 0, 12.5, 0, 0, 0, 0, 0, 0, 0, NULL, NULL, '2024-05-28 12:37:20'),
(217, '23151514SD04331', 'MOLD CON SIDE INSUL LS14BLDC', 0, 0, 0, 350000, 0, 0, 0, 0, 0, 0, 0, NULL, NULL, '2024-05-28 12:37:20'),
(218, '23151514SD04332', 'MOLD NON CON SIDE INSUL LS14BLDC', 0, 0, 0, 337000, 0, 0, 0, 0, 0, 0, 0, NULL, NULL, '2024-05-28 12:37:20'),
(219, 'RING 150 ', '150 MM RING ', 0, 0, 0, 91.59, 0, 0, 0, 0, 0, 0, 0, NULL, NULL, '2024-05-28 12:37:20'),
(220, '13X6 FOM BAG', '13X6 FOM BAG ', 350, 0, 0, 1, 0, 0, 0, 0, 0, 0, 0, NULL, NULL, '2024-05-28 12:37:20'),
(221, '11783', 'VIAL ', 4000, 0, 0, 1.98, 0, 0, 0, 0, 0, 0, 0, NULL, NULL, '2024-05-28 12:37:20'),
(222, 'PBT NATURAL S500F 40 NC010', 'PBT NATURAL S500F 40 NC010', 0, 0, 0, 230, 0, 0, 0, 0, 0, 0, 0, NULL, NULL, '2024-05-28 12:37:20'),
(223, 'TAP END U -TYPE CLI -W/ADJ SUPP TTUC-12', 'TAP END U -TYPE CLI -W/ADJ SUPP TTUC-12', 0, 0, 0, 595, 0, 0, 0, 0, 0, 0, 0, NULL, NULL, '2024-05-28 12:37:20'),
(224, 'PLAIN CLAMP TES -12', 'PLAIN CLAMP TES -12', 0, 0, 0, 405, 0, 0, 0, 0, 0, 0, 0, NULL, NULL, '2024-05-28 12:37:20'),
(225, 'CLAMPING TUDE -12-75', 'CLAMPING TUDE -12-75', 0, 0, 0, 135, 0, 0, 0, 0, 0, 0, 0, NULL, NULL, '2024-05-28 12:37:20'),
(226, 'PLAIN WASHER 12', 'PLAIN WASHER 12', 3, 0, 0, 90, 0, 0, 0, 0, 0, 0, 0, NULL, NULL, '2024-05-28 12:37:20'),
(227, 'PPLANED NUT -12', 'PPLANED NUT -12', 0, 0, 0, 157.5, 0, 0, 0, 0, 0, 0, 0, NULL, NULL, '2024-05-28 12:37:20'),
(228, 'PL0140', '2 WAY  HOUSING NEW GEN VERSION II', 2840, 0, 0, 3.87, 0, 0, 0, 0, 0, 0, 0, NULL, NULL, '2024-05-28 12:37:20'),
(229, '2315514SD04768', 'MOLD CON SIDE INSUL ROTARY', 0, 0, 0, 255000, 0, 8, 0, 0, 0, 28, 0, NULL, NULL, '2024-05-28 12:37:20'),
(230, '23151514SD04769', 'MOLD NON CON SIDE INSUL ROTARY BLDC ', 0, 0, 0, 267000, 0, 0, 0, 0, 0, 0, 0, NULL, NULL, '2024-05-28 12:37:20'),
(231, 'PL0109', 'PL0109 HOUSING HD 4MM ( ROKER )', 1750, 0, 0, 5.13, 0, 0, 0, 0, 0, 0, 0, NULL, NULL, '2024-05-28 12:37:20'),
(232, 'PL0378 ', 'PL0378 PROTECTIVE CAP FACIA', 7759.5, 0, 0, 3.06, 0, 0, 0, 0, 0, 0, 0, NULL, NULL, '2024-05-28 12:37:20'),
(233, 'PL0375', 'PL0375 PROTECTIVE CAP NEWGEN VI', 7259.75, 0, 0, 2.9, 0, 0, 0, 0, 0, 0, 0, NULL, NULL, '2024-05-28 12:37:20'),
(234, 'PL0374 ', 'PL0374 HOUSING PROTECTIVE CAP NEWGEN VI', 7109.88, 0, 0, 5.43, 1, 0, 0, 0, 0, 0, 0, NULL, NULL, '2024-05-28 12:37:20'),
(235, 'bsp1', 'check sales price', 4, 0, 0, 222849, 0, 0, 0, 0, 0, 0, 0, NULL, NULL, '2024-05-28 12:37:20'),
(236, 'H1', 'Asd', 0, 0, 0, 2250, 0, 0, 0, 0, 0, 0, 0, NULL, NULL, '2024-05-28 12:37:20'),
(237, 'hg', 'ghhd', 950, 0, 0, 67, 0, 0, 0, 0, 0, 0, 0, NULL, NULL, '2024-05-28 12:37:20'),
(238, 'Ac-01', 'abc', 250, 0, 0, 25, 0, 0, 0, 0, 0, 0, 0, NULL, NULL, '2024-05-28 12:37:20'),
(239, 'ABC', 'light', 190, 0, 0, 100, 0, 0, 0, 0, 0, 0, 0, NULL, NULL, '2024-05-28 12:37:20'),
(240, 'MH11', 'Boalt', 330, 0, 0, 20, 0, 0, 0, 0, 0, 0, 0, NULL, NULL, '2024-05-28 12:37:20'),
(241, 'PQR', 'Battery', 200, 0, 0, 250, 0, 0, 0, 0, 0, 0, 0, NULL, NULL, '2024-05-28 12:37:20'),
(242, 'MH 12', 'break', 380, 0, 0, 10, -10, 0, 0, 0, 0, 20, 0, NULL, NULL, '2024-05-28 12:37:20'),
(243, 'MH 14', 'Boalt', 201, 0, 0, 25, 0, 0, 0, 0, 0, 0, 0, NULL, NULL, '2024-05-28 12:37:20'),
(244, 'JKL', 'Screw', 1, 0, 0, 50, 0, 0, 0, 0, 0, 0, 0, NULL, NULL, '2024-05-28 12:37:20'),
(245, 'PO-123', 'gpw', 355, 0, 0, 100, 0, 0, 0, 0, 0, 0, 0, NULL, NULL, '2024-05-28 12:37:20'),
(246, 'BP021345678-OP10', 'RAIL SUB ASSY VF36 RR LH UNCOATED-90', 490, 0, 0, 25.5, 0, 0, 0, 0, 0, 0, 0, NULL, NULL, '2024-05-28 12:37:20');

-- --------------------------------------------------------

--
-- Table structure for table `customer_parts_master_stock`
--

CREATE TABLE `customer_parts_master_stock` (
  `customer_partStockId` int NOT NULL,
  `customer_parts_master_id` int NOT NULL,
  `clientId` int NOT NULL,
  `fg_stock` decimal(15,2) NOT NULL,
  `fg_rate` decimal(15,2) NOT NULL,
  `molding_production_qty` decimal(15,2) NOT NULL,
  `production_rejection` decimal(15,2) NOT NULL,
  `production_scrap` decimal(15,2) NOT NULL,
  `semi_finished_location` decimal(15,2) DEFAULT NULL,
  `deflashing_assembly_location` decimal(15,2) DEFAULT NULL,
  `final_inspection_location` decimal(15,2) DEFAULT NULL,
  `created_id` int NOT NULL,
  `date` varchar(255) DEFAULT NULL,
  `time` varchar(255) DEFAULT NULL,
  `timestamp` timestamp NOT NULL DEFAULT CURRENT_TIMESTAMP
) ENGINE=InnoDB DEFAULT CHARSET=latin1;

--
-- Dumping data for table `customer_parts_master_stock`
--

INSERT INTO `customer_parts_master_stock` (`customer_partStockId`, `customer_parts_master_id`, `clientId`, `fg_stock`, `fg_rate`, `molding_production_qty`, `production_rejection`, `production_scrap`, `semi_finished_location`, `deflashing_assembly_location`, `final_inspection_location`, `created_id`, `date`, `time`, `timestamp`) VALUES
(1, 1, 1, '24.55', '0.00', '0.00', '0.00', '0.00', '0.00', '0.00', '0.00', 0, NULL, NULL, '2024-05-28 12:37:20'),
(2, 2, 1, '16.40', '0.00', '1020.00', '0.00', '0.00', '0.00', '0.00', '0.00', 0, NULL, NULL, '2024-05-28 12:37:20'),
(3, 3, 1, '200.00', '0.00', '24.00', '0.00', '0.00', '0.00', '0.00', '0.00', 0, NULL, NULL, '2024-05-28 12:37:20'),
(4, 4, 1, '3312.00', '0.00', '9860.00', '0.00', '0.00', '0.00', '0.00', '0.00', 0, NULL, NULL, '2024-05-28 12:37:20'),
(5, 5, 1, '7000.00', '0.00', '8000.00', '0.00', '0.00', '0.00', '0.00', '0.00', 0, NULL, NULL, '2024-05-28 12:37:20'),
(6, 6, 1, '7000.00', '0.00', '4000.00', '0.00', '0.00', '0.00', '0.00', '0.00', 0, NULL, NULL, '2024-05-28 12:37:20'),
(7, 7, 1, '2400.00', '0.00', '900.00', '0.00', '0.00', '0.00', '0.00', '0.00', 0, NULL, NULL, '2024-05-28 12:37:20'),
(8, 8, 1, '2400.00', '0.00', '1800.00', '0.00', '0.00', '0.00', '0.00', '0.00', 0, NULL, NULL, '2024-05-28 12:37:20'),
(9, 9, 1, '1784.00', '0.00', '24.00', '0.00', '0.00', '0.00', '0.00', '0.00', 0, NULL, NULL, '2024-05-28 12:37:20'),
(10, 10, 1, '0.00', '0.00', '10000.00', '0.00', '0.00', '0.00', '0.00', '0.00', 0, NULL, NULL, '2024-05-28 12:37:20'),
(11, 11, 1, '4540.00', '0.00', '0.00', '0.00', '0.00', '0.00', '0.00', '0.00', 0, NULL, NULL, '2024-05-28 12:37:20'),
(12, 12, 1, '3800.00', '0.00', '0.00', '0.00', '0.00', '0.00', '0.00', '0.00', 0, NULL, NULL, '2024-05-28 12:37:20'),
(13, 13, 1, '3800.00', '0.00', '0.00', '0.00', '0.00', '0.00', '0.00', '0.00', 0, NULL, NULL, '2024-05-28 12:37:20'),
(14, 14, 1, '13208.00', '0.00', '1680.00', '0.00', '0.00', '0.00', '0.00', '0.00', 0, NULL, NULL, '2024-05-28 12:37:20'),
(15, 15, 1, '12500.00', '0.00', '11950.00', '0.00', '0.00', '0.00', '0.00', '50.00', 0, NULL, NULL, '2024-05-28 12:37:20'),
(16, 16, 1, '0.00', '0.00', '13200.00', '0.00', '0.00', '0.00', '0.00', '0.00', 0, NULL, NULL, '2024-05-28 12:37:20'),
(17, 17, 1, '2880.00', '0.00', '4320.00', '0.00', '0.00', '0.00', '0.00', '0.00', 0, NULL, NULL, '2024-05-28 12:37:20'),
(18, 18, 1, '15600.00', '0.00', '0.00', '0.00', '0.00', '0.00', '0.00', '0.00', 0, NULL, NULL, '2024-05-28 12:37:20'),
(19, 19, 1, '15600.00', '0.00', '0.00', '0.00', '0.00', '0.00', '0.00', '0.00', 0, NULL, NULL, '2024-05-28 12:37:20'),
(20, 20, 1, '5256.00', '0.00', '5040.00', '0.00', '0.00', '0.00', '0.00', '0.00', 0, NULL, NULL, '2024-05-28 12:37:20'),
(21, 21, 1, '5256.00', '0.00', '3696.00', '0.00', '0.00', '0.00', '0.00', '0.00', 0, NULL, NULL, '2024-05-28 12:37:20'),
(22, 22, 1, '2200.00', '0.00', '10560.00', '0.00', '0.00', '0.00', '0.00', '0.00', 0, NULL, NULL, '2024-05-28 12:37:20'),
(23, 23, 1, '2476.00', '0.00', '2880.00', '0.00', '0.00', '0.00', '0.00', '0.00', 0, NULL, NULL, '2024-05-28 12:37:20'),
(24, 24, 1, '3000.00', '0.00', '0.00', '0.00', '0.00', '0.00', '0.00', '0.00', 0, NULL, NULL, '2024-05-28 12:37:20'),
(25, 25, 1, '0.00', '0.00', '0.00', '0.00', '0.00', '0.00', '0.00', '0.00', 0, NULL, NULL, '2024-05-28 12:37:20'),
(26, 26, 1, '0.00', '0.00', '0.00', '0.00', '0.00', '0.00', '0.00', '0.00', 0, NULL, NULL, '2024-05-28 12:37:20'),
(27, 27, 1, '0.00', '0.00', '0.00', '0.00', '0.00', '0.00', '0.00', '0.00', 0, NULL, NULL, '2024-05-28 12:37:20'),
(28, 28, 1, '0.00', '0.00', '0.00', '0.00', '0.00', '0.00', '0.00', '0.00', 0, NULL, NULL, '2024-05-28 12:37:20'),
(29, 29, 1, '1624.00', '0.00', '5208.00', '0.00', '0.00', '0.00', '0.00', '0.00', 0, NULL, NULL, '2024-05-28 12:37:20'),
(30, 30, 1, '0.00', '0.00', '420.00', '0.00', '0.00', '0.00', '0.00', '0.00', 0, NULL, NULL, '2024-05-28 12:37:20'),
(31, 31, 1, '10000.00', '0.00', '0.00', '0.00', '0.00', '0.00', '0.00', '0.00', 0, NULL, NULL, '2024-05-28 12:37:20'),
(32, 32, 1, '10000.00', '0.00', '0.00', '0.00', '0.00', '0.00', '0.00', '0.00', 0, NULL, NULL, '2024-05-28 12:37:20'),
(33, 33, 1, '0.00', '0.00', '0.00', '0.00', '0.00', '0.00', '0.00', '0.00', 0, NULL, NULL, '2024-05-28 12:37:20'),
(34, 34, 1, '0.00', '0.00', '0.00', '0.00', '0.00', '0.00', '0.00', '0.00', 0, NULL, NULL, '2024-05-28 12:37:20'),
(35, 35, 1, '2098.00', '0.00', '0.00', '0.00', '0.00', '0.00', '0.00', '0.00', 0, NULL, NULL, '2024-05-28 12:37:20'),
(36, 36, 1, '1000.00', '0.00', '0.00', '0.00', '0.00', '0.00', '0.00', '0.00', 0, NULL, NULL, '2024-05-28 12:37:20'),
(37, 37, 1, '1000.00', '0.00', '900.00', '0.00', '0.00', '0.00', '0.00', '0.00', 0, NULL, NULL, '2024-05-28 12:37:20'),
(38, 38, 1, '500.00', '0.00', '0.00', '0.00', '0.00', '0.00', '0.00', '0.00', 0, NULL, NULL, '2024-05-28 12:37:20'),
(39, 39, 1, '3000.00', '0.00', '100.00', '0.00', '0.00', '0.00', '0.00', '0.00', 0, NULL, NULL, '2024-05-28 12:37:20'),
(40, 40, 1, '4000.00', '0.00', '1000.00', '0.00', '0.00', '0.00', '0.00', '0.00', 0, NULL, NULL, '2024-05-28 12:37:20'),
(41, 41, 1, '10000.00', '0.00', '0.00', '0.00', '0.00', '0.00', '0.00', '0.00', 0, NULL, NULL, '2024-05-28 12:37:20'),
(42, 42, 1, '4000.00', '0.00', '0.00', '0.00', '0.00', '0.00', '0.00', '0.00', 0, NULL, NULL, '2024-05-28 12:37:20'),
(43, 43, 1, '25.00', '0.00', '0.00', '0.00', '0.00', '0.00', '0.00', '0.00', 0, NULL, NULL, '2024-05-28 12:37:20'),
(44, 44, 1, '14400.00', '0.00', '0.00', '0.00', '0.00', '0.00', '0.00', '0.00', 0, NULL, NULL, '2024-05-28 12:37:20'),
(45, 45, 1, '0.00', '0.00', '0.00', '0.00', '0.00', '0.00', '0.00', '0.00', 0, NULL, NULL, '2024-05-28 12:37:20'),
(46, 46, 1, '10000.00', '0.00', '0.00', '0.00', '0.00', '0.00', '0.00', '0.00', 0, NULL, NULL, '2024-05-28 12:37:20'),
(47, 47, 1, '7500.00', '0.00', '7000.00', '0.00', '0.00', '0.00', '0.00', '0.00', 0, NULL, NULL, '2024-05-28 12:37:20'),
(48, 48, 1, '8000.00', '0.00', '0.00', '0.00', '0.00', '0.00', '0.00', '0.00', 0, NULL, NULL, '2024-05-28 12:37:20'),
(49, 49, 1, '4000.00', '0.00', '0.00', '0.00', '0.00', '0.00', '0.00', '0.00', 0, NULL, NULL, '2024-05-28 12:37:20'),
(50, 50, 1, '5990.00', '0.00', '0.00', '0.00', '0.00', '0.00', '0.00', '0.00', 0, NULL, NULL, '2024-05-28 12:37:20'),
(51, 51, 1, '0.00', '0.00', '0.00', '0.00', '0.00', '0.00', '0.00', '0.00', 0, NULL, NULL, '2024-05-28 12:37:20'),
(52, 52, 1, '452.00', '0.00', '0.00', '0.00', '0.00', '0.00', '0.00', '0.00', 0, NULL, NULL, '2024-05-28 12:37:20'),
(53, 53, 1, '5000.00', '0.00', '0.00', '0.00', '0.00', '0.00', '0.00', '0.00', 0, NULL, NULL, '2024-05-28 12:37:20'),
(54, 54, 1, '6500.00', '0.00', '0.00', '0.00', '0.00', '0.00', '0.00', '0.00', 0, NULL, NULL, '2024-05-28 12:37:20'),
(55, 55, 1, '6000.00', '0.00', '0.00', '0.00', '0.00', '0.00', '0.00', '0.00', 0, NULL, NULL, '2024-05-28 12:37:20'),
(56, 56, 1, '440.00', '0.00', '3000.00', '0.00', '0.00', '0.00', '0.00', '0.00', 0, NULL, NULL, '2024-05-28 12:37:20'),
(57, 57, 1, '76.00', '0.00', '0.00', '0.00', '0.00', '0.00', '0.00', '0.00', 0, NULL, NULL, '2024-05-28 12:37:20'),
(58, 58, 1, '76.00', '0.00', '0.00', '0.00', '0.00', '0.00', '0.00', '0.00', 0, NULL, NULL, '2024-05-28 12:37:20'),
(59, 59, 1, '0.00', '0.00', '0.00', '0.00', '0.00', '0.00', '0.00', '0.00', 0, NULL, NULL, '2024-05-28 12:37:20'),
(60, 60, 1, '0.00', '0.00', '0.00', '0.00', '0.00', '0.00', '0.00', '0.00', 0, NULL, NULL, '2024-05-28 12:37:20'),
(61, 61, 1, '500.00', '0.00', '500.00', '0.00', '0.00', '0.00', '0.00', '0.00', 0, NULL, NULL, '2024-05-28 12:37:20'),
(62, 62, 1, '0.00', '0.00', '0.00', '0.00', '0.00', '0.00', '0.00', '0.00', 0, NULL, NULL, '2024-05-28 12:37:20'),
(63, 63, 1, '0.00', '0.00', '100.00', '0.00', '0.00', '0.00', '0.00', '0.00', 0, NULL, NULL, '2024-05-28 12:37:20'),
(64, 64, 1, '0.00', '0.00', '100.00', '0.00', '0.00', '0.00', '0.00', '0.00', 0, NULL, NULL, '2024-05-28 12:37:20'),
(65, 65, 1, '227.00', '0.00', '77.00', '0.00', '0.00', '0.00', '0.00', '0.00', 0, NULL, NULL, '2024-05-28 12:37:20'),
(66, 66, 1, '46.00', '0.00', '128.00', '0.00', '0.00', '0.00', '0.00', '0.00', 0, NULL, NULL, '2024-05-28 12:37:20'),
(67, 67, 1, '206.00', '0.00', '960.00', '0.00', '0.00', '0.00', '0.00', '0.00', 0, NULL, NULL, '2024-05-28 12:37:20'),
(68, 68, 1, '206.00', '0.00', '445.00', '0.00', '0.00', '0.00', '0.00', '0.00', 0, NULL, NULL, '2024-05-28 12:37:20'),
(69, 69, 1, '7650.00', '0.00', '0.00', '0.00', '0.00', '0.00', '0.00', '0.00', 0, NULL, NULL, '2024-05-28 12:37:20'),
(70, 70, 1, '290.00', '0.00', '480.00', '0.00', '0.00', '0.00', '0.00', '0.00', 0, NULL, NULL, '2024-05-28 12:37:20'),
(71, 71, 1, '0.00', '0.00', '620.00', '0.00', '0.00', '0.00', '0.00', '0.00', 0, NULL, NULL, '2024-05-28 12:37:20'),
(72, 72, 1, '98.00', '0.00', '0.00', '0.00', '0.00', '0.00', '0.00', '0.00', 0, NULL, NULL, '2024-05-28 12:37:20'),
(73, 73, 1, '200.00', '0.00', '0.00', '0.00', '0.00', '0.00', '0.00', '0.00', 0, NULL, NULL, '2024-05-28 12:37:20'),
(74, 74, 1, '1608.00', '0.00', '0.00', '0.00', '0.00', '0.00', '0.00', '0.00', 0, NULL, NULL, '2024-05-28 12:37:20'),
(75, 75, 1, '520.00', '0.00', '0.00', '0.00', '0.00', '0.00', '0.00', '0.00', 0, NULL, NULL, '2024-05-28 12:37:20'),
(76, 76, 1, '500.00', '0.00', '0.00', '0.00', '0.00', '0.00', '0.00', '0.00', 0, NULL, NULL, '2024-05-28 12:37:20'),
(77, 77, 1, '1960.00', '0.00', '0.00', '0.00', '0.00', '0.00', '0.00', '0.00', 0, NULL, NULL, '2024-05-28 12:37:20'),
(78, 78, 1, '7000.00', '0.00', '3212.00', '0.00', '0.00', '0.00', '0.00', '0.00', 0, NULL, NULL, '2024-05-28 12:37:20'),
(79, 79, 1, '3000.00', '0.00', '0.00', '0.00', '0.00', '0.00', '0.00', '0.00', 0, NULL, NULL, '2024-05-28 12:37:20'),
(80, 80, 1, '1000.00', '0.00', '0.00', '0.00', '0.00', '0.00', '0.00', '0.00', 0, NULL, NULL, '2024-05-28 12:37:20'),
(81, 81, 1, '200.00', '0.00', '0.00', '0.00', '0.00', '0.00', '0.00', '0.00', 0, NULL, NULL, '2024-05-28 12:37:20'),
(82, 82, 1, '5400.00', '0.00', '0.00', '0.00', '0.00', '0.00', '0.00', '0.00', 0, NULL, NULL, '2024-05-28 12:37:20'),
(83, 83, 1, '2047.00', '0.00', '0.00', '0.00', '0.00', '0.00', '0.00', '0.00', 0, NULL, NULL, '2024-05-28 12:37:20'),
(84, 84, 1, '3000.00', '0.00', '0.00', '0.00', '0.00', '0.00', '0.00', '0.00', 0, NULL, NULL, '2024-05-28 12:37:20'),
(85, 85, 1, '1700.00', '0.00', '0.00', '0.00', '0.00', '0.00', '0.00', '0.00', 0, NULL, NULL, '2024-05-28 12:37:20'),
(86, 86, 1, '1000.00', '0.00', '1218.00', '0.00', '0.00', '0.00', '0.00', '0.00', 0, NULL, NULL, '2024-05-28 12:37:20'),
(87, 87, 1, '6000.00', '0.00', '0.00', '0.00', '0.00', '0.00', '0.00', '0.00', 0, NULL, NULL, '2024-05-28 12:37:20'),
(88, 88, 1, '996.00', '0.00', '0.00', '0.00', '0.00', '0.00', '0.00', '0.00', 0, NULL, NULL, '2024-05-28 12:37:20'),
(89, 89, 1, '996.00', '0.00', '0.00', '0.00', '0.00', '0.00', '0.00', '0.00', 0, NULL, NULL, '2024-05-28 12:37:20'),
(90, 90, 1, '1150.00', '0.00', '3380.00', '0.00', '0.00', '0.00', '0.00', '0.00', 0, NULL, NULL, '2024-05-28 12:37:20'),
(91, 91, 1, '4500.00', '0.00', '200.00', '0.00', '0.00', '0.00', '0.00', '0.00', 0, NULL, NULL, '2024-05-28 12:37:20'),
(92, 92, 1, '1400.00', '0.00', '819.00', '0.00', '0.00', '0.00', '0.00', '0.00', 0, NULL, NULL, '2024-05-28 12:37:20'),
(93, 93, 1, '9640.00', '0.00', '6160.00', '0.00', '0.00', '0.00', '0.00', '0.00', 0, NULL, NULL, '2024-05-28 12:37:20'),
(94, 94, 1, '9640.00', '0.00', '6160.00', '0.00', '0.00', '0.00', '0.00', '0.00', 0, NULL, NULL, '2024-05-28 12:37:20'),
(95, 95, 1, '4000.00', '0.00', '10000.00', '0.00', '0.00', '0.00', '0.00', '0.00', 0, NULL, NULL, '2024-05-28 12:37:20'),
(96, 96, 1, '4200.00', '0.00', '1000.00', '0.00', '0.00', '0.00', '0.00', '0.00', 0, NULL, NULL, '2024-05-28 12:37:20'),
(97, 97, 1, '3000.00', '0.00', '1000.00', '0.00', '0.00', '0.00', '0.00', '0.00', 0, NULL, NULL, '2024-05-28 12:37:20'),
(98, 98, 1, '3000.00', '0.00', '1000.00', '0.00', '0.00', '0.00', '0.00', '0.00', 0, NULL, NULL, '2024-05-28 12:37:20'),
(99, 99, 1, '1400.00', '0.00', '2000.00', '0.00', '0.00', '0.00', '0.00', '0.00', 0, NULL, NULL, '2024-05-28 12:37:20'),
(100, 100, 1, '1800.00', '0.00', '710.00', '0.00', '0.00', '0.00', '0.00', '0.00', 0, NULL, NULL, '2024-05-28 12:37:20'),
(101, 101, 1, '2000.00', '0.00', '0.00', '0.00', '0.00', '0.00', '0.00', '0.00', 0, NULL, NULL, '2024-05-28 12:37:20'),
(102, 102, 1, '2500.00', '0.00', '3000.00', '0.00', '0.00', '0.00', '0.00', '0.00', 0, NULL, NULL, '2024-05-28 12:37:20'),
(103, 103, 1, '2000.00', '0.00', '0.00', '0.00', '0.00', '0.00', '0.00', '0.00', 0, NULL, NULL, '2024-05-28 12:37:20'),
(104, 104, 1, '2500.00', '0.00', '0.00', '0.00', '0.00', '0.00', '0.00', '0.00', 0, NULL, NULL, '2024-05-28 12:37:20'),
(105, 105, 1, '1775.00', '0.00', '300.00', '0.00', '0.00', '0.00', '0.00', '0.00', 0, NULL, NULL, '2024-05-28 12:37:20'),
(106, 106, 1, '4000.00', '0.00', '1260.00', '0.00', '0.00', '0.00', '0.00', '0.00', 0, NULL, NULL, '2024-05-28 12:37:20'),
(107, 107, 1, '2000.00', '0.00', '0.00', '0.00', '0.00', '0.00', '0.00', '0.00', 0, NULL, NULL, '2024-05-28 12:37:20'),
(108, 108, 1, '6000.00', '0.00', '8000.00', '0.00', '0.00', '0.00', '0.00', '0.00', 0, NULL, NULL, '2024-05-28 12:37:20'),
(109, 109, 1, '1740.00', '0.00', '813.00', '0.00', '0.00', '0.00', '0.00', '0.00', 0, NULL, NULL, '2024-05-28 12:37:20'),
(110, 110, 1, '4200.00', '0.00', '2000.00', '0.00', '0.00', '0.00', '0.00', '0.00', 0, NULL, NULL, '2024-05-28 12:37:20'),
(111, 111, 1, '3000.00', '0.00', '400.00', '0.00', '0.00', '0.00', '0.00', '0.00', 0, NULL, NULL, '2024-05-28 12:37:20'),
(112, 112, 1, '5000.00', '0.00', '0.00', '0.00', '0.00', '0.00', '0.00', '0.00', 0, NULL, NULL, '2024-05-28 12:37:20'),
(113, 113, 1, '3000.00', '0.00', '0.00', '0.00', '0.00', '0.00', '0.00', '0.00', 0, NULL, NULL, '2024-05-28 12:37:20'),
(114, 114, 1, '2820.00', '0.00', '300.00', '0.00', '0.00', '0.00', '0.00', '0.00', 0, NULL, NULL, '2024-05-28 12:37:20'),
(115, 115, 1, '7500.00', '0.00', '0.00', '0.00', '0.00', '0.00', '0.00', '0.00', 0, NULL, NULL, '2024-05-28 12:37:20'),
(116, 116, 1, '4000.00', '0.00', '0.00', '0.00', '0.00', '0.00', '0.00', '0.00', 0, NULL, NULL, '2024-05-28 12:37:20'),
(117, 117, 1, '1000.00', '0.00', '3000.00', '0.00', '0.00', '0.00', '0.00', '0.00', 0, NULL, NULL, '2024-05-28 12:37:20'),
(118, 118, 1, '5750.00', '0.00', '1186.00', '0.00', '0.00', '0.00', '0.00', '0.00', 0, NULL, NULL, '2024-05-28 12:37:20'),
(119, 119, 1, '50000.00', '0.00', '300.00', '0.00', '0.00', '0.00', '0.00', '0.00', 0, NULL, NULL, '2024-05-28 12:37:20'),
(120, 120, 1, '0.00', '0.00', '6500.00', '0.00', '0.00', '0.00', '0.00', '0.00', 0, NULL, NULL, '2024-05-28 12:37:20'),
(121, 121, 1, '2995.00', '0.00', '-90.00', '0.00', '0.00', '0.00', '0.00', '90.00', 0, NULL, NULL, '2024-05-28 12:37:20'),
(122, 122, 1, '8000.00', '0.00', '0.00', '0.00', '0.00', '0.00', '0.00', '0.00', 0, NULL, NULL, '2024-05-28 12:37:20'),
(123, 123, 1, '8000.00', '0.00', '2500.00', '0.00', '0.00', '0.00', '0.00', '900.00', 0, NULL, NULL, '2024-05-28 12:37:20'),
(124, 124, 1, '23960.00', '0.00', '0.00', '0.00', '0.00', '0.00', '0.00', '0.00', 0, NULL, NULL, '2024-05-28 12:37:20'),
(125, 125, 1, '20000.00', '0.00', '2500.00', '0.00', '0.00', '0.00', '0.00', '0.00', 0, NULL, NULL, '2024-05-28 12:37:20'),
(126, 126, 1, '8000.00', '0.00', '0.00', '0.00', '0.00', '0.00', '0.00', '0.00', 0, NULL, NULL, '2024-05-28 12:37:20'),
(127, 127, 1, '10000.00', '0.00', '0.00', '0.00', '0.00', '0.00', '0.00', '0.00', 0, NULL, NULL, '2024-05-28 12:37:20'),
(128, 128, 1, '10000.00', '0.00', '0.00', '0.00', '0.00', '0.00', '0.00', '0.00', 0, NULL, NULL, '2024-05-28 12:37:20'),
(129, 129, 1, '0.00', '0.00', '0.00', '0.00', '0.00', '0.00', '0.00', '0.00', 0, NULL, NULL, '2024-05-28 12:37:20'),
(130, 130, 1, '10000.00', '0.00', '0.00', '0.00', '0.00', '0.00', '0.00', '0.00', 0, NULL, NULL, '2024-05-28 12:37:20'),
(131, 131, 1, '10000.00', '0.00', '0.00', '0.00', '0.00', '0.00', '0.00', '0.00', 0, NULL, NULL, '2024-05-28 12:37:20'),
(132, 132, 1, '11000.00', '0.00', '0.00', '0.00', '0.00', '0.00', '0.00', '0.00', 0, NULL, NULL, '2024-05-28 12:37:20'),
(133, 133, 1, '1000.00', '0.00', '1015.00', '0.00', '0.00', '0.00', '0.00', '0.00', 0, NULL, NULL, '2024-05-28 12:37:20'),
(134, 134, 1, '459972.00', '0.00', '0.00', '0.00', '0.00', '0.00', '0.00', '0.00', 0, NULL, NULL, '2024-05-28 12:37:20'),
(135, 135, 1, '508000.00', '0.00', '0.00', '0.00', '0.00', '0.00', '0.00', '0.00', 0, NULL, NULL, '2024-05-28 12:37:20'),
(136, 136, 1, '0.00', '0.00', '0.00', '0.00', '0.00', '0.00', '0.00', '0.00', 0, NULL, NULL, '2024-05-28 12:37:20'),
(137, 137, 1, '0.00', '0.00', '0.00', '0.00', '0.00', '0.00', '0.00', '0.00', 0, NULL, NULL, '2024-05-28 12:37:20'),
(138, 138, 1, '500.00', '0.00', '0.00', '0.00', '0.00', '0.00', '0.00', '0.00', 0, NULL, NULL, '2024-05-28 12:37:20'),
(139, 139, 1, '0.00', '0.00', '0.00', '0.00', '0.00', '0.00', '0.00', '0.00', 0, NULL, NULL, '2024-05-28 12:37:20'),
(140, 140, 1, '0.00', '0.00', '0.00', '0.00', '0.00', '0.00', '0.00', '0.00', 0, NULL, NULL, '2024-05-28 12:37:20'),
(141, 141, 1, '0.00', '0.00', '0.00', '0.00', '0.00', '0.00', '0.00', '0.00', 0, NULL, NULL, '2024-05-28 12:37:20'),
(142, 142, 1, '3120.00', '0.00', '0.00', '0.00', '0.00', '0.00', '0.00', '0.00', 0, NULL, NULL, '2024-05-28 12:37:20'),
(143, 143, 1, '3117.00', '0.00', '0.00', '0.00', '0.00', '0.00', '0.00', '0.00', 0, NULL, NULL, '2024-05-28 12:37:20'),
(144, 144, 1, '1678.00', '0.00', '0.00', '0.00', '0.00', '0.00', '0.00', '0.00', 0, NULL, NULL, '2024-05-28 12:37:20'),
(145, 145, 1, '1674.00', '0.00', '0.00', '0.00', '0.00', '0.00', '0.00', '0.00', 0, NULL, NULL, '2024-05-28 12:37:20'),
(146, 146, 1, '2390.00', '0.00', '-950.00', '0.00', '0.00', '0.00', '0.00', '950.00', 0, NULL, NULL, '2024-05-28 12:37:20'),
(147, 147, 1, '7500.00', '4.92', '0.00', '0.00', '0.00', '0.00', '0.00', '0.00', 0, NULL, NULL, '2024-05-28 12:37:20'),
(148, 148, 1, '0.00', '0.00', '0.00', '0.00', '0.00', '0.00', '0.00', '0.00', 0, NULL, NULL, '2024-05-28 12:37:20'),
(149, 149, 1, '10000.00', '0.00', '0.00', '0.00', '0.00', '0.00', '0.00', '0.00', 0, NULL, NULL, '2024-05-28 12:37:20'),
(150, 150, 1, '0.00', '0.00', '0.00', '0.00', '0.00', '0.00', '0.00', '0.00', 0, NULL, NULL, '2024-05-28 12:37:20'),
(151, 151, 1, '0.00', '0.00', '0.00', '0.00', '0.00', '0.00', '0.00', '0.00', 0, NULL, NULL, '2024-05-28 12:37:20'),
(152, 152, 1, '0.00', '0.00', '0.00', '0.00', '0.00', '0.00', '0.00', '0.00', 0, NULL, NULL, '2024-05-28 12:37:20'),
(153, 153, 1, '0.00', '0.00', '0.00', '0.00', '0.00', '0.00', '0.00', '0.00', 0, NULL, NULL, '2024-05-28 12:37:20'),
(154, 154, 1, '540.00', '0.00', '0.00', '0.00', '0.00', '0.00', '0.00', '0.00', 0, NULL, NULL, '2024-05-28 12:37:20'),
(155, 155, 1, '983.00', '0.00', '0.00', '0.00', '0.00', '0.00', '0.00', '0.00', 0, NULL, NULL, '2024-05-28 12:37:20'),
(156, 156, 1, '447.00', '0.00', '0.00', '0.00', '0.00', '0.00', '0.00', '0.00', 0, NULL, NULL, '2024-05-28 12:37:20'),
(157, 157, 1, '0.00', '0.00', '0.00', '0.00', '0.00', '0.00', '0.00', '0.00', 0, NULL, NULL, '2024-05-28 12:37:20'),
(158, 158, 1, '0.00', '0.00', '0.00', '0.00', '0.00', '0.00', '0.00', '0.00', 0, NULL, NULL, '2024-05-28 12:37:20'),
(159, 159, 1, '0.00', '0.00', '0.00', '0.00', '0.00', '0.00', '0.00', '0.00', 0, NULL, NULL, '2024-05-28 12:37:20'),
(160, 160, 1, '2000.00', '0.00', '0.00', '0.00', '0.00', '0.00', '0.00', '0.00', 0, NULL, NULL, '2024-05-28 12:37:20'),
(161, 161, 1, '3100.00', '0.00', '0.00', '0.00', '0.00', '0.00', '0.00', '0.00', 0, NULL, NULL, '2024-05-28 12:37:20'),
(162, 162, 1, '14864.00', '0.00', '0.00', '0.00', '0.00', '0.00', '0.00', '0.00', 0, NULL, NULL, '2024-05-28 12:37:20'),
(163, 163, 1, '47600.00', '0.00', '0.00', '0.00', '0.00', '0.00', '0.00', '0.00', 0, NULL, NULL, '2024-05-28 12:37:20'),
(164, 164, 1, '0.00', '0.00', '0.00', '0.00', '0.00', '0.00', '0.00', '0.00', 0, NULL, NULL, '2024-05-28 12:37:20'),
(165, 165, 1, '0.00', '0.00', '0.00', '0.00', '0.00', '0.00', '0.00', '0.00', 0, NULL, NULL, '2024-05-28 12:37:20'),
(166, 166, 1, '4690.00', '0.00', '0.00', '0.00', '0.00', '0.00', '0.00', '0.00', 0, NULL, NULL, '2024-05-28 12:37:20'),
(167, 167, 1, '4960.00', '0.00', '0.00', '0.00', '0.00', '0.00', '0.00', '0.00', 0, NULL, NULL, '2024-05-28 12:37:20'),
(168, 168, 1, '100.00', '0.00', '0.00', '0.00', '0.00', '0.00', '0.00', '0.00', 0, NULL, NULL, '2024-05-28 12:37:20'),
(169, 169, 1, '2500.00', '0.00', '0.00', '0.00', '0.00', '0.00', '0.00', '0.00', 0, NULL, NULL, '2024-05-28 12:37:20'),
(170, 170, 1, '4000.00', '0.00', '0.00', '0.00', '0.00', '0.00', '0.00', '0.00', 0, NULL, NULL, '2024-05-28 12:37:20'),
(171, 171, 1, '2750.00', '0.00', '0.00', '0.00', '0.00', '0.00', '0.00', '0.00', 0, NULL, NULL, '2024-05-28 12:37:20'),
(172, 172, 1, '2750.00', '0.00', '0.00', '0.00', '0.00', '0.00', '0.00', '0.00', 0, NULL, NULL, '2024-05-28 12:37:20'),
(173, 173, 1, '4000.00', '0.00', '0.00', '0.00', '0.00', '0.00', '0.00', '0.00', 0, NULL, NULL, '2024-05-28 12:37:20'),
(174, 174, 1, '4000.00', '0.00', '0.00', '0.00', '0.00', '0.00', '0.00', '0.00', 0, NULL, NULL, '2024-05-28 12:37:20'),
(175, 175, 1, '4770.00', '0.00', '0.00', '0.00', '0.00', '0.00', '0.00', '0.00', 0, NULL, NULL, '2024-05-28 12:37:20'),
(176, 176, 1, '3400.00', '0.00', '0.00', '0.00', '0.00', '0.00', '0.00', '0.00', 0, NULL, NULL, '2024-05-28 12:37:20'),
(177, 177, 1, '4300.00', '0.00', '0.00', '0.00', '0.00', '0.00', '0.00', '0.00', 0, NULL, NULL, '2024-05-28 12:37:20'),
(178, 178, 1, '350.00', '0.00', '0.00', '0.00', '0.00', '0.00', '0.00', '0.00', 0, NULL, NULL, '2024-05-28 12:37:20'),
(179, 179, 1, '350.00', '0.00', '0.00', '0.00', '0.00', '0.00', '0.00', '0.00', 0, NULL, NULL, '2024-05-28 12:37:20'),
(180, 180, 1, '350.00', '0.00', '0.00', '0.00', '0.00', '0.00', '0.00', '0.00', 0, NULL, NULL, '2024-05-28 12:37:20'),
(181, 181, 1, '350.00', '0.00', '0.00', '0.00', '0.00', '0.00', '0.00', '0.00', 0, NULL, NULL, '2024-05-28 12:37:20'),
(182, 182, 1, '3000.00', '0.00', '0.00', '0.00', '0.00', '0.00', '0.00', '0.00', 0, NULL, NULL, '2024-05-28 12:37:20'),
(183, 183, 1, '4000.00', '0.00', '0.00', '0.00', '0.00', '0.00', '0.00', '0.00', 0, NULL, NULL, '2024-05-28 12:37:20'),
(184, 184, 1, '4600.00', '0.00', '0.00', '0.00', '0.00', '0.00', '0.00', '0.00', 0, NULL, NULL, '2024-05-28 12:37:20'),
(185, 185, 1, '1800.00', '0.00', '0.00', '0.00', '0.00', '0.00', '0.00', '0.00', 0, NULL, NULL, '2024-05-28 12:37:20'),
(186, 186, 1, '1800.00', '0.00', '0.00', '0.00', '0.00', '0.00', '0.00', '0.00', 0, NULL, NULL, '2024-05-28 12:37:20'),
(187, 187, 1, '4632.00', '0.00', '0.00', '0.00', '0.00', '0.00', '0.00', '0.00', 0, NULL, NULL, '2024-05-28 12:37:20'),
(188, 188, 1, '2588.00', '0.00', '0.00', '0.00', '0.00', '0.00', '0.00', '0.00', 0, NULL, NULL, '2024-05-28 12:37:20'),
(189, 189, 1, '1212.00', '0.00', '0.00', '0.00', '0.00', '0.00', '0.00', '0.00', 0, NULL, NULL, '2024-05-28 12:37:20'),
(190, 190, 1, '0.00', '0.00', '0.00', '0.00', '0.00', '0.00', '0.00', '0.00', 0, NULL, NULL, '2024-05-28 12:37:20'),
(191, 191, 1, '1000.00', '0.00', '0.00', '0.00', '0.00', '0.00', '0.00', '0.00', 0, NULL, NULL, '2024-05-28 12:37:20'),
(192, 192, 1, '2840.00', '20.05', '0.00', '0.00', '0.00', '0.00', '0.00', '0.00', 0, NULL, NULL, '2024-05-28 12:37:20'),
(193, 193, 1, '2840.00', '8.45', '0.00', '0.00', '0.00', '0.00', '0.00', '0.00', 0, NULL, NULL, '2024-05-28 12:37:20'),
(194, 194, 1, '0.00', '1.00', '0.00', '0.00', '0.00', '0.00', '0.00', '0.00', 0, NULL, NULL, '2024-05-28 12:37:20'),
(195, 195, 1, '0.00', '0.00', '0.00', '0.00', '0.00', '0.00', '0.00', '0.00', 0, NULL, NULL, '2024-05-28 12:37:20'),
(196, 196, 1, '0.00', '0.00', '0.00', '0.00', '0.00', '0.00', '0.00', '0.00', 0, NULL, NULL, '2024-05-28 12:37:20'),
(197, 197, 1, '0.00', '0.00', '0.00', '0.00', '0.00', '0.00', '0.00', '0.00', 0, NULL, NULL, '2024-05-28 12:37:20'),
(198, 198, 1, '0.00', '0.00', '0.00', '0.00', '0.00', '0.00', '0.00', '0.00', 0, NULL, NULL, '2024-05-28 12:37:20'),
(199, 199, 1, '1000.00', '0.00', '0.00', '0.00', '0.00', '0.00', '0.00', '0.00', 0, NULL, NULL, '2024-05-28 12:37:20'),
(200, 200, 1, '0.00', '0.00', '0.00', '0.00', '0.00', '0.00', '0.00', '0.00', 0, NULL, NULL, '2024-05-28 12:37:20'),
(201, 201, 1, '0.00', '0.00', '0.00', '0.00', '0.00', '0.00', '0.00', '0.00', 0, NULL, NULL, '2024-05-28 12:37:20'),
(202, 202, 1, '0.00', '0.00', '0.00', '0.00', '0.00', '0.00', '0.00', '0.00', 0, NULL, NULL, '2024-05-28 12:37:20'),
(203, 203, 1, '0.00', '0.00', '0.00', '0.00', '0.00', '0.00', '0.00', '0.00', 0, NULL, NULL, '2024-05-28 12:37:20'),
(204, 204, 1, '0.00', '0.00', '0.00', '0.00', '0.00', '0.00', '0.00', '0.00', 0, NULL, NULL, '2024-05-28 12:37:20'),
(205, 205, 1, '0.00', '0.00', '0.00', '0.00', '0.00', '0.00', '0.00', '0.00', 0, NULL, NULL, '2024-05-28 12:37:20'),
(206, 206, 1, '0.00', '0.00', '0.00', '0.00', '0.00', '0.00', '0.00', '0.00', 0, NULL, NULL, '2024-05-28 12:37:20'),
(207, 207, 1, '0.00', '0.00', '0.00', '0.00', '0.00', '0.00', '0.00', '0.00', 0, NULL, NULL, '2024-05-28 12:37:20'),
(208, 208, 1, '0.00', '0.00', '0.00', '0.00', '0.00', '0.00', '0.00', '0.00', 0, NULL, NULL, '2024-05-28 12:37:20'),
(209, 209, 1, '0.00', '0.00', '0.00', '0.00', '0.00', '0.00', '0.00', '0.00', 0, NULL, NULL, '2024-05-28 12:37:20'),
(210, 210, 1, '0.00', '0.00', '0.00', '0.00', '0.00', '0.00', '0.00', '0.00', 0, NULL, NULL, '2024-05-28 12:37:20'),
(211, 211, 1, '0.00', '0.00', '0.00', '0.00', '0.00', '0.00', '0.00', '0.00', 0, NULL, NULL, '2024-05-28 12:37:20'),
(212, 212, 1, '0.00', '0.00', '0.00', '0.00', '0.00', '0.00', '0.00', '0.00', 0, NULL, NULL, '2024-05-28 12:37:20'),
(213, 213, 1, '0.00', '0.00', '0.00', '0.00', '0.00', '0.00', '0.00', '0.00', 0, NULL, NULL, '2024-05-28 12:37:20'),
(214, 214, 1, '0.00', '0.00', '0.00', '0.00', '0.00', '0.00', '0.00', '0.00', 0, NULL, NULL, '2024-05-28 12:37:20'),
(215, 215, 1, '0.00', '0.00', '0.00', '0.00', '0.00', '0.00', '0.00', '0.00', 0, NULL, NULL, '2024-05-28 12:37:20'),
(216, 216, 1, '9264.00', '12.50', '0.00', '0.00', '0.00', '0.00', '0.00', '0.00', 0, NULL, NULL, '2024-05-28 12:37:20'),
(217, 217, 1, '0.00', '350000.00', '0.00', '0.00', '0.00', '0.00', '0.00', '0.00', 0, NULL, NULL, '2024-05-28 12:37:20'),
(218, 218, 1, '0.00', '337000.00', '0.00', '0.00', '0.00', '0.00', '0.00', '0.00', 0, NULL, NULL, '2024-05-28 12:37:20'),
(219, 219, 1, '0.00', '91.59', '0.00', '0.00', '0.00', '0.00', '0.00', '0.00', 0, NULL, NULL, '2024-05-28 12:37:20'),
(220, 220, 1, '350.00', '1.00', '0.00', '0.00', '0.00', '0.00', '0.00', '0.00', 0, NULL, NULL, '2024-05-28 12:37:20'),
(221, 221, 1, '4000.00', '1.98', '0.00', '0.00', '0.00', '0.00', '0.00', '0.00', 0, NULL, NULL, '2024-05-28 12:37:20'),
(222, 222, 1, '0.00', '230.00', '0.00', '0.00', '0.00', '0.00', '0.00', '0.00', 0, NULL, NULL, '2024-05-28 12:37:20'),
(223, 223, 1, '0.00', '595.00', '0.00', '0.00', '0.00', '0.00', '0.00', '0.00', 0, NULL, NULL, '2024-05-28 12:37:20'),
(224, 224, 1, '0.00', '405.00', '0.00', '0.00', '0.00', '0.00', '0.00', '0.00', 0, NULL, NULL, '2024-05-28 12:37:20'),
(225, 225, 1, '0.00', '135.00', '0.00', '0.00', '0.00', '0.00', '0.00', '0.00', 0, NULL, NULL, '2024-05-28 12:37:20'),
(226, 226, 1, '3.00', '90.00', '0.00', '0.00', '0.00', '0.00', '0.00', '0.00', 0, NULL, NULL, '2024-05-28 12:37:20'),
(227, 227, 1, '0.00', '157.50', '0.00', '0.00', '0.00', '0.00', '0.00', '0.00', 0, NULL, NULL, '2024-05-28 12:37:20'),
(228, 228, 1, '2840.00', '3.87', '0.00', '0.00', '0.00', '0.00', '0.00', '0.00', 0, NULL, NULL, '2024-05-28 12:37:20'),
(229, 229, 1, '0.00', '255000.00', '0.00', '8.00', '0.00', '0.00', '0.00', '28.00', 0, NULL, NULL, '2024-05-28 12:37:20'),
(230, 230, 1, '0.00', '267000.00', '0.00', '0.00', '0.00', '0.00', '0.00', '0.00', 0, NULL, NULL, '2024-05-28 12:37:20'),
(231, 231, 1, '1750.00', '5.13', '0.00', '0.00', '0.00', '0.00', '0.00', '0.00', 0, NULL, NULL, '2024-05-28 12:37:20'),
(232, 232, 1, '7759.50', '3.06', '0.00', '0.00', '0.00', '0.00', '0.00', '0.00', 0, NULL, NULL, '2024-05-28 12:37:20'),
(233, 233, 1, '7259.75', '2.90', '0.00', '0.00', '0.00', '0.00', '0.00', '0.00', 0, NULL, NULL, '2024-05-28 12:37:20'),
(234, 234, 1, '7109.88', '5.43', '1.00', '0.00', '0.00', '0.00', '0.00', '0.00', 0, NULL, NULL, '2024-05-28 12:37:20'),
(235, 235, 1, '4.00', '222849.00', '0.00', '0.00', '0.00', '0.00', '0.00', '0.00', 0, NULL, NULL, '2024-05-28 12:37:20'),
(236, 236, 1, '0.00', '2250.00', '0.00', '0.00', '0.00', '0.00', '0.00', '0.00', 0, NULL, NULL, '2024-05-28 12:37:20'),
(237, 237, 1, '950.00', '67.00', '0.00', '0.00', '0.00', '0.00', '0.00', '0.00', 0, NULL, NULL, '2024-05-28 12:37:20'),
(238, 238, 1, '250.00', '25.00', '0.00', '0.00', '0.00', '0.00', '0.00', '0.00', 0, NULL, NULL, '2024-05-28 12:37:20'),
(239, 239, 1, '190.00', '100.00', '0.00', '0.00', '0.00', '0.00', '0.00', '0.00', 0, NULL, NULL, '2024-05-28 12:37:20'),
(240, 240, 1, '330.00', '20.00', '0.00', '0.00', '0.00', '0.00', '0.00', '0.00', 0, NULL, NULL, '2024-05-28 12:37:20'),
(241, 241, 1, '200.00', '250.00', '0.00', '0.00', '0.00', '0.00', '0.00', '0.00', 0, NULL, NULL, '2024-05-28 12:37:20'),
(242, 242, 1, '380.00', '10.00', '-10.00', '0.00', '0.00', '0.00', '0.00', '20.00', 0, NULL, NULL, '2024-05-28 12:37:20'),
(243, 243, 1, '201.00', '25.00', '0.00', '0.00', '0.00', '0.00', '0.00', '0.00', 0, NULL, NULL, '2024-05-28 12:37:20'),
(244, 244, 1, '1.00', '50.00', '0.00', '0.00', '0.00', '0.00', '0.00', '0.00', 0, NULL, NULL, '2024-05-28 12:37:20'),
(245, 245, 1, '355.00', '100.00', '0.00', '0.00', '0.00', '0.00', '0.00', '0.00', 0, NULL, NULL, '2024-05-28 12:37:20'),
(246, 246, 1, '490.00', '25.50', '0.00', '0.00', '0.00', '0.00', '0.00', '0.00', 0, NULL, NULL, '2024-05-28 12:37:20');

-- --------------------------------------------------------

--
-- Table structure for table `customer_part_documents`
--

CREATE TABLE `customer_part_documents` (
  `id` int NOT NULL,
  `customer_master_id` int NOT NULL,
  `revision_number` int DEFAULT NULL,
  `customer_id` int NOT NULL,
  `customer_part_id` int NOT NULL,
  `created_id` int NOT NULL,
  `date` varchar(255) NOT NULL,
  `time` varchar(255) NOT NULL,
  `timestamp` timestamp NOT NULL DEFAULT CURRENT_TIMESTAMP ON UPDATE CURRENT_TIMESTAMP,
  `deleted` int DEFAULT NULL,
  `type` varchar(20) NOT NULL,
  `document_name` text NOT NULL,
  `document` text NOT NULL
) ENGINE=InnoDB DEFAULT CHARSET=latin1;

--
-- Dumping data for table `customer_part_documents`
--

INSERT INTO `customer_part_documents` (`id`, `customer_master_id`, `revision_number`, `customer_id`, `customer_part_id`, `created_id`, `date`, `time`, `deleted`, `type`, `document_name`, `document`) VALUES
(1, 144, NULL, 1, 0, 3, '08-09-2023', '06:31:21', NULL, 'APQP', 'Sample approval report', 'CUSTOMER_SIR_T0_H107_RR_Base1.pdf');

-- --------------------------------------------------------

--
-- Table structure for table `customer_part_drawing`
--

CREATE TABLE `customer_part_drawing` (
  `id` int NOT NULL,
  `customer_master_id` varchar(255) NOT NULL,
  `revision_date` varchar(50) NOT NULL,
  `revision_no` varchar(255) NOT NULL,
  `uploading_document` text,
  `created_id` int NOT NULL,
  `date` varchar(255) NOT NULL,
  `time` varchar(255) NOT NULL,
  `timestamp` timestamp NOT NULL DEFAULT CURRENT_TIMESTAMP,
  `deleted` int DEFAULT NULL,
  `revision_remark` varchar(100) DEFAULT NULL,
  `customer_part_id` int NOT NULL,
  `drawing` text NOT NULL,
  `cad` text,
  `model` text
) ENGINE=InnoDB DEFAULT CHARSET=latin1;

--
-- Dumping data for table `customer_part_drawing`
--

INSERT INTO `customer_part_drawing` (`id`, `customer_master_id`, `revision_date`, `revision_no`, `uploading_document`, `created_id`, `date`, `time`, `timestamp`, `deleted`, `revision_remark`, `customer_part_id`, `drawing`, `cad`, `model`) VALUES
(1, '144', '2019-02-26', '0', NULL, 3, '08-09-2023', '06:28:51', '2023-09-08 12:58:51', NULL, 'New release', 0, 'CUSTOMER_SIR_T0_H107_RR_Base.pdf', NULL, NULL),
(2, '193', '2019-03-25', '0', NULL, 3, '17-09-2023', '10:20:37', '2023-09-17 04:50:37', NULL, 'New release', 0, 'PL0092_-_Base_New_Gen_250319.pdf', NULL, NULL),
(3, '103', '2019-04-24', '0', NULL, 3, '26-09-2023', '12:14:26', '2023-09-26 06:44:27', NULL, 'New release', 0, 'PL0137_-_Insulating_Tube_MBCS_240419.pdf', NULL, NULL),
(4, '23', '2021-08-02', '00', NULL, 3, '31-10-2023', '05:43:18', '2023-10-31 12:13:18', NULL, 'NEW RELEASE', 0, '11._RR_LENS_Nwe_57073-01.pdf', '', ''),
(5, '15', '2010-10-16', '00', NULL, 3, '31-10-2023', '05:46:01', '2023-10-31 12:16:01', NULL, 'NEW RELEASE', 0, '1.J.G._INEER_LENCE_94771-00.pdf', '', ''),
(6, '143', '2022-02-04', '01', NULL, 3, '31-10-2023', '05:53:06', '2023-10-31 12:23:06', NULL, 'RELEASE', 0, 'CUSTOMER_SIR_T0_H107_RR_Base2.pdf', '', ''),
(7, '142', '2022-02-04', '01', NULL, 3, '31-10-2023', '05:53:47', '2023-10-31 12:23:47', NULL, 'RELEASE', 0, 'CUSTOMER_SIR_T0_H107_RR_Base3.pdf', '', ''),
(8, '145', '2022-06-02', '01', NULL, 3, '31-10-2023', '05:58:28', '2023-10-31 12:28:28', NULL, 'RELEASE', 0, 'CUSTOMER_SIR_T0_H107_RR_lens.pdf', '', ''),
(9, '146', '2022-01-22', '00', NULL, 3, '31-10-2023', '06:00:05', '2023-10-31 12:30:05', NULL, 'NEW RELEASE', 0, 'CUSTOMER_SIR_T0_H107A_HL_Reflex_reflector.pdf', '', ''),
(10, '21', '2007-10-22', '00', NULL, 3, '01-11-2023', '11:48:50', '2023-11-01 06:18:50', NULL, 'RELEASE', 0, '244_hsg.pdf', '', ''),
(11, '24', '2019-10-25', '00', NULL, 3, '01-11-2023', '11:51:25', '2023-11-01 06:21:25', NULL, 'RELEASE', 0, 'small_bezzel.jpg', '', ''),
(12, '154', '2011-12-25', '00', NULL, 3, '01-11-2023', '11:52:53', '2023-11-01 06:22:53', NULL, 'RELEASE', 0, 'optical_guide.jpg', '', ''),
(13, '9', '2019-02-11', 'A', NULL, 3, '01-11-2023', '11:54:51', '2023-11-01 06:24:51', NULL, 'RELEASE', 0, '26._99369-08__CT100_HL_REFLECTOR.pdf', '', ''),
(14, '10', '2018-07-16', '00', NULL, 3, '01-11-2023', '11:56:12', '2023-11-01 06:26:12', NULL, 'RELEASE', 0, 'drl_pcb_cap.jpg', '', ''),
(15, '11', '2019-07-13', '00', NULL, 3, '01-11-2023', '11:57:26', '2023-11-01 06:27:26', NULL, 'RELEASE', 0, 'j1d_inner_lens.jpg', '', ''),
(16, '22', '2022-08-02', '00', NULL, 3, '01-11-2023', '07:15:05', '2023-11-01 13:45:05', NULL, 'RELEASE', 0, '12._RR_Base_New.pdf', '', ''),
(17, '13', '2020-09-24', '00', NULL, 3, '01-11-2023', '07:19:04', '2023-11-01 13:49:04', NULL, 'RELEASE', 0, '18._52403-01_INSULATING_PLATE.PDF', '', ''),
(18, '14', '2021-09-20', 'C', NULL, 3, '01-11-2023', '07:20:35', '2023-11-01 13:50:35', NULL, 'RELEASE', 0, '53574-01_J1C_TL_INNER_HOUSING_REV_C_(1).pdf', '', ''),
(19, '2', '2020-01-04', 'A', NULL, 3, '01-11-2023', '07:33:28', '2023-11-01 14:03:28', NULL, 'RELEASE', 0, 'B106_HL_outer_Bezel_Drawing.xlsx', '', ''),
(20, '19', '2006-08-04', '00', NULL, 3, '03-11-2023', '10:29:48', '2023-11-03 04:59:48', NULL, 'reference', 0, 'PUSSR_REF..pdf', '', ''),
(21, '18', '2006-08-09', '00', NULL, 3, '03-11-2023', '10:30:40', '2023-11-03 05:00:40', NULL, 'reference', 0, 'PUSSR_REF.1.pdf', '', '');

-- --------------------------------------------------------

--
-- Table structure for table `customer_part_operation`
--

CREATE TABLE `customer_part_operation` (
  `id` int NOT NULL,
  `customer_master_id` varchar(255) NOT NULL,
  `operation_id` int DEFAULT NULL,
  `name` text NOT NULL,
  `mfg` text,
  `revision_date` varchar(50) NOT NULL,
  `revision_no` varchar(255) NOT NULL,
  `uploading_document` text,
  `created_id` int NOT NULL,
  `date` varchar(255) NOT NULL,
  `time` varchar(255) NOT NULL,
  `timestamp` timestamp NOT NULL DEFAULT CURRENT_TIMESTAMP,
  `deleted` int DEFAULT NULL,
  `revision_remark` varchar(100) DEFAULT NULL,
  `customer_part_id` int NOT NULL
) ENGINE=InnoDB DEFAULT CHARSET=latin1;

-- --------------------------------------------------------

--
-- Table structure for table `customer_part_operation_data`
--

CREATE TABLE `customer_part_operation_data` (
  `id` int NOT NULL,
  `customer_part_operation_id` int NOT NULL,
  `operation_name` varchar(20) COLLATE utf8mb4_general_ci DEFAULT NULL,
  `product` text COLLATE utf8mb4_general_ci NOT NULL,
  `process` text COLLATE utf8mb4_general_ci NOT NULL,
  `specification_tolerance` text COLLATE utf8mb4_general_ci NOT NULL,
  `evalution` text COLLATE utf8mb4_general_ci NOT NULL,
  `size` text COLLATE utf8mb4_general_ci NOT NULL,
  `frequency` text COLLATE utf8mb4_general_ci NOT NULL
) ENGINE=InnoDB DEFAULT CHARSET=utf8mb4 COLLATE=utf8mb4_general_ci;

-- --------------------------------------------------------

--
-- Table structure for table `customer_part_rate`
--

CREATE TABLE `customer_part_rate` (
  `id` int NOT NULL,
  `customer_master_id` varchar(255) NOT NULL,
  `rate` float DEFAULT NULL,
  `revision_date` varchar(50) NOT NULL,
  `revision_no` varchar(255) NOT NULL,
  `uploading_document` text,
  `created_id` int NOT NULL,
  `date` varchar(255) NOT NULL,
  `time` varchar(255) NOT NULL,
  `timestamp` timestamp NOT NULL DEFAULT CURRENT_TIMESTAMP,
  `deleted` int DEFAULT NULL,
  `revision_remark` varchar(100) DEFAULT NULL,
  `customer_part_id` int NOT NULL
) ENGINE=InnoDB DEFAULT CHARSET=latin1;

--
-- Dumping data for table `customer_part_rate`
--

INSERT INTO `customer_part_rate` (`id`, `customer_master_id`, `rate`, `revision_date`, `revision_no`, `uploading_document`, `created_id`, `date`, `time`, `timestamp`, `deleted`, `revision_remark`, `customer_part_id`) VALUES
(1, '6', 2.18, '1/4/2023', '1', '', 3, '4/1/2023', '12:04:49', '0000-00-00 00:00:00', NULL, 'new part defined', 0),
(2, '5', 2.18, '1/4/2023', '1', '', 3, '4/1/2023', '12:06:23', '0000-00-00 00:00:00', NULL, 'new part defined', 0),
(3, '10', 0.74, '1/28/2023', '1', '', 3, '28-01-2023', '7:42:29', '0000-00-00 00:00:00', NULL, 'new part defined', 0),
(4, '1', 72.46, '2/5/2023', '1', '', 3, '5/2/2023', '10:09:13', '0000-00-00 00:00:00', NULL, 'new part define ', 0),
(5, '2', 20.72, '2/5/2023', '1', '', 3, '5/2/2023', '10:10:05', '0000-00-00 00:00:00', NULL, 'new part define ', 0),
(6, '3', 92.88, '2/5/2023', '1', '', 3, '5/2/2023', '10:11:00', '0000-00-00 00:00:00', NULL, 'new part define ', 0),
(7, '4', 5.53, '2/5/2023', '1', '', 3, '5/2/2023', '10:12:03', '0000-00-00 00:00:00', NULL, 'new part define ', 0),
(8, '7', 4.73, '2/5/2023', '1', '', 3, '5/2/2023', '10:13:49', '0000-00-00 00:00:00', NULL, 'new part define ', 0),
(9, '8', 4.73, '2/5/2023', '1', '', 3, '5/2/2023', '10:14:20', '0000-00-00 00:00:00', NULL, 'new part define ', 0),
(10, '9', 92.88, '2/5/2023', '1', '', 3, '5/2/2023', '10:15:11', '0000-00-00 00:00:00', NULL, 'new part define ', 0),
(11, '11', 8.04, '2/5/2023', '1', '', 3, '5/2/2023', '10:16:17', '0000-00-00 00:00:00', NULL, 'new part define ', 0),
(12, '14', 15.86, '2/5/2023', '1', '', 3, '5/2/2023', '10:17:17', '0000-00-00 00:00:00', NULL, 'new part define ', 0),
(13, '15', 1.97, '2/5/2023', '1', '', 3, '5/2/2023', '10:18:03', '0000-00-00 00:00:00', NULL, 'new part define ', 0),
(14, '19', 5.5, '2/5/2023', '1', '', 3, '5/2/2023', '10:18:51', '0000-00-00 00:00:00', NULL, 'new part define ', 0),
(15, '18', 5.5, '2/5/2023', '1', '', 3, '5/2/2023', '10:19:13', '0000-00-00 00:00:00', NULL, 'new part define ', 0),
(16, '21', 2.66, '2/5/2023', '1', '', 3, '5/2/2023', '10:20:57', '0000-00-00 00:00:00', NULL, 'new part define ', 0),
(17, '20', 2.66, '2/5/2023', '1', '', 3, '5/2/2023', '10:21:46', '0000-00-00 00:00:00', NULL, 'new part define ', 0),
(18, '22', 4.52, '2/5/2023', '1', '', 3, '5/2/2023', '10:22:42', '0000-00-00 00:00:00', NULL, 'new part define ', 0),
(19, '23', 3.45, '2/5/2023', '1', '', 3, '5/2/2023', '10:23:17', '0000-00-00 00:00:00', NULL, 'new part define ', 0),
(20, '24', 1.64, '2/5/2023', '1', '', 3, '5/2/2023', '10:23:54', '0000-00-00 00:00:00', NULL, 'new part define ', 0),
(21, '146', 3.22, '2/5/2023', '1', '', 3, '5/2/2023', '10:24:45', '0000-00-00 00:00:00', NULL, 'new part define ', 0),
(22, '145', 4.4, '2/5/2023', '1', '', 3, '5/2/2023', '10:25:38', '0000-00-00 00:00:00', NULL, 'new part define ', 0),
(23, '144', 4.4, '2/5/2023', '1', '', 3, '5/2/2023', '10:25:59', '0000-00-00 00:00:00', NULL, 'new part define ', 0),
(24, '142', 5.89, '2/5/2023', '1', '', 3, '5/2/2023', '10:26:45', '0000-00-00 00:00:00', NULL, 'new part define ', 0),
(25, '143', 5.89, '2/5/2023', '1', '', 3, '5/2/2023', '10:29:28', '0000-00-00 00:00:00', NULL, 'new part define ', 0),
(26, '17', 2.54, '2/5/2023', '1', '', 3, '5/2/2023', '10:30:11', '0000-00-00 00:00:00', NULL, 'new part define ', 0),
(27, '16', 4.08, '2/5/2023', '1', '', 3, '5/2/2023', '10:30:50', '0000-00-00 00:00:00', NULL, 'new part define ', 0),
(28, '13', 1.54, '2/5/2023', '1', '', 3, '5/2/2023', '10:45:37', '0000-00-00 00:00:00', NULL, 'new part define ', 0),
(29, '12', 1.54, '2/5/2023', '1', '', 3, '5/2/2023', '10:46:18', '0000-00-00 00:00:00', NULL, 'new part define ', 0),
(30, '25', 53.02, '2/5/2023', '1', '', 3, '5/2/2023', '1:48:06', '0000-00-00 00:00:00', NULL, 'new part define ', 0),
(31, '26', 53.02, '2/5/2023', '1', '', 3, '5/2/2023', '1:48:34', '0000-00-00 00:00:00', NULL, 'new part define ', 0),
(32, '57', 80.81, '2/5/2023', '1', '', 3, '5/2/2023', '1:49:35', '0000-00-00 00:00:00', NULL, 'new part define ', 0),
(33, '58', 80.81, '2/5/2023', '1', '', 3, '5/2/2023', '1:50:02', '0000-00-00 00:00:00', NULL, 'new part define ', 0),
(34, '27', 13.98, '2/5/2023', '1', '', 3, '5/2/2023', '1:51:34', '0000-00-00 00:00:00', NULL, 'new part define ', 0),
(35, '28', 13.98, '2/5/2023', '1', '', 3, '5/2/2023', '1:51:59', '0000-00-00 00:00:00', NULL, 'new part define ', 0),
(36, '60', 14.82, '2/5/2023', '1', '', 3, '5/2/2023', '1:52:36', '0000-00-00 00:00:00', NULL, 'new part define ', 0),
(37, '59', 14.82, '2/5/2023', '1', '', 3, '5/2/2023', '1:53:06', '0000-00-00 00:00:00', NULL, 'new part define ', 0),
(38, '29', 45, '2/5/2023', '1', '', 3, '5/2/2023', '1:54:17', '0000-00-00 00:00:00', NULL, 'new part define ', 0),
(39, '30', 38.5, '2/5/2023', '1', '', 3, '5/2/2023', '1:55:45', '0000-00-00 00:00:00', NULL, 'new part define ', 0),
(40, '31', 0.8, '2/5/2023', '1', '', 3, '5/2/2023', '1:56:35', '0000-00-00 00:00:00', NULL, 'new part define ', 0),
(41, '32', 1.3, '2/5/2023', '1', '', 3, '5/2/2023', '1:57:44', '0000-00-00 00:00:00', NULL, 'new part define ', 0),
(42, '33', 1.35, '2/5/2023', '1', '', 3, '5/2/2023', '1:58:42', '0000-00-00 00:00:00', NULL, 'new part define ', 0),
(43, '34', 2.79, '2/5/2023', '1', '', 3, '5/2/2023', '1:59:51', '0000-00-00 00:00:00', NULL, 'new part define ', 0),
(44, '35', 2.79, '2/5/2023', '1', '', 3, '5/2/2023', '2:01:01', '0000-00-00 00:00:00', NULL, 'new part define ', 0),
(45, '36', 2.44, '2/5/2023', '1', '', 3, '5/2/2023', '2:02:16', '0000-00-00 00:00:00', NULL, 'new part define ', 0),
(46, '37', 2.86, '2/5/2023', '1', '', 3, '5/2/2023', '2:03:06', '0000-00-00 00:00:00', NULL, 'new part define ', 0),
(47, '38', 2.71, '2/5/2023', '1', '', 3, '5/2/2023', '2:04:07', '0000-00-00 00:00:00', NULL, 'new part define ', 0),
(48, '39', 2.69, '2/5/2023', '1', '', 3, '5/2/2023', '2:05:04', '0000-00-00 00:00:00', NULL, 'new part define ', 0),
(49, '40', 3.87, '2/5/2023', '1', '', 3, '5/2/2023', '2:06:15', '0000-00-00 00:00:00', NULL, 'new part define ', 0),
(50, '41', 17.78, '2/5/2023', '1', '', 3, '5/2/2023', '3:10:05', '0000-00-00 00:00:00', NULL, 'new part define ', 0),
(51, '42', 2.14, '2/5/2023', '1', '', 3, '5/2/2023', '3:10:57', '0000-00-00 00:00:00', NULL, 'new part define ', 0),
(52, '43', 2.39, '2/5/2023', '1', '', 3, '5/2/2023', '3:12:20', '0000-00-00 00:00:00', NULL, 'new part define ', 0),
(53, '44', 2.38, '2/5/2023', '1', '', 3, '5/2/2023', '3:14:07', '0000-00-00 00:00:00', NULL, 'new part define ', 0),
(54, '45', 2.16, '2/5/2033', '1', '', 3, '5/2/2023', '3:14:59', '0000-00-00 00:00:00', NULL, 'new part define ', 0),
(55, '46', 1.58, '2/5/2023', '1', '', 3, '5/2/2023', '3:15:46', '0000-00-00 00:00:00', NULL, 'new part define ', 0),
(56, '47', 3.05, '2/5/2023', '1', '', 3, '5/2/2023', '3:16:51', '0000-00-00 00:00:00', NULL, 'new part define ', 0),
(57, '49', 2.18, '2/5/2023', '1', '', 3, '5/2/2023', '3:17:41', '0000-00-00 00:00:00', NULL, 'new part define ', 0),
(58, '48', 2.37, '2/5/2023', '1', '', 3, '5/2/2023', '3:18:10', '0000-00-00 00:00:00', NULL, 'new part define ', 0),
(59, '50', 2, '2/5/2023', '1', '', 3, '5/2/2023', '3:19:07', '0000-00-00 00:00:00', NULL, 'new part define ', 0),
(60, '51', 2, '2/5/2023', '1', '', 3, '5/2/2023', '3:19:35', '0000-00-00 00:00:00', NULL, 'new part define ', 0),
(61, '52', 101.2, '2/5/2023', '1', '', 3, '5/2/2023', '3:20:16', '0000-00-00 00:00:00', NULL, 'new part define ', 0),
(62, '53', 1.35, '2/5/2023', '1', '', 3, '5/2/2023', '3:20:55', '0000-00-00 00:00:00', NULL, 'new part define ', 0),
(63, '54', 3.41, '2/5/2023', '1', '', 3, '5/2/2023', '3:21:41', '0000-00-00 00:00:00', NULL, 'new part define ', 0),
(64, '55', 2.4, '2/5/2023', '1', '', 3, '5/2/2023', '3:22:24', '0000-00-00 00:00:00', NULL, 'new part define ', 0),
(65, '56', 20.44, '2/5/2023', '1', '', 3, '5/2/2023', '3:22:55', '0000-00-00 00:00:00', NULL, 'new part define ', 0),
(66, '61', 14.75, '2/2/2023', '1', '', 3, '5/2/2023', '3:23:41', '0000-00-00 00:00:00', NULL, 'new part define ', 0),
(67, '62', 1.66, '2/5/2023', '1', '', 3, '5/2/2023', '3:33:40', '0000-00-00 00:00:00', NULL, 'new part define ', 0),
(68, '63', 22.95, '2/5/2023', '1', '', 3, '5/2/2023', '3:35:06', '0000-00-00 00:00:00', NULL, 'new part define ', 0),
(69, '64', 22.95, '2/5/2023', '1', '', 3, '5/2/2023', '3:35:56', '0000-00-00 00:00:00', NULL, 'new part define ', 0),
(70, '65', 346.2, '2/5/2023', '1', '', 3, '5/2/2023', '3:36:42', '0000-00-00 00:00:00', NULL, 'new part define ', 0),
(71, '66', 93.7, '2/5/2023', '1', '', 3, '5/2/2023', '3:38:26', '0000-00-00 00:00:00', NULL, 'new part define ', 0),
(72, '67', 45.9, '2/5/2023', '1', '', 3, '5/2/2023', '3:39:04', '0000-00-00 00:00:00', NULL, 'new part define ', 0),
(73, '68', 25.5, '2/5/2023', '1', '', 3, '5/2/2023', '3:39:28', '0000-00-00 00:00:00', NULL, 'new part define ', 0),
(74, '69', 3.21, '2/5/2023', '1', '', 3, '5/2/2023', '3:48:45', '0000-00-00 00:00:00', NULL, 'new part define ', 0),
(75, '70', 67, '2/5/2023', '1', '', 3, '5/2/2023', '3:49:55', '0000-00-00 00:00:00', NULL, 'new part define ', 0),
(76, '71', 2.18, '2/5/2023', '1', '', 3, '5/2/2023', '3:52:55', '0000-00-00 00:00:00', NULL, 'new part define ', 0),
(77, '72', 14.07, '2/5/2023', '1', '', 3, '5/2/2023', '3:54:25', '0000-00-00 00:00:00', NULL, 'new part define ', 0),
(78, '73', 6.35, '2/5/2023', '1', '', 3, '5/2/2023', '3:55:26', '0000-00-00 00:00:00', NULL, 'new part define ', 0),
(79, '74', 5.13, '2/5/2023', '1', '', 3, '5/2/2023', '3:56:26', '0000-00-00 00:00:00', NULL, 'new part define ', 0),
(80, '75', 1.14, '2/5/2023', '1', '', 3, '5/2/2023', '3:57:33', '0000-00-00 00:00:00', NULL, 'new part define ', 0),
(81, '76', 1.15, '2/5/2033', '1', '', 3, '5/2/2023', '3:58:18', '0000-00-00 00:00:00', NULL, 'new part define ', 0),
(82, '77', 4.13, '2/5/2023', '1', '', 3, '5/2/2023', '3:58:58', '0000-00-00 00:00:00', NULL, 'new part define ', 0),
(83, '80', 0.41, '2/5/2023', '1', '', 3, '5/2/2023', '3:59:59', '0000-00-00 00:00:00', NULL, 'new part define ', 0),
(84, '81', 0.74, '2/5/2023', '1', '', 3, '5/2/2023', '4:00:57', '0000-00-00 00:00:00', NULL, 'new part define ', 0),
(85, '84', 5.58, '2/5/2023', '1', '', 3, '5/2/2023', '4:01:46', '0000-00-00 00:00:00', NULL, 'new part define ', 0),
(86, '83', 4.88, '2/5/2023', '1', '', 3, '5/2/2023', '4:02:30', '0000-00-00 00:00:00', NULL, 'new part define ', 0),
(87, '78', 3.55, '2/5/2023', '1', '', 3, '5/2/2023', '4:03:32', '0000-00-00 00:00:00', NULL, 'new part define ', 0),
(88, '79', 1.76, '2/5/2023', '1', '', 3, '5/2/2023', '4:04:10', '0000-00-00 00:00:00', NULL, 'new part define ', 0),
(89, '82', 3.44, '2/5/2023', '1', '', 3, '5/2/2023', '4:04:59', '0000-00-00 00:00:00', NULL, 'new part define ', 0),
(90, '85', 2.46, '2/5/2023', '1', '', 3, '5/2/2023', '4:05:44', '0000-00-00 00:00:00', NULL, 'new part define ', 0),
(91, '86', 6.05, '2/5/2023', '1', '', 3, '5/2/2023', '4:06:35', '0000-00-00 00:00:00', NULL, 'new part define ', 0),
(92, '87', 1.83, '2/5/2023', '1', '', 3, '5/2/2023', '4:27:16', '0000-00-00 00:00:00', NULL, 'new part define ', 0),
(93, '88', 10.22, '2/5/2023', '1', '', 3, '5/2/2023', '4:28:22', '0000-00-00 00:00:00', NULL, 'new part define ', 0),
(94, '89', 12.03, '2/5/2023', '1', '', 3, '5/2/2023', '4:28:56', '0000-00-00 00:00:00', NULL, 'new part define ', 0),
(95, '95', 1.12, '2/5/2023', '1', '', 3, '5/2/2023', '4:29:35', '0000-00-00 00:00:00', NULL, 'new part define ', 0),
(96, '94', 8.58, '2/5/2023', '1', '', 3, '5/2/2023', '4:30:29', '0000-00-00 00:00:00', NULL, 'new part define ', 0),
(97, '93', 8.23, '2/5/2023', '1', '', 3, '5/2/2023', '4:30:54', '0000-00-00 00:00:00', NULL, 'new part define ', 0),
(98, '90', 5.65, '2/5/2023', '1', '', 3, '5/2/2023', '4:31:52', '0000-00-00 00:00:00', NULL, 'new part define ', 0),
(99, '91', 7.49, '2/5/2023', '1', '', 3, '5/2/2023', '4:32:18', '0000-00-00 00:00:00', NULL, 'new part define ', 0),
(100, '92', 10.89, '2/5/2023', '1', '', 3, '5/2/2023', '4:32:43', '0000-00-00 00:00:00', NULL, 'new part define ', 0),
(101, '96', 5.67, '2/5/2023', '1', '', 3, '5/2/2023', '4:37:21', '0000-00-00 00:00:00', NULL, 'new part define ', 0),
(102, '97', 1.73, '2/5/2023', '1', '', 3, '5/2/2023', '4:38:11', '0000-00-00 00:00:00', NULL, 'new part define ', 0),
(103, '98', 1.33, '2/5/2023', '1', '', 3, '5/2/2023', '4:39:00', '0000-00-00 00:00:00', NULL, 'new part define ', 0),
(104, '100', 6.7, '2/5/2023', '1', '', 3, '5/2/2023', '4:39:59', '0000-00-00 00:00:00', NULL, 'new part define ', 0),
(105, '99', 0.82, '2/5/2023', '1', '', 3, '5/2/2023', '4:40:29', '0000-00-00 00:00:00', NULL, 'new part define ', 0),
(106, '101', 2.4, '2/5/2023', '1', '', 3, '5/2/2023', '4:41:18', '0000-00-00 00:00:00', NULL, 'new part define ', 0),
(107, '102', 4.94, '2/5/2023', '1', '', 3, '5/2/2023', '4:42:08', '0000-00-00 00:00:00', NULL, 'new part define ', 0),
(108, '103', 1.71, '2/5/2023', '1', '', 3, '5/2/2023', '4:42:59', '0000-00-00 00:00:00', NULL, 'new part define ', 0),
(109, '104', 3.41, '2/5/2023', '1', '', 3, '5/2/2023', '4:46:53', '0000-00-00 00:00:00', NULL, 'new part define ', 0),
(110, '105', 38.45, '2/5/2023', '1', '', 3, '5/2/2023', '4:47:36', '0000-00-00 00:00:00', NULL, 'new part define ', 0),
(111, '106', 7.93, '2/5/2023', '1', '', 3, '5/2/2023', '4:48:06', '0000-00-00 00:00:00', NULL, 'new part define ', 0),
(112, '107', 0.84, '2/5/2023', '1', '', 3, '5/2/2023', '4:48:42', '0000-00-00 00:00:00', NULL, 'new part define ', 0),
(113, '108', 0.77, '2/5/2023', '1', '', 3, '5/2/2023', '4:49:22', '0000-00-00 00:00:00', NULL, 'new part define ', 0),
(114, '109', 0.5, '2/5/2023', '1', '', 3, '5/2/2023', '4:50:43', '0000-00-00 00:00:00', NULL, 'new part define ', 0),
(115, '148', 0.32, '2/5/2023', '1', '', 3, '5/2/2023', '4:51:19', '0000-00-00 00:00:00', NULL, 'new part define ', 0),
(116, '111', 4.03, '2/5/2023', '1', '', 3, '5/2/2023', '4:52:06', '0000-00-00 00:00:00', NULL, 'new part define ', 0),
(117, '112', 0.77, '2/5/2023', '1', '', 3, '5/2/2023', '4:52:59', '0000-00-00 00:00:00', NULL, 'new part define ', 0),
(118, '113', 0.58, '2/5/2023', '1', '', 3, '5/2/2023', '4:54:15', '0000-00-00 00:00:00', NULL, 'new part define ', 0),
(119, '114', 3.16, '2/5/2023', '1', '', 3, '5/2/2023', '4:55:14', '0000-00-00 00:00:00', NULL, 'new part define ', 0),
(120, '115', 0.98, '2/5/2023', '1', '', 3, '5/2/2023', '4:56:24', '0000-00-00 00:00:00', NULL, 'new part define ', 0),
(121, '116', 0.58, '2/5/2023', '1', '', 3, '5/2/2023', '4:57:20', '0000-00-00 00:00:00', NULL, 'new part define ', 0),
(122, '117', 1.47, '2/5/2023', '1', '', 3, '5/2/2023', '4:57:56', '0000-00-00 00:00:00', NULL, 'new part define ', 0),
(123, '118', 4.2, '2/5/2023', '1', '', 3, '5/2/2023', '4:58:35', '0000-00-00 00:00:00', NULL, 'new part define ', 0),
(124, '119', 1.6, '2/5/2023', '1', '', 3, '5/2/2023', '5:10:30', '0000-00-00 00:00:00', NULL, 'new part define ', 0),
(125, '122', 2.25, '2/5/2023', '1', '', 3, '5/2/2023', '5:11:12', '0000-00-00 00:00:00', NULL, 'new part define ', 0),
(126, '121', 2.1, '2/5/2023', '1', '', 3, '5/2/2023', '5:15:39', '0000-00-00 00:00:00', NULL, 'new part define ', 0),
(127, '123', 2.08, '2/5/2023', '1', '', 3, '5/2/2023', '5:16:14', '0000-00-00 00:00:00', NULL, 'new part define ', 0),
(128, '124', 2.34, '2/5/2023', '1', '', 3, '5/2/2023', '5:16:51', '0000-00-00 00:00:00', NULL, 'new part define ', 0),
(129, '120', 2.27, '2/5/2023', '1', '', 3, '5/2/2023', '5:17:42', '0000-00-00 00:00:00', NULL, 'new part define ', 0),
(130, '125', 7.52, '2/5/2023', '1', '', 3, '5/2/2023', '5:37:45', '0000-00-00 00:00:00', NULL, 'new part define ', 0),
(131, '126', 7.52, '2/5/2023', '1', '', 3, '5/2/2023', '5:38:19', '0000-00-00 00:00:00', NULL, 'new part define ', 0),
(132, '127', 12.5, '2/5/2023', '1', '', 3, '5/2/2023', '5:40:29', '0000-00-00 00:00:00', NULL, 'new part define ', 0),
(133, '131', 33.48, '2/5/2023', '1', '', 3, '5/2/2023', '5:47:18', '0000-00-00 00:00:00', NULL, 'new part define ', 0),
(134, '131', 27.01, '2/5/2023', '1', '', 3, '5/2/2023', '5:51:49', '0000-00-00 00:00:00', NULL, 'new part define ', 0),
(135, '130', 33.48, '2/5/2023', '1', '', 3, '5/2/2023', '5:52:20', '0000-00-00 00:00:00', NULL, 'new part define ', 0),
(136, '149', 10.91, '2/5/2023', '1', '', 3, '5/2/2023', '5:58:05', '0000-00-00 00:00:00', NULL, 'new part define ', 0),
(137, '132', 2.24, '2/5/2023', '1', '', 3, '5/2/2023', '6:04:39', '0000-00-00 00:00:00', NULL, 'new part define ', 0),
(138, '133', 7.61, '2/5/2023', '1', '', 3, '5/2/2023', '6:05:27', '0000-00-00 00:00:00', NULL, 'new part define ', 0),
(139, '135', 0.05, '2/5/2023', '1', '', 3, '5/2/2023', '6:06:39', '0000-00-00 00:00:00', NULL, 'new part define ', 0),
(140, '134', 0.05, '2/5/2023', '1', '', 3, '5/2/2023', '6:06:56', '0000-00-00 00:00:00', NULL, 'new part define ', 0),
(141, '141', 20, '2/5/2023', '1', '', 3, '5/2/2023', '6:08:22', '0000-00-00 00:00:00', NULL, 'new part define ', 0),
(142, '140', 20, '2/5/2023', '1', '', 3, '5/2/2023', '6:08:45', '0000-00-00 00:00:00', NULL, 'new part define ', 0),
(143, '139', 15, '2/5/2023', '1', '', 3, '5/2/2023', '6:09:10', '0000-00-00 00:00:00', NULL, 'new part define ', 0),
(144, '138', 58, '2/5/2023', '1', '', 3, '5/2/2023', '6:09:56', '0000-00-00 00:00:00', NULL, 'new part define ', 0),
(145, '137', 30, '2/5/2023', '1', '', 3, '5/2/2023', '6:10:26', '0000-00-00 00:00:00', NULL, 'new part define ', 0),
(146, '136', 25, '2/5/2023', '1', '', 3, '5/2/2023', '6:11:03', '0000-00-00 00:00:00', NULL, 'new part define ', 0),
(147, '2', 18.88, '4/4/2023', '2', '', 3, '7/4/2023', '5:44:24', '0000-00-00 00:00:00', NULL, 'RATE DECREASE', 0),
(148, '9', 75.68, '4/1/2023', '2', '', 3, '7/4/2023', '5:45:25', '0000-00-00 00:00:00', NULL, 'RATE DECREASE', 0),
(149, '3', 75.68, '4/1/2023', '2', '', 3, '7/4/2023', '5:45:50', '0000-00-00 00:00:00', NULL, 'RATE DECREASE', 0),
(150, '18', 4.35, '4/1/2023', '2', '', 3, '7/4/2023', '5:46:14', '0000-00-00 00:00:00', NULL, 'RATE DECREASE', 0),
(151, '19', 4.35, '4/1/2023', '2', '', 3, '7/4/2023', '5:46:35', '0000-00-00 00:00:00', NULL, 'RATE DECREASE', 0),
(152, '1', 64.82, '4/1/2023', '2', '', 3, '7/4/2023', '5:47:02', '0000-00-00 00:00:00', NULL, 'RATE DECREASE', 0),
(153, '11', 7.67, '4/1/2023', '2', '', 3, '7/4/2023', '5:48:40', '0000-00-00 00:00:00', NULL, 'RATE DECREASE', 0),
(154, '24', 1.5, '4/1/2023', '2', '', 3, '7/4/2023', '5:48:58', '0000-00-00 00:00:00', NULL, 'RATE DECREASE', 0),
(155, '16', 3.51, '4/1/2023', '2', '', 3, '7/4/2023', '5:49:35', '0000-00-00 00:00:00', NULL, 'RATE DECREASE', 0),
(156, '17', 3.38, '4/1/2023', '2', '', 3, '7/4/2023', '5:51:07', '0000-00-00 00:00:00', NULL, 'RATE INCREASE', 0),
(157, '154', 13.12, '4/1/2023', '2', '', 3, '7/4/2023', '5:51:59', '0000-00-00 00:00:00', NULL, 'RATE DECREASE', 0),
(158, '4', 5.59, '4/4/2023', '2', '', 3, '7/4/2023', '5:52:51', '0000-00-00 00:00:00', NULL, 'RATE INCREASE', 0),
(159, '15', 1.86, '4/1/2023', '2', '', 3, '7/4/2023', '5:53:11', '0000-00-00 00:00:00', NULL, 'RATE DECREASE', 0),
(160, '12', 1.27, '4/4/2023', '2', '', 3, '7/4/2023', '5:53:34', '0000-00-00 00:00:00', NULL, 'RATE DECREASE', 0),
(161, '13', 1.27, '4/4/2023', '2', '', 3, '7/4/2023', '5:53:57', '0000-00-00 00:00:00', NULL, 'RATE DECREASE', 0),
(162, '89', 12.24, '4/8/2023', '2', '', 3, '8/4/2023', '12:13:34', '0000-00-00 00:00:00', NULL, 'RATE INCREASE', 0),
(163, '88', 14.32, '4/8/2023', '2', '', 3, '8/4/2023', '12:13:57', '0000-00-00 00:00:00', NULL, 'RATE INCREASE', 0),
(164, '56', 22.27, '4/7/2023', '2', '', 3, '8/4/2023', '12:33:45', '0000-00-00 00:00:00', NULL, 'RATE INCREASE', 0),
(165, '61', 18.33, '4/7/2023', '2', '', 3, '8/4/2023', '12:35:30', '0000-00-00 00:00:00', NULL, 'RATE INCREASE', 0),
(166, '160', 3.58, '4/8/2023', '2', '', 3, '8/4/2023', '12:44:31', '0000-00-00 00:00:00', NULL, 'new part define ', 0),
(167, '161', 7.52, '4/22/2023', '1', '', 3, '22-04-2023', '4:52:46', '0000-00-00 00:00:00', NULL, 'new part define ', 0),
(168, '95', 1.14, '4/23/2023', '2', '', 3, '23-04-2023', '10:57:47', '0000-00-00 00:00:00', NULL, 'RATE INCREASE', 0),
(169, '162', 3.16, '4/23/2023', '1', '', 3, '23-04-2023', '11:37:55', '0000-00-00 00:00:00', NULL, 'new part define ', 0),
(170, '163', 0.32, '4/23/2023', '2', '', 3, '23-04-2023', '12:13:39', '0000-00-00 00:00:00', NULL, 'new part define ', 0),
(171, '102', 5.07, '4/23/2023', '2', '', 3, '23-04-2023', '12:42:11', '0000-00-00 00:00:00', NULL, 'RATE INCREASE', 0),
(172, '164', 241, '4/23/2023', '1', '', 3, '23-04-2023', '1:01:24', '0000-00-00 00:00:00', NULL, 'new part define ', 0),
(173, '165', 450, '4/23/2023', '1', '', 3, '23-04-2023', '1:03:29', '0000-00-00 00:00:00', NULL, 'RATE DECREASE', 0),
(174, '166', 4.59, '4/23/2023', '1', '', 3, '23-04-2023', '3:13:22', '0000-00-00 00:00:00', NULL, 'new part define ', 0),
(175, '156', 237, '4/23/2023', '2', '', 3, '23-04-2023', '4:16:38', '0000-00-00 00:00:00', NULL, 'new part define ', 0),
(176, '155', 138, '4/23/2023', '2', '', 3, '23-04-2023', '4:17:05', '0000-00-00 00:00:00', NULL, 'new part define ', 0),
(177, '41', 20.9, '4/23/2023', '2', '', 3, '23-04-2023', '5:55:13', '0000-00-00 00:00:00', NULL, 'RATE INCREASE', 0),
(178, '167', 20.9, '4/23/2023', '2', '', 3, '23-04-2023', '6:00:46', '0000-00-00 00:00:00', NULL, 'new part define ', 0),
(179, '54', 4.3, '4/23/2023', '2', '', 3, '23-04-2023', '6:06:24', '0000-00-00 00:00:00', NULL, 'new part define ', 0),
(180, '40', 4.94, '4/23/2023', '2', '', 3, '23-04-2023', '6:19:25', '0000-00-00 00:00:00', NULL, 'RATE INCREASE', 0),
(181, '168', 95, '4/23/2023', '2', '', 3, '23-04-2023', '6:31:23', '0000-00-00 00:00:00', NULL, 'new part define ', 0),
(182, '169', 13.5, '4/28/2023', '2', '', 3, '28-04-2023', '12:47:00', '0000-00-00 00:00:00', NULL, 'new part define ', 0),
(183, '43', 3.26, '5/4/2023', '2', '', 3, '5/5/2023', '9:24:45', '0000-00-00 00:00:00', NULL, 'RATE INCREASE', 0),
(184, '44', 3.23, '5/4/2023', '2', '', 3, '5/5/2023', '9:25:12', '0000-00-00 00:00:00', NULL, 'RATE INCREASE', 0),
(185, '39', 3.23, '5/4/2023', '2', '', 3, '5/5/2023', '9:27:12', '0000-00-00 00:00:00', NULL, 'RATE INCREASE', 0),
(186, '37', 3.26, '5/4/2023', '2', '', 3, '5/5/2023', '9:27:39', '0000-00-00 00:00:00', NULL, 'RATE INCREASE', 0),
(187, '170', 2.35, '5/7/2023', '1', '', 3, '7/5/2023', '9:25:17', '0000-00-00 00:00:00', NULL, 'new part define ', 0),
(188, '143', 4.41, '5/6/2023', '2', '', 3, '7/5/2023', '11:16:00', '0000-00-00 00:00:00', NULL, 'RATE DECREASE', 0),
(189, '142', 4.41, '5/6/2023', '2', '', 3, '7/5/2023', '11:16:37', '0000-00-00 00:00:00', NULL, 'RATE DECREASE', 0),
(190, '144', 3.7, '5/6/2023', '2', '', 3, '7/5/2023', '11:17:16', '0000-00-00 00:00:00', NULL, 'RATE DECREASE', 0),
(191, '145', 3.7, '5/6/2023', '2', '', 3, '7/5/2023', '11:17:43', '0000-00-00 00:00:00', NULL, 'RATE DECREASE', 0),
(192, '44', 2.91, '5/11/2023', '3', '', 3, '12/5/2023', '11:49:36', '0000-00-00 00:00:00', NULL, 'RATE', 0),
(193, '171', 4.23, '5/12/2023', '1', '', 3, '12/5/2023', '4:02:34', '0000-00-00 00:00:00', NULL, 'RATE', 0),
(194, '173', 1.91, '5/21/2023', '1', '', 3, '21-05-2023', '3:50:17', '0000-00-00 00:00:00', NULL, 'new part define ', 0),
(195, '172', 0.87, '5/21/2023', '2', '', 3, '21-05-2023', '3:50:40', '0000-00-00 00:00:00', NULL, 'RATE DECREASE', 0),
(196, '176', 4.51, '6/18/2023', '1', '', 3, '18-06-2023', '3:33:14', '0000-00-00 00:00:00', NULL, 'new part define ', 0),
(197, '175', 4.51, '6/18/2023', '1', '', 3, '18-06-2023', '3:33:34', '0000-00-00 00:00:00', NULL, 'new part define ', 0),
(198, '174', 4.18, '6/18/2023', '1', '', 3, '18-06-2023', '3:33:58', '0000-00-00 00:00:00', NULL, 'new part define ', 0),
(199, '178', 3.44, '6/18/2023', '1', '', 3, '18-06-2023', '3:46:12', '0000-00-00 00:00:00', NULL, 'new part define ', 0),
(200, '177', 3.25, '6/18/2023', '1', '', 3, '18-06-2023', '3:46:32', '0000-00-00 00:00:00', NULL, 'new part define ', 0),
(201, '180', 22.52, '6/19/2023', '1', '', 3, '19-06-2023', '10:25:20', '0000-00-00 00:00:00', NULL, 'new part define ', 0),
(202, '181', 2.43, '6/19/2023', '1', '', 3, '19-06-2023', '10:25:46', '0000-00-00 00:00:00', NULL, 'new part define ', 0),
(203, '182', 1.34, '6/19/2023', '1', '', 3, '19-06-2023', '10:26:09', '0000-00-00 00:00:00', NULL, 'new part define ', 0),
(204, '179', 10.73, '6/19/2023', '1', '', 3, '19-06-2023', '10:26:29', '0000-00-00 00:00:00', NULL, 'new part define ', 0),
(205, '45', 2.96, '6/19/2023', '2', '', 3, '19-06-2023', '12:54:45', '0000-00-00 00:00:00', NULL, 'RATE DECREASE', 0),
(206, '183', 1.66, '6/19/2023', '1', '', 3, '19-06-2023', '1:06:53', '0000-00-00 00:00:00', NULL, 'new part define ', 0),
(207, '184', 4.23, '6/19/2023', '1', '', 3, '19-06-2023', '4:08:03', '0000-00-00 00:00:00', NULL, 'new part define ', 0),
(208, '187', 1, '6/21/2023', '1', '', 3, '21-06-2023', '10:41:39', '0000-00-00 00:00:00', NULL, 'new part define ', 0),
(209, '186', 1.25, '6/21/2023', '1', '', 3, '21-06-2023', '10:42:03', '0000-00-00 00:00:00', NULL, 'new part define ', 0),
(210, '185', 8.5, '0223-06-21', '1', '', 3, '21-06-2023', '10:42:47', '0000-00-00 00:00:00', NULL, 'new part define ', 0),
(211, '46', 2.06, '7/3/2023', '2', '', 3, '3/7/2023', '2:11:24', '0000-00-00 00:00:00', NULL, 'RATE INCREASE', 0),
(212, '190', 33.48, '7/5/2023', '2', '', 3, '5/7/2023', '1:15:45', '0000-00-00 00:00:00', NULL, 'new part define ', 0),
(213, '189', 27.01, '7/5/2023', '2', '', 3, '5/7/2023', '1:16:17', '0000-00-00 00:00:00', NULL, 'new part define ', 0),
(214, '188', 10.91, '7/5/2023', '2', '', 3, '5/7/2023', '1:16:47', '0000-00-00 00:00:00', NULL, 'new part define ', 0),
(215, '191', 0.8, '7/7/2023', '2', '', 3, '7/7/2023', '2:14:27', '0000-00-00 00:00:00', NULL, 'new part define ', 0),
(216, '43', 2.94, '7/8/2023', '3', '', 3, '8/7/2023', '2:20:45', '0000-00-00 00:00:00', NULL, 'RATE DECREASE', 0),
(217, '192', 65000, '7/8/2023', '1', '', 3, '8/7/2023', '3:02:53', '0000-00-00 00:00:00', NULL, 'new part define ', 0),
(218, '193', 3.68, '7/10/2023', '1', '', 3, '10/7/2023', '6:34:41', '0000-00-00 00:00:00', NULL, 'new part define ', 0),
(219, '15', 1.84, '2023-09-08', '3', '', 3, '08-09-2023', '07:12:27', '2023-09-08 13:42:27', NULL, 'RATE DECREASE', 0),
(220, '11', 7.6, '2023-06-19', '3', '', 3, '09-09-2023', '06:06:26', '2023-09-09 12:36:26', NULL, 'RATE DECREASE', 0),
(221, '154', 12.98, '2023-06-19', '3', '', 3, '09-09-2023', '06:07:20', '2023-09-09 12:37:20', NULL, 'RATE DECREASE', 0),
(222, '5', 2, '2023-06-19', '3', '', 3, '09-09-2023', '06:08:04', '2023-09-09 12:38:04', NULL, 'RATE DECREASE', 0),
(223, '6', 2, '2023-06-19', '3', '', 3, '09-09-2023', '06:08:27', '2023-09-09 12:38:27', NULL, 'RATE DECREASE', 0),
(224, '4', 5.33, '2023-06-19', '3', '', 3, '09-09-2023', '06:09:04', '2023-09-09 12:39:04', NULL, 'RATE DECREASE', 0),
(225, '8', 4.21, '2023-06-19', '3', '', 3, '09-09-2023', '06:09:33', '2023-09-09 12:39:33', NULL, 'RATE DECREASE', 0),
(226, '7', 4.21, '2023-06-19', '3', '', 3, '09-09-2023', '06:09:54', '2023-09-09 12:39:54', NULL, 'RATE DECREASE', 0),
(227, '2', 19.24, '2023-06-19', '3', '', 3, '09-09-2023', '06:10:17', '2023-09-09 12:40:17', NULL, 'RATE DECREASE', 0),
(228, '3', 64.3, '2023-06-19', '3', '', 3, '09-09-2023', '06:10:53', '2023-09-09 12:40:53', NULL, 'RATE DECREASE', 0),
(229, '9', 64.3, '2023-06-19', '3', '', 3, '09-09-2023', '06:11:26', '2023-09-09 12:41:26', NULL, 'RATE DECREASE', 0),
(230, '1', 64.82, '2023-06-19', '3', '', 3, '09-09-2023', '06:11:51', '2023-09-09 12:41:51', NULL, 'RATE DECREASE', 0),
(231, '20', 2.41, '2023-06-19', '3', '', 3, '09-09-2023', '06:12:29', '2023-09-09 12:42:29', NULL, 'RATE DECREASE', 0),
(232, '21', 2.41, '2023-06-19', '3', '', 3, '09-09-2023', '06:12:57', '2023-09-09 12:42:57', NULL, 'RATE DECREASE', 0),
(233, '23', 3.45, '2023-06-19', '3', '', 3, '09-09-2023', '06:13:43', '2023-09-09 12:43:43', NULL, 'RATE DECREASE', 0),
(234, '22', 4.52, '2023-06-19', '3', '', 3, '09-09-2023', '06:14:31', '2023-09-09 12:44:31', NULL, 'RATE DECREASE', 0),
(235, '146', 2.71, '2023-03-31', '3', '', 3, '09-09-2023', '07:35:50', '2023-09-09 14:05:50', NULL, 'RATE DECREASE', 0),
(236, '195', 20.05, '2023-09-10', '1', '', 3, '10-09-2023', '04:19:26', '2023-09-10 10:49:26', NULL, 'RATE INCREASE', 0),
(237, '194', 8.45, '2023-09-10', '1', '', 3, '10-09-2023', '04:19:53', '2023-09-10 10:49:53', NULL, 'RATE INCREASE', 0),
(238, '42', 2.94, '2023-09-10', '3', '', 3, '12-09-2023', '01:03:10', '2023-09-12 07:33:10', NULL, 'RATE INCREASE', 0),
(239, '196', 12.5, '2023-09-10', '1', '', 3, '26-09-2023', '09:31:10', '2023-09-26 04:01:10', NULL, 'RATE DECREASE', 0),
(240, '198', 350000, '2023-10-03', '1', '', 3, '03-10-2023', '12:26:12', '2023-10-03 06:56:12', NULL, 'new part define ', 0),
(241, '197', 337000, '2023-10-03', '1', '', 3, '03-10-2023', '12:26:40', '2023-10-03 06:56:40', NULL, 'new part define ', 0),
(242, '138', 91.59, '2023-10-04', '2', '', 3, '04-10-2023', '08:38:14', '2023-10-04 03:08:14', NULL, 'RATE INCREASE', 0),
(243, '199', 91.59, '2023-10-04', '1', '', 3, '04-10-2023', '08:44:05', '2023-10-04 03:14:05', NULL, 'new part define ', 0),
(244, '200', 1, '2023-10-15', '1', '', 3, '15-10-2023', '04:57:40', '2023-10-15 11:27:40', NULL, 'new part define ', 0),
(245, '201', 1.98, '2023-10-15', '1', '', 3, '15-10-2023', '05:20:38', '2023-10-15 11:50:38', NULL, 'new part define ', 0),
(246, '202', 230, '2023-10-21', '1', '', 3, '21-10-2023', '01:58:24', '2023-10-21 08:28:24', NULL, 'new part define ', 0),
(247, '203', 1338.75, '2023-10-21', '1', '', 3, '21-10-2023', '05:30:28', '2023-10-21 12:00:28', NULL, 'new part define ', 0),
(248, '204', 405, '2023-10-21', '1', '', 3, '21-10-2023', '05:30:57', '2023-10-21 12:00:57', NULL, 'new part define ', 0),
(249, '205', 135, '2023-10-21', '1', '', 3, '21-10-2023', '05:31:31', '2023-10-21 12:01:31', NULL, 'new part define ', 0),
(250, '204', 90, '2023-10-21', '1', '', 3, '21-10-2023', '05:31:58', '2023-10-21 12:01:58', NULL, 'new part define ', 0),
(251, '206', 157.5, '2023-10-21', '1', '', 3, '21-10-2023', '05:32:26', '2023-10-21 12:02:26', NULL, 'new part define ', 0),
(252, '207', 90, '2023-10-21', '2', '', 3, '21-10-2023', '05:39:53', '2023-10-21 12:09:53', NULL, 'new part define ', 0),
(253, '204', 405, '2023-10-21', '2', '', 3, '21-10-2023', '07:32:59', '2023-10-21 14:02:59', NULL, 'RATE DECREASE', 0),
(254, '208', 160, '2023-10-21', '1', '', 3, '21-10-2023', '07:35:50', '2023-10-21 14:05:50', NULL, 'new part define ', 0),
(255, '110', 0.32, '2023-10-21', '2', '', 3, '21-10-2023', '07:45:31', '2023-10-21 14:15:31', NULL, 'new part define ', 0),
(256, '209', 3.87, '2023-10-21', '1', '', 3, '21-10-2023', '07:51:16', '2023-10-21 14:21:16', NULL, 'new part define ', 0),
(257, '210', 3.64, '2023-10-21', '1', '', 3, '21-10-2023', '07:52:43', '2023-10-21 14:22:43', NULL, 'new part define ', 0),
(258, '210', 3.65, '2023-10-22', '2', '', 3, '22-10-2023', '12:09:49', '2023-10-22 06:39:49', NULL, 'new part define ', 0),
(259, '147', 4.95, '2023-10-22', '1', '', 3, '22-10-2023', '12:18:34', '2023-10-22 06:48:34', NULL, 'new part define ', 0),
(260, '147', 4.92, '2023-10-22', '3', '', 3, '22-10-2023', '12:20:18', '2023-10-22 06:50:18', NULL, 'new part define ', 0),
(261, '212', 255000, '2023-10-22', '1', '', 3, '22-10-2023', '12:46:41', '2023-10-22 07:16:41', NULL, 'new part define ', 0),
(262, '211', 267000, '2023-10-22', '1', '', 3, '22-10-2023', '12:47:04', '2023-10-22 07:17:04', NULL, 'new part define ', 0),
(263, '213', 5.13, '2023-10-27', '1', '', 3, '27-10-2023', '02:37:29', '2023-10-27 09:07:29', NULL, 'new part define ', 0),
(264, '134', 0.07, '2023-10-27', '2', '', 3, '27-10-2023', '02:55:50', '2023-10-27 09:25:50', NULL, 'RATE INCREASE', 0),
(265, '135', 0.07, '2023-10-27', '2', '', 3, '27-10-2023', '02:56:09', '2023-10-27 09:26:09', NULL, 'RATE INCREASE', 0),
(266, '215', 3.06, '2023-10-27', '1', '', 3, '27-10-2023', '03:27:09', '2023-10-27 09:57:09', NULL, 'new part define ', 0),
(267, '214', 2.9, '2023-10-27', '1', '', 3, '27-10-2023', '03:27:32', '2023-10-27 09:57:32', NULL, 'new part define ', 0),
(268, '216', 5.43, '2023-10-27', '1', '', 3, '27-10-2023', '03:34:23', '2023-10-27 10:04:23', NULL, 'new part define ', 0),
(269, '121', 2.5, '2023-11-22', '2', '', 3, '30-11-2023', '04:13:22', '2023-11-30 10:43:22', NULL, 'dd', 0),
(270, '217', 222849, '2024-02-12', '1', '', 3, '12-02-2024', '05:11:36', '2024-02-12 11:41:36', NULL, 'nil', 0),
(271, '221', 250, '2024-02-28', '1', '', 3, '28-02-2024', '04:21:01', '2024-02-28 10:51:01', NULL, 'first', 0),
(272, '221', 250, '2024-02-28', '2', '', 3, '28-02-2024', '04:21:35', '2024-02-28 10:51:35', NULL, 'second', 0),
(273, '222', 200, '2024-02-28', '1', '', 3, '28-02-2024', '04:24:44', '2024-02-28 10:54:44', NULL, 'first', 0),
(274, '220', 140, '2024-02-28', '1', '', 3, '28-02-2024', '04:53:02', '2024-02-28 11:23:02', NULL, 'YT', 0),
(275, '223', 100, '2024-02-28', '1', '', 3, '28-02-2024', '04:53:49', '2024-02-28 11:23:49', NULL, 'FG', 0),
(276, '222', 200, '2024-02-28', '2', '', 3, '28-02-2024', '04:56:48', '2024-02-28 11:26:48', NULL, 'second', 0),
(277, '220', 145, '2024-02-28', '2', '', 3, '28-02-2024', '04:57:18', '2024-02-28 11:27:18', NULL, 'FG', 0),
(278, '220', 140, '2024-02-29', '3', '', 3, '29-02-2024', '05:22:11', '2024-02-29 11:52:11', NULL, 'third', 0),
(279, '220', 147, '2024-02-29', '3', '', 3, '29-02-2024', '05:22:27', '2024-02-29 11:52:27', NULL, 'xyz', 0),
(280, '227', 50, '2024-03-10', '2', '', 3, '01-03-2024', '04:28:10', '2024-03-01 10:58:10', NULL, 'first', 0),
(281, '227', 55, '2024-03-01', '1', '', 3, '01-03-2024', '04:29:00', '2024-03-01 10:59:00', NULL, 'p1', 0),
(282, '228', 200, '2024-03-04', '1', '', 3, '04-03-2024', '04:18:17', '2024-03-04 10:48:17', NULL, 'first', 0),
(283, '229', 150, '2024-03-04', '1', '', 3, '04-03-2024', '05:38:19', '2024-03-04 12:08:19', NULL, 'first', 0),
(284, '230', 100, '2024-03-04', '1', '', 3, '04-03-2024', '05:38:53', '2024-03-04 12:08:53', NULL, 'first', 0),
(285, '231', 500, '2024-03-04', '1', '', 3, '04-03-2024', '05:41:22', '2024-03-04 12:11:22', NULL, 'first', 0),
(286, '219', 500, '2024-03-04', '1', '', 3, '04-03-2024', '05:41:53', '2024-03-04 12:11:53', NULL, 'first', 0),
(287, '232', 500, '2024-03-04', '1', '', 3, '04-03-2024', '05:57:07', '2024-03-04 12:27:07', NULL, 'first', 0),
(288, '218', 100, '2024-03-04', '1', '', 3, '04-03-2024', '05:57:42', '2024-03-04 12:27:42', NULL, 'first', 0),
(289, '234', 2.52, '2024-03-18', '1', '', 3, '18-03-2024', '12:40:08', '2024-03-18 07:10:08', NULL, 'first', 0),
(290, '233', 3.5, '2024-03-18', '1', '', 3, '18-03-2024', '12:40:41', '2024-03-18 07:10:41', NULL, 'first', 0),
(291, '235', 50, '2024-04-24', '1', '', 3, '24-04-2024', '02:57:12', '2024-04-24 09:27:12', NULL, 'first', 0),
(292, '23', 3.99, '2027-04-27', '4', '', 3, '27-04-2024', '11:59:30', '2024-04-27 06:29:30', NULL, 'first', 0),
(293, '235', 50.52, '2024-05-14', '2', '', 3, '14-05-2024', '03:34:05', '2024-05-14 10:04:05', NULL, 'NEW', 0),
(294, '236', 499186, '2023-12-31', '1', '', 3, '18-05-2024', '07:05:16', '2024-05-18 13:35:16', NULL, 'check part price', 0),
(295, '235', 140.52, '0204-04-20', '2', '', 3, '20-05-2024', '03:25:51', '2024-05-20 09:55:51', NULL, 'NEW', 0),
(296, '236', 150, '2024-04-20', '2', '', 3, '20-05-2024', '03:26:35', '2024-05-20 09:56:35', NULL, 'NEW', 0);

-- --------------------------------------------------------

--
-- Table structure for table `customer_part_type`
--

CREATE TABLE `customer_part_type` (
  `id` int NOT NULL,
  `customer_type_name` varchar(50) COLLATE utf8mb4_general_ci NOT NULL,
  `contractor_code` varchar(30) COLLATE utf8mb4_general_ci DEFAULT NULL,
  `created_id` int DEFAULT NULL,
  `date` varchar(10) COLLATE utf8mb4_general_ci DEFAULT NULL,
  `time` varchar(10) COLLATE utf8mb4_general_ci DEFAULT NULL,
  `timestamp` timestamp NULL DEFAULT CURRENT_TIMESTAMP,
  `deleted` int DEFAULT '0'
) ENGINE=InnoDB DEFAULT CHARSET=utf8mb4 COLLATE=utf8mb4_general_ci;

-- --------------------------------------------------------

--
-- Table structure for table `customer_po_tracking`
--

CREATE TABLE `customer_po_tracking` (
  `id` int NOT NULL,
  `po_start_date` varchar(20) COLLATE utf8mb4_general_ci NOT NULL,
  `po_end_date` varchar(20) COLLATE utf8mb4_general_ci NOT NULL,
  `po_number` varchar(20) COLLATE utf8mb4_general_ci NOT NULL,
  `po_amedment_number` varchar(20) COLLATE utf8mb4_general_ci DEFAULT NULL,
  `status` varchar(20) COLLATE utf8mb4_general_ci NOT NULL DEFAULT 'pending',
  `created_by` int NOT NULL,
  `created_time` varchar(20) COLLATE utf8mb4_general_ci NOT NULL,
  `created_date` varchar(20) COLLATE utf8mb4_general_ci NOT NULL,
  `created_day` int NOT NULL,
  `created_month` int NOT NULL,
  `created_year` int NOT NULL,
  `customer_id` int NOT NULL,
  `po_amendment_date` varchar(10) COLLATE utf8mb4_general_ci DEFAULT NULL,
  `uploadedDoc` text COLLATE utf8mb4_general_ci,
  `remark` varchar(50) COLLATE utf8mb4_general_ci DEFAULT NULL,
  `reason` varchar(10) COLLATE utf8mb4_general_ci DEFAULT NULL
) ENGINE=InnoDB DEFAULT CHARSET=utf8mb4 COLLATE=utf8mb4_general_ci;

--
-- Dumping data for table `customer_po_tracking`
--

INSERT INTO `customer_po_tracking` (`id`, `po_start_date`, `po_end_date`, `po_number`, `po_amedment_number`, `status`, `created_by`, `created_time`, `created_date`, `created_day`, `created_month`, `created_year`, `customer_id`, `po_amendment_date`, `uploadedDoc`, `remark`, `reason`) VALUES
(1, '2023-06-29', '2023-06-19', '5500031713', '', 'closed', 8, '06:13:15', '08-09-2023', 8, 9, 2023, 1, '', '', 'NEW DATE ADDED', 'Withdraw'),
(2, '2023-06-01', '2024-03-31', '55OOO31713', '0', 'pending', 9, '07:23:57', '09-09-2023', 9, 9, 2023, 1, '2023-06-19', 'UNO_MINDA_PO_29-6-2023.pdf', NULL, NULL),
(3, '2023-03-21', '2024-03-31', '5500029391', '0', 'pending', 9, '07:32:25', '09-09-2023', 9, 9, 2023, 1, '2024-03-21', 'Mayuresh_Plastics_PO_5500029391.pdf', NULL, NULL),
(4, '2023-03-11', '2024-03-31', '5500029270', '0', 'pending', 9, '07:34:15', '09-09-2023', 9, 9, 2023, 1, '2023-03-11', '', NULL, NULL),
(5, '2023-09-08', '2024-03-31', 'PO0022324000223', '0', 'pending', 9, '07:37:46', '09-09-2023', 9, 9, 2023, 2, '2023-09-08', '', NULL, NULL),
(6, '2023-09-08', '2024-03-31', 'EA', '0', 'pending', 9, '07:41:25', '09-09-2023', 9, 9, 2023, 3, '2023-09-08', '', NULL, NULL),
(7, '2023-09-10', '2024-03-31', 'SM-01', '0', 'pending', 10, '04:21:26', '10-09-2023', 10, 9, 2023, 29, '2023-09-10', '', NULL, NULL),
(8, '2023-09-10', '2024-03-31', 'EA1012747', '0', 'pending', 11, '09:54:15', '11-09-2023', 11, 9, 2023, 4, '2023-09-10', '', NULL, NULL),
(9, '2023-09-10', '2024-03-31', 'SH-11', '0', 'pending', 12, '12:37:37', '12-09-2023', 12, 9, 2023, 6, '2023-09-10', '', NULL, NULL),
(10, '2023-07-29', '2024-03-31', '232412154', '0', 'pending', 12, '12:51:50', '12-09-2023', 12, 9, 2023, 8, '2023-07-29', '', NULL, NULL),
(11, '2023-09-01', '2024-03-31', 'RM-002', '0', 'pending', 13, '05:27:54', '13-09-2023', 13, 9, 2023, 5, '2023-09-01', '', NULL, NULL),
(12, '2023-09-01', '2024-03-31', 'IE-01', '0', 'pending', 18, '09:42:24', '18-09-2023', 18, 9, 2023, 9, '2023-09-01', '', NULL, NULL),
(13, '2023-09-01', '2024-03-31', 'AP-01', '0', 'pending', 26, '09:05:49', '26-09-2023', 26, 9, 2023, 12, '2023-09-01', '', NULL, NULL),
(14, '2023-09-30', '2024-03-31', 'KE-01', '0', 'pending', 30, '12:27:57', '30-09-2023', 30, 9, 2023, 22, '2023-09-30', '', NULL, NULL),
(15, '2023-10-03', '2023-09-26', '2300/1DR020330/ED100', '0', 'pending', 3, '12:20:22', '03-10-2023', 3, 10, 2023, 4, '0223-09-26', '', NULL, NULL),
(16, '2023-10-04', '2023-10-04', 'DR-01', '0', 'pending', 4, '08:35:40', '04-10-2023', 4, 10, 2023, 13, '2023-10-04', '', NULL, NULL),
(17, '2023-10-09', '2023-10-09', 'VC-01', '0', 'pending', 9, '06:59:42', '09-10-2023', 9, 10, 2023, 10, '2023-10-09', '', NULL, NULL),
(18, '2023-10-11', '2023-10-11', 'RMPL-0002', '0', 'pending', 11, '02:26:25', '11-10-2023', 11, 10, 2023, 5, '2023-10-11', '', NULL, NULL),
(19, '2023-10-14', '2024-03-31', 'RMPL-00003', '0', 'pending', 14, '02:00:25', '14-10-2023', 14, 10, 2023, 5, '2023-10-14', '', NULL, NULL),
(20, '2023-10-15', '2023-10-15', 'SI-01', '0', 'pending', 15, '04:55:44', '15-10-2023', 15, 10, 2023, 30, '2023-10-15', '', NULL, NULL),
(21, '2023-10-17', '2024-03-31', 'NH-01', '0', 'pending', 17, '05:28:21', '17-10-2023', 17, 10, 2023, 25, '2023-10-17', '', NULL, NULL),
(22, '2023-10-21', '2024-03-31', 'RMPL-04', '0', 'pending', 21, '05:32:59', '21-10-2023', 21, 10, 2023, 5, '2023-10-21', '', NULL, NULL),
(23, '2023-10-02', '2023-10-22', '2300/1DR020330/ED100', '0', 'pending', 22, '12:38:23', '22-10-2023', 22, 10, 2023, 4, '0023-02-21', '', NULL, NULL),
(24, '2024-03-01', '2024-03-31', 'pn1', '1', 'pending', 1, '01:23:14', '01-03-2024', 1, 3, 2024, 39, '2024-03-01', '', NULL, NULL),
(25, '2024-03-01', '2024-03-15', '12345678', '5', 'pending', 1, '01:24:45', '01-03-2024', 1, 3, 2024, 40, '2024-02-28', '', NULL, NULL),
(26, '2024-03-01', '2024-03-15', '76549', '2', 'pending', 1, '01:29:20', '01-03-2024', 1, 3, 2024, 40, '2024-02-28', '', NULL, NULL),
(27, '2024-03-01', '2024-03-10', '12345678', '2', 'pending', 1, '03:47:00', '01-03-2024', 1, 3, 2024, 36, '2024-02-29', '', NULL, NULL),
(28, '2024-03-01', '2024-03-25', '896321', '', 'pending', 1, '05:40:08', '01-03-2024', 1, 3, 2024, 40, '', '', NULL, NULL),
(29, '2024-03-01', '2024-03-01', 'h1', '', 'pending', 1, '05:40:10', '01-03-2024', 1, 3, 2024, 41, '', '', NULL, NULL),
(30, '2024-03-04', '2024-03-15', '2208', '', 'pending', 4, '04:21:43', '04-03-2024', 4, 3, 2024, 41, '', '', NULL, NULL),
(31, '2024-03-04', '2024-03-15', '64589', '1', 'pending', 4, '05:52:15', '04-03-2024', 4, 3, 2024, 39, '2024-02-03', '', NULL, NULL),
(32, '2024-03-04', '2024-03-20', '12389', '2', 'pending', 4, '05:54:30', '04-03-2024', 4, 3, 2024, 37, '2024-03-03', '', NULL, NULL),
(33, '2024-03-04', '2024-03-15', '12', '1', 'pending', 4, '05:59:38', '04-03-2024', 4, 3, 2024, 36, '0204-02-03', '', NULL, NULL),
(34, '2024-03-01', '2024-03-31', 'P24507000', '', 'pending', 12, '02:14:52', '12-03-2024', 12, 3, 2024, 41, '', '', NULL, NULL),
(35, '2024-03-18', '2024-03-18', 'KM12345', '', 'pending', 18, '12:37:30', '18-03-2024', 18, 3, 2024, 42, '', '', NULL, NULL),
(36, '2024-04-01', '2024-04-05', '9860862594', '', 'pending', 1, '01:14:41', '01-04-2024', 1, 4, 2024, 42, '', '', NULL, NULL),
(37, '2024-03-15', '2025-03-31', '12365', '', 'pending', 5, '11:24:43', '05-04-2024', 5, 4, 2024, 36, '', '', NULL, NULL),
(38, '2024-04-24', '2024-04-24', '12', '', 'pending', 24, '05:20:57', '24-04-2024', 24, 4, 2024, 43, '', '', NULL, NULL),
(39, '2024-04-27', '2024-05-30', '100081108', '', 'pending', 30, '04:36:27', '30-04-2024', 30, 4, 2024, 43, '', '', NULL, NULL),
(40, '2024-05-18', '2024-05-30', '1-1', '', 'pending', 18, '07:06:15', '18-05-2024', 18, 5, 2024, 43, '', '', NULL, NULL),
(41, '2024-05-20', '2024-05-20', '0', '', 'pending', 20, '03:23:03', '20-05-2024', 20, 5, 2024, 43, '', '', NULL, NULL);

-- --------------------------------------------------------

--
-- Table structure for table `cust_part_inspection_master`
--

CREATE TABLE `cust_part_inspection_master` (
  `id` int NOT NULL,
  `customer_partKy` int NOT NULL,
  `parameter` text COLLATE utf8mb4_general_ci NOT NULL,
  `specification` text COLLATE utf8mb4_general_ci NOT NULL,
  `evalution_mesaurement_technique` text COLLATE utf8mb4_general_ci NOT NULL,
  `lower_spec_limit` varchar(50) COLLATE utf8mb4_general_ci DEFAULT NULL,
  `upper_spec_limit` varchar(50) COLLATE utf8mb4_general_ci DEFAULT NULL,
  `critical_parm` text COLLATE utf8mb4_general_ci,
  `is_PDI` tinyint(1) NOT NULL DEFAULT '0',
  `is_setup` tinyint(1) NOT NULL DEFAULT '0',
  `is_layout` tinyint(1) NOT NULL DEFAULT '0',
  `is_inprocess_inspection` tinyint(1) NOT NULL DEFAULT '0',
  `updatedttm` datetime NOT NULL DEFAULT CURRENT_TIMESTAMP
) ENGINE=InnoDB DEFAULT CHARSET=utf8mb4 COLLATE=utf8mb4_general_ci;

--
-- Dumping data for table `cust_part_inspection_master`
--

INSERT INTO `cust_part_inspection_master` (`id`, `customer_partKy`, `parameter`, `specification`, `evalution_mesaurement_technique`, `lower_spec_limit`, `upper_spec_limit`, `critical_parm`, `is_PDI`, `is_setup`, `is_layout`, `is_inprocess_inspection`, `updatedttm`) VALUES
(1, 119, 'HOLE ID', '1.3±0.1', 'PIN GAUGE', '1.2', '1.4', 'C', 1, 0, 0, 0, '2023-10-21 03:40:15'),
(5, 15, 'WIDTH', '24.7', 'VERNIER CALIPER', '24.5', '24.9', 'C', 1, 0, 0, 0, '2023-10-22 03:44:08'),
(12, 1, 'DIMN', '249', 'VERNIER CALIPER', '248.8', '249.2', 'C', 1, 0, 0, 0, '2023-10-31 03:32:09'),
(13, 1, 'DIMN', '180', 'VERNIER CALIPER', '179.8', '180.2', 'MAJOR', 1, 0, 0, 0, '2023-10-31 03:32:55'),
(14, 1, 'HOLE ID', '5', 'VERNIER CALIPER', '4.9', '5.1', 'MAJOR', 1, 0, 0, 0, '2023-10-31 03:33:47'),
(15, 2, 'DIMENSION', '78.7', 'VERNIER CALIPER', '78.5', '78.9', 'MAJOR', 1, 0, 0, 0, '2023-10-31 03:34:47'),
(16, 2, 'DIMENSION', '9.5', 'VERNIER CALIPER', '9.3', '9.7', 'MAJOR', 1, 0, 0, 0, '2023-10-31 03:35:20'),
(17, 2, 'DIMENSION', '7.1', 'VERNIER CALIPER', '6.9', '7.3', 'MAJOR', 1, 0, 0, 0, '2023-10-31 03:35:51'),
(18, 2, 'DIMENSION', '242.7', 'VERNIER CALIPER', '242.4', '243', 'MAJOR', 1, 0, 0, 0, '2023-10-31 03:36:58'),
(19, 3, 'DIMENSION', '249', 'VERNIER CALIPER', '248.8', '249.2', 'MAJOR', 1, 0, 0, 0, '2023-10-31 03:38:00'),
(20, 3, 'DIMENSION', '180', 'VERNIER CALIPER', '179.8', '180.2', 'MAJOR', 1, 0, 0, 0, '2023-10-31 03:38:48'),
(21, 3, 'DIMENSION', '5', 'VERNIER CALIPER', '4.9', '5.1', 'MAJOR', 1, 0, 0, 0, '2023-10-31 03:39:20'),
(22, 4, 'LOCK WIDTH', '8.6', 'VERNIER CALIPER', '8.4', '8.8', 'MAJOR', 1, 0, 0, 0, '2023-10-31 03:40:53'),
(23, 4, 'HOLE ID', '4', 'VERNIER CALIPER', '3.8', '4.2', 'MAJOR', 1, 0, 0, 0, '2023-10-31 03:41:31'),
(24, 4, 'LOCK DIMN', '2.7', 'VERNIER CALIPER', '2.5', '2.9', 'MAJOR', 1, 0, 0, 0, '2023-10-31 03:42:04'),
(25, 5, 'HOLE ID 4±0.2', '4', 'VERNIER CALIPER', '3.8', '4.2', 'MAJOR', 1, 0, 0, 0, '2023-10-31 03:43:20'),
(26, 5, 'DIMENSION', '10.5±0.1', 'VERNIER CALIPER', '10.4', '10.6', 'MAJOR', 1, 0, 0, 0, '2023-10-31 03:50:35'),
(27, 5, 'RIB THCK', '1.5', 'VERNIER CALIPER', '1.4', '1.6', 'MAJOR', 1, 0, 0, 0, '2023-10-31 03:52:03'),
(28, 6, 'HOLE ID 4±0.2', '4', 'VERNIER CALIPER', '3.8', '4.2', 'MAJOR', 1, 0, 0, 0, '2023-10-31 03:53:18'),
(29, 6, 'DIMENSION', '10.5±0.1', 'VERNIER CALIPER', '10.4', '10.6', 'MAJOR', 1, 0, 0, 0, '2023-10-31 03:54:00'),
(30, 6, 'RIB THCK', '1.5', 'VERNIER CALIPER', '1.4', '1.6', 'MAJOR', 1, 0, 0, 0, '2023-10-31 03:54:41'),
(31, 7, 'HOLE ID ', '2.6', 'VERNIER CALIPER', '2.5', '2.7', 'MAJOR', 1, 0, 0, 0, '2023-10-31 03:55:54'),
(32, 7, 'HOLE ID ', '11.00±0.3', 'VERNIER CALIPER', '10.7', '11.3', 'MAJOR', 1, 0, 0, 0, '2023-10-31 03:56:45'),
(33, 7, 'DIMENSION', '4.1', 'VERNIER CALIPER', '4', '4.2', 'MAJOR', 1, 0, 0, 0, '2023-10-31 03:57:17'),
(34, 8, 'HOLE ID', '2.6', 'VERNIER CALIPER', '2.5', '2.7', 'MAJOR', 1, 0, 0, 0, '2023-10-31 03:58:43'),
(35, 8, 'HOLE ID', '11.00±0.3', 'VERNIER CALIPER', '10.7', '11.3', 'MAJOR', 1, 0, 0, 0, '2023-10-31 03:59:11'),
(36, 8, 'DIMENSION', '4.1', 'VERNIER CALIPER', '4', '4.2', 'MAJOR', 1, 0, 0, 0, '2023-10-31 03:59:33'),
(37, 9, 'DIMENSION', '249', 'VERNIER CALIPER', '248.8', '249.2', 'MAJOR', 1, 0, 0, 0, '2023-10-31 04:00:48'),
(38, 9, 'DIMENSION', '180', 'VERNIER CALIPER', '179.8', '180.2', 'MAJOR', 1, 0, 0, 0, '2023-10-31 04:01:15'),
(39, 9, 'DIMENSION', '5', 'VERNIER CALIPER', '4.9', '5.1', 'MAJOR', 1, 0, 0, 0, '2023-10-31 04:01:40'),
(40, 10, 'DIMENSION', '7.6', 'VERNIER CALIPER', '7.5', '7.8', 'MAJOR', 1, 0, 0, 0, '2023-10-31 04:06:52'),
(41, 10, 'DIMENSION', '10.4', 'VERNIER CALIPER', '10.3', '10.5', 'MAJOR', 1, 0, 0, 0, '2023-10-31 04:07:37'),
(42, 10, 'DIMENSION', '8.3', 'VERNIER CALIPER', '8.3', '8.4', 'MAJOR', 1, 0, 0, 0, '2023-10-31 04:08:23'),
(43, 11, 'DIMENSION', '79', 'VERNIER CALIPER', '78.8', '79', 'MAJOR', 1, 0, 0, 0, '2023-10-31 04:11:54'),
(44, 11, 'DIMENSION', '5.8', 'VERNIER CALIPER', '5.6', '6', 'MAJOR', 1, 0, 0, 0, '2023-10-31 04:15:19'),
(45, 11, 'DIMENSION', '82.8', 'VERNIER CALIPER', '82.6', '83', 'MAJOR', 1, 0, 0, 0, '2023-10-31 04:16:59'),
(46, 12, 'HOLE ID', '3.2', 'VERNIER CALIPER', '3.1', '3.3', 'MAJOR', 1, 0, 0, 0, '2023-10-31 04:29:13'),
(47, 12, 'DIMENSION', '58.9', 'VERNIER CALIPER', '58.7', '59.1', 'MAJOR', 1, 0, 0, 0, '2023-10-31 04:29:53'),
(48, 12, 'DIMENSION', '25.7', 'VERNIER CALIPER', '25.5', '25.9', 'MAJOR', 1, 0, 0, 0, '2023-10-31 04:30:22'),
(49, 13, 'HOLE ID', '3.2', 'VERNIER CALIPER', '3.1', '3.3', 'MAJOR', 1, 0, 0, 0, '2023-10-31 06:27:42'),
(50, 13, 'DIMENSION', '58.9', 'VERNIER CALIPER', '58.7', '59.1', 'MAJOR', 1, 0, 0, 0, '2023-10-31 06:28:35'),
(51, 13, 'DIMENSION', '25.7', 'VERNIER CALIPER', '25.5', '25.9', 'MAJOR', 1, 0, 0, 0, '2023-10-31 06:29:01'),
(52, 14, 'DIMENSION', '5.6', 'VERNIER CALIPER', '5.6', '5.7', 'MAJOR', 1, 0, 0, 0, '2023-10-31 06:30:23'),
(53, 14, 'DIMENSION', '7.7', 'VERNIER CALIPER', '7.7', '7.8', 'MAJOR', 1, 0, 0, 0, '2023-10-31 06:30:45'),
(54, 14, 'DIMENSION', '2.83', 'VERNIER CALIPER', '2.78', '2.88', 'MAJOR', 1, 0, 0, 0, '2023-10-31 06:31:22'),
(55, 15, 'TOTAL LENGTH', '64.3', 'VERNIER CALIPER', '64.1', '64.5', 'MAJOR', 1, 0, 0, 0, '2023-10-31 06:33:13'),
(56, 18, 'HOLE ID', '3', 'PIN GAUGE', '2.8', '3.1', 'C', 1, 0, 0, 0, '2023-10-31 06:34:26'),
(57, 19, 'HOLE ID', '3', 'PIN GAUGE', '2.8', '3.1', 'C', 1, 0, 0, 0, '2023-10-31 06:35:11'),
(58, 20, 'HEIGHT', '33.3', 'HEIGHT GAUGE', '33.1', '33.5', 'MAJOR', 1, 0, 0, 0, '2023-10-31 06:37:29'),
(59, 20, 'DIMENSION', '26.8', 'VERNIER CALIPER', '26.6', '27', 'MAJOR', 1, 0, 0, 0, '2023-10-31 06:39:44'),
(60, 21, 'HEIGHT', '33.3', 'HEIGHT GAUGE', '33.1', '33.5', 'MAJOR', 1, 0, 0, 0, '2023-10-31 06:42:51'),
(61, 21, 'DIMENSION', '26.8', 'VERNIER CALIPER', '26.6', '27', 'MAJOR', 1, 0, 0, 0, '2023-10-31 06:43:43'),
(62, 22, 'INSERT HEIGHT', '11', 'HEIGHT GAUGE', '10.5', '11.5', 'MAJOR', 1, 0, 0, 0, '2023-10-31 06:48:38'),
(63, 22, 'DIMENSION', '55.2', 'VERNIER CALIPER', '54.7', '55.2', 'C', 1, 0, 0, 0, '2023-10-31 06:50:24'),
(64, 22, 'LOCK WIDTH', '3', 'VERNIER CALIPER', '2.95', '3.05', 'MAJOR', 1, 0, 0, 0, '2023-10-31 06:50:59'),
(65, 23, 'LOCK WIDTH', '3.35', 'VERNIER CALIPER', '3.35', '3.45', 'MAJOR', 1, 0, 0, 0, '2023-10-31 06:52:32'),
(66, 23, 'LOCK HEIGHT', '3', 'VERNIER CALIPER', '2.9', '3.1', 'MAJOR', 1, 0, 0, 0, '2023-10-31 06:53:18'),
(67, 23, 'THICKNESS', '2', 'VERNIER CALIPER', '1.9', '2.1', 'MAJOR', 1, 0, 0, 0, '2023-10-31 06:53:50'),
(68, 24, 'DIMENSION', '10.7', 'VERNIER CALIPER', '10.6', '10.8', 'MAJOR', 1, 0, 0, 0, '2023-10-31 06:56:49'),
(69, 24, 'length', '19.4', 'VERNIER CALIPER', '19.2', '19.6', 'MAJOR', 1, 0, 0, 0, '2023-10-31 06:57:53'),
(70, 142, 'CENTER DISTANCE', '64.7', 'VERNIER CALIPER', '64.5', '64.9', 'MAJOR', 1, 0, 0, 0, '2023-10-31 06:59:25'),
(71, 142, 'DIMENSION', '10.5', 'VERNIER CALIPER', '10.2', '10.8', 'MAJOR', 1, 0, 0, 0, '2023-10-31 07:00:03'),
(72, 142, 'DIMENSION', '1.3', 'VERNIER CALIPER', '1.3', '1.4', 'MAJOR', 1, 0, 0, 0, '2023-10-31 07:00:54'),
(73, 143, 'CENTER DISTANCE', '64.7', 'VERNIER CALIPER', '64.5', '64.9', 'MAJOR', 1, 0, 0, 0, '2023-10-31 07:01:55'),
(74, 143, 'DIMENSION', '10.5', 'VERNIER CALIPER', '10.2', '10.8', 'MAJOR', 1, 0, 0, 0, '2023-10-31 07:02:23'),
(75, 143, 'DIMENSION', '1.3', 'VERNIER CALIPER', '1.3', '1.4', 'MAJOR', 1, 0, 0, 0, '2023-10-31 07:02:50'),
(76, 144, 'length', '103.4', 'VERNIER CALIPER', '103.2', '103.5', 'MAJOR', 1, 0, 0, 0, '2023-10-31 07:11:34'),
(77, 144, 'THICKNESS', '4', 'VERNIER CALIPER', '4', '4.1', 'MAJOR', 1, 0, 0, 0, '2023-10-31 07:17:16'),
(78, 144, 'DIMENSION', '24.5', 'VERNIER CALIPER', '24.4', '24.5', 'MAJOR', 1, 0, 0, 0, '2023-10-31 07:18:09'),
(79, 145, 'length', '103.4', 'VERNIER CALIPER', '103.2', '103.5', 'MAJOR', 1, 0, 0, 0, '2023-10-31 07:19:12'),
(80, 145, 'THICKNESS', '4', 'VERNIER CALIPER', '4', '4.1', 'MAJOR', 1, 0, 0, 0, '2023-10-31 07:19:40'),
(81, 145, 'DIMENSION', '24.5', 'VERNIER CALIPER', '24.4', '24.5', 'MAJOR', 1, 0, 0, 0, '2023-10-31 07:20:03'),
(82, 146, 'LOCK WIDTH', '10', 'VERNIER CALIPER', '9.8', '10.2', 'MAJOR', 1, 0, 0, 0, '2023-10-31 07:21:06'),
(83, 146, 'TOTAL LENGTH', '42', 'VERNIER CALIPER', '41.8', '42.2', 'MAJOR', 1, 0, 0, 0, '2023-10-31 07:21:41'),
(84, 146, 'LOCK WIDTH', '8', 'VERNIER CALIPER', '7.8', '8.2', 'MAJOR', 1, 0, 0, 0, '2023-10-31 07:22:10'),
(85, 146, 'LOCK WIDTH', '8', 'VERNIER CALIPER', '7.8', '8.2', 'MAJOR', 1, 0, 0, 0, '2023-10-31 07:22:34'),
(86, 146, 'THICKNESS', '6.7', 'VERNIER CALIPER', '6.7', '6.8', 'MAJOR', 1, 0, 0, 0, '2023-10-31 07:23:19'),
(87, 154, 'CENTER DISTANCE', '121.2', 'VERNIER CALIPER', '121', '121.4', 'MAJOR', 1, 0, 0, 0, '2023-10-31 07:24:13'),
(88, 154, 'HOLE ID', '3.3', 'PIN GAUGE', '3.1', '3.5', 'MAJOR', 1, 0, 0, 0, '2023-10-31 07:24:38'),
(89, 154, 'DIMENSION', '4.8', 'VERNIER CALIPER', '4.6', '4.9', 'MAJOR', 1, 0, 0, 0, '2023-10-31 07:25:12'),
(90, 146, 'Aesthetics', 'no dent damage, flashes', 'visual', '', '', '', 1, 0, 0, 0, '2024-02-03 23:08:34');

-- --------------------------------------------------------

--
-- Table structure for table `cust_part_inspection_report`
--

CREATE TABLE `cust_part_inspection_report` (
  `id` int NOT NULL,
  `cust_part_inspection_masterKy` int NOT NULL,
  `sales_partky` int NOT NULL,
  `customer_partKy` int NOT NULL,
  `parameter` text COLLATE utf8mb4_general_ci NOT NULL,
  `specification` text COLLATE utf8mb4_general_ci NOT NULL,
  `evalution_mesaurement_technique` text COLLATE utf8mb4_general_ci NOT NULL,
  `lower_spec_limit` varchar(50) COLLATE utf8mb4_general_ci DEFAULT NULL,
  `upper_spec_limit` varchar(50) COLLATE utf8mb4_general_ci DEFAULT NULL,
  `critical_parm` text COLLATE utf8mb4_general_ci,
  `observation1` varchar(50) COLLATE utf8mb4_general_ci DEFAULT NULL,
  `observation2` varchar(50) COLLATE utf8mb4_general_ci DEFAULT NULL,
  `observation3` varchar(50) COLLATE utf8mb4_general_ci DEFAULT NULL,
  `observation4` varchar(50) COLLATE utf8mb4_general_ci DEFAULT NULL,
  `observation5` varchar(50) COLLATE utf8mb4_general_ci DEFAULT NULL,
  `remark` text COLLATE utf8mb4_general_ci,
  `isManualLogObsrvtn` smallint DEFAULT '0',
  `updatedttm` datetime NOT NULL DEFAULT CURRENT_TIMESTAMP
) ENGINE=InnoDB DEFAULT CHARSET=utf8mb4 COLLATE=utf8mb4_general_ci;

--
-- Dumping data for table `cust_part_inspection_report`
--

INSERT INTO `cust_part_inspection_report` (`id`, `cust_part_inspection_masterKy`, `sales_partky`, `customer_partKy`, `parameter`, `specification`, `evalution_mesaurement_technique`, `lower_spec_limit`, `upper_spec_limit`, `critical_parm`, `observation1`, `observation2`, `observation3`, `observation4`, `observation5`, `remark`, `isManualLogObsrvtn`, `updatedttm`) VALUES
(1, 2, 345, 15, 'COLOUR', 'CLEAR', 'VISUAL', '0', '0', 'C', '0', '0', '0', '0', '0', 'OK', 1, '2023-10-22 03:47:48'),
(2, 3, 345, 15, 'asthetic', 'black spot', 'VISUAL', '0', '0', 'C', '0', '0', '0', '0', '0', NULL, 0, '2023-10-22 03:47:48'),
(3, 4, 345, 15, 'CRACK', 'NOT PRESENT', 'VISUAL', '0', '0', 'C', '0', '0', '0', '0', '0', NULL, 0, '2023-10-22 03:47:48'),
(4, 5, 345, 15, 'WIDTH', '24.7', 'VERNIER CALIPER', '24.5', '24.9', 'C', '24.6', '24.5', '24.6', '24.8', '24.6', NULL, 0, '2023-10-22 03:47:48'),
(5, 6, 345, 15, 'RAW MATERIAL', 'PMMA CLEAR', 'VISUAL', '0', '0', 'C', '0', '0', '0', '0', '0', NULL, 0, '2023-10-22 03:47:48'),
(6, 12, 487, 1, 'DIMN', '249', 'VERNIER CALIPER', '248.8', '249.2', 'C', '248.9', '248.8', '248.9', '249.1', '249.2', NULL, 0, '2023-10-31 06:10:39'),
(7, 13, 487, 1, 'DIMN', '180', 'VERNIER CALIPER', '179.8', '180.2', 'MAJOR', '180', '179.8', '180.2', '179.9', '179.9', NULL, 0, '2023-10-31 06:10:39'),
(8, 14, 487, 1, 'HOLE ID', '5', 'VERNIER CALIPER', '4.9', '5.1', 'MAJOR', '5.1', '5.1', '4.9', '4.9', '4.9', NULL, 0, '2023-10-31 06:10:39'),
(9, 87, 495, 154, 'CENTER DISTANCE', '121.2', 'VERNIER CALIPER', '121', '121.4', 'MAJOR', '121.2', '121.1', '121.4', '121.3', '121.3', 'ok', 1, '2023-10-31 19:50:43'),
(10, 88, 495, 154, 'HOLE ID', '3.3', 'PIN GAUGE', '3.1', '3.5', 'MAJOR', '3.45', '3.42', '3.35', '3.32', '3.4', 'ok', 1, '2023-10-31 19:50:43'),
(11, 89, 495, 154, 'DIMENSION', '4.8', 'VERNIER CALIPER', '4.6', '4.9', 'MAJOR', '4.65', '4.64', '4.71', '4.75', '4.63', 'ok', 1, '2023-10-31 19:50:43'),
(12, 82, 498, 146, 'LOCK WIDTH', '10', 'VERNIER CALIPER', '9.8', '10.2', 'MAJOR', NULL, NULL, NULL, NULL, NULL, NULL, 0, '2024-01-13 08:00:28'),
(13, 83, 498, 146, 'TOTAL LENGTH', '42', 'VERNIER CALIPER', '41.8', '42.2', 'MAJOR', '0', '0', '0', '0', '0', '', 1, '2024-01-13 08:00:28'),
(14, 84, 498, 146, 'LOCK WIDTH', '8', 'VERNIER CALIPER', '7.8', '8.2', 'MAJOR', NULL, NULL, NULL, NULL, NULL, NULL, 0, '2024-01-13 08:00:28'),
(15, 85, 498, 146, 'LOCK WIDTH', '8', 'VERNIER CALIPER', '7.8', '8.2', 'MAJOR', NULL, NULL, NULL, NULL, NULL, NULL, 0, '2024-01-13 08:00:28'),
(16, 86, 498, 146, 'THICKNESS', '6.7', 'VERNIER CALIPER', '6.7', '6.8', 'MAJOR', NULL, NULL, NULL, NULL, NULL, NULL, 0, '2024-01-13 08:00:28'),
(17, 82, 499, 146, 'LOCK WIDTH', '10', 'VERNIER CALIPER', '9.8', '10.2', 'MAJOR', '10.1', '10.2', '10.2', '10.2', '9.9', 'ok', 1, '2024-01-28 05:02:53'),
(18, 83, 499, 146, 'TOTAL LENGTH', '42', 'VERNIER CALIPER', '41.8', '42.2', 'MAJOR', '41.9', '42.2', '42', '42.2', '41.9', 'ok', 1, '2024-01-28 05:02:53'),
(19, 84, 499, 146, 'LOCK WIDTH', '8', 'VERNIER CALIPER', '7.8', '8.2', 'MAJOR', '8.1', '8', '7.8', '7.8', '7.8', 'ok', 1, '2024-01-28 05:02:53'),
(20, 85, 499, 146, 'LOCK WIDTH', '8', 'VERNIER CALIPER', '7.8', '8.2', 'MAJOR', '8', '8.2', '7.9', '7.8', '7.9', 'ok', 1, '2024-01-28 05:02:53'),
(21, 86, 499, 146, 'THICKNESS', '6.7', 'VERNIER CALIPER', '6.7', '6.8', 'MAJOR', '6.7', '6.8', '6.8', '6.7', '6.7', 'ok', 1, '2024-01-28 05:02:53'),
(22, 90, 499, 146, 'Aesthetics', 'no dent damage, flashes', 'visual', '', '', '', 'ok', 'ok', 'ok', 'ok', 'ok', 'ok', 1, '2024-02-03 23:09:18'),
(23, 82, 500, 146, 'LOCK WIDTH', '10', 'VERNIER CALIPER', '9.8', '10.2', 'MAJOR', '9.90', '9.90', '9.90', '9.80', '10.00', NULL, 0, '2024-02-03 23:13:57'),
(24, 83, 500, 146, 'TOTAL LENGTH', '42', 'VERNIER CALIPER', '41.8', '42.2', 'MAJOR', '42.20', '42.00', '41.80', '41.90', '41.80', NULL, 0, '2024-02-03 23:13:57'),
(25, 84, 500, 146, 'LOCK WIDTH', '8', 'VERNIER CALIPER', '7.8', '8.2', 'MAJOR', '7.90', '8.20', '7.90', '8.00', '8.20', NULL, 0, '2024-02-03 23:13:57'),
(26, 85, 500, 146, 'LOCK WIDTH', '8', 'VERNIER CALIPER', '7.8', '8.2', 'MAJOR', '7.80', '8.10', '8.20', '8.20', '8.00', NULL, 0, '2024-02-03 23:13:57'),
(27, 86, 500, 146, 'THICKNESS', '6.7', 'VERNIER CALIPER', '6.7', '6.8', 'MAJOR', '6.70', '6.80', '6.70', '6.70', '6.80', NULL, 0, '2024-02-03 23:13:57'),
(28, 90, 500, 146, 'Aesthetics', 'no dent damage, flashes', 'visual', '', '', '', NULL, NULL, NULL, NULL, NULL, NULL, 0, '2024-02-03 23:13:57');

-- --------------------------------------------------------

--
-- Table structure for table `c_po_so`
--

CREATE TABLE `c_po_so` (
  `id` int NOT NULL,
  `po_id` int NOT NULL,
  `so_line` varchar(50) COLLATE utf8mb4_general_ci NOT NULL,
  `so_number` varchar(30) COLLATE utf8mb4_general_ci NOT NULL,
  `so_amt` varchar(30) COLLATE utf8mb4_general_ci NOT NULL,
  `so_desc` text COLLATE utf8mb4_general_ci NOT NULL,
  `advance_amt` varchar(10) COLLATE utf8mb4_general_ci DEFAULT NULL,
  `mode_of_payment` varchar(20) COLLATE utf8mb4_general_ci DEFAULT NULL,
  `bank_name` varchar(60) COLLATE utf8mb4_general_ci DEFAULT NULL,
  `cheque_rtgs_number` varchar(20) COLLATE utf8mb4_general_ci DEFAULT NULL,
  `date_of_cheque_rtgs` varchar(20) COLLATE utf8mb4_general_ci DEFAULT NULL,
  `amount_paid` varchar(20) COLLATE utf8mb4_general_ci DEFAULT NULL,
  `mode_payment_final` varchar(20) COLLATE utf8mb4_general_ci DEFAULT NULL,
  `bank_name_final_payment` varchar(50) COLLATE utf8mb4_general_ci DEFAULT NULL,
  `cheque_rtgs_number_final_pay` varchar(30) COLLATE utf8mb4_general_ci DEFAULT NULL,
  `date_of_cheque_rtgs_final_pay` varchar(30) COLLATE utf8mb4_general_ci DEFAULT NULL,
  `date` varchar(15) COLLATE utf8mb4_general_ci NOT NULL,
  `time` varchar(15) COLLATE utf8mb4_general_ci NOT NULL,
  `timestamp` timestamp NOT NULL DEFAULT CURRENT_TIMESTAMP,
  `created_id` int NOT NULL,
  `deleted` int NOT NULL DEFAULT '0'
) ENGINE=InnoDB DEFAULT CHARSET=utf8mb4 COLLATE=utf8mb4_general_ci;

-- --------------------------------------------------------

--
-- Table structure for table `DB_Upgrade`
--

CREATE TABLE `DB_Upgrade` (
  `id` int NOT NULL,
  `Script_name` varchar(50) NOT NULL,
  `updated_time` datetime NOT NULL DEFAULT CURRENT_TIMESTAMP ON UPDATE CURRENT_TIMESTAMP
) ENGINE=InnoDB DEFAULT CHARSET=latin1;

--
-- Dumping data for table `DB_Upgrade`
--

INSERT INTO `DB_Upgrade` (`id`, `Script_name`) VALUES
(21, '21-DB-Upgrade_Info'),
(22, '22-Grn_RM_MTC_report.sql'),
(23, '23-PO_status_updates.sql'),
(24, '24-Sales_rejection_invoice.sql'),
(25, '25-Plastic_MoldProduction_multipleRejections.sql'),
(26, '26-Plastic_MoldProduction_Downtime.sql'),
(31, '27-Sales_PDI_Other_Specification_Master.sql'),
(32, '28-Sales_PDI_report_observation.sql'),
(29, '29-Prod-Issue-Sales-invoice-series.sql'),
(30, '30-DB_Upgrade_table_updates.sql'),
(33, '31-Rejection_Invoice_OptionalFields'),
(34, '32-Machine_Field_Lengh_Updates.sql'),
(35, '33-GRN_invoice_no_new_fields.sql'),
(36, '34-Customer_Part_Packaging_Field.sql'),
(37, '35-Planning-shop-order.sql'),
(38, '36-Plastic_Production-rejection.sql'),
(41, '37-GRN_Details-uniqueness.sql'),
(39, '38-Inwarding_Raw_Material_Observations.sql'),
(40, '39-Financial_year_table.sql'),
(44, '40-Multiple Unit Support.sql'),
(42, '41-mold_maintenance_updates.sql'),
(43, '42-receivable_report.sql'),
(45, '43-GRN_Number-uniqueness'),
(46, '44-Material_Request_Data_Migration'),
(47, '45-Global_Configurations'),
(49, '46-PDI_Improvements.sql'),
(51, '47-Multiple-Unit-Support-Part-2.sql'),
(52, '48-GlobalConfigForFormatNos.sql'),
(53, '49-Rejection_Remark_Default_Entry.sql'),
(54, '50-GlobalConfig-StockUpdate.sql'),
(55, '51-UnitSupportForMaterialRequest.sql'),
(56, '52-AddressMasterAndConsignee.sql'),
(57, '53-Multiple-Unit-Sales.sql'),
(58, '54-SalesInvoice-RateIssue.sql'),
(59, '55-Multiple-Unit-Support-Part-3.sql'),
(60, '56-Challan-ConsigneeSupport.sql'),
(61, '57-GRNDecimalSupport.sql'),
(62, '58-MU-Store-SupplierStock-27.sql'),
(63, '59-MU-Prod-MaterialReqTransfer-39.sql'),
(64, '60-MU-Prod-Master-106.sql'),
(65, '61-MU-ProductionQuantity-43.sql'),
(66, '62-MU-ProductionQuantity-40.sql'),
(67, '63-MU-InhousePartStock-28.sql'),
(69, '64-II-Sales_invoice_part_price-127.sql'),
(68, '64-Sales_invoice_part_price-127.sql'),
(70, '65-MU-SupplierPartStock-27.sql'),
(71, '66-MU-Customer_part_master_stock-29.sql'),
(72, '67-MU-Material_request-39.sql'),
(73, '68-MU-StockReport-80.sql'),
(74, '69-MU-StockRejection-30.sql'),
(75, '70-MU-RegularPO-7.sql'),
(76, '71-MU-GrnInvoiceAmountDecimal-17.sql'),
(77, '72-MU-Challan-22.sql'),
(78, '73-MU-Challan-SubCon-23.sql'),
(79, '74-MU-RejectionSalesInvoice-56.sql');

-- --------------------------------------------------------

--
-- Table structure for table `deflashing_bom`
--

CREATE TABLE `deflashing_bom` (
  `id` int NOT NULL,
  `customer_part_id` int NOT NULL,
  `child_part_id` int NOT NULL,
  `quantity` float NOT NULL,
  `created_id` int NOT NULL,
  `date` varchar(255) NOT NULL,
  `time` varchar(255) NOT NULL,
  `timestamp` timestamp NOT NULL DEFAULT CURRENT_TIMESTAMP ON UPDATE CURRENT_TIMESTAMP,
  `deleted` int DEFAULT NULL
) ENGINE=InnoDB DEFAULT CHARSET=latin1;

-- --------------------------------------------------------

--
-- Table structure for table `deflashing_operation`
--

CREATE TABLE `deflashing_operation` (
  `id` int NOT NULL,
  `operation_id` int NOT NULL,
  `production_trg_qty` int NOT NULL,
  `customer_part_id` int NOT NULL,
  `production_hours` float DEFAULT NULL
) ENGINE=InnoDB DEFAULT CHARSET=utf8mb4 COLLATE=utf8mb4_general_ci;

-- --------------------------------------------------------

--
-- Table structure for table `deflashing_production`
--

CREATE TABLE `deflashing_production` (
  `id` int NOT NULL,
  `shift_id` int NOT NULL,
  `operator_id` int NOT NULL,
  `date` varchar(20) COLLATE utf8mb4_general_ci NOT NULL,
  `qty` float NOT NULL,
  `created_by` int NOT NULL,
  `created_date` varchar(20) COLLATE utf8mb4_general_ci NOT NULL,
  `created_time` varchar(20) COLLATE utf8mb4_general_ci NOT NULL,
  `day` int NOT NULL,
  `month` int NOT NULL,
  `year` int NOT NULL,
  `status` varchar(20) COLLATE utf8mb4_general_ci DEFAULT 'pending',
  `output_part_id` int NOT NULL,
  `output_part_table_name` varchar(20) COLLATE utf8mb4_general_ci NOT NULL,
  `accepted_qty` float DEFAULT '0',
  `rejected_qty` float DEFAULT '0',
  `onhold_qty` float NOT NULL,
  `rejection_reason` text COLLATE utf8mb4_general_ci,
  `rejection_remark` varchar(50) COLLATE utf8mb4_general_ci DEFAULT NULL,
  `scrap_factor` float DEFAULT NULL,
  `customer_part_id` int NOT NULL,
  `setup_time_in_min` float NOT NULL,
  `deflashing_operation_id` int NOT NULL,
  `production_hours` float DEFAULT NULL
) ENGINE=InnoDB DEFAULT CHARSET=utf8mb4 COLLATE=utf8mb4_general_ci;

-- --------------------------------------------------------

--
-- Table structure for table `deflashing_rqeust`
--

CREATE TABLE `deflashing_rqeust` (
  `id` int NOT NULL,
  `status` varchar(20) COLLATE utf8mb4_general_ci NOT NULL DEFAULT 'pending',
  `customer_part_id` int NOT NULL,
  `qty` float NOT NULL,
  `accepted_qty` float DEFAULT NULL,
  `sharing_strip` text COLLATE utf8mb4_general_ci NOT NULL,
  `created_date` varchar(20) COLLATE utf8mb4_general_ci NOT NULL,
  `created_time` varchar(20) COLLATE utf8mb4_general_ci NOT NULL,
  `day` int NOT NULL,
  `month` int NOT NULL,
  `year` int NOT NULL,
  `created_by` int NOT NULL
) ENGINE=InnoDB DEFAULT CHARSET=utf8mb4 COLLATE=utf8mb4_general_ci;

-- --------------------------------------------------------

--
-- Table structure for table `dispatch_tracking`
--

CREATE TABLE `dispatch_tracking` (
  `id` int NOT NULL,
  `c_po_so_id` int NOT NULL,
  `completed_date` varchar(15) COLLATE utf8mb4_general_ci DEFAULT NULL,
  `weight` varchar(8) COLLATE utf8mb4_general_ci DEFAULT NULL,
  `transporter_name` varchar(50) COLLATE utf8mb4_general_ci DEFAULT NULL,
  `vehicle_number` varchar(20) COLLATE utf8mb4_general_ci DEFAULT NULL,
  `lr_number` varchar(20) COLLATE utf8mb4_general_ci DEFAULT NULL,
  `dispatch_date` varchar(15) COLLATE utf8mb4_general_ci DEFAULT NULL,
  `created_id` int NOT NULL,
  `timestamp` timestamp NOT NULL DEFAULT CURRENT_TIMESTAMP,
  `date` varchar(15) COLLATE utf8mb4_general_ci NOT NULL,
  `time` varchar(15) COLLATE utf8mb4_general_ci NOT NULL,
  `deleted` int NOT NULL DEFAULT '0'
) ENGINE=InnoDB DEFAULT CHARSET=utf8mb4 COLLATE=utf8mb4_general_ci;

-- --------------------------------------------------------

--
-- Table structure for table `downtime_master`
--

CREATE TABLE `downtime_master` (
  `id` int NOT NULL,
  `name` text COLLATE utf8mb4_general_ci NOT NULL,
  `created_by` int NOT NULL,
  `created_date` varchar(10) COLLATE utf8mb4_general_ci NOT NULL,
  `created_time` varchar(10) COLLATE utf8mb4_general_ci NOT NULL,
  `deleted` int NOT NULL DEFAULT '0'
) ENGINE=InnoDB DEFAULT CHARSET=utf8mb4 COLLATE=utf8mb4_general_ci;

--
-- Dumping data for table `downtime_master`
--

INSERT INTO `downtime_master` (`id`, `name`, `created_by`, `created_date`, `created_time`, `deleted`) VALUES
(1, 'MANPOWER SHORTAGE', 0, '', '', 0),
(2, 'POWER FAILURE', 0, '', '', 0),
(3, 'RAW MATERIAL SHORTAGE', 0, '', '', 0),
(4, 'BOX SHORTAGE', 0, '', '', 0),
(5, 'INSERT FITMENT PROBLEM', 0, '', '', 0),
(6, 'INSERT SHORTAGE', 0, '', '', 0),
(7, 'MOULD BREAKDOWN', 0, '', '', 0),
(8, 'MACHINE BREAKDOWN', 0, '', '', 0);

-- --------------------------------------------------------

--
-- Table structure for table `einvoice_res`
--

CREATE TABLE `einvoice_res` (
  `id` int NOT NULL,
  `new_sales_id` int NOT NULL,
  `Status` varchar(100) COLLATE utf8mb4_general_ci DEFAULT NULL,
  `ack_date` varchar(100) COLLATE utf8mb4_general_ci DEFAULT NULL,
  `SellerGstin` varchar(100) COLLATE utf8mb4_general_ci DEFAULT NULL,
  `BuyerGstin` varchar(100) COLLATE utf8mb4_general_ci DEFAULT NULL,
  `DocNo` varchar(100) COLLATE utf8mb4_general_ci DEFAULT NULL,
  `DocTyp` varchar(100) COLLATE utf8mb4_general_ci DEFAULT NULL,
  `DocDt` varchar(100) COLLATE utf8mb4_general_ci DEFAULT NULL,
  `TotInvVal` varchar(100) COLLATE utf8mb4_general_ci DEFAULT NULL,
  `ItemCnt` varchar(100) COLLATE utf8mb4_general_ci DEFAULT NULL,
  `MainHsnCode` varchar(100) COLLATE utf8mb4_general_ci DEFAULT NULL,
  `AckDt` varchar(100) COLLATE utf8mb4_general_ci DEFAULT NULL,
  `IrnDt` varchar(100) COLLATE utf8mb4_general_ci DEFAULT NULL,
  `iss` varchar(100) COLLATE utf8mb4_general_ci DEFAULT NULL,
  `transporter_id` int DEFAULT NULL,
  `Irn` varchar(100) COLLATE utf8mb4_general_ci DEFAULT NULL,
  `SignedQRCode` text COLLATE utf8mb4_general_ci,
  `AckNo` varchar(100) COLLATE utf8mb4_general_ci DEFAULT NULL,
  `SignedInvoice` text COLLATE utf8mb4_general_ci,
  `info` varchar(100) COLLATE utf8mb4_general_ci DEFAULT NULL,
  `statuscode` varchar(100) COLLATE utf8mb4_general_ci DEFAULT NULL,
  `CancelRemark` varchar(100) COLLATE utf8mb4_general_ci DEFAULT NULL,
  `CancelReason` int DEFAULT NULL,
  `EwbNo` varchar(100) COLLATE utf8mb4_general_ci DEFAULT NULL,
  `EwbDt` varchar(100) COLLATE utf8mb4_general_ci DEFAULT NULL,
  `EwbValidTill` varchar(100) COLLATE utf8mb4_general_ci DEFAULT NULL,
  `EwbVehUpdDate` varchar(100) COLLATE utf8mb4_general_ci DEFAULT NULL,
  `EwbUpdateReason` varchar(50) COLLATE utf8mb4_general_ci DEFAULT NULL,
  `EwbUpdateRemark` varchar(50) COLLATE utf8mb4_general_ci DEFAULT NULL,
  `EwbCancelReason` varchar(50) COLLATE utf8mb4_general_ci DEFAULT NULL,
  `EwbCancelRemark` varchar(50) COLLATE utf8mb4_general_ci DEFAULT NULL,
  `EwbStatus` varchar(50) COLLATE utf8mb4_general_ci DEFAULT NULL,
  `created_date` datetime NOT NULL DEFAULT CURRENT_TIMESTAMP,
  `updatedDttm` datetime NOT NULL DEFAULT CURRENT_TIMESTAMP
) ENGINE=InnoDB DEFAULT CHARSET=utf8mb4 COLLATE=utf8mb4_general_ci;

-- --------------------------------------------------------

--
-- Table structure for table `final_inspection_request`
--

CREATE TABLE `final_inspection_request` (
  `id` int NOT NULL,
  `status` varchar(20) COLLATE utf8mb4_general_ci NOT NULL DEFAULT 'pending',
  `customer_part_id` int NOT NULL,
  `qty` float NOT NULL,
  `accepted_qty` float DEFAULT NULL,
  `sharing_strip` text COLLATE utf8mb4_general_ci NOT NULL,
  `created_date` varchar(20) COLLATE utf8mb4_general_ci NOT NULL,
  `created_time` varchar(20) COLLATE utf8mb4_general_ci NOT NULL,
  `day` int NOT NULL,
  `month` int NOT NULL,
  `year` int NOT NULL,
  `created_by` int NOT NULL
) ENGINE=InnoDB DEFAULT CHARSET=utf8mb4 COLLATE=utf8mb4_general_ci;

-- --------------------------------------------------------

--
-- Table structure for table `financialyear`
--

CREATE TABLE `financialyear` (
  `id` smallint NOT NULL,
  `startYear` smallint NOT NULL,
  `endYear` smallint NOT NULL,
  `displayName` varchar(15) NOT NULL
) ENGINE=InnoDB DEFAULT CHARSET=latin1;

--
-- Dumping data for table `financialyear`
--

INSERT INTO `financialyear` (`id`, `startYear`, `endYear`, `displayName`) VALUES
(1, 2022, 2023, 'FY-2022'),
(2, 2023, 2024, 'FY-2023'),
(3, 2024, 2025, 'FY-2024');

-- --------------------------------------------------------

--
-- Table structure for table `global_configuration`
--

CREATE TABLE `global_configuration` (
  `id` int NOT NULL,
  `displayLabel` varchar(100) NOT NULL DEFAULT 'TempLabel',
  `config_name` varchar(100) NOT NULL DEFAULT 'field_name',
  `config_value` text NOT NULL,
  `isActive` tinyint(1) NOT NULL DEFAULT '1',
  `ARMUserOnly` tinyint(1) NOT NULL DEFAULT '0',
  `note` text,
  `canModify` tinyint(1) NOT NULL DEFAULT '0',
  `updatedttm` datetime NOT NULL DEFAULT CURRENT_TIMESTAMP,
  `updated_user` varchar(255) NOT NULL
) ENGINE=InnoDB DEFAULT CHARSET=latin1;

--
-- Dumping data for table `global_configuration`
--

INSERT INTO `global_configuration` (`id`, `displayLabel`, `config_name`, `config_value`, `isActive`, `ARMUserOnly`, `note`, `canModify`, `updatedttm`, `updated_user`) VALUES
(1, 'Customer Prefix', 'customerPrefix', 'AROMP', 1, 1, 'CustomerPrefix - Don\'t change without knowledge', 0, '2024-01-28 11:08:40', 'AROM'),
(2, 'Customer Name', 'customerNameDetails', 'AROM PLASTIC', 1, 0, 'Display name for invoices, reports etc.', 1, '2024-01-28 11:08:40', 'arom'),
(3, 'CUSTOMER TYPE', 'AROMCustomerName', 'COMMON_SHEET_METAL', 1, 1, 'Configure current customer type Don\'t change without knowing', 0, '2024-01-28 11:08:40', 'AROM'),
(4, 'Enable PDI Random Generator', 'isPDIRandomGeneratorEnabled', 'true', 1, 0, 'Config value should be true or false only', 1, '2024-01-28 04:16:27', 'arom'),
(5, 'PDI Revision No', 'PDIRevision', '1.0', 1, 0, 'Revision No', 1, '2024-01-28 04:17:01', 'arom'),
(6, 'PDI Revision Date', 'PDIRevDate', '15/10/2023', 1, 0, 'PDI Revision Date', 1, '2024-01-28 04:19:44', 'arom'),
(7, 'Multiple Unit Support', 'isMultipleClientUnits', 'true', 1, 1, 'Supporting Multiple client units\r\nSupported values = true or false', 1, '2024-02-18 03:38:37', 'arom'),
(14, 'Inward Inspection Doc Number', 'inwardDocNumber', 'QA-F-01', 1, 0, 'Inward Inspection Doc Number', 1, '2024-02-20 17:06:11', 'arom'),
(15, 'Inward Inspection Doc Date', 'inwardDocDate', '3/3/2017', 1, 0, 'Inward Inspection Doc Date', 1, '2024-02-20 17:06:47', 'arom'),
(16, 'Inward Inspection Doc Revision', 'inwardDocRevision', '00', 1, 0, 'Inward Inspection Doc Revision', 1, '2024-02-20 17:08:50', 'arom'),
(17, 'Show document details on different flows', 'showDocRequestDetails', 'true', 1, 1, 'Show document details on different flowsm values - true or false', 1, '2024-02-20 17:08:50', 'arom'),
(18, 'Enable Stock Update', 'enableStockUpdate', 'true', 1, 1, 'Enable Stock Update For Child Part, Inhouse parts, Customer Part Stock', 1, '2024-03-10 09:39:23', 'arom'),
(19, 'Digital Signature Url', 'digital_signature_url', 'https://usgwstage.truecopy.in/api/tsm/v3/signpdfdoc', 1, 0, 'use for digital signature', 1, '2024-05-31 14:50:02', ''),
(20, 'Digital Signature Signer', 'signer', 'helpdesk+pocarominfotechapiuser@truecopy.com', 1, 0, 'use for digital signature', 1, '2024-05-30 17:00:01', ''),
(21, 'Digital Signature Certificate Password', 'certpwd', 'Tc%9pxL7qYeGXW/KjN7GpkofKy22PQ==', 1, 0, 'use for digital signature', 1, '2024-05-30 17:00:01', ''),
(22, 'Digital Signature Certificate Id', 'certid', 'john_doe_test_2_gcp', 1, 0, 'use for digital signature', 1, '2024-05-30 17:00:01', ''),
(23, 'Digital Signature', 'digitalSignature', 'Yes', 1, 0, 'use for enable/disable digital signature. Config value should be Yes or No only.', 1, '2024-05-30 16:35:36', 'Admin'),
(24, 'Company Logo Enalbe', 'companyLogoEnable', 'Yes', 1, 0, 'use for enable add logo of company in invoice.\r\nConfig value should be Yes or No only.', 1, '2024-05-30 13:19:40', 'Admin'),
(25, 'Company Logo', 'companyLogo', 'favicona3.png', 1, 0, 'use for add logo of company', 1, '2024-05-30 12:49:08', 'Admin');

-- --------------------------------------------------------

--
-- Table structure for table `grades`
--

CREATE TABLE `grades` (
  `id` int NOT NULL,
  `name` varchar(200) COLLATE utf8mb4_general_ci NOT NULL,
  `rejection_qty` float NOT NULL DEFAULT '0'
) ENGINE=InnoDB DEFAULT CHARSET=utf8mb4 COLLATE=utf8mb4_general_ci;

-- --------------------------------------------------------

--
-- Table structure for table `grn_details`
--

CREATE TABLE `grn_details` (
  `id` int NOT NULL,
  `inwarding_id` int NOT NULL,
  `po_number` varchar(20) COLLATE utf8mb4_general_ci NOT NULL,
  `grn_number` varchar(30) COLLATE utf8mb4_general_ci NOT NULL,
  `invoice_number` varchar(20) COLLATE utf8mb4_general_ci NOT NULL,
  `part_id` int NOT NULL,
  `inwarding_price` double NOT NULL,
  `po_part_id` int NOT NULL,
  `qty` float NOT NULL,
  `verified_qty` float NOT NULL,
  `accept_qty` float NOT NULL,
  `reject_qty` float NOT NULL,
  `rm_batch_no` varchar(50) COLLATE utf8mb4_general_ci DEFAULT NULL,
  `mtc_report` text COLLATE utf8mb4_general_ci,
  `verfified_price` float NOT NULL,
  `verified_status` varchar(20) COLLATE utf8mb4_general_ci NOT NULL DEFAULT 'pending',
  `status` varchar(20) COLLATE utf8mb4_general_ci NOT NULL DEFAULT 'pending',
  `created_by` int NOT NULL,
  `created_date` varchar(20) COLLATE utf8mb4_general_ci NOT NULL,
  `created_time` varchar(20) COLLATE utf8mb4_general_ci NOT NULL,
  `created_day` int NOT NULL,
  `created_month` int NOT NULL,
  `created_year` int NOT NULL,
  `remark` text COLLATE utf8mb4_general_ci
) ENGINE=InnoDB DEFAULT CHARSET=utf8mb4 COLLATE=utf8mb4_general_ci;

--
-- Dumping data for table `grn_details`
--

INSERT INTO `grn_details` (`id`, `inwarding_id`, `po_number`, `grn_number`, `invoice_number`, `part_id`, `inwarding_price`, `po_part_id`, `qty`, `verified_qty`, `accept_qty`, `reject_qty`, `rm_batch_no`, `mtc_report`, `verfified_price`, `verified_status`, `status`, `created_by`, `created_date`, `created_time`, `created_day`, `created_month`, `created_year`, `remark`) VALUES
(1, 1, '4', '', '6778138031', 17, 24673.8, 15, 100, 100, 100, 0, NULL, NULL, 24673.8, 'verified', 'pending', 3, '10-09-2023', '09:44:48', 10, 9, 2023, ''),
(2, 1, '4', '', '6778138031', 12, 28314.1, 17, 100, 100, 100, 0, NULL, NULL, 28314.1, 'verified', 'pending', 3, '10-09-2023', '09:45:02', 10, 9, 2023, ''),
(3, 1, '4', '', '6778138031', 11, 49371.2, 6, 200, 200, 200, 0, NULL, NULL, 49371.2, 'verified', 'pending', 3, '10-09-2023', '09:45:13', 10, 9, 2023, ''),
(4, 1, '4', '', '6778138031', 9, 51330, 13, 300, 300, 300, 0, NULL, NULL, 51330, 'verified', 'pending', 3, '10-09-2023', '09:45:32', 10, 9, 2023, ''),
(5, 2, '5', '', '2023-24-152', 1, 55991, 18, 650, 650, 650, 0, NULL, NULL, 55991, 'verified', 'pending', 3, '10-09-2023', '10:01:56', 10, 9, 2023, ''),
(6, 2, '5', '', '2023-24-152', 109, 2212.5, 19, 25, 25, 25, 0, NULL, NULL, 2212.5, 'verified', 'pending', 3, '10-09-2023', '10:02:01', 10, 9, 2023, ''),
(7, 3, '6', '', 'T23MH1699', 17, 224200, 20, 1000, 1000, 1000, 0, NULL, NULL, 224200, 'verified', 'pending', 3, '10-09-2023', '10:10:44', 10, 9, 2023, ''),
(8, 4, '7', '', '23-24-877', 40, 21240, 21, 250, 250, 250, 0, NULL, NULL, 21240, 'verified', 'pending', 3, '10-09-2023', '10:14:38', 10, 9, 2023, ''),
(9, 5, '8', '', '23-24-881', 45, 13275, 23, 2500, 2500, 2500, 0, NULL, NULL, 13275, 'verified', 'pending', 3, '10-09-2023', '10:17:37', 10, 9, 2023, ''),
(10, 6, '9', '', '2023-24-153', 1, 55991, 24, 650, 650, 650, 0, NULL, NULL, 55991, 'verified', 'pending', 3, '10-09-2023', '10:22:24', 10, 9, 2023, ''),
(11, 7, '9', '', '2023-24-154', 1, 34456, 24, 400, 400, 400, 0, NULL, NULL, 34456, 'verified', 'pending', 3, '10-09-2023', '10:26:07', 10, 9, 2023, ''),
(12, 8, '10', '', '1076-23-24', 88, 29205, 25, 11000, 10687, 10687, 0, NULL, NULL, 28374, 'not-verified', 'pending', 3, '10-09-2023', '10:31:02', 10, 9, 2023, ''),
(13, 9, '11', '', '23-24-890', 40, 12149.28, 26, 143, 143, 143, 0, NULL, NULL, 12149.3, 'verified', 'pending', 3, '10-09-2023', '10:42:48', 10, 9, 2023, ''),
(14, 10, '13', '', 'GMI-0469', 7, 182900, 28, 1000, 1000, 1000, 0, NULL, NULL, 182900, 'verified', 'pending', 3, '10-09-2023', '11:10:30', 10, 9, 2023, ''),
(15, 11, '4', '', '6778138616', 12, 28314.1, 17, 100, 100, 100, 0, NULL, NULL, 28314.1, 'verified', 'pending', 3, '10-09-2023', '11:13:40', 10, 9, 2023, ''),
(16, 11, '4', '', '6778138616', 11, 74056.8, 6, 300, 300, 300, 0, NULL, NULL, 74056.8, 'verified', 'pending', 3, '10-09-2023', '11:13:49', 10, 9, 2023, ''),
(17, 12, '4', '', '6778138642', 81, 14632, 9, 25, 25, 25, 0, NULL, NULL, 14632, 'verified', 'pending', 3, '10-09-2023', '11:16:32', 10, 9, 2023, ''),
(18, 12, '4', '', '6778138642', 108, 8938.5, 11, 25, 25, 25, 0, NULL, NULL, 8938.5, 'verified', 'pending', 3, '10-09-2023', '11:16:58', 10, 9, 2023, ''),
(19, 13, '14', '', '23-24-5280', 57, 12862, 29, 10000, 10000, 10000, 0, NULL, NULL, 12862, 'verified', 'pending', 3, '10-09-2023', '11:21:23', 10, 9, 2023, ''),
(20, 15, '8', '', '2023-24-887', 46, 18290, 22, 310, 310, 310, 0, NULL, NULL, 18290, 'verified', 'pending', 3, '10-09-2023', '11:26:39', 10, 9, 2023, ''),
(21, 16, '15', '', '288', 78, 24780, 31, 150, 150, 150, 0, NULL, NULL, 24780, 'verified', 'pending', 3, '10-09-2023', '11:29:27', 10, 9, 2023, ''),
(22, 17, '4', '', '6778139050', 11, 49371.2, 6, 200, 200, 200, 0, NULL, NULL, 49371.2, 'verified', 'pending', 3, '15-09-2023', '10:24:25', 15, 9, 2023, ''),
(23, 17, '4', '', '6778139050', 16, 54900.68, 14, 200, 200, 200, 0, NULL, NULL, 54900.7, 'verified', 'pending', 3, '15-09-2023', '10:47:03', 15, 9, 2023, ''),
(24, 18, '2', '', '587-23-24', 59, 13334, 2, 5000, 5000, 5000, 0, NULL, NULL, 13334, 'verified', 'pending', 3, '15-09-2023', '02:45:51', 15, 9, 2023, ''),
(25, 19, '18', '', '6369', 67, 1416, 36, 500, 500, 500, 0, NULL, NULL, 1416, 'verified', 'pending', 3, '15-09-2023', '02:50:26', 15, 9, 2023, ''),
(26, 19, '18', '', '6369', 68, 2950, 37, 500, 500, 500, 0, NULL, NULL, 2950, 'verified', 'pending', 3, '15-09-2023', '02:50:32', 15, 9, 2023, ''),
(27, 19, '18', '', '6369', 69, 4838, 38, 500, 500, 500, 0, NULL, NULL, 4838, 'verified', 'pending', 3, '15-09-2023', '02:50:36', 15, 9, 2023, ''),
(28, 20, '19', '', 'MPPL-23-24-2210', 87, 7227.5, 39, 25, 25, 25, 0, NULL, NULL, 7227.5, 'verified', 'pending', 3, '15-09-2023', '03:07:40', 15, 9, 2023, ''),
(29, 20, '19', '', 'MPPL-23-24-2210', 13, 5310, 40, 25, 25, 25, 0, NULL, NULL, 5310, 'verified', 'pending', 3, '15-09-2023', '03:07:44', 15, 9, 2023, ''),
(30, 22, '20', '', 'GST-3160-23-24', 18, 83190, 41, 300, 300, 300, 0, NULL, NULL, 83190, 'verified', 'pending', 3, '15-09-2023', '03:33:01', 15, 9, 2023, ''),
(31, 23, '21', '', 'SF-299-23-24', 49, 15034.734, 42, 105, 105, 105, 0, NULL, NULL, 14991.9, 'verified', 'pending', 3, '15-09-2023', '03:38:59', 15, 9, 2023, ''),
(32, 23, '21', '', 'SF-299-23-24', 52, 4140.62, 43, 29, 29, 29, 0, NULL, NULL, 4140.62, 'verified', 'pending', 3, '15-09-2023', '03:39:06', 15, 9, 2023, ''),
(33, 23, '21', '', 'SF-299-23-24', 50, 4140.62, 44, 29, 29, 29, 0, NULL, NULL, 4140.62, 'verified', 'pending', 3, '15-09-2023', '03:39:15', 15, 9, 2023, ''),
(34, 24, '22', '', 'MPPL-23-24-2191', 109, 3776, 45, 25, 25, 25, 0, NULL, NULL, 3776, 'verified', 'pending', 3, '15-09-2023', '03:48:05', 15, 9, 2023, ''),
(35, 25, '2', '', '604-23-24', 59, 26668, 2, 10000, 10000, 10000, 0, NULL, NULL, 26668, 'verified', 'pending', 3, '15-09-2023', '03:50:13', 15, 9, 2023, 'OK'),
(36, 26, '4', '', '6778139926', 81, 14632, 9, 25, 25, 25, 0, NULL, NULL, 14632, 'verified', 'pending', 3, '15-09-2023', '03:52:35', 15, 9, 2023, ''),
(37, 26, '4', '', '6778139926', 12, 28314.1, 17, 100, 100, 100, 0, NULL, NULL, 28314.1, 'verified', 'pending', 3, '15-09-2023', '03:52:54', 15, 9, 2023, ''),
(38, 27, '4', '', '6778139632', 80, 3200.75, 8, 50, 50, 50, 0, NULL, NULL, 3200.75, 'verified', 'pending', 3, '15-09-2023', '04:02:42', 15, 9, 2023, 'OK'),
(39, 28, '14', '', '23-24-5620', 96, 10030, 30, 10000, 10000, 10000, 0, NULL, NULL, 10030, 'verified', 'pending', 3, '15-09-2023', '04:06:02', 15, 9, 2023, 'OK'),
(40, 29, '14', '', '23-24-5619', 57, 12862, 29, 10000, 10000, 10000, 0, NULL, NULL, 12862, 'verified', 'pending', 3, '15-09-2023', '04:07:39', 15, 9, 2023, 'OK'),
(41, 30, '10', '', '1091-23-24', 88, 7965, 25, 3000, 3000, 3000, 0, NULL, NULL, 7965, 'verified', 'pending', 3, '15-09-2023', '04:14:16', 15, 9, 2023, 'OK'),
(42, 31, '23', '', 'SF-298-23-24', 50, 17847.5, 46, 125, 125, 125, 0, NULL, NULL, 17847.5, 'verified', 'pending', 3, '15-09-2023', '04:17:50', 15, 9, 2023, 'OK'),
(43, 32, '24', '', '2023-24-0648', 47, 4159.5, 47, 1500, 1500, 1500, 0, NULL, NULL, 4159.5, 'verified', 'pending', 3, '15-09-2023', '04:20:27', 15, 9, 2023, 'OK'),
(44, 33, '8', '', '23-24-909', 45, 8692.47, 23, 1637, 1637, 1637, 0, NULL, NULL, 8692.47, 'verified', 'pending', 3, '15-09-2023', '04:22:40', 15, 9, 2023, 'OK'),
(45, 34, '25', '', '798-23-24', 23, 6195, 48, 25, 25, 25, 0, NULL, NULL, 6195, 'verified', 'pending', 3, '15-09-2023', '04:26:17', 15, 9, 2023, 'OK'),
(46, 35, '10', '', '1093-23-24', 88, 6637.5, 25, 2500, 2500, 2500, 0, NULL, NULL, 6637.5, 'verified', 'pending', 3, '15-09-2023', '04:27:52', 15, 9, 2023, 'OK'),
(47, 36, '2', '', '612-23-24', 59, 21334.4, 2, 8000, 8000, 8000, 0, NULL, NULL, 21334.4, 'verified', 'pending', 3, '17-09-2023', '10:06:06', 17, 9, 2023, 'OK'),
(48, 37, '10', '', '1138-23-24', 88, 18399.15, 25, 6930, 6930, 6930, 0, NULL, NULL, 18399.2, 'verified', 'pending', 3, '17-09-2023', '10:07:34', 17, 9, 2023, 'OK'),
(49, 38, '16', '', '23-24-920', 44, 3932.94, 32, 1111, 1111, 1111, 0, NULL, NULL, 3932.94, 'verified', 'pending', 3, '17-09-2023', '10:10:45', 17, 9, 2023, ''),
(50, 38, '16', '', '23-24-920', 107, 9817.6, 33, 208, 208, 208, 0, NULL, NULL, 9817.6, 'verified', 'pending', 3, '17-09-2023', '10:11:48', 17, 9, 2023, 'OK'),
(51, 39, '17', '', 'INV012324000229', 5, 354354, 35, 700, 700, 700, 0, NULL, NULL, 354354, 'verified', 'pending', 3, '17-09-2023', '10:13:12', 17, 9, 2023, 'OK'),
(52, 41, '10', '', '1133-23-24', 88, 12292.65, 25, 4630, 4630, 4630, 0, NULL, NULL, 12292.7, 'verified', 'pending', 3, '17-09-2023', '10:14:58', 17, 9, 2023, 'OK'),
(53, 42, '8', '', '23-24-928', 46, 8496, 22, 144, 144, 144, 0, NULL, NULL, 8496, 'verified', 'pending', 3, '19-09-2023', '06:41:42', 19, 9, 2023, 'OK'),
(54, 42, '8', '', '23-24-928', 45, 7965, 23, 1500, 1500, 1500, 0, NULL, NULL, 7965, 'verified', 'pending', 3, '19-09-2023', '06:41:51', 19, 9, 2023, 'OK'),
(55, 43, '4', '', '6778141573', 80, 6401.5, 8, 100, 100, 100, 0, NULL, NULL, 6401.5, 'verified', 'pending', 3, '26-09-2023', '11:05:12', 26, 9, 2023, 'OK'),
(56, 44, '26', '', '839-2023-24', 87, 7080, 49, 25, 25, 25, 0, NULL, NULL, 7080, 'verified', 'pending', 3, '26-09-2023', '11:29:55', 26, 9, 2023, 'OK'),
(57, 45, '4', '', '6778141102', 17, 74021.4, 15, 300, 300, 300, 0, NULL, NULL, 74021.4, 'verified', 'pending', 3, '26-09-2023', '11:35:18', 26, 9, 2023, 'OK'),
(58, 45, '4', '', '6778141102', 9, 51330, 13, 300, 300, 300, 0, NULL, NULL, 51330, 'verified', 'pending', 3, '26-09-2023', '11:35:43', 26, 9, 2023, 'OK'),
(59, 46, '10', '', '1162-23-24', 88, 12823.65, 25, 4830, 4830, 4830, 0, NULL, NULL, 12823.7, 'verified', 'pending', 3, '26-09-2023', '11:44:15', 26, 9, 2023, 'OK'),
(60, 47, '29', '', '23-24-6193', 96, 15045, 52, 15000, 15000, 15000, 0, NULL, NULL, 15045, 'verified', 'pending', 3, '30-09-2023', '01:35:28', 30, 9, 2023, 'OK'),
(61, 48, '2', '', '641-23-24', 59, 32001.6, 2, 12000, 12000, 12000, 0, NULL, NULL, 32001.6, 'verified', 'pending', 3, '30-09-2023', '01:37:56', 30, 9, 2023, 'OK'),
(62, 49, '28', '', 'GMI-0517', 7, 182900, 51, 1000, 1000, 1000, 0, NULL, NULL, 182900, 'verified', 'pending', 3, '30-09-2023', '01:41:46', 30, 9, 2023, 'OK'),
(63, 50, '31', '', '868-2023-24', 110, 2655, 53, 25, 25, 25, 0, NULL, NULL, 2655, 'verified', 'pending', 3, '30-09-2023', '01:53:49', 30, 9, 2023, 'OK RECEIVED'),
(64, 51, '33', '', 'INV012324000243', 15, 29854, 57, 50, 50, 50, 0, NULL, NULL, 29854, 'verified', 'pending', 3, '30-09-2023', '07:01:07', 30, 9, 2023, ''),
(65, 51, '33', '', 'INV012324000243', 38, 853.14, 58, 1, 1, 1, 0, NULL, NULL, 853.14, 'verified', 'pending', 3, '30-09-2023', '07:01:11', 30, 9, 2023, ''),
(66, 51, '33', '', 'INV012324000243', 75, 12331, 59, 5000, 5000, 5000, 0, NULL, NULL, 12331, 'verified', 'pending', 3, '30-09-2023', '07:01:16', 30, 9, 2023, ''),
(67, 52, '8', '', '23-24-949', 46, 6490, 22, 110, 0, 0, 0, NULL, NULL, 0, 'pending', 'pending', 3, '04-10-2023', '06:10:35', 4, 10, 2023, NULL),
(68, 52, '8', '', '23-24-949', 45, 23167.53, 23, 4363, 0, 0, 0, NULL, NULL, 0, 'pending', 'pending', 3, '04-10-2023', '06:10:44', 4, 10, 2023, NULL),
(69, 54, '41', '', '23-24---949', 45, 7965, 67, 1500, 1500, 0, 0, NULL, NULL, 7965, 'verified', 'pending', 3, '04-10-2023', '06:19:04', 4, 10, 2023, NULL),
(70, 54, '41', '', '23-24---949', 46, 6490, 68, 110, 110, 0, 0, NULL, NULL, 6490, 'verified', 'pending', 3, '04-10-2023', '06:19:10', 4, 10, 2023, NULL),
(71, 55, '41', '', '23-24-950', 40, 2548.8, 69, 30, 30, 0, 0, NULL, NULL, 2548.8, 'verified', 'pending', 3, '04-10-2023', '06:20:42', 4, 10, 2023, NULL),
(72, 56, '39', '', '670-23-24', 59, 26668, 65, 10000, 10000, 0, 0, NULL, NULL, 26668, 'verified', 'pending', 3, '04-10-2023', '06:22:05', 4, 10, 2023, NULL),
(73, 57, '10', '', '1249-23-24', 88, 45135, 25, 17000, 17000, 0, 0, NULL, NULL, 45135, 'verified', 'pending', 3, '04-10-2023', '06:23:27', 4, 10, 2023, NULL),
(74, 58, '37', '', '6415', 66, 8850, 63, 10000, 10000, 0, 0, NULL, NULL, 8850, 'verified', 'pending', 3, '04-10-2023', '06:24:36', 4, 10, 2023, NULL),
(75, 59, '35', '', 'T23MH2152', 11, 244260, 61, 1000, 1000, 0, 0, NULL, NULL, 244260, 'verified', 'pending', 3, '04-10-2023', '06:25:54', 4, 10, 2023, NULL),
(76, 60, '9', '', '2023-24-184', 1, 55991, 24, 650, 650, 0, 0, NULL, NULL, 55991, 'verified', 'pending', 3, '04-10-2023', '06:27:29', 4, 10, 2023, NULL),
(77, 61, '34', '', '2023-24-0719', 47, 8319, 60, 3000, 3000, 0, 0, NULL, NULL, 8319, 'verified', 'pending', 3, '04-10-2023', '06:39:49', 4, 10, 2023, NULL),
(78, 62, '41', '', '23-24-945', 45, 5841, 67, 1100, 1100, 0, 0, NULL, NULL, 5841, 'verified', 'pending', 3, '04-10-2023', '06:41:35', 4, 10, 2023, NULL),
(79, 62, '41', '', '23-24-945', 46, 1770, 68, 30, 30, 0, 0, NULL, NULL, 1770, 'verified', 'pending', 3, '04-10-2023', '06:41:42', 4, 10, 2023, NULL),
(80, 63, '9', '', '2023-24-175', 1, 55991, 24, 650, 650, 0, 0, NULL, NULL, 55991, 'verified', 'pending', 3, '04-10-2023', '06:43:24', 4, 10, 2023, NULL),
(81, 64, '4', '', '6778143208', 12, 56628.2, 17, 200, 200, 0, 0, NULL, NULL, 56628.2, 'verified', 'pending', 3, '04-10-2023', '06:44:44', 4, 10, 2023, NULL),
(82, 65, '27', '', 'T23MH2150', 17, 224200, 50, 1000, 1000, 0, 0, NULL, NULL, 224200, 'verified', 'pending', 3, '04-10-2023', '06:46:10', 4, 10, 2023, NULL),
(83, 66, '42', '', '2023-24-181', 1, 51684, 70, 600, 0, 0, 0, NULL, NULL, 0, 'pending', 'pending', 3, '04-10-2023', '06:55:06', 4, 10, 2023, NULL),
(84, 66, '42', '', '2023-24-181', 110, 2802.5, 71, 25, 0, 0, 0, NULL, NULL, 0, 'pending', 'pending', 3, '04-10-2023', '06:55:22', 4, 10, 2023, NULL),
(85, 66, '42', '', '2023-24-181', 110, 2802.5, 71, 25, 0, 0, 0, NULL, NULL, 0, 'pending', 'pending', 3, '04-10-2023', '06:55:22', 4, 10, 2023, NULL),
(86, 67, '43', '', 'MPPL-23-24-2422', 87, 7227.5, 72, 25, 25, 0, 0, NULL, NULL, 7227.5, 'verified', 'pending', 3, '04-10-2023', '07:02:55', 4, 10, 2023, NULL),
(87, 67, '43', '', 'MPPL-23-24-2422', 113, 58.41, 73, 0, 0, 0, 0, NULL, NULL, 0, 'not-verified', 'pending', 3, '04-10-2023', '07:03:03', 4, 10, 2023, NULL),
(88, 69, '44', '', '2023-24--180', 1, 17228, 74, 200, 200, 0, 0, NULL, NULL, 17228, 'verified', 'pending', 3, '04-10-2023', '07:06:20', 4, 10, 2023, NULL),
(89, 69, '44', '', '2023-24--180', 3, 39294, 75, 300, 300, 0, 0, NULL, NULL, 39294, 'verified', 'pending', 3, '04-10-2023', '07:06:24', 4, 10, 2023, NULL),
(90, 70, '45', '', '6778143000', 79, 27219.06, 77, 100, 100, 0, 0, NULL, NULL, 27219.1, 'verified', 'pending', 3, '04-10-2023', '07:12:34', 4, 10, 2023, NULL),
(91, 70, '45', '', '6778143000', 114, 6334.535, 78, 25, 25, 0, 0, NULL, NULL, 6334.54, 'verified', 'pending', 3, '04-10-2023', '07:12:38', 4, 10, 2023, NULL),
(92, 70, '45', '', '6778143000', 17, 24673.8, 79, 100, 100, 0, 0, NULL, NULL, 24673.8, 'verified', 'pending', 3, '04-10-2023', '07:12:43', 4, 10, 2023, NULL),
(93, 71, '14', '', '23-24-6619', 96, 30090, 30, 30000, 30000, 0, 0, NULL, NULL, 30090, 'verified', 'pending', 3, '20-10-2023', '02:59:00', 20, 10, 2023, NULL),
(94, 72, '41', '', '23-24-959', 40, 12913.92, 69, 152, 152, 0, 0, NULL, NULL, 12913.9, 'verified', 'pending', 3, '20-10-2023', '03:02:49', 20, 10, 2023, NULL),
(95, 73, '2', '', '676-23-24', 59, 26668, 2, 10000, 10000, 0, 0, NULL, NULL, 26668, 'verified', 'pending', 3, '20-10-2023', '03:07:35', 20, 10, 2023, NULL),
(96, 74, '5', '', '2023-24-188', 1, 49530.5, 18, 575, 575, 0, 0, NULL, NULL, 49530.5, 'verified', 'pending', 3, '20-10-2023', '03:19:45', 20, 10, 2023, NULL),
(97, 76, '48', '', 'INV012324000251-', 5, 455598, 82, 900, 900, 0, 0, NULL, NULL, 455598, 'verified', 'pending', 3, '20-10-2023', '03:33:05', 20, 10, 2023, NULL),
(98, 76, '48', '', 'INV012324000251-', 112, 34202.3, 83, 50, 50, 0, 0, NULL, NULL, 34202.3, 'verified', 'pending', 3, '20-10-2023', '03:33:11', 20, 10, 2023, NULL),
(99, 76, '48', '', 'INV012324000251-', 116, 6165.5, 84, 25, 25, 0, 0, NULL, NULL, 6165.5, 'verified', 'pending', 3, '20-10-2023', '03:33:22', 20, 10, 2023, NULL),
(100, 77, '41', '', '23-24-961', 45, 6903, 67, 1300, 1300, 0, 0, NULL, NULL, 6903, 'verified', 'pending', 3, '20-10-2023', '03:35:57', 20, 10, 2023, NULL),
(101, 77, '41', '', '23-24-961', 46, 6726, 68, 114, 114, 0, 0, NULL, NULL, 6726, 'verified', 'pending', 3, '20-10-2023', '03:36:03', 20, 10, 2023, NULL),
(102, 78, '49', '', '1269-23-24', 57, 11800, 85, 10000, 0, 0, 0, NULL, NULL, 0, 'pending', 'pending', 3, '20-10-2023', '03:39:43', 20, 10, 2023, NULL),
(103, 79, '50', '', '1269-23-24-', 88, 26550, 86, 10000, 10000, 0, 0, NULL, NULL, 26550, 'verified', 'pending', 3, '20-10-2023', '03:42:09', 20, 10, 2023, NULL),
(104, 80, '51', '', '03167', 94, 5805.6, 87, 3, 3, 0, 0, NULL, NULL, 5805.6, 'verified', 'pending', 3, '20-10-2023', '03:50:55', 20, 10, 2023, NULL),
(105, 81, '52', '', '29-2023-24', 89, 20429.34, 88, 199, 199, 0, 0, NULL, NULL, 20429.3, 'verified', 'pending', 3, '20-10-2023', '03:55:02', 20, 10, 2023, NULL),
(106, 82, '53', '', 'SF-346-23-24', 50, 10851.28, 89, 76, 76, 0, 0, NULL, NULL, 10851.3, 'verified', 'pending', 3, '20-10-2023', '04:00:04', 20, 10, 2023, NULL),
(107, 82, '53', '', 'SF-346-23-24', 49, 10708.5, 90, 75, 75, 0, 0, NULL, NULL, 10708.5, 'verified', 'pending', 3, '20-10-2023', '04:00:13', 20, 10, 2023, NULL),
(108, 83, '38', '', '691-23-24', 59, 26668, 64, 10000, 10000, 0, 0, NULL, NULL, 26668, 'verified', 'pending', 3, '20-10-2023', '04:02:13', 20, 10, 2023, NULL),
(109, 84, '5', '', '2023-24-193', 1, 55991, 18, 650, 650, 0, 0, NULL, NULL, 55991, 'verified', 'pending', 3, '20-10-2023', '04:06:50', 20, 10, 2023, NULL),
(110, 85, '41', '', '23-24-972', 40, 9600.48, 69, 113, 113, 0, 0, NULL, NULL, 9600.48, 'verified', 'pending', 3, '20-10-2023', '04:13:54', 20, 10, 2023, NULL),
(111, 86, '53', '', 'SF-348-23-24', 50, 3997.84, 89, 28, 28, 0, 0, NULL, NULL, 3997.84, 'verified', 'pending', 3, '20-10-2023', '04:16:11', 20, 10, 2023, NULL),
(112, 86, '53', '', 'SF-348-23-24', 49, 5454.196, 90, 38, 38, 0, 0, NULL, NULL, 5425.64, 'verified', 'pending', 3, '20-10-2023', '04:16:17', 20, 10, 2023, NULL),
(113, 87, '54', '', 'SC-23-24-1087', 117, 1770, 91, 1, 1, 0, 0, NULL, NULL, 1770, 'verified', 'pending', 3, '20-10-2023', '04:20:50', 20, 10, 2023, NULL),
(114, 88, '55', '', '6778145075', 9, 85550, 92, 500, 500, 0, 0, NULL, NULL, 85550, 'verified', 'pending', 3, '20-10-2023', '04:23:59', 20, 10, 2023, NULL),
(115, 89, '41', '', '23-24-980', 45, 3717, 67, 700, 0, 0, 0, NULL, NULL, 0, 'pending', 'pending', 3, '20-10-2023', '04:26:43', 20, 10, 2023, NULL),
(116, 89, '41', '', '23-24-980', 46, 10443, 68, 177, 0, 0, 0, NULL, NULL, 0, 'pending', 'pending', 3, '20-10-2023', '04:26:53', 20, 10, 2023, NULL),
(117, 90, '56', '', 'AKWEL-0439-23-24', 118, 71508, 93, 600, 600, 0, 0, NULL, NULL, 70800, 'verified', 'pending', 3, '20-10-2023', '06:16:18', 20, 10, 2023, NULL),
(118, 91, '40', '', 'U2-2324-0883', 25, 106200, 66, 500, 500, 0, 0, NULL, NULL, 106200, 'verified', 'pending', 3, '20-10-2023', '06:18:38', 20, 10, 2023, NULL),
(119, 92, '47', '', 'T23MH2293', 17, 224200, 81, 1000, 0, 0, 0, NULL, NULL, 0, 'pending', 'pending', 3, '20-10-2023', '06:30:29', 20, 10, 2023, NULL),
(120, 93, '34', '', '2023-24-0756', 47, 3604.9, 60, 1300, 1300, 0, 0, NULL, NULL, 3604.9, 'verified', 'pending', 3, '20-10-2023', '06:32:51', 20, 10, 2023, NULL),
(121, 94, '57', '', 'PFS-2023-24-102', 120, 3097.5, 94, 3, 3, 0, 0, NULL, NULL, 3097.5, 'verified', 'pending', 3, '21-10-2023', '09:24:39', 21, 10, 2023, NULL),
(122, 96, '58', '', '2023-2024-756', 47, 3604.9, 95, 1300, 0, 0, 0, NULL, NULL, 0, 'pending', 'pending', 3, '21-10-2023', '09:29:22', 21, 10, 2023, NULL),
(123, 97, '59', '', 'P2010-23-24', 119, 9145, 96, 25, 25, 0, 0, NULL, NULL, 9145, 'verified', 'pending', 3, '21-10-2023', '09:32:10', 21, 10, 2023, NULL),
(124, 98, '60', '', '3567', 121, 1203.6, 97, 1, 1, 0, 0, NULL, NULL, 1203.6, 'verified', 'pending', 3, '21-10-2023', '09:38:32', 21, 10, 2023, NULL),
(125, 100, '39', '', '715-23-24', 59, 26668, 65, 10000, 10000, 0, 0, NULL, NULL, 26668, 'verified', 'pending', 3, '21-10-2023', '09:40:56', 21, 10, 2023, NULL),
(126, 101, '61', '', '959-2023-24', 13, 20650, 98, 100, 100, 100, 0, NULL, NULL, 20650, 'verified', 'pending', 3, '21-10-2023', '09:45:59', 21, 10, 2023, 'OK'),
(127, 102, '62', '', '6778145693', 12, 28314.1, 99, 100, 100, 100, 0, NULL, NULL, 28314.1, 'verified', 'pending', 3, '21-10-2023', '09:50:56', 21, 10, 2023, 'OK'),
(128, 103, '27', '', 'T23MH2364', 17, 224200, 50, 1000, 1000, 1000, 0, NULL, NULL, 224200, 'verified', 'pending', 3, '21-10-2023', '09:53:58', 21, 10, 2023, 'OK'),
(129, 104, '64', '', '23-24-993', 122, 1274.4, 100, 108, 108, 108, 0, NULL, NULL, 1274.4, 'verified', 'pending', 3, '21-10-2023', '10:00:39', 21, 10, 2023, 'OK'),
(130, 105, '5', '', '2023-24-199', 1, 60298, 18, 700, 700, 700, 0, NULL, NULL, 60298, 'verified', 'pending', 3, '21-10-2023', '10:04:42', 21, 10, 2023, 'OK'),
(131, 106, '41', '', '23-24-995', 40, 10195.2, 69, 120, 120, 120, 0, NULL, NULL, 10195.2, 'verified', 'pending', 3, '21-10-2023', '10:07:25', 21, 10, 2023, 'OK'),
(132, 107, '65', '', '23-24-996', 107, 6818.04, 101, 107, 107, 0, 0, NULL, NULL, 6818.04, 'verified', 'pending', 3, '21-10-2023', '10:14:04', 21, 10, 2023, NULL),
(133, 108, '66', '', 'JJP-23-24-0669', 95, 2408, 103, 10, 10, 0, 0, NULL, NULL, 2408, 'verified', 'pending', 3, '21-10-2023', '10:18:17', 21, 10, 2023, NULL),
(134, 109, '39', '', '729-23-24', 59, 26668, 65, 10000, 10000, 10000, 0, NULL, NULL, 26668, 'verified', 'pending', 3, '21-10-2023', '10:20:14', 21, 10, 2023, 'OK'),
(135, 110, '61', '', '974-2023-24', 13, 41300, 98, 200, 200, 200, 0, NULL, NULL, 41300, 'verified', 'pending', 3, '21-10-2023', '10:21:59', 21, 10, 2023, 'OK'),
(136, 111, '67', '', 'PUN278298', 123, 135700, 104, 500, 500, 500, 0, NULL, NULL, 135700, 'verified', 'pending', 3, '21-10-2023', '10:28:26', 21, 10, 2023, 'OK'),
(137, 112, '41', '', '23-24-1000', 45, 4248, 67, 800, 800, 50, 750, '432', 'AROM_ERP_-New_User_Guide_-_Copy.pdf', 4248, 'verified', 'pending', 3, '21-10-2023', '10:30:23', 21, 10, 2023, ''),
(138, 113, '41', '', '23-24-1004', 45, 5310, 67, 1000, 1000, 1000, 0, NULL, NULL, 5310, 'verified', 'pending', 3, '21-10-2023', '10:32:20', 21, 10, 2023, 'OK'),
(139, 113, '41', '', '23-24-1004', 46, 15399, 68, 261, 261, 261, 0, NULL, NULL, 15399, 'verified', 'pending', 3, '21-10-2023', '10:32:37', 21, 10, 2023, 'OK'),
(140, 114, '41', '', '23-24-1005', 45, 10620, 67, 2000, 2000, 2000, 0, NULL, NULL, 10620, 'verified', 'pending', 3, '21-10-2023', '10:34:30', 21, 10, 2023, 'OK'),
(141, 115, '56', '', 'AKWEL-0454-23-24', 118, 71508, 93, 600, 600, 600, 0, NULL, NULL, 70800, 'verified', 'pending', 3, '21-10-2023', '10:36:52', 21, 10, 2023, 'OK'),
(142, 116, '68', '', '6778146722', 81, 14632, 105, 25, 25, 25, 0, NULL, NULL, 14632, 'verified', 'pending', 3, '21-10-2023', '10:40:28', 21, 10, 2023, ''),
(143, 116, '68', '', '6778146722', 108, 8938.5, 106, 25, 25, 25, 0, NULL, NULL, 8938.5, 'verified', 'pending', 3, '21-10-2023', '10:40:33', 21, 10, 2023, ''),
(144, 117, '73', '', 'INV012324000264', 112, 17101.15, 112, 25, 25, 25, 0, NULL, NULL, 17101.2, 'verified', 'pending', 3, '28-10-2023', '10:22:28', 28, 10, 2023, ''),
(145, 118, '76', '', 'TN2322000014', 125, 2507500, 117, 1, 1, 1, 0, NULL, NULL, 2507500, 'verified', 'pending', 3, '31-10-2023', '02:43:18', 31, 10, 2023, ''),
(146, 119, '77', '', 'INV012324000275', 112, 17101.15, 118, 25, 25, 25, 0, NULL, NULL, 17101.2, 'verified', 'pending', 3, '31-10-2023', '03:00:13', 31, 10, 2023, 'OK'),
(147, 119, '77', '', 'INV012324000275', 38, 1706.28, 119, 2, 2, 2, 0, NULL, NULL, 1706.28, 'verified', 'pending', 3, '31-10-2023', '03:00:18', 31, 10, 2023, 'OK'),
(148, 119, '77', '', 'INV012324000275', 15, 172634, 120, 350, 350, 350, 0, '231009462 E', 'MTC-Report.pdf', 172634, 'verified', 'pending', 3, '31-10-2023', '03:00:24', 31, 10, 2023, 'ok'),
(149, 120, '39', '', '748-23-24', 59, 26668, 65, 10000, 10000, 0, 0, NULL, NULL, 26668, 'verified', 'pending', 3, '31-10-2023', '03:02:50', 31, 10, 2023, NULL),
(150, 122, '53', '', 'SF-375-23-24', 49, 10708.5, 90, 75, 75, 75, 0, NULL, NULL, 10708.5, 'verified', 'pending', 3, '31-10-2023', '03:05:07', 31, 10, 2023, 'ok'),
(151, 75, '1', '', 'INV012324000251', 15, 597.08, 1, 1, 0, 0, 0, NULL, NULL, 0, 'pending', 'pending', 3, '19-12-2023', '09:09:57', 19, 12, 2023, NULL),
(152, 123, '1', '', 'in1222', 15, 5970.8, 1, 10, 0, 0, 0, NULL, NULL, 0, 'pending', 'pending', 3, '01-01-2024', '02:37:59', 1, 1, 2024, NULL),
(153, 125, '111', '', 'in100', 147, 5959, 160, 10, 10, 0, 0, NULL, NULL, 5900, 'verified', 'pending', 3, '08-02-2024', '10:01:58', 8, 2, 2024, NULL),
(154, 125, '111', '', 'in100', 150, 3277.45, 161, 5, 4, 0, 0, NULL, NULL, 2596, 'not-verified', 'pending', 3, '08-02-2024', '10:05:11', 8, 2, 2024, NULL),
(155, 126, '106', '', 'fg123', 150, 7746.7, 159, 10, 9, 0, 0, NULL, NULL, 6903, 'not-verified', 'pending', 3, '08-02-2024', '10:37:00', 8, 2, 2024, NULL),
(156, 127, '111', '', 'inv200', 147, 2979.5, 160, 5, 5, 4, 1, NULL, NULL, 2950, 'verified', 'pending', 3, '08-02-2024', '04:23:00', 8, 2, 2024, ''),
(157, 127, '111', '', 'inv200', 150, 6554.9, 161, 10, 10, 8, 2, NULL, NULL, 6490, 'verified', 'pending', 3, '08-02-2024', '04:23:51', 8, 2, 2024, ''),
(158, 127, '111', '', 'inv200', 150, 6554.9, 161, 10, 0, 0, 0, NULL, NULL, 0, 'pending', 'pending', 3, '08-02-2024', '04:23:51', 8, 2, 2024, NULL),
(159, 128, '103', '', 'INV-170', 143, 13407.75, 155, 25, 25, 0, 0, NULL, NULL, 13275, 'verified', 'pending', 3, '08-02-2024', '04:42:29', 8, 2, 2024, NULL),
(160, 128, '103', '', 'INV-170', 144, 17877, 156, 30, 30, 0, 0, NULL, NULL, 17700, 'verified', 'pending', 3, '08-02-2024', '04:42:41', 8, 2, 2024, NULL),
(161, 128, '103', '', 'INV-170', 145, 22942.15, 157, 35, 30, 0, 0, NULL, NULL, 19470, 'not-verified', 'pending', 3, '08-02-2024', '04:42:53', 8, 2, 2024, NULL),
(162, 129, '114', '', 'Inv910', 154, 5959, 162, 25, 25, 0, 0, NULL, NULL, 5900, 'verified', 'pending', 3, '09-02-2024', '02:41:51', 9, 2, 2024, NULL),
(163, 129, '114', '', 'Inv910', 155, 2979.5, 163, 50, 50, 0, 0, NULL, NULL, 2950, 'verified', 'pending', 3, '09-02-2024', '02:42:02', 9, 2, 2024, NULL),
(164, 130, '115', '', '1201', 156, 14897.5, 165, 25, 25, 25, 0, NULL, NULL, 14750, 'verified', 'pending', 3, '09-02-2024', '04:33:45', 9, 2, 2024, ''),
(165, 130, '115', '', '1201', 158, 59590, 166, 25, 25, 25, 0, NULL, NULL, 59000, 'verified', 'pending', 3, '09-02-2024', '04:33:56', 9, 2, 2024, ''),
(166, 131, '116', '', 'S120', 159, 1072.62, 164, 20, 20, 10, 10, NULL, NULL, 1062, 'verified', 'pending', 3, '09-02-2024', '04:34:03', 9, 2, 2024, ''),
(167, 135, '123', '', 'Inv-1234', 160, 59590, 173, 10, 10, 10, 0, NULL, NULL, 59000, 'verified', 'pending', 3, '13-02-2024', '04:09:51', 13, 2, 2024, ''),
(168, 135, '123', '', 'Inv-1234', 161, 59590, 174, 10, 10, 9, 1, NULL, NULL, 59000, 'verified', 'pending', 3, '13-02-2024', '04:10:03', 13, 2, 2024, ''),
(169, 136, '123', '', 'inv456', 160, 23836, 173, 4, 0, 0, 0, NULL, NULL, 0, 'pending', 'pending', 3, '18-02-2024', '05:32:33', 18, 2, 2024, NULL),
(170, 138, '124', '', 'Inv1111', 99, 1652, 176, 4, 4, 4, 0, '12', 'godrej_po2.pdf', 1652, 'verified', 'pending', 3, '18-02-2024', '10:04:13', 18, 2, 2024, ''),
(171, 139, '125', '', 'Inv12', 99, 826, 177, 2, 2, 2, 0, NULL, NULL, 826, 'verified', 'pending', 3, '19-02-2024', '09:30:59', 19, 2, 2024, ''),
(172, 140, '126', '', 'INV-1612', 164, 83426, 178, 35, 35, 33, 2, 'as12', 'BSP_ERP_-_User_Guide.pdf', 82600, 'verified', 'pending', 3, '21-02-2024', '04:17:41', 21, 2, 2024, ''),
(173, 140, '126', '', 'INV-1612', 165, 83426, 179, 35, 35, 32, 3, NULL, NULL, 82600, 'verified', 'pending', 3, '21-02-2024', '04:17:54', 21, 2, 2024, ''),
(174, 134, '120', '', 'gha1', 159, 2145.24, 171, 40, 0, 0, 0, NULL, NULL, 0, 'pending', 'pending', 3, '21-02-2024', '05:08:57', 21, 2, 2024, NULL),
(175, 145, '141', '', 'INV2204', 167, 1489.75, 212, 25, 25, 25, 0, '5', 'Aadvik_po4.pdf', 1475, 'verified', 'pending', 3, '28-02-2024', '01:12:51', 28, 2, 2024, 'fifth'),
(176, 145, '141', '', 'INV2204', 168, 2979.5, 213, 10, 10, 10, 0, '4', 'Aadvik_po3.pdf', 2950, 'verified', 'pending', 3, '28-02-2024', '01:13:06', 28, 2, 2024, 'fourth'),
(177, 145, '141', '', 'INV2204', 169, 2979.5, 214, 25, 25, 25, 0, '3', 'Aadvik_po2.pdf', 2950, 'verified', 'pending', 3, '28-02-2024', '01:13:25', 28, 2, 2024, 'third'),
(178, 145, '141', '', 'INV2204', 170, 4767.2, 215, 20, 20, 20, 0, '2', 'Aadvik_po1.pdf', 4720, 'verified', 'pending', 3, '28-02-2024', '01:13:39', 28, 2, 2024, 'second'),
(179, 145, '141', '', 'INV2204', 171, 29795, 216, 25, 25, 25, 0, '1', 'Aadvik_po.pdf', 29500, 'verified', 'pending', 3, '28-02-2024', '01:13:50', 28, 2, 2024, 'first'),
(180, 147, '4', '', 'ab12222', 7, 403.2296, 4, 2, 2, 0, 0, NULL, NULL, 403.23, 'verified', 'pending', 3, '28-02-2024', '05:22:14', 28, 2, 2024, NULL),
(181, 148, '145', '', 'INV-1256', 193, 119.71631, 268, 7, 7, 0, 0, NULL, NULL, 118.531, 'verified', 'pending', 3, '08-03-2024', '01:15:05', 8, 3, 2024, NULL),
(182, 149, '146', '', '123INV', 195, 2376.048, 269, 20, 20, 0, 0, NULL, NULL, 2376.05, 'verified', 'pending', 3, '28-03-2024', '12:58:47', 28, 3, 2024, NULL),
(183, 150, '150', '', 'inv-4550', 196, 57300.8, 273, 40, 40, 0, 0, NULL, NULL, 57300.8, 'verified', 'pending', 3, '28-03-2024', '04:22:49', 28, 3, 2024, NULL),
(184, 151, '150', '', 'GST/24-25/123', 196, 2865.04, 273, 2, 0, 0, 0, NULL, NULL, 0, 'pending', 'pending', 3, '03-04-2024', '12:22:02', 3, 4, 2024, NULL),
(185, 152, '146', '', 'INV 12345', 195, 118.8024, 269, 1, 0, 0, 0, NULL, NULL, 0, 'pending', 'pending', 3, '03-04-2024', '12:23:48', 3, 4, 2024, NULL),
(186, 153, '95', '', 'ST/1214*', 136, 29795, 145, 1, 0, 0, 0, NULL, NULL, 0, 'pending', 'pending', 3, '03-04-2024', '12:25:24', 3, 4, 2024, NULL),
(187, 154, '150', '', 'GST1234', 196, 2865.04, 273, 2, 0, 0, 0, NULL, NULL, 0, 'pending', 'pending', 3, '03-04-2024', '12:26:52', 3, 4, 2024, NULL),
(188, 155, '153', '', '24-25/12', 196, 64463.4, 276, 45, 0, 0, 0, NULL, NULL, 0, 'pending', 'pending', 3, '16-04-2024', '01:08:30', 16, 4, 2024, NULL),
(189, 156, '155', '', '24-25-1256', 106, 885, 277, 1, 0, 0, 0, NULL, NULL, 0, 'pending', 'pending', 3, '16-04-2024', '04:41:50', 16, 4, 2024, NULL),
(190, 157, '156', '', 'Inv-12-16', 202, 58.24, 278, 40, 40, 40, 0, NULL, NULL, 58.24, 'verified', 'pending', 3, '19-04-2024', '04:30:28', 19, 4, 2024, 'ok'),
(191, 158, '157', '', 'INVOCE-1216', 204, 61.6, 279, 25, 0, 0, 0, NULL, NULL, 0, 'pending', 'pending', 3, '20-04-2024', '12:31:31', 20, 4, 2024, NULL),
(192, 159, '158', '', 'INV-24-25-12', 211, 141.12, 280, 50, 50, 50, 0, NULL, NULL, 141.12, 'verified', 'pending', 3, '24-04-2024', '02:40:58', 24, 4, 2024, 'ok'),
(193, 160, '159', '', 'inv-2704', 212, 61.95, 281, 5, 0, 0, 0, NULL, NULL, 0, 'pending', 'Challan_Completed', 3, '27-04-2024', '11:18:08', 27, 4, 2024, NULL),
(194, 161, '160', '', 'i/91', 210, 13.57, 282, 10, 10, 10, 0, NULL, NULL, 13.57, 'verified', 'pending', 3, '28-04-2024', '08:53:26', 28, 4, 2024, ''),
(195, 162, '162', '', 'ab22', 106, 1770, 285, 2, 0, 0, 0, NULL, NULL, 0, 'pending', 'pending', 3, '03-05-2024', '08:03:42', 3, 5, 2024, NULL),
(196, 163, '158', '', 'inv/2/25', 211, 5.64, 280, 2, 0, 0, 0, NULL, NULL, 0, 'pending', 'Challan_Completed', 3, '06-05-2024', '07:32:33', 6, 5, 2024, NULL),
(197, 164, '159', '', '2024/2025/1', 212, 12.39, 281, 1, 0, 0, 0, NULL, NULL, 0, 'pending', 'Challan_Completed', 3, '08-05-2024', '01:51:03', 8, 5, 2024, NULL),
(198, 165, '157', '', '24-25/22', 204, 4.93, 279, 2, 0, 0, 0, NULL, NULL, 0, 'pending', 'Challan_Completed', 3, '08-05-2024', '02:00:41', 8, 5, 2024, NULL),
(199, 166, '162', '', '2804', 106, 885, 285, 1, 1, 0, 1, NULL, NULL, 885, 'verified', 'pending', 3, '11-05-2024', '01:48:17', 11, 5, 2024, ''),
(200, 167, '159', '', '1201', 212, 2391.27, 281, 193, 0, 0, 0, NULL, NULL, 0, 'pending', 'Challan_Completed', 3, '18-05-2024', '03:50:40', 18, 5, 2024, NULL),
(201, 169, '163', '', 'no-45', 212, 371.7, 287, 30, 0, 0, 0, NULL, NULL, 0, 'pending', 'Challan_Completed', 3, '18-05-2024', '04:01:09', 18, 5, 2024, NULL),
(202, 171, '164', '', '51', 204, 61.6, 288, 25, 0, 0, 0, NULL, NULL, 0, 'pending', 'Challan_Completed', 3, '18-05-2024', '04:49:20', 18, 5, 2024, NULL),
(203, 170, '163', '', 'no-46', 212, 123.9, 287, 10, 0, 0, 0, NULL, NULL, 0, 'pending', 'Challan_Completed', 3, '18-05-2024', '04:56:03', 18, 5, 2024, NULL),
(204, 173, '165', '', 'JGE79', 214, 2240, 289, 1000, 0, 0, 0, NULL, NULL, 0, 'pending', 'Challan_Completed', 3, '20-05-2024', '12:27:03', 20, 5, 2024, NULL);

-- --------------------------------------------------------

--
-- Table structure for table `gst_structure`
--

CREATE TABLE `gst_structure` (
  `id` int NOT NULL,
  `code` varchar(20) COLLATE utf8mb4_general_ci NOT NULL,
  `cgst` float NOT NULL,
  `sgst` float DEFAULT NULL,
  `igst` float DEFAULT NULL,
  `created_by` int DEFAULT NULL,
  `created_date` varchar(10) COLLATE utf8mb4_general_ci DEFAULT NULL,
  `deleted` int DEFAULT '0',
  `tcs` float DEFAULT NULL,
  `tcs_on_tax` varchar(20) COLLATE utf8mb4_general_ci NOT NULL DEFAULT 'yes',
  `with_in_state` varchar(20) COLLATE utf8mb4_general_ci NOT NULL DEFAULT 'yes'
) ENGINE=InnoDB DEFAULT CHARSET=utf8mb4 COLLATE=utf8mb4_general_ci;

--
-- Dumping data for table `gst_structure`
--

INSERT INTO `gst_structure` (`id`, `code`, `cgst`, `sgst`, `igst`, `created_by`, `created_date`, `deleted`, `tcs`, `tcs_on_tax`, `with_in_state`) VALUES
(1, 'S9C9I0', 9, 9, 0, 1, '9/17/2021', 0, NULL, 'na', 'yes'),
(2, 'S0C0I18', 0, 0, 18, 1, '9/17/2021', 0, NULL, 'na', 'no'),
(3, 'S14C14I0', 14, 14, 0, 1, '9/17/2021', 0, NULL, 'na', 'yes'),
(6, 'S0C0I28', 0, 0, 28, 3, '24-07-2022', 0, 0, 'no', 'no'),
(7, 'S6C6I0', 6, 6, 0, 3, '25-07-2022', 0, 0, 'NA', 'yes'),
(8, 'S9C9I0T0.1T', 9, 9, 0, 3, '20-08-2022', 0, 0.1, 'yes', 'yes'),
(9, 'C9S9I0.075T', 9, 9, 0, 3, '28-08-2022', 0, 0.075, 'yes', 'yes'),
(10, 'S2.5C2.5I0', 2.5, 2.5, 0, 3, '14-09-2022', 0, 0, 'NA', 'yes'),
(11, 'S0C0I12', 0, 0, 12, 3, '14-09-2022', 0, 0, 'no', 'no'),
(12, 'S9C9I0TCS1T', 9, 9, 0, 3, '03-04-2023', 0, 1, 'yes', 'yes');

-- --------------------------------------------------------

--
-- Table structure for table `inhouse_parts`
--

CREATE TABLE `inhouse_parts` (
  `id` int NOT NULL,
  `stock` float NOT NULL,
  `part_number` varchar(255) NOT NULL,
  `part_description` varchar(250) NOT NULL,
  `supplier_id` int DEFAULT NULL,
  `part_rate` int DEFAULT NULL,
  `revision_date` varchar(50) DEFAULT NULL,
  `revision_no` varchar(50) DEFAULT NULL,
  `revision_remark` varchar(20) DEFAULT NULL,
  `uom_id` int NOT NULL,
  `child_part_id` int DEFAULT NULL,
  `store_rack_location` varchar(255) DEFAULT NULL,
  `store_stock_rate` float DEFAULT NULL,
  `safty_buffer_stk` varchar(255) DEFAULT NULL,
  `diagram` varchar(50) DEFAULT NULL,
  `quote` varchar(50) DEFAULT NULL,
  `created_id` int NOT NULL,
  `date` varchar(255) NOT NULL,
  `time` varchar(255) NOT NULL,
  `timestamp` timestamp NOT NULL DEFAULT CURRENT_TIMESTAMP ON UPDATE CURRENT_TIMESTAMP,
  `deleted` int DEFAULT NULL,
  `hsn_code` varchar(20) DEFAULT NULL,
  `part_drawing` text,
  `ppap_document` text,
  `modal_document` text,
  `cad_file` text,
  `a_d` text,
  `q_d` text,
  `c_d` text,
  `quotation_document` varchar(20) DEFAULT NULL,
  `gst_id` int DEFAULT NULL,
  `sub_type` text,
  `max_uom` float DEFAULT NULL,
  `min_uom` float DEFAULT NULL,
  `onhold_stock` float NOT NULL,
  `production_qty` float NOT NULL,
  `rejection_prodcution_qty` float NOT NULL,
  `weight` float DEFAULT NULL,
  `size` text,
  `thickness` text,
  `sub_con_stock` float DEFAULT NULL,
  `rejection_stock` float DEFAULT NULL,
  `grade` varchar(20) DEFAULT NULL,
  `sharing_qty` float DEFAULT NULL,
  `machine_mold_issue_stock` int DEFAULT NULL,
  `production_scrap` int NOT NULL DEFAULT '0',
  `production_rejection` int NOT NULL DEFAULT '0'
) ENGINE=InnoDB DEFAULT CHARSET=latin1;

--
-- Dumping data for table `inhouse_parts`
--

INSERT INTO `inhouse_parts` (`id`, `stock`, `part_number`, `part_description`, `supplier_id`, `part_rate`, `revision_date`, `revision_no`, `revision_remark`, `uom_id`, `child_part_id`, `store_rack_location`, `store_stock_rate`, `safty_buffer_stk`, `diagram`, `quote`, `created_id`, `date`, `time`, `deleted`, `hsn_code`, `part_drawing`, `ppap_document`, `modal_document`, `cad_file`, `a_d`, `q_d`, `c_d`, `quotation_document`, `gst_id`, `sub_type`, `max_uom`, `min_uom`, `onhold_stock`, `production_qty`, `rejection_prodcution_qty`, `weight`, `size`, `thickness`, `sub_con_stock`, `rejection_stock`, `grade`, `sharing_qty`, `machine_mold_issue_stock`, `production_scrap`, `production_rejection`) VALUES
(1, 0, 'H1', 'TOUGH', NULL, NULL, NULL, NULL, NULL, 8, NULL, 'G2', 3000, '500', NULL, NULL, 3, '17-03-2024', '04:14:12', NULL, '123', '', '', '', '', '', '', '', NULL, NULL, NULL, 800, NULL, 0, 527.44, 0, 20, '00', '00', NULL, NULL, NULL, NULL, NULL, 0, 0);

-- --------------------------------------------------------

--
-- Table structure for table `inhouse_parts_stock`
--

CREATE TABLE `inhouse_parts_stock` (
  `inhousePartStockId` int NOT NULL,
  `inhouse_parts_id` int NOT NULL,
  `clientId` int NOT NULL,
  `stock` decimal(15,2) NOT NULL,
  `safty_buffer_stk` decimal(15,2) NOT NULL,
  `onhold_stock` decimal(15,2) NOT NULL,
  `production_qty` decimal(15,2) NOT NULL,
  `rejection_prodcution_qty` decimal(15,2) NOT NULL,
  `sub_con_stock` decimal(15,2) DEFAULT NULL,
  `rejection_stock` decimal(15,2) DEFAULT NULL,
  `sharing_qty` decimal(15,2) DEFAULT NULL,
  `machine_mold_issue_stock` decimal(15,2) DEFAULT NULL,
  `production_scrap` decimal(15,2) NOT NULL DEFAULT '0.00',
  `production_rejection` decimal(15,2) NOT NULL DEFAULT '0.00',
  `created_id` int NOT NULL,
  `date` varchar(255) NOT NULL,
  `time` varchar(255) NOT NULL,
  `timestamp` timestamp NOT NULL DEFAULT CURRENT_TIMESTAMP
) ENGINE=InnoDB DEFAULT CHARSET=latin1;

--
-- Dumping data for table `inhouse_parts_stock`
--

INSERT INTO `inhouse_parts_stock` (`inhousePartStockId`, `inhouse_parts_id`, `clientId`, `stock`, `safty_buffer_stk`, `onhold_stock`, `production_qty`, `rejection_prodcution_qty`, `sub_con_stock`, `rejection_stock`, `sharing_qty`, `machine_mold_issue_stock`, `production_scrap`, `production_rejection`, `created_id`, `date`, `time`, `timestamp`) VALUES
(1, 1, 1, '0.00', '500.00', '0.00', '527.44', '0.00', NULL, NULL, NULL, NULL, '0.00', '0.00', 3, '17-03-2024', '04:14:12', '2024-04-04 04:17:48');

-- --------------------------------------------------------

--
-- Table structure for table `inwarding`
--

CREATE TABLE `inwarding` (
  `id` int NOT NULL,
  `po_id` int NOT NULL,
  `invoice_number` varchar(200) COLLATE utf8mb4_general_ci NOT NULL,
  `invoice_date` varchar(20) COLLATE utf8mb4_general_ci NOT NULL,
  `grn_date` varchar(20) COLLATE utf8mb4_general_ci DEFAULT NULL,
  `invoice_amount` decimal(15,2) NOT NULL,
  `invoice_amount_status` varchar(20) COLLATE utf8mb4_general_ci NOT NULL DEFAULT 'pending',
  `grn_number` varchar(20) COLLATE utf8mb4_general_ci NOT NULL,
  `created_dttm` datetime DEFAULT NULL,
  `vehicle_number` varchar(50) COLLATE utf8mb4_general_ci DEFAULT NULL,
  `transporter` varchar(50) COLLATE utf8mb4_general_ci DEFAULT NULL,
  `delivery_unit` varchar(30) COLLATE utf8mb4_general_ci DEFAULT NULL,
  `created_date` varchar(20) COLLATE utf8mb4_general_ci NOT NULL,
  `created_month` int NOT NULL,
  `created_day` int NOT NULL,
  `created_year` int NOT NULL,
  `status` varchar(20) COLLATE utf8mb4_general_ci NOT NULL DEFAULT 'pending'
) ENGINE=InnoDB DEFAULT CHARSET=utf8mb4 COLLATE=utf8mb4_general_ci;

--
-- Dumping data for table `inwarding`
--

INSERT INTO `inwarding` (`id`, `po_id`, `invoice_number`, `invoice_date`, `grn_date`, `invoice_amount`, `invoice_amount_status`, `grn_number`, `created_dttm`, `vehicle_number`, `transporter`, `delivery_unit`, `created_date`, `created_month`, `created_day`, `created_year`, `status`) VALUES
(1, 4, '6778138031', '2023-09-02', '2023-09-10', '153689.10', 'pending', '23-24/1', NULL, NULL, NULL, 'Mayuresh', '10-09-2023', 9, 10, 2023, 'accept'),
(2, 5, '2023-24-152', '2023-09-10', '2023-09-10', '58204.00', 'pending', '23-24/2', NULL, NULL, NULL, 'Mayuresh', '10-09-2023', 9, 10, 2023, 'accept'),
(3, 6, 'T23MH1699', '2023-09-02', '2023-09-10', '224200.00', 'pending', '23-24/3', NULL, NULL, NULL, 'Mayuresh', '10-09-2023', 9, 10, 2023, 'accept'),
(4, 7, '23-24-877', '2023-09-02', '2023-09-10', '21240.00', 'pending', '23-24/4', NULL, NULL, NULL, 'Mayuresh', '10-09-2023', 9, 10, 2023, 'accept'),
(5, 8, '23-24-881', '2023-09-03', '2023-09-10', '13275.00', 'pending', '23-24/5', NULL, NULL, NULL, 'Mayuresh', '10-09-2023', 9, 10, 2023, 'accept'),
(6, 9, '2023-24-153', '2023-09-03', '2023-09-10', '55991.00', 'pending', '23-24/6', NULL, NULL, NULL, 'Mayuresh', '10-09-2023', 9, 10, 2023, 'accept'),
(7, 9, '2023-24-154', '2023-09-05', '2023-09-10', '34456.00', 'pending', '23-24/7', NULL, NULL, NULL, 'Mayuresh', '10-09-2023', 9, 10, 2023, 'accept'),
(8, 10, '1076-23-24', '2023-09-08', '2023-09-10', '29205.00', 'pending', '23-24/8', NULL, NULL, NULL, 'Mayuresh', '10-09-2023', 9, 10, 2023, 'accept'),
(9, 11, '23-24-890', '2023-09-08', '2023-09-10', '12149.00', 'pending', '23-24/9', NULL, NULL, NULL, 'Mayuresh', '10-09-2023', 9, 10, 2023, 'accept'),
(10, 13, 'GMI-0469', '2023-09-08', '2023-09-10', '182900.00', 'pending', '23-24/10', NULL, NULL, NULL, 'Mayuresh', '10-09-2023', 9, 10, 2023, 'accept'),
(11, 4, '6778138616', '2023-09-06', '2023-09-10', '102370.90', 'pending', '23-24/11', NULL, NULL, NULL, 'Mayuresh', '10-09-2023', 9, 10, 2023, 'accept'),
(12, 4, '6778138642', '2023-09-06', '2023-09-10', '23570.50', 'pending', '23-24/12', NULL, NULL, NULL, 'Mayuresh', '10-09-2023', 9, 10, 2023, 'accept'),
(13, 14, '23-24-5280', '2023-09-02', '2023-09-10', '12862.00', 'pending', '23-24/13', NULL, NULL, NULL, 'Mayuresh', '10-09-2023', 9, 10, 2023, 'accept'),
(14, 11, '23-24-887', '2023-09-06', '2023-09-10', '0.00', 'pending', '23-24/14', NULL, NULL, NULL, 'Mayuresh', '10-09-2023', 9, 10, 2023, 'pending'),
(15, 8, '2023-24-887', '2023-09-06', '2023-09-10', '18290.00', 'pending', '23-24/15', NULL, NULL, NULL, 'Mayuresh', '10-09-2023', 9, 10, 2023, 'accept'),
(16, 15, '288', '2023-09-05', '2023-09-10', '24780.00', 'pending', '23-24/16', NULL, NULL, NULL, 'Mayuresh', '10-09-2023', 9, 10, 2023, 'accept'),
(17, 4, '6778139050', '2023-09-15', '2023-09-15', '104271.00', 'pending', '23-24/17', NULL, NULL, NULL, 'Mayuresh', '15-09-2023', 9, 15, 2023, 'accept'),
(18, 2, '587-23-24', '2023-09-09', '2023-09-15', '13334.00', 'pending', '23-24/18', NULL, NULL, NULL, 'Mayuresh', '15-09-2023', 9, 15, 2023, 'accept'),
(19, 18, '6369', '2023-09-09', '2023-09-15', '9204.00', 'pending', '23-24/19', NULL, NULL, NULL, 'Mayuresh', '15-09-2023', 9, 15, 2023, 'accept'),
(20, 19, 'MPPL-23-24-2210', '2023-09-15', '2023-09-15', '12538.00', 'pending', '23-24/20', NULL, NULL, NULL, 'Mayuresh', '15-09-2023', 9, 15, 2023, 'accept'),
(21, 20, 'GST-3160/23-24', '2023-09-12', '2023-09-15', '0.00', 'pending', '23-24/21', NULL, NULL, NULL, 'Mayuresh', '15-09-2023', 9, 15, 2023, 'pending'),
(22, 20, 'GST-3160-23-24', '2023-09-15', '2023-09-15', '83190.00', 'pending', '23-24/22', NULL, NULL, NULL, 'Mayuresh', '15-09-2023', 9, 15, 2023, 'accept'),
(23, 21, 'SF-299-23-24', '2023-09-13', '2023-09-15', '23315.00', 'pending', '23-24/23', NULL, NULL, NULL, 'Mayuresh', '15-09-2023', 9, 15, 2023, 'accept'),
(24, 22, 'MPPL-23-24-2191', '2023-09-13', '2023-09-15', '3776.00', 'pending', '23-24/24', NULL, NULL, NULL, 'Mayuresh', '15-09-2023', 9, 15, 2023, 'accept'),
(25, 2, '604-23-24', '2023-09-13', '2023-09-15', '26668.00', 'pending', '23-24/25', NULL, NULL, NULL, 'Mayuresh', '15-09-2023', 9, 15, 2023, 'accept'),
(26, 4, '6778139926', '2023-09-13', '2023-09-15', '42946.10', 'pending', '23-24/26', NULL, NULL, NULL, 'Mayuresh', '15-09-2023', 9, 15, 2023, 'accept'),
(27, 4, '6778139632', '2023-09-12', '2023-09-15', '3200.76', 'pending', '23-24/27', NULL, NULL, NULL, 'Mayuresh', '15-09-2023', 9, 15, 2023, 'accept'),
(28, 14, '23-24-5620', '2023-09-09', '2023-09-15', '10030.00', 'pending', '23-24/28', NULL, NULL, NULL, 'Mayuresh', '15-09-2023', 9, 15, 2023, 'accept'),
(29, 14, '23-24-5619', '2023-09-09', '2023-09-15', '12862.00', 'pending', '23-24/29', NULL, NULL, NULL, 'Mayuresh', '15-09-2023', 9, 15, 2023, 'accept'),
(30, 10, '1091-23-24', '2023-09-11', '2023-09-15', '7965.00', 'pending', '23-24/30', NULL, NULL, NULL, 'Mayuresh', '15-09-2023', 9, 15, 2023, 'accept'),
(31, 23, 'SF-298-23-24', '2023-09-12', '2023-09-15', '17847.50', 'pending', '23-24/31', NULL, NULL, NULL, 'Mayuresh', '15-09-2023', 9, 15, 2023, 'accept'),
(32, 24, '2023-24-0648', '2023-09-15', '2023-09-15', '4159.50', 'pending', '23-24/32', NULL, NULL, NULL, 'Mayuresh', '15-09-2023', 9, 15, 2023, 'accept'),
(33, 8, '23-24-909', '2023-09-12', '2023-09-15', '8692.00', 'pending', '23-24/33', NULL, NULL, NULL, 'Mayuresh', '15-09-2023', 9, 15, 2023, 'accept'),
(34, 25, '798-23-24', '2023-09-15', '2023-09-15', '6195.00', 'pending', '23-24/34', NULL, NULL, NULL, 'Mayuresh', '15-09-2023', 9, 15, 2023, 'accept'),
(35, 10, '1093-23-24', '2023-09-11', '2023-09-15', '6637.50', 'pending', '23-24/35', NULL, NULL, NULL, 'Mayuresh', '15-09-2023', 9, 15, 2023, 'accept'),
(36, 2, '612-23-24', '2023-09-16', '2023-09-17', '21334.40', 'pending', '23-24/36', NULL, NULL, NULL, 'Mayuresh', '17-09-2023', 9, 17, 2023, 'accept'),
(37, 10, '1138-23-24', '2023-09-16', '2023-09-17', '18399.16', 'pending', '23-24/37', NULL, NULL, NULL, 'Mayuresh', '17-09-2023', 9, 17, 2023, 'accept'),
(38, 16, '23-24-920', '2023-09-17', '2023-09-17', '13751.00', 'pending', '23-24/38', NULL, NULL, NULL, 'Mayuresh', '17-09-2023', 9, 17, 2023, 'accept'),
(39, 17, 'INV012324000229', '2023-09-16', '2023-09-17', '354354.00', 'pending', '23-24/39', NULL, NULL, NULL, 'Mayuresh', '17-09-2023', 9, 17, 2023, 'accept'),
(40, 10, '1133/23-24', '2023-09-15', '2023-09-17', '0.00', 'pending', '23-24/40', NULL, NULL, NULL, 'Mayuresh', '17-09-2023', 9, 17, 2023, 'pending'),
(41, 10, '1133-23-24', '2023-09-15', '2023-09-17', '12292.66', 'pending', '23-24/41', NULL, NULL, NULL, 'Mayuresh', '17-09-2023', 9, 17, 2023, 'accept'),
(42, 8, '23-24-928', '2023-09-19', '2023-09-19', '16461.00', 'pending', '23-24/42', NULL, NULL, NULL, 'Mayuresh', '19-09-2023', 9, 19, 2023, 'accept'),
(43, 4, '6778141573', '2023-09-22', '2023-09-26', '6401.50', 'pending', '23-24/43', NULL, NULL, NULL, 'Mayuresh', '26-09-2023', 9, 26, 2023, 'accept'),
(44, 26, '839-2023-24', '2023-09-22', '2023-09-26', '7080.00', 'pending', '23-24/44', NULL, NULL, NULL, 'Mayuresh', '26-09-2023', 9, 26, 2023, 'accept'),
(45, 4, '6778141102', '2023-09-20', '2023-09-26', '125351.40', 'pending', '23-24/45', NULL, NULL, NULL, 'Mayuresh', '26-09-2023', 9, 26, 2023, 'accept'),
(46, 10, '1162-23-24', '2023-09-19', '2023-09-26', '12823.66', 'pending', '23-24/46', NULL, NULL, NULL, 'Mayuresh', '26-09-2023', 9, 26, 2023, 'accept'),
(47, 29, '23-24-6193', '2023-09-23', '2023-09-30', '15045.00', 'pending', '23-24/47', NULL, NULL, NULL, 'Mayuresh', '30-09-2023', 9, 30, 2023, 'accept'),
(48, 2, '641-23-24', '2023-09-25', '2023-09-30', '32001.60', 'pending', '23-24/48', NULL, NULL, NULL, 'Mayuresh', '30-09-2023', 9, 30, 2023, 'accept'),
(49, 28, 'GMI-0517', '2023-09-26', '2023-09-30', '182900.00', 'pending', '23-24/49', NULL, NULL, NULL, 'Mayuresh', '30-09-2023', 9, 30, 2023, 'accept'),
(50, 31, '868-2023-24', '2023-09-30', '2023-09-30', '2655.00', 'pending', '23-24/50', NULL, NULL, NULL, 'Mayuresh', '30-09-2023', 9, 30, 2023, 'accept'),
(51, 33, 'INV012324000243', '2023-09-30', '2023-09-30', '43038.00', 'pending', '23-24/51', NULL, NULL, NULL, 'Mayuresh', '30-09-2023', 9, 30, 2023, 'accept'),
(52, 8, '23-24-949', '2023-10-03', '2023-10-04', '14455.00', 'pending', '23-24/52', NULL, NULL, NULL, 'Mayuresh', '04-10-2023', 10, 4, 2023, ''),
(53, 8, '23-24--949', '2023-10-03', '2023-10-04', '0.00', 'pending', '23-24/53', NULL, NULL, NULL, 'Mayuresh', '04-10-2023', 10, 4, 2023, 'pending'),
(54, 41, '23-24---949', '2023-10-03', '2023-10-04', '14455.00', 'pending', '23-24/54', NULL, NULL, NULL, 'Mayuresh', '04-10-2023', 10, 4, 2023, 'validate_grn'),
(55, 41, '23-24-950', '2023-10-03', '2023-10-04', '2549.00', 'pending', '23-24/55', NULL, NULL, NULL, 'Mayuresh', '04-10-2023', 10, 4, 2023, 'validate_grn'),
(56, 39, '670-23-24', '2023-10-03', '2023-10-04', '26668.00', 'pending', '23-24/56', NULL, NULL, NULL, 'Mayuresh', '04-10-2023', 10, 4, 2023, 'validate_grn'),
(57, 10, '1249-23-24', '2023-10-03', '2023-10-04', '45135.00', 'pending', '23-24/57', NULL, NULL, NULL, 'Mayuresh', '04-10-2023', 10, 4, 2023, 'validate_grn'),
(58, 37, '6415', '2023-10-03', '2023-10-04', '8850.00', 'pending', '23-24/58', NULL, NULL, NULL, 'Mayuresh', '04-10-2023', 10, 4, 2023, 'validate_grn'),
(59, 35, 'T23MH2152', '2023-10-03', '2023-10-04', '244260.00', 'pending', '23-24/59', NULL, NULL, NULL, 'Mayuresh', '04-10-2023', 10, 4, 2023, 'validate_grn'),
(60, 9, '2023-24-184', '2023-10-03', '2023-10-04', '55991.00', 'pending', '23-24/60', NULL, NULL, NULL, 'Mayuresh', '04-10-2023', 10, 4, 2023, 'validate_grn'),
(61, 34, '2023-24-0719', '2023-10-02', '2023-10-04', '8319.00', 'pending', '23-24/61', NULL, NULL, NULL, 'Mayuresh', '04-10-2023', 10, 4, 2023, 'validate_grn'),
(62, 41, '23-24-945', '2023-10-02', '2023-10-04', '7611.00', 'pending', '23-24/62', NULL, NULL, NULL, 'Mayuresh', '04-10-2023', 10, 4, 2023, 'validate_grn'),
(63, 9, '2023-24-175', '2023-10-01', '2023-10-04', '55991.00', 'pending', '23-24/63', NULL, NULL, NULL, 'Mayuresh', '04-10-2023', 10, 4, 2023, 'validate_grn'),
(64, 4, '6778143208', '2023-10-04', '2023-10-04', '56628.20', 'pending', '23-24/64', NULL, NULL, NULL, 'Mayuresh', '04-10-2023', 10, 4, 2023, 'validate_grn'),
(65, 27, 'T23MH2150', '2023-09-30', '2023-10-04', '224200.00', 'pending', '23-24/65', NULL, NULL, NULL, 'Mayuresh', '04-10-2023', 10, 4, 2023, 'validate_grn'),
(66, 42, '2023-24-181', '2023-10-02', '2023-10-04', '57289.00', 'pending', '23-24/66', NULL, NULL, NULL, 'Mayuresh', '04-10-2023', 10, 4, 2023, ''),
(67, 43, 'MPPL-23-24-2422', '2023-10-02', '2023-10-04', '7286.00', 'pending', '23-24/67', NULL, NULL, NULL, 'Mayuresh', '04-10-2023', 10, 4, 2023, 'generate_grn'),
(68, 44, '2023-24/180', '2023-10-02', '2023-10-04', '0.00', 'pending', '23-24/68', NULL, NULL, NULL, 'Mayuresh', '04-10-2023', 10, 4, 2023, 'pending'),
(69, 44, '2023-24--180', '2023-10-02', '2023-10-04', '56522.00', 'pending', '23-24/69', NULL, NULL, NULL, 'Mayuresh', '04-10-2023', 10, 4, 2023, 'validate_grn'),
(70, 45, '6778143000', '2023-10-04', '2023-10-04', '58227.39', 'pending', '23-24/70', NULL, NULL, NULL, 'Mayuresh', '04-10-2023', 10, 4, 2023, 'validate_grn'),
(71, 14, '23-24-6619', '2023-10-03', '2023-10-20', '30090.00', 'pending', '23-24/71', NULL, NULL, NULL, 'Mayuresh', '20-10-2023', 10, 20, 2023, 'validate_grn'),
(72, 41, '23-24-959', '2023-10-04', '2023-10-20', '12914.00', 'pending', '23-24/72', NULL, NULL, NULL, 'Mayuresh', '20-10-2023', 10, 20, 2023, 'validate_grn'),
(73, 2, '676-23-24', '2023-10-04', '2023-10-20', '26668.00', 'pending', '23-24/73', NULL, NULL, NULL, 'Mayuresh', '20-10-2023', 10, 20, 2023, 'validate_grn'),
(74, 5, '2023-24-188', '2023-10-06', '2023-10-20', '49531.00', 'pending', '23-24/74', NULL, NULL, NULL, 'Mayuresh', '20-10-2023', 10, 20, 2023, 'validate_grn'),
(75, 1, 'INV012324000251', '2023-10-09', '2023-10-20', '0.00', 'pending', '23-24/75', NULL, NULL, NULL, 'Mayuresh', '20-10-2023', 10, 20, 2023, 'pending'),
(76, 48, 'INV012324000251-', '2023-10-06', '2023-10-20', '495966.00', 'pending', '23-24/76', NULL, NULL, NULL, 'Mayuresh', '20-10-2023', 10, 20, 2023, 'validate_grn'),
(77, 41, '23-24-961', '2023-10-06', '2023-10-20', '13629.00', 'pending', '23-24/77', NULL, NULL, NULL, 'Mayuresh', '20-10-2023', 10, 20, 2023, 'validate_grn'),
(78, 49, '1269-23-24', '2023-10-07', '2023-10-20', '0.00', 'pending', '23-24/78', NULL, NULL, NULL, 'Mayuresh', '20-10-2023', 10, 20, 2023, 'pending'),
(79, 50, '1269-23-24-', '2023-10-07', '2023-10-20', '26550.00', 'pending', '23-24/79', NULL, NULL, NULL, 'Mayuresh', '20-10-2023', 10, 20, 2023, 'validate_grn'),
(80, 51, '03167', '2023-10-07', '2023-10-20', '5806.00', 'pending', '23-24/80', NULL, NULL, NULL, 'Mayuresh', '20-10-2023', 10, 20, 2023, 'validate_grn'),
(81, 52, '29-2023-24', '2023-10-07', '2023-10-20', '20429.34', 'pending', '23-24/81', NULL, NULL, NULL, 'Mayuresh', '20-10-2023', 10, 20, 2023, 'validate_grn'),
(82, 53, 'SF-346-23-24', '2023-10-08', '2023-10-20', '21559.78', 'pending', '23-24/82', NULL, NULL, NULL, 'Mayuresh', '20-10-2023', 10, 20, 2023, 'validate_grn'),
(83, 38, '691-23-24', '2023-10-08', '2023-10-20', '26668.00', 'pending', '23-24/83', NULL, NULL, NULL, 'Mayuresh', '20-10-2023', 10, 20, 2023, 'validate_grn'),
(84, 5, '2023-24-193', '2023-10-09', '2023-10-20', '55991.00', 'pending', '23-24/84', NULL, NULL, NULL, 'Mayuresh', '20-10-2023', 10, 20, 2023, 'validate_grn'),
(85, 41, '23-24-972', '2023-10-09', '2023-10-20', '9600.00', 'pending', '23-24/85', NULL, NULL, NULL, 'Mayuresh', '20-10-2023', 10, 20, 2023, 'validate_grn'),
(86, 53, 'SF-348-23-24', '2023-10-09', '2023-10-20', '9452.04', 'pending', '23-24/86', NULL, NULL, NULL, 'Mayuresh', '20-10-2023', 10, 20, 2023, 'validate_grn'),
(87, 54, 'SC-23-24-1087', '2023-10-09', '2023-10-20', '1770.00', 'pending', '23-24/87', NULL, NULL, NULL, 'Mayuresh', '20-10-2023', 10, 20, 2023, 'validate_grn'),
(88, 55, '6778145075', '2023-10-10', '2023-10-20', '85550.00', 'pending', '23-24/88', NULL, NULL, NULL, 'Mayuresh', '20-10-2023', 10, 20, 2023, 'validate_grn'),
(89, 41, '23-24-980', '2023-10-10', '2023-10-20', '14160.00', 'pending', '23-24/89', NULL, NULL, NULL, 'Mayuresh', '20-10-2023', 10, 20, 2023, ''),
(90, 56, 'AKWEL-0439-23-24', '2023-10-10', '2023-10-20', '71508.00', 'pending', '23-24/90', NULL, NULL, NULL, 'Mayuresh', '20-10-2023', 10, 20, 2023, 'validate_grn'),
(91, 40, 'U2-2324-0883', '2023-10-09', '2023-10-20', '106200.00', 'pending', '23-24/91', NULL, NULL, NULL, 'Mayuresh', '20-10-2023', 10, 20, 2023, 'validate_grn'),
(92, 47, 'T23MH2293', '2023-10-11', '2023-10-20', '224200.00', 'pending', '23-24/92', NULL, NULL, NULL, 'Mayuresh', '20-10-2023', 10, 20, 2023, ''),
(93, 34, '2023-24-0756', '2023-10-11', '2023-10-20', '3604.90', 'pending', '23-24/93', NULL, NULL, NULL, 'Mayuresh', '20-10-2023', 10, 20, 2023, 'validate_grn'),
(94, 57, 'PFS-2023-24-102', '2023-10-11', '2023-10-21', '3098.00', 'pending', '23-24/94', NULL, NULL, NULL, 'Mayuresh', '21-10-2023', 10, 21, 2023, 'validate_grn'),
(95, 58, '2023-24/0756', '2023-10-21', '2023-10-21', '0.00', 'pending', '23-24/95', NULL, NULL, NULL, 'Mayuresh', '21-10-2023', 10, 21, 2023, 'pending'),
(96, 58, '2023-2024-756', '2023-10-11', '2023-10-21', '0.00', 'pending', '23-24/96', NULL, NULL, NULL, 'Mayuresh', '21-10-2023', 10, 21, 2023, 'pending'),
(97, 59, 'P2010-23-24', '2023-10-12', '2023-10-21', '9145.00', 'pending', '23-24/97', NULL, NULL, NULL, 'Mayuresh', '21-10-2023', 10, 21, 2023, 'validate_grn'),
(98, 60, '3567', '2023-10-12', '2023-10-21', '1204.00', 'pending', '23-24/98', NULL, NULL, NULL, 'Mayuresh', '21-10-2023', 10, 21, 2023, 'accept'),
(99, 39, '715/23-24', '2023-10-13', '2023-10-21', '0.00', 'pending', '23-24/99', NULL, NULL, NULL, 'Mayuresh', '21-10-2023', 10, 21, 2023, 'pending'),
(100, 39, '715-23-24', '2023-10-13', '2023-10-21', '26668.00', 'pending', '23-24/100', NULL, NULL, NULL, 'Mayuresh', '21-10-2023', 10, 21, 2023, 'accept'),
(101, 61, '959-2023-24', '2023-10-13', '2023-10-21', '20650.00', 'pending', '23-24/101', NULL, NULL, NULL, 'Mayuresh', '21-10-2023', 10, 21, 2023, 'accept'),
(102, 62, '6778145693', '2023-10-13', '2023-10-21', '28314.10', 'pending', '23-24/102', NULL, NULL, NULL, 'Mayuresh', '21-10-2023', 10, 21, 2023, 'accept'),
(103, 27, 'T23MH2364', '2023-10-14', '2023-10-21', '224200.00', 'pending', '23-24/103', NULL, NULL, NULL, 'Mayuresh', '21-10-2023', 10, 21, 2023, 'accept'),
(104, 64, '23-24-993', '2023-10-14', '2023-10-21', '1274.00', 'pending', '23-24/104', NULL, NULL, NULL, 'Mayuresh', '21-10-2023', 10, 21, 2023, 'accept'),
(105, 5, '2023-24-199', '2023-10-15', '2023-10-21', '60298.00', 'pending', '23-24/105', NULL, NULL, NULL, 'Mayuresh', '21-10-2023', 10, 21, 2023, 'accept'),
(106, 41, '23-24-995', '2023-10-21', '2023-10-21', '10195.00', 'pending', '23-24/106', NULL, NULL, NULL, 'Mayuresh', '21-10-2023', 10, 21, 2023, 'accept'),
(107, 65, '23-24-996', '2023-10-16', '2023-10-21', '6818.00', 'pending', '23-24/107', NULL, NULL, NULL, 'Mayuresh', '21-10-2023', 10, 21, 2023, 'accept'),
(108, 66, 'JJP-23-24-0669', '2023-10-16', '2023-10-21', '2408.00', 'pending', '23-24/108', NULL, NULL, NULL, 'Mayuresh', '21-10-2023', 10, 21, 2023, 'accept'),
(109, 39, '729-23-24', '2023-10-16', '2023-10-21', '26668.00', 'pending', '23-24/109', NULL, NULL, NULL, 'Mayuresh', '21-10-2023', 10, 21, 2023, 'accept'),
(110, 61, '974-2023-24', '2023-10-17', '2023-10-21', '41300.00', 'pending', '23-24/110', NULL, NULL, NULL, 'Mayuresh', '21-10-2023', 10, 21, 2023, 'accept'),
(111, 67, 'PUN278298', '2023-10-17', '2023-10-21', '135700.00', 'pending', '23-24/111', NULL, NULL, NULL, 'Mayuresh', '21-10-2023', 10, 21, 2023, 'accept'),
(112, 41, '23-24-1000', '2023-10-17', '2023-10-21', '4248.00', 'pending', '23-24/112', NULL, NULL, NULL, 'Mayuresh', '21-10-2023', 10, 21, 2023, 'accept'),
(113, 41, '23-24-1004', '2023-10-18', '2023-10-21', '20709.00', 'pending', '23-24/113', NULL, NULL, NULL, 'Mayuresh', '21-10-2023', 10, 21, 2023, 'accept'),
(114, 41, '23-24-1005', '2023-10-18', '2023-10-21', '10620.00', 'pending', '23-24/114', NULL, NULL, NULL, 'Mayuresh', '21-10-2023', 10, 21, 2023, 'accept'),
(115, 56, 'AKWEL-0454-23-24', '2023-10-19', '2023-10-21', '71508.00', 'pending', '23-24/115', NULL, NULL, NULL, 'Mayuresh', '21-10-2023', 10, 21, 2023, 'accept'),
(116, 68, '6778146722', '2023-10-19', '2023-10-21', '23570.00', 'pending', '23-24/116', NULL, NULL, NULL, 'Mayuresh', '21-10-2023', 10, 21, 2023, 'accept'),
(117, 73, 'INV012324000264', '2023-10-12', '2023-10-28', '17101.00', 'pending', '23-24/117', NULL, NULL, NULL, 'Mayuresh', '28-10-2023', 10, 28, 2023, 'accept'),
(118, 76, 'TN2322000014', '2023-10-18', '2023-10-31', '2507500.00', 'pending', '23-24/118', NULL, NULL, NULL, 'Mayuresh', '31-10-2023', 10, 31, 2023, 'accept'),
(119, 77, 'INV012324000275', '2023-10-19', '2023-10-31', '191441.00', 'pending', '23-24/119', NULL, NULL, NULL, 'Mayuresh', '31-10-2023', 10, 31, 2023, 'accept'),
(120, 39, '748-23-24', '2023-10-20', '2023-10-31', '26668.00', 'pending', '23-24/120', NULL, NULL, NULL, 'Mayuresh', '31-10-2023', 10, 31, 2023, 'accept'),
(121, 53, 'SF-375/23-24', '2023-10-20', '2023-10-31', '0.00', 'pending', '23-24/121', NULL, NULL, NULL, 'Mayuresh', '31-10-2023', 10, 31, 2023, 'pending'),
(122, 53, 'SF-375-23-24', '2023-10-20', '2023-10-31', '10708.50', 'pending', '23-24/122', NULL, NULL, NULL, 'Mayuresh', '31-10-2023', 10, 31, 2023, 'accept'),
(123, 1, 'in1222', '2024-01-01', '2024-01-01', '5970.00', 'pending', '23-24/123', '2024-01-01 14:37:49', '', '', 'Mayuresh', '01-01-2024', 1, 1, 2024, 'generate_grn'),
(124, 85, 'in12121', '2024-01-29', '2024-01-29', '0.00', 'pending', '', '2024-01-29 12:18:34', '', '', NULL, '29-01-2024', 1, 29, 2024, 'pending'),
(125, 111, 'in100', '2024-02-07', '2024-02-08', '20236.00', 'pending', '23-24/124', '2024-02-08 09:55:46', 'mh12fp0652', '123456789', NULL, '08-02-2024', 2, 8, 2024, 'generate_grn'),
(126, 106, 'fg123', '2024-02-07', '2024-02-08', '11746.00', 'pending', '23-24/125', '2024-02-08 10:35:07', 'MH12-AC2512', 'DS4325', NULL, '08-02-2024', 2, 8, 2024, 'generate_grn'),
(127, 111, 'inv200', '2024-02-07', '2024-02-08', '27089.30', 'pending', '23-24/126', '2024-02-08 16:14:01', '', '', NULL, '08-02-2024', 2, 8, 2024, 'validate_grn'),
(128, 103, 'INV-170', '2024-02-07', '2024-02-08', '70226.90', 'pending', '23-24/127', '2024-02-08 16:41:23', 'MH-12 3209', '', NULL, '08-02-2024', 2, 8, 2024, 'generate_grn'),
(129, 114, 'Inv910', '2024-02-08', '2024-02-09', '14438.50', 'pending', '23-24/128', '2024-02-09 14:41:16', '', '', NULL, '09-02-2024', 2, 9, 2024, 'validate_grn'),
(130, 115, '1201', '2024-02-08', '2024-02-09', '79987.50', 'pending', '23-24/130', '2024-02-09 16:31:48', '', '', NULL, '09-02-2024', 2, 9, 2024, 'validate_grn'),
(131, 116, 'S120', '2024-02-08', '2024-02-09', '2772.00', 'pending', '23-24/129', '2024-02-09 16:32:25', 'MH10AC123', 'FDS', NULL, '09-02-2024', 2, 9, 2024, 'validate_grn'),
(132, 119, 'ab12', '2024-02-11', '2024-02-12', '4550.00', 'pending', '23-24/131', '2024-02-12 16:31:17', 'mh14 ac4532', 'vf', NULL, '12-02-2024', 2, 12, 2024, 'validate_grn'),
(133, 115, 'in207', '0204-02-11', '2024-02-12', '0.00', 'pending', '', '2024-02-12 16:31:19', '', '', NULL, '12-02-2024', 2, 12, 2024, 'pending'),
(134, 120, 'gha1', '2024-02-12', '2024-02-13', '6995.00', 'pending', '', '2024-02-13 10:54:55', 'mh11-ab1214', 'hgf', NULL, '13-02-2024', 2, 13, 2024, ''),
(135, 123, 'Inv-1234', '2024-02-12', '2024-02-13', '129680.00', 'pending', '23-24/132', '2024-02-13 16:08:47', '', '', NULL, '13-02-2024', 2, 13, 2024, 'accept'),
(136, 123, 'inv456', '2024-02-12', '2024-02-13', '0.00', 'pending', '', '2024-02-13 17:15:44', '', '', NULL, '13-02-2024', 2, 13, 2024, 'pending'),
(137, 120, 'r1', '2024-02-12', '2024-02-13', '0.00', 'pending', '', '2024-02-13 17:37:36', 'ghf13', 'jbhjjkgg', NULL, '13-02-2024', 2, 13, 2024, 'pending'),
(138, 124, 'Inv1111', '2024-02-17', '2024-02-18', '1952.00', 'pending', '23-24/133', '2024-02-18 22:04:01', '', '', '', '18-02-2024', 2, 18, 2024, 'accept'),
(139, 125, 'Inv12', '2024-02-18', '2024-02-19', '825.00', 'pending', '23-24/134', '2024-02-19 09:28:58', '', '', 'Mayuresh', '19-02-2024', 2, 19, 2024, 'accept'),
(140, 126, 'INV-1612', '2024-02-20', '2024-02-21', '178352.00', 'pending', '23-24/135', '2024-02-21 16:16:53', 'MH-12 3209', 'Vnayak Narayan Jinde', 'Mayuresh', '21-02-2024', 2, 21, 2024, 'accept'),
(141, 126, 'in91', '2024-02-23', '2024-02-24', '0.00', 'pending', '', '2024-02-24 16:02:31', '', '', 'Mayuresh', '24-02-2024', 2, 24, 2024, 'pending'),
(142, 125, 'inv-1112', '2024-02-24', '2024-02-24', '0.00', 'pending', '', '2024-02-24 17:14:30', '', '', 'Mayuresh', '24-02-2024', 2, 24, 2024, 'pending'),
(143, 126, 'U/123', '2024-02-22', '2024-02-24', '0.00', 'pending', '', '2024-02-24 17:14:38', 'MH1AC1234', 'NVGC', 'Mayuresh', '24-02-2024', 2, 24, 2024, 'pending'),
(144, 125, 'inv/1212', '2024-02-23', '2024-02-24', '0.00', 'pending', '', '2024-02-24 17:16:21', '', '', 'Mayuresh', '24-02-2024', 2, 24, 2024, 'pending'),
(145, 141, 'INV2204', '2024-02-27', '2024-02-28', '43510.65', 'pending', '23-24/136', '2024-02-28 13:12:32', 'MH-12 3209', 'Vnayak Narayan Jinde', 'Mayuresh', '28-02-2024', 2, 28, 2024, 'accept'),
(146, 58, 'Inv111', '2024-02-28', '2024-02-28', '0.00', 'pending', '', '2024-02-28 16:39:21', '', '', 'Mayuresh', '28-02-2024', 2, 28, 2024, 'pending'),
(147, 4, 'ab12222', '2024-02-28', '2024-02-28', '403.00', 'pending', '23-24/137', '2024-02-28 17:10:49', '', '', 'Mayuresh', '28-02-2024', 2, 28, 2024, 'accept'),
(148, 145, 'INV-1256', '2024-03-08', '2024-03-08', '1119.71', 'pending', '23-24/138', '2024-03-08 13:14:33', 'MH-12 3209', 'Vnayak Narayan Jinde', 'Mayuresh', '08-03-2024', 3, 8, 2024, 'generate_grn'),
(149, 146, '123INV', '2024-02-27', '2024-03-28', '2576.05', 'pending', '23-24/139', '2024-03-28 11:06:30', 'MH-12 3209', 'Vnayak Narayan Jinde', 'Mayuresh', '28-03-2024', 3, 28, 2024, 'generate_grn'),
(150, 150, 'inv-4550', '2024-03-28', '2024-03-28', '57300.00', 'pending', '23-24/140', '2024-03-28 16:22:27', 'MH-12 3209', 'Vnayak Narayan Jinde', 'Mayuresh-2', '28-03-2024', 3, 28, 2024, 'generate_grn'),
(151, 150, 'GST/24-25/123', '2024-04-03', '2024-04-03', '2865.04', 'pending', '24-25/1', '2024-04-03 12:21:30', 'MH-12 3209', 'Vnayak Narayan Jinde', '', '03-04-2024', 4, 3, 2024, 'generate_grn'),
(152, 146, 'INV 12345', '2024-04-02', '2024-04-03', '318.80', 'pending', '24-25/2', '2024-04-03 12:23:34', 'MH-14 BM2252', 'XYX', '', '03-04-2024', 4, 3, 2024, 'generate_grn'),
(153, 95, 'ST/1214*', '2024-04-03', '2024-04-03', '31295.00', 'pending', '24-25/3', '2024-04-03 12:25:10', 'MH-14BM2252', 'XYX', '', '03-04-2024', 4, 3, 2024, 'generate_grn'),
(154, 150, 'GST1234', '2024-04-03', '2024-04-03', '2865.40', 'pending', '24-25/4', '2024-04-03 12:26:42', 'MH-12 3209', 'XYX', '', '03-04-2024', 4, 3, 2024, 'generate_grn'),
(155, 153, '24-25/12', '2024-04-16', '2024-04-16', '0.00', 'pending', '', '2024-04-16 13:08:16', 'MH-12 3209', 'XYX', 'Mayuresh', '16-04-2024', 4, 16, 2024, 'pending'),
(156, 155, '24-25-1256', '2024-04-16', '2024-04-16', '0.00', 'pending', '', '2024-04-16 16:41:30', 'MH-14BM2252', 'XYX', 'Mayuresh', '16-04-2024', 4, 16, 2024, 'pending'),
(157, 156, 'Inv-12-16', '2024-04-19', '2024-04-19', '58.54', 'pending', '24-25/5', '2024-04-19 16:29:33', 'MH-12 3209', 'XYX', 'Mayuresh', '19-04-2024', 4, 19, 2024, 'validate_grn'),
(158, 157, 'INVOCE-1216', '2024-04-20', '2024-04-20', '61.60', 'pending', '24-25/6', '2024-04-20 12:27:32', '', '', 'Mayuresh', '20-04-2024', 4, 20, 2024, 'generate_grn'),
(159, 158, 'INV-24-25-12', '2024-04-24', '2024-04-24', '141.12', 'pending', '24-25/7', '2024-04-24 14:40:10', '', '', 'Mayuresh', '24-04-2024', 4, 24, 2024, 'accept'),
(160, 159, 'inv-2704', '2024-04-27', '2024-04-27', '0.00', 'pending', '', '2024-04-27 11:15:52', 'MH-12 3209', 'XYX', 'Mayuresh', '27-04-2024', 4, 27, 2024, 'pending'),
(161, 160, 'i/91', '2024-04-28', '2024-04-28', '613.00', 'pending', '24-25/8', '2024-04-28 08:53:11', '', '', 'Mayuresh', '28-04-2024', 4, 28, 2024, 'accept'),
(162, 162, 'ab22', '2024-05-03', '2024-05-03', '1770.00', 'pending', '', '2024-05-03 20:02:21', '', '', 'Mayuresh', '03-05-2024', 5, 3, 2024, ''),
(163, 158, 'inv/2/25', '2024-05-06', '2024-05-06', '5.00', 'pending', '24-25/9', '2024-05-06 19:32:13', '', '', 'Mayuresh', '06-05-2024', 5, 6, 2024, 'generate_grn'),
(164, 159, '2024/2025/1', '2024-05-01', '2024-05-08', '12.39', 'pending', '24-25/10', '2024-05-08 13:49:26', 'MH-12 3209', 'XYX', 'Mayuresh', '08-05-2024', 5, 8, 2024, 'generate_grn'),
(165, 157, '24-25/22', '2024-05-05', '2024-05-08', '4.93', 'pending', '24-25/11', '2024-05-08 13:54:07', 'MH-12 3209', 'XYX', 'Mayuresh', '08-05-2024', 5, 8, 2024, 'generate_grn'),
(166, 162, '2804', '2024-05-11', '2024-05-11', '885.00', 'pending', '24-25/12', '2024-05-11 13:48:01', 'MH-12 3209', 'XYX', 'Mayuresh', '11-05-2024', 5, 11, 2024, 'validate_grn'),
(167, 159, '1201', '2024-05-18', '2024-05-18', '2391.27', 'pending', '24-25/13', '2024-05-18 15:49:13', '', '', 'Mayuresh', '18-05-2024', 5, 18, 2024, 'generate_grn'),
(168, 159, '1252', '2024-05-15', '2024-05-18', '0.00', 'pending', '', '2024-05-18 15:52:10', '', '', 'Mayuresh', '18-05-2024', 5, 18, 2024, 'pending'),
(169, 163, 'no-45', '2024-05-16', '2024-05-18', '371.50', 'pending', '24-25/14', '2024-05-18 16:00:25', '', '', 'Mayuresh', '18-05-2024', 5, 18, 2024, 'generate_grn'),
(170, 163, 'no-46', '2024-05-15', '2024-05-18', '123.90', 'pending', '24-25/16', '2024-05-18 16:02:26', '', '', 'Mayuresh', '18-05-2024', 5, 18, 2024, 'generate_grn'),
(171, 164, '51', '2024-05-14', '2024-05-18', '61.60', 'pending', '24-25/15', '2024-05-18 16:47:18', '', '', 'Mayuresh', '18-05-2024', 5, 18, 2024, 'generate_grn'),
(172, 163, 'in222', '2024-05-17', '2024-05-18', '0.00', 'pending', '', '2024-05-18 18:09:16', '', '', 'Mayuresh', '18-05-2024', 5, 18, 2024, 'pending'),
(173, 165, 'JGE79', '0204-04-19', '2024-05-20', '0.00', 'pending', '', '2024-05-20 12:17:54', '', '', 'Mayuresh', '20-05-2024', 5, 20, 2024, 'pending');

-- --------------------------------------------------------

--
-- Table structure for table `issue`
--

CREATE TABLE `issue` (
  `id` int NOT NULL,
  `slip_details` varchar(50) COLLATE utf8mb4_general_ci NOT NULL,
  `contractor_id` int NOT NULL,
  `part_id` int DEFAULT NULL,
  `oc_id` int NOT NULL,
  `wbs_id` varchar(5) COLLATE utf8mb4_general_ci NOT NULL,
  `hus_id` varchar(5) COLLATE utf8mb4_general_ci NOT NULL,
  `item_quantity` varchar(12) COLLATE utf8mb4_general_ci NOT NULL,
  `issue_date` varchar(20) COLLATE utf8mb4_general_ci DEFAULT NULL,
  `date` varchar(15) COLLATE utf8mb4_general_ci NOT NULL,
  `time` varchar(15) COLLATE utf8mb4_general_ci NOT NULL,
  `timestamp` timestamp NOT NULL DEFAULT CURRENT_TIMESTAMP,
  `created_id` int NOT NULL,
  `deleted` int NOT NULL DEFAULT '0'
) ENGINE=InnoDB DEFAULT CHARSET=utf8mb4 COLLATE=utf8mb4_general_ci;

-- --------------------------------------------------------

--
-- Table structure for table `job_card`
--

CREATE TABLE `job_card` (
  `id` int NOT NULL,
  `customer_part_id` int NOT NULL,
  `req_qty` float NOT NULL,
  `production_qty` float NOT NULL,
  `created_date` varchar(20) COLLATE utf8mb4_general_ci NOT NULL,
  `created_time` varchar(20) COLLATE utf8mb4_general_ci NOT NULL,
  `status` varchar(20) COLLATE utf8mb4_general_ci NOT NULL DEFAULT 'pending',
  `operation_id` int NOT NULL DEFAULT '1',
  `location` varchar(20) COLLATE utf8mb4_general_ci NOT NULL,
  `grn` varchar(20) COLLATE utf8mb4_general_ci NOT NULL,
  `house_make` varchar(20) COLLATE utf8mb4_general_ci NOT NULL,
  `issue_date` varchar(20) COLLATE utf8mb4_general_ci DEFAULT NULL
) ENGINE=InnoDB DEFAULT CHARSET=utf8mb4 COLLATE=utf8mb4_general_ci;

-- --------------------------------------------------------

--
-- Table structure for table `job_card_details`
--

CREATE TABLE `job_card_details` (
  `id` int NOT NULL,
  `item_number` varchar(50) COLLATE utf8mb4_general_ci NOT NULL,
  `operation_id` int NOT NULL,
  `child_part_id` int NOT NULL,
  `item_description` varchar(50) COLLATE utf8mb4_general_ci NOT NULL,
  `store_location` varchar(20) COLLATE utf8mb4_general_ci DEFAULT NULL,
  `bom_qty` float NOT NULL,
  `uom` varchar(20) COLLATE utf8mb4_general_ci NOT NULL,
  `grn` varchar(20) COLLATE utf8mb4_general_ci NOT NULL,
  `mgf` varchar(20) COLLATE utf8mb4_general_ci NOT NULL,
  `job_card_id` varchar(20) COLLATE utf8mb4_general_ci NOT NULL,
  `accept_qty` varchar(20) COLLATE utf8mb4_general_ci NOT NULL,
  `reject_qty` varchar(20) COLLATE utf8mb4_general_ci NOT NULL,
  `return_qty` varchar(20) COLLATE utf8mb4_general_ci NOT NULL,
  `status` varchar(20) COLLATE utf8mb4_general_ci NOT NULL DEFAULT 'pending',
  `store_reject_qty` float NOT NULL,
  `store_return_qty` float NOT NULL
) ENGINE=InnoDB DEFAULT CHARSET=utf8mb4 COLLATE=utf8mb4_general_ci;

-- --------------------------------------------------------

--
-- Table structure for table `job_card_details_operations`
--

CREATE TABLE `job_card_details_operations` (
  `id` int NOT NULL,
  `job_card_details_id` int NOT NULL,
  `job_card_id` int NOT NULL,
  `operation_id` int NOT NULL,
  `accept_qty` float NOT NULL,
  `reject_qty` float NOT NULL,
  `return_qty` float NOT NULL,
  `created_date` varchar(20) COLLATE utf8mb4_general_ci NOT NULL,
  `created_time` varchar(20) COLLATE utf8mb4_general_ci NOT NULL,
  `deleted` int NOT NULL DEFAULT '0',
  `rejection_remark` text COLLATE utf8mb4_general_ci NOT NULL
) ENGINE=InnoDB DEFAULT CHARSET=utf8mb4 COLLATE=utf8mb4_general_ci;

-- --------------------------------------------------------

--
-- Table structure for table `job_card_prod_qty`
--

CREATE TABLE `job_card_prod_qty` (
  `id` int NOT NULL,
  `job_card_id` int NOT NULL,
  `operation_id` int NOT NULL,
  `production_qty` float NOT NULL,
  `created_date` varchar(20) COLLATE utf8mb4_general_ci NOT NULL,
  `created_time` varchar(20) COLLATE utf8mb4_general_ci NOT NULL,
  `created_by` int NOT NULL
) ENGINE=InnoDB DEFAULT CHARSET=utf8mb4 COLLATE=utf8mb4_general_ci;

-- --------------------------------------------------------

--
-- Table structure for table `loading_user`
--

CREATE TABLE `loading_user` (
  `id` int NOT NULL,
  `po_number` varchar(20) COLLATE utf8mb4_general_ci NOT NULL,
  `so_number` varchar(30) COLLATE utf8mb4_general_ci NOT NULL,
  `contractor` varchar(20) COLLATE utf8mb4_general_ci NOT NULL,
  `project_number` varchar(20) COLLATE utf8mb4_general_ci NOT NULL,
  `start_date` varchar(15) COLLATE utf8mb4_general_ci NOT NULL,
  `target_date` varchar(15) COLLATE utf8mb4_general_ci NOT NULL,
  `completed_date` varchar(15) COLLATE utf8mb4_general_ci DEFAULT NULL,
  `wbs_id` int NOT NULL,
  `created_id` int NOT NULL,
  `date` varchar(15) COLLATE utf8mb4_general_ci NOT NULL,
  `time` varchar(15) COLLATE utf8mb4_general_ci NOT NULL,
  `timestamp` timestamp NOT NULL DEFAULT CURRENT_TIMESTAMP,
  `deleted` int NOT NULL DEFAULT '0'
) ENGINE=InnoDB DEFAULT CHARSET=utf8mb4 COLLATE=utf8mb4_general_ci;

-- --------------------------------------------------------

--
-- Table structure for table `machine`
--

CREATE TABLE `machine` (
  `id` int NOT NULL,
  `clientId` int NOT NULL,
  `name` varchar(50) COLLATE utf8mb4_general_ci NOT NULL
) ENGINE=InnoDB DEFAULT CHARSET=utf8mb4 COLLATE=utf8mb4_general_ci;

--
-- Dumping data for table `machine`
--

INSERT INTO `machine` (`id`, `clientId`, `name`) VALUES
(1, 1, '1-90T YIZUMI'),
(2, 1, '2-120T YIZUMI'),
(3, 1, '3-120T YIZUMI'),
(4, 1, '4-80T FERROMATIC'),
(5, 1, '5-80T FERROMATIC'),
(6, 1, '6-80T FERROMATIC'),
(7, 1, '7-50T WINDSOR'),
(8, 1, '8-350T YIZUMI'),
(9, 1, '9-200T YIZUMI'),
(10, 1, '10-160T YIZUMI'),
(11, 1, '11-60T LIZHU');

-- --------------------------------------------------------

--
-- Table structure for table `machine_mold`
--

CREATE TABLE `machine_mold` (
  `id` int NOT NULL,
  `mold_maintenance_id` int NOT NULL,
  `machine_id` int NOT NULL
) ENGINE=InnoDB DEFAULT CHARSET=utf8mb4 COLLATE=utf8mb4_general_ci;

-- --------------------------------------------------------

--
-- Table structure for table `machine_request`
--

CREATE TABLE `machine_request` (
  `id` int NOT NULL,
  `status` varchar(20) COLLATE utf8mb4_general_ci NOT NULL DEFAULT 'pending',
  `machine_id` int DEFAULT NULL,
  `operator_id` int DEFAULT NULL,
  `customer_part_id` int DEFAULT NULL,
  `created_date` varchar(20) COLLATE utf8mb4_general_ci NOT NULL,
  `created_time` varchar(20) COLLATE utf8mb4_general_ci NOT NULL,
  `day` int NOT NULL,
  `month` int NOT NULL,
  `year` int NOT NULL,
  `created_by` int NOT NULL,
  `customer_parts_master_id` int DEFAULT NULL COMMENT 'Added for migration purpose only',
  `delivery_unit` int DEFAULT NULL
) ENGINE=InnoDB DEFAULT CHARSET=utf8mb4 COLLATE=utf8mb4_general_ci;

--
-- Dumping data for table `machine_request`
--

INSERT INTO `machine_request` (`id`, `status`, `machine_id`, `operator_id`, `customer_part_id`, `created_date`, `created_time`, `day`, `month`, `year`, `created_by`, `customer_parts_master_id`, `delivery_unit`) VALUES
(1, 'Completed', 1, 1, 120, '02-10-2023', '06:23:42', 2, 10, 2023, 3, 120, 1),
(2, 'Completed', 10, 15, 145, '05-11-2023', '10:11:43', 5, 11, 2023, 3, 145, 1),
(3, 'Completed', 9, 16, 146, '05-11-2023', '10:13:33', 5, 11, 2023, 3, 146, 1),
(4, 'Completed', 11, 17, 229, '17-01-2024', '11:17:03', 17, 1, 2024, 3, 229, 1),
(5, 'pending', 11, 17, 145, '27-01-2024', '08:37:49', 27, 1, 2024, 3, 145, 1),
(6, 'Completed', 11, 17, 121, '27-01-2024', '07:45:18', 27, 1, 2024, 3, NULL, 1),
(7, 'pending', 10, 15, 121, '13-03-2024', '02:55:24', 13, 3, 2024, 3, NULL, 1),
(8, 'pending', 9, 17, 74, '13-03-2024', '02:58:26', 13, 3, 2024, 3, NULL, 1),
(9, 'pending', 10, 17, 15, '13-03-2024', '02:59:40', 13, 3, 2024, 3, NULL, 1),
(10, 'pending', 11, 15, 19, '13-03-2024', '03:03:21', 13, 3, 2024, 3, NULL, 1),
(11, 'Completed', 11, 17, 219, '13-03-2024', '03:05:50', 13, 3, 2024, 3, NULL, 1),
(12, 'Completed', 11, 17, 121, '30-03-2024', '12:01:23', 30, 3, 2024, 3, NULL, 1),
(15, 'Completed', 11, 17, 121, '05-04-2024', '02:36:52', 5, 4, 2024, 3, NULL, 2),
(16, 'pending', 10, 16, 15, '05-04-2024', '02:38:00', 5, 4, 2024, 3, NULL, 2),
(17, 'pending', 9, 16, 15, '05-04-2024', '02:46:55', 5, 4, 2024, 3, NULL, 1),
(18, 'pending', 7, 14, 18, '05-04-2024', '02:54:27', 5, 4, 2024, 3, NULL, 2),
(19, 'pending', 8, 13, 121, '05-04-2024', '02:55:58', 5, 4, 2024, 3, NULL, NULL),
(21, 'Completed', 11, 17, 121, '17-04-2024', '03:32:25', 17, 4, 2024, 3, NULL, 1),
(24, 'pending', 5, 15, 210, '17-04-2024', '04:58:14', 17, 4, 2024, 3, NULL, 1),
(26, 'Completed', 11, 17, 235, '24-04-2024', '03:01:38', 24, 4, 2024, 3, NULL, 1),
(27, 'Completed', 11, 17, 235, '24-04-2024', '03:18:18', 24, 4, 2024, 3, NULL, 1),
(28, 'Completed', 10, 14, 220, '24-04-2024', '04:10:57', 24, 4, 2024, 3, NULL, 1),
(29, 'Completed', 10, 14, 220, '24-04-2024', '04:23:42', 24, 4, 2024, 3, NULL, 1),
(30, 'Completed', 11, 17, 220, '24-04-2024', '04:40:26', 24, 4, 2024, 3, NULL, 1),
(31, 'Completed', 9, 13, 220, '24-04-2024', '04:45:11', 24, 4, 2024, 3, NULL, 1),
(32, 'Completed', 11, 17, 220, '24-04-2024', '05:27:52', 24, 4, 2024, 3, NULL, 1),
(33, 'pending', 11, 17, 220, '24-04-2024', '05:31:37', 24, 4, 2024, 3, NULL, 1),
(34, 'pending', 5, 11, 15, '27-04-2024', '03:43:02', 27, 4, 2024, 3, NULL, 1),
(35, 'Completed', 11, 11, 15, '27-04-2024', '03:59:38', 27, 4, 2024, 3, NULL, 1),
(36, 'Completed', 11, 17, 15, '27-04-2024', '04:11:42', 27, 4, 2024, 3, NULL, 1);

-- --------------------------------------------------------

--
-- Table structure for table `machine_request_parts`
--

CREATE TABLE `machine_request_parts` (
  `id` int NOT NULL,
  `machine_request_id` int NOT NULL,
  `child_part_id` int NOT NULL,
  `qty` float NOT NULL,
  `status` varchar(20) COLLATE utf8mb4_general_ci NOT NULL DEFAULT 'pending',
  `accepted_qty` float NOT NULL,
  `rejected_qty` float NOT NULL,
  `remark` varchar(250) COLLATE utf8mb4_general_ci DEFAULT NULL
) ENGINE=InnoDB DEFAULT CHARSET=utf8mb4 COLLATE=utf8mb4_general_ci;

--
-- Dumping data for table `machine_request_parts`
--

INSERT INTO `machine_request_parts` (`id`, `machine_request_id`, `child_part_id`, `qty`, `status`, `accepted_qty`, `rejected_qty`, `remark`) VALUES
(1, 1, 26, 50, 'Completed', 50, 0, 'OK'),
(2, 2, 12, 100, 'Completed', 100, 0, 'NA'),
(3, 3, 11, 50, 'Completed', 50, 0, 'NA'),
(4, 4, 128, 20, 'Completed', 20, 0, 'ss'),
(5, 4, 2, 2, 'Completed', 2, 0, 'AN'),
(6, 2, 2, 4, 'Completed', 3, 1, 'mm'),
(7, 6, 26, 2.99, 'Completed', 2, 0, ''),
(8, 5, 12, 2, 'pending', 0, 0, ''),
(9, 5, 12, 100, 'pending', 0, 0, 'first'),
(10, 7, 26, 150, 'pending', 0, 0, 'first'),
(11, 10, 17, 50, 'pending', 0, 0, 'first'),
(12, 11, 188, 50, 'Completed', 50, 0, ''),
(13, 11, 185, 60, 'Completed', 60, 0, 'first'),
(14, 11, 185, 100, 'Completed', 100, 0, 'new'),
(15, 11, 187, 100, 'Completed', 100, 0, 'new'),
(16, 15, 26, 2, 'Completed', 2, 0, 'na'),
(17, 17, 11, 5, 'pending', 0, 0, 'NA'),
(18, 16, 11, 22, 'pending', 0, 0, ''),
(19, 24, 193, 25, 'pending', 0, 0, 'ok'),
(20, 12, 26, 25, 'Completed', 10, 15, 'ok'),
(21, 21, 26, 25, 'Completed', 10, 15, 'ok'),
(22, 26, 210, 50, 'Completed', 10, 40, 'first'),
(23, 27, 210, 10, 'Completed', 10, 0, 'ok'),
(24, 28, 186, 50, 'Completed', 50, 0, 'ok'),
(25, 28, 191, 50, 'Completed', 50, 0, 'NA'),
(26, 28, 188, 50, 'Completed', 50, 0, 'NA'),
(27, 29, 186, 400, 'Completed', 400, 0, 'first'),
(28, 30, 186, 800, 'Completed', 450, 350, 'ok'),
(29, 30, 191, 400, 'Completed', 50, 350, 'ok'),
(30, 30, 188, 490, 'Completed', 100, 390, 'ok'),
(31, 31, 191, 100, 'Completed', 100, 0, 'NA'),
(32, 31, 188, 500, 'Completed', 400, 100, 'NA'),
(33, 32, 191, 400, 'Completed', 200, 200, 'NA'),
(34, 34, 11, 0.65, 'pending', 0, 0, 'ok'),
(35, 34, 10, 25, 'Completed', 25, 0, 'ok'),
(36, 35, 11, 25, 'Completed', 25, 0, 'first'),
(37, 36, 10, 25, 'Completed', 25, 0, 'ok');

-- --------------------------------------------------------

--
-- Table structure for table `molding_production`
--

CREATE TABLE `molding_production` (
  `id` int NOT NULL,
  `shift_id` int NOT NULL,
  `machine_id` int NOT NULL,
  `operator_id` int NOT NULL,
  `date` varchar(20) COLLATE utf8mb4_general_ci NOT NULL,
  `qty` float NOT NULL,
  `rejection_qty` float NOT NULL DEFAULT '0' COMMENT 'Rejection Quantity',
  `created_by` int NOT NULL,
  `created_date` varchar(20) COLLATE utf8mb4_general_ci NOT NULL,
  `created_time` varchar(20) COLLATE utf8mb4_general_ci NOT NULL,
  `day` int NOT NULL,
  `month` int NOT NULL,
  `year` int NOT NULL,
  `status` varchar(20) COLLATE utf8mb4_general_ci DEFAULT 'pending',
  `output_part_id` int NOT NULL,
  `output_part_table_name` varchar(20) COLLATE utf8mb4_general_ci NOT NULL,
  `accepted_qty` float DEFAULT '0',
  `rejected_qty` float DEFAULT '0',
  `onhold_qty` float NOT NULL,
  `rejection_reason` text COLLATE utf8mb4_general_ci,
  `rejection_remark` varchar(50) COLLATE utf8mb4_general_ci DEFAULT NULL,
  `scrap_factor` float DEFAULT NULL,
  `mold_id` int NOT NULL,
  `customer_part_id` int NOT NULL,
  `production_hours` float NOT NULL,
  `downtime_in_min` float NOT NULL,
  `setup_time_in_min` float NOT NULL,
  `cycle_time` float NOT NULL,
  `finish_part_weight` float NOT NULL,
  `runner_weight` float NOT NULL,
  `remark` text COLLATE utf8mb4_general_ci NOT NULL,
  `downtime_reason` text COLLATE utf8mb4_general_ci,
  `wastage` float DEFAULT NULL
) ENGINE=InnoDB DEFAULT CHARSET=utf8mb4 COLLATE=utf8mb4_general_ci;

--
-- Dumping data for table `molding_production`
--

INSERT INTO `molding_production` (`id`, `shift_id`, `machine_id`, `operator_id`, `date`, `qty`, `rejection_qty`, `created_by`, `created_date`, `created_time`, `day`, `month`, `year`, `status`, `output_part_id`, `output_part_table_name`, `accepted_qty`, `rejected_qty`, `onhold_qty`, `rejection_reason`, `rejection_remark`, `scrap_factor`, `mold_id`, `customer_part_id`, `production_hours`, `downtime_in_min`, `setup_time_in_min`, `cycle_time`, `finish_part_weight`, `runner_weight`, `remark`, `downtime_reason`, `wastage`) VALUES
(2, 1, 10, 15, '2023-11-01', 950, 5, 3, '05-11-2023', '10:14:09', 5, 11, 2023, 'completed', 0, '', 946, 4, 0, NULL, 'crack', NULL, 3, 145, 11, 30, 30, 45, 6.44, 2.54, '', NULL, 0.56),
(3, 2, 9, 16, '2023-11-01', 0, 2, 3, '05-11-2023', '10:23:40', 5, 11, 2023, 'completed', 0, '', 950, 0, 0, NULL, 'NA', NULL, 4, 146, 10, 90, 30, 38, 5.25, 290, '', NULL, 0.4),
(4, 2, 7, 15, '2023-11-04', 0, 3, 3, '05-11-2023', '06:32:55', 5, 11, 2023, 'completed', 0, '', 927, 3, 0, NULL, 'Ok', NULL, 4, 146, 10, 30, 40, 40, 5.15, 2.84, '', NULL, 0.51),
(5, 1, 8, 14, '2023-11-06', 0, 10, 3, '06-11-2023', '02:12:12', 6, 11, 2023, 'completed', 0, '', 990, 10, 0, NULL, 'ok', NULL, 4, 146, 10, 90, 30, 45, 5.5, 2.2, 'ok', NULL, 2.1),
(6, 1, 11, 16, '2023-11-30', 500, 2, 3, '30-11-2023', '04:07:11', 30, 11, 2023, 'pending', 0, '', 0, 0, 0, NULL, NULL, NULL, 2, 121, 2, 4, 6, 33, 5, 4, 'ee', NULL, 4),
(7, 2, 11, 17, '2024-01-14', 1, 0, 3, '14-01-2024', '07:00:44', 14, 1, 2024, 'pending', 0, '', 0, 0, 0, NULL, NULL, NULL, 1, 216, 1, 1, 1, 1, 1, 1, '', NULL, 1),
(8, 2, 10, 16, '2024-01-14', 10, 3, 3, '14-01-2024', '07:33:21', 14, 1, 2024, 'pending', 0, '', 0, 0, 0, NULL, NULL, NULL, 7, 119, 8, 8, 7, 9, 7, 9, '', NULL, 7),
(9, 2, 11, 15, '2024-01-17', 10, 2, 3, '17-01-2024', '11:20:01', 17, 1, 2024, 'completed', 0, '', 10, 0, 0, NULL, '', NULL, 8, 212, 228, 873, 733, 73, 73, 83, '', NULL, 72),
(10, 1, 10, 16, '2024-02-06', 10, 2, 3, '06-02-2024', '11:17:13', 6, 2, 2024, 'completed', 0, '', 10, 0, 0, NULL, '', NULL, 8, 212, 2, 3, 2, 0, 3, 11, '', NULL, 0),
(11, 1, 10, 17, '2024-02-20', 10, 2, 3, '20-02-2024', '07:14:44', 20, 2, 2024, 'completed', 0, '', 8, 2, 0, NULL, '', NULL, 8, 212, 20, 22, 23, 334, 33, 34, '', NULL, 34),
(12, 1, 11, 15, '2024-04-17', 90, 0, 3, '17-04-2024', '05:17:21', 17, 4, 2024, 'completed', 0, '', 90, 0, 0, NULL, 'NA', NULL, 2, 121, 23, 15, 12, 2, 10, 5, 'NA', NULL, 5),
(13, 0, 11, 17, '2024-04-24', 10, 0, 3, '24-04-2024', '05:33:30', 24, 4, 2024, 'completed', 0, '', 10, 0, 0, NULL, 'NA', NULL, 10, 220, 20, 10, 5, 30, 0.25, 0.12, 'NA', NULL, 0.1),
(14, 1, 5, 11, '2024-04-27', 10, 0, 3, '27-04-2024', '03:54:11', 27, 4, 2024, 'completed', 0, '', 10, 0, 0, NULL, '', NULL, 11, 15, 60, 20, 10, 20, 0.2, 0.1, 'ok', NULL, 0.01),
(15, 2, 11, 11, '2024-04-27', 20, 0, 3, '27-04-2024', '04:01:53', 27, 4, 2024, 'completed', 0, '', 20, 0, 0, NULL, 'NA', NULL, 11, 15, 60, 30, 10, 30, 0.25, 0.12, 'ok', NULL, 0.1),
(16, 0, 11, 17, '2024-04-27', 20, 0, 3, '27-04-2024', '04:20:06', 27, 4, 2024, 'completed', 0, '', 20, 0, 0, NULL, '', NULL, 13, 15, 40, 25, 10, 30, 0.25, 0.2, '', NULL, 0.025);

-- --------------------------------------------------------

--
-- Table structure for table `molding_stock_transfer`
--

CREATE TABLE `molding_stock_transfer` (
  `id` int NOT NULL,
  `status` varchar(20) COLLATE utf8mb4_general_ci NOT NULL DEFAULT 'pending',
  `customer_part_id` int NOT NULL,
  `semi_finished_location` float NOT NULL DEFAULT '0',
  `accepted_qty` float DEFAULT NULL,
  `created_date` varchar(20) COLLATE utf8mb4_general_ci NOT NULL,
  `created_time` varchar(20) COLLATE utf8mb4_general_ci NOT NULL,
  `day` int NOT NULL,
  `month` int NOT NULL,
  `year` int NOT NULL,
  `created_by` int NOT NULL,
  `deflashing_assembly_location` float NOT NULL DEFAULT '0',
  `final_inspection_location` float DEFAULT '0'
) ENGINE=InnoDB DEFAULT CHARSET=utf8mb4 COLLATE=utf8mb4_general_ci;

--
-- Dumping data for table `molding_stock_transfer`
--

INSERT INTO `molding_stock_transfer` (`id`, `status`, `customer_part_id`, `semi_finished_location`, `accepted_qty`, `created_date`, `created_time`, `day`, `month`, `year`, `created_by`, `deflashing_assembly_location`, `final_inspection_location`) VALUES
(1, 'completed', 121, 0, NULL, '02-10-2023', '07:12:43', 2, 10, 2023, 3, 0, 2276),
(2, 'completed', 145, 0, NULL, '05-11-2023', '10:17:21', 5, 11, 2023, 3, 0, 946),
(3, 'completed', 146, 0, NULL, '05-11-2023', '10:29:11', 5, 11, 2023, 3, 0, 950),
(4, 'pending', 146, 0, NULL, '05-11-2023', '06:35:02', 5, 11, 2023, 3, 0, 927),
(5, 'pending', 146, 0, NULL, '06-11-2023', '02:26:22', 6, 11, 2023, 3, 0, 990),
(6, 'completed', 212, 0, NULL, '20-02-2024', '07:16:30', 20, 2, 2024, 3, 0, 8),
(7, 'completed', 212, 0, NULL, '20-02-2024', '07:19:07', 20, 2, 2024, 3, 0, 10),
(8, 'completed', 212, 0, NULL, '20-02-2024', '07:19:35', 20, 2, 2024, 3, 0, 10),
(9, 'completed', 220, 0, NULL, '24-04-2024', '05:34:17', 24, 4, 2024, 3, 0, 10),
(10, 'completed', 220, 0, NULL, '24-04-2024', '05:34:30', 24, 4, 2024, 3, 0, 10),
(11, 'completed', 121, 0, NULL, '24-04-2024', '05:36:26', 24, 4, 2024, 3, 0, 90),
(12, 'completed', 15, 0, NULL, '27-04-2024', '03:54:55', 27, 4, 2024, 3, 0, 10),
(13, 'completed', 15, 0, NULL, '27-04-2024', '04:02:16', 27, 4, 2024, 3, 0, 20),
(14, 'completed', 15, 0, NULL, '27-04-2024', '04:20:42', 27, 4, 2024, 3, 0, 20);

-- --------------------------------------------------------

--
-- Table structure for table `mold_maintenance`
--

CREATE TABLE `mold_maintenance` (
  `id` int NOT NULL,
  `no_of_cavity` int NOT NULL,
  `customer_part_id` int NOT NULL,
  `target_life` int NOT NULL,
  `mold_name` varchar(255) COLLATE utf8mb4_general_ci NOT NULL,
  `ownership` enum('Customer','Client') COLLATE utf8mb4_general_ci NOT NULL,
  `target_over_life` int DEFAULT NULL,
  `doc` varchar(255) COLLATE utf8mb4_general_ci DEFAULT NULL,
  `pm_date` varchar(255) COLLATE utf8mb4_general_ci DEFAULT NULL,
  `current_molding_prod_qty` int DEFAULT NULL
) ENGINE=InnoDB DEFAULT CHARSET=utf8mb4 COLLATE=utf8mb4_general_ci;

--
-- Dumping data for table `mold_maintenance`
--

INSERT INTO `mold_maintenance` (`id`, `no_of_cavity`, `customer_part_id`, `target_life`, `mold_name`, `ownership`, `target_over_life`, `doc`, `pm_date`, `current_molding_prod_qty`) VALUES
(1, 4, 120, 50000, 'm1', 'Customer', 500000, NULL, NULL, 1000),
(2, 4, 121, 50000, 'm2', 'Customer', 500000, NULL, NULL, NULL),
(3, 4, 145, 60000, 'm3', 'Customer', 600000, NULL, NULL, NULL),
(4, 222, 146, 3000022, 'm4', 'Customer', 30000022, NULL, NULL, NULL),
(5, 4, 216, 3333, 'RM1', 'Client', 333333, NULL, NULL, NULL),
(6, 22, 146, 300002, 'm4', 'Customer', 3000002, 'PO-Order_(11)1.pdf', '2024-01-13', 2880),
(7, 3, 119, 555, 'sm1', 'Customer', 6666, NULL, NULL, NULL),
(8, 2, 212, 2222, 'D04768-M1', 'Customer', 4443, NULL, NULL, NULL),
(9, 10, 235, 5, 'RAIL ASSAY', 'Customer', 6, NULL, NULL, NULL),
(10, 2, 220, 2000, ' BREAK', 'Customer', 1000, NULL, NULL, NULL),
(11, 100, 15, 500, ' BREAK', 'Customer', 1000, NULL, NULL, NULL),
(12, 100, 1, 250, 'RAIL ASSAY', 'Customer', 25000, NULL, NULL, NULL),
(13, 50, 15, 1000, 'RAIL ASSAY', 'Customer', 1000, NULL, NULL, NULL);

-- --------------------------------------------------------

--
-- Table structure for table `mold_production_downtime_details`
--

CREATE TABLE `mold_production_downtime_details` (
  `id` int NOT NULL,
  `molding_productionKy` int NOT NULL,
  `downtime_reasonKy` int NOT NULL,
  `downtime` int NOT NULL,
  `updatedttm` datetime NOT NULL DEFAULT CURRENT_TIMESTAMP
) ENGINE=InnoDB DEFAULT CHARSET=latin1;

--
-- Dumping data for table `mold_production_downtime_details`
--

INSERT INTO `mold_production_downtime_details` (`id`, `molding_productionKy`, `downtime_reasonKy`, `downtime`, `updatedttm`) VALUES
(1, 2, 8, 20, '2023-11-04 21:46:32'),
(2, 2, 2, 10, '2023-11-04 21:46:50'),
(3, 3, 2, 90, '2023-11-04 21:58:48'),
(4, 4, 8, 10, '2023-11-05 06:03:58'),
(5, 4, 6, 15, '2023-11-05 06:04:07'),
(6, 4, 4, 5, '2023-11-05 06:04:14');

-- --------------------------------------------------------

--
-- Table structure for table `mold_production_rejection_details`
--

CREATE TABLE `mold_production_rejection_details` (
  `id` int NOT NULL,
  `molding_productionKy` int NOT NULL,
  `rejection_reasonKy` int NOT NULL,
  `rejection_qty` float NOT NULL,
  `cavity` varchar(50) DEFAULT NULL,
  `updatedttm` datetime NOT NULL DEFAULT CURRENT_TIMESTAMP
) ENGINE=InnoDB DEFAULT CHARSET=latin1;

--
-- Dumping data for table `mold_production_rejection_details`
--

INSERT INTO `mold_production_rejection_details` (`id`, `molding_productionKy`, `rejection_reasonKy`, `rejection_qty`, `cavity`, `updatedttm`) VALUES
(1, 2, 8, 2, NULL, '2023-11-04 21:45:19'),
(2, 2, 4, 3, NULL, '2023-11-04 21:45:37'),
(3, 2, 10, 4, NULL, '2023-11-04 21:47:54'),
(4, 3, 11, 1, NULL, '2023-11-04 21:54:00'),
(5, 3, 9, 1, NULL, '2023-11-04 21:54:08'),
(6, 4, 11, 1, NULL, '2023-11-05 06:03:19'),
(7, 4, 8, 1, NULL, '2023-11-05 06:03:27'),
(8, 4, 7, 1, NULL, '2023-11-05 06:03:36'),
(9, 5, 8, 5, NULL, '2023-11-06 01:42:42'),
(10, 5, 7, 5, NULL, '2023-11-06 01:42:50');

-- --------------------------------------------------------

--
-- Table structure for table `new_po`
--

CREATE TABLE `new_po` (
  `id` int NOT NULL,
  `clientId` int NOT NULL,
  `po_number` varchar(50) COLLATE utf8mb4_general_ci NOT NULL,
  `supplier_id` int NOT NULL,
  `po_date` varchar(10) COLLATE utf8mb4_general_ci NOT NULL,
  `expiry_po_date` varchar(20) COLLATE utf8mb4_general_ci DEFAULT NULL,
  `remark` text COLLATE utf8mb4_general_ci,
  `created_by` int NOT NULL,
  `created_date` varchar(10) COLLATE utf8mb4_general_ci NOT NULL,
  `created_time` varchar(12) COLLATE utf8mb4_general_ci NOT NULL,
  `created_day` int NOT NULL,
  `created_month` varchar(20) COLLATE utf8mb4_general_ci NOT NULL,
  `created_year` varchar(20) COLLATE utf8mb4_general_ci NOT NULL,
  `status` varchar(20) COLLATE utf8mb4_general_ci NOT NULL DEFAULT 'pending',
  `deleted` int NOT NULL DEFAULT '0',
  `process_id` int DEFAULT NULL,
  `amendment_no` text COLLATE utf8mb4_general_ci,
  `amendment_date` varchar(20) COLLATE utf8mb4_general_ci DEFAULT NULL,
  `loading_unloading` decimal(15,2) DEFAULT NULL,
  `loading_unloading_gst` int DEFAULT NULL,
  `freight_amount` decimal(15,2) DEFAULT NULL,
  `freight_amount_gst` varchar(20) COLLATE utf8mb4_general_ci DEFAULT NULL,
  `billing_address` text COLLATE utf8mb4_general_ci,
  `shipping_address` text COLLATE utf8mb4_general_ci,
  `closed_remark` text COLLATE utf8mb4_general_ci,
  `notes` text COLLATE utf8mb4_general_ci,
  `final_amount` decimal(15,2) DEFAULT NULL
) ENGINE=InnoDB DEFAULT CHARSET=utf8mb4 COLLATE=utf8mb4_general_ci;

--
-- Dumping data for table `new_po`
--

INSERT INTO `new_po` (`id`, `clientId`, `po_number`, `supplier_id`, `po_date`, `expiry_po_date`, `remark`, `created_by`, `created_date`, `created_time`, `created_day`, `created_month`, `created_year`, `status`, `deleted`, `process_id`, `amendment_no`, `amendment_date`, `loading_unloading`, `loading_unloading_gst`, `freight_amount`, `freight_amount_gst`, `billing_address`, `shipping_address`, `closed_remark`, `notes`, `final_amount`) VALUES
(1, 1, 'MP/PUR/23-24/1', 7, '2023-09-09', '2024-03-31', 'PO', 9, '09-09-2023', '12:33:35', 9, '9', '2023', 'accept', 0, NULL, NULL, NULL, '0.00', 0, '0.00', '0', 'Gat no-77, Plot no-06, Jyotibanagar, Talwade, Pune', 'Gat no-77, Plot no-06, Jyotibanagar, Talwade, Pune', NULL, '1.PDIR & MTC Required with each lot. Pls mention PO No. on Invoice.<br>\r\n2.Rejection if any will be debited to suppliers account<br>\r\n3. Inspection & Testing Requirements as per Customer drawing/ standard/ quality plan will be done at your end and reports will share to us.<br>\r\n<b> G. S. T.: </b> GST Extra. <br>\r\n<b> Delivery :</b>   Door Delivery. <br>\r\n<b> Validity :</b>  30 Days from date of purchase order <br>\r\n\r\n                                            ', '0.00'),
(2, 1, 'MP/PUR/23-24/2', 77, '2023-09-09', '2024-03-31', 'PO', 9, '09-09-2023', '12:34:31', 9, '9', '2023', 'accept', 0, NULL, NULL, NULL, '0.00', 0, '0.00', '0', 'Gat no-77, Plot no-06, Jyotibanagar, Talwade, Pune', 'Gat no-77, Plot no-06, Jyotibanagar, Talwade, Pune', NULL, '1.PDIR & MTC Required with each lot. Pls mention PO No. on Invoice.<br>\r\n2.Rejection if any will be debited to suppliers account<br>\r\n3. Inspection & Testing Requirements as per Customer drawing/ standard/ quality plan will be done at your end and reports will share to us.<br>\r\n<b> G. S. T.: </b> GST Extra. <br>\r\n<b> Delivery :</b>   Door Delivery. <br>\r\n<b> Validity :</b>  30 Days from date of purchase order <br>\r\n\r\n                                            ', '0.00'),
(3, 1, 'MP/PUR/23-24/3', 69, '2023-09-09', '2024-03-31', 'PO', 9, '09-09-2023', '02:18:12', 9, '9', '2023', 'accept', 0, NULL, NULL, NULL, '0.00', 0, '0.00', '0', 'Gat no-77, Plot no-06, Jyotibanagar, Talwade, Pune', 'Gat no-77, Plot no-06, Jyotibanagar, Talwade, Pune', NULL, '1.PDIR & MTC Required with each lot. Pls mention PO No. on Invoice.<br>\r\n2.Rejection if any will be debited to suppliers account<br>\r\n3. Inspection & Testing Requirements as per Customer drawing/ standard/ quality plan will be done at your end and reports will share to us.<br>\r\n<b> G. S. T.: </b> GST Extra. <br>\r\n<b> Delivery :</b>   Door Delivery. <br>\r\n<b> Validity :</b>  30 Days from date of purchase order <br>\r\n\r\n                                            ', '0.00'),
(4, 1, 'MP/PUR/23-24/4', 21, '2023-09-10', '2024-03-31', 'PO', 10, '10-09-2023', '09:15:46', 10, '9', '2023', 'accept', 0, NULL, NULL, NULL, '0.00', 0, '0.00', '0', 'Gat no-77, Plot no-06, Jyotibanagar, Talwade, Pune', 'Gat no-77, Plot no-06, Jyotibanagar, Talwade, Pune', NULL, '1.PDIR & MTC Required with each lot. Pls mention PO No. on Invoice.<br>\r\n2.Rejection if any will be debited to suppliers account<br>\r\n3. Inspection & Testing Requirements as per Customer drawing/ standard/ quality plan will be done at your end and reports will share to us.<br>\r\n<b> G. S. T.: </b> GST Extra. <br>\r\n<b> Delivery :</b>   Door Delivery. <br>\r\n<b> Validity :</b>  30 Days from date of purchase order <br>\r\n\r\n                                            ', '0.00'),
(5, 1, 'MP/PUR/23-24/5', 35, '2023-09-10', '2024-03-31', 'PO', 10, '10-09-2023', '09:55:56', 10, '9', '2023', 'accept', 0, NULL, NULL, NULL, '0.00', 0, '0.00', '0', 'Gat no-77, Plot no-06, Jyotibanagar, Talwade, Pune', 'Gat no-77, Plot no-06, Jyotibanagar, Talwade, Pune', NULL, '1.PDIR & MTC Required with each lot. Pls mention PO No. on Invoice.<br>\r\n2.Rejection if any will be debited to suppliers account<br>\r\n3. Inspection & Testing Requirements as per Customer drawing/ standard/ quality plan will be done at your end and reports will share to us.<br>\r\n<b> G. S. T.: </b> GST Extra. <br>\r\n<b> Delivery :</b>   Door Delivery. <br>\r\n<b> Validity :</b>  30 Days from date of purchase order <br>\r\n\r\n                                            ', '0.00'),
(6, 1, 'MP/PUR/23-24/6', 80, '2023-09-10', '2024-03-31', 'PO', 10, '10-09-2023', '10:09:39', 10, '9', '2023', 'accept', 0, NULL, NULL, NULL, '0.00', 0, '0.00', '0', 'Gat no-77, Plot no-06, Jyotibanagar, Talwade, Pune', 'Gat no-77, Plot no-06, Jyotibanagar, Talwade, Pune', NULL, '1.PDIR & MTC Required with each lot. Pls mention PO No. on Invoice.<br>\r\n2.Rejection if any will be debited to suppliers account<br>\r\n3. Inspection & Testing Requirements as per Customer drawing/ standard/ quality plan will be done at your end and reports will share to us.<br>\r\n<b> G. S. T.: </b> GST Extra. <br>\r\n<b> Delivery :</b>   Door Delivery. <br>\r\n<b> Validity :</b>  30 Days from date of purchase order <br>\r\n\r\n                                            ', '0.00'),
(7, 1, 'MP/PUR/23-24/7', 68, '2023-09-10', '2024-03-31', 'PO', 10, '10-09-2023', '10:13:30', 10, '9', '2023', 'accept', 0, NULL, NULL, NULL, '0.00', 0, '0.00', '0', 'Gat no-77, Plot no-06, Jyotibanagar, Talwade, Pune', 'Gat no-77, Plot no-06, Jyotibanagar, Talwade, Pune', NULL, '1.PDIR & MTC Required with each lot. Pls mention PO No. on Invoice.<br>\r\n2.Rejection if any will be debited to suppliers account<br>\r\n3. Inspection & Testing Requirements as per Customer drawing/ standard/ quality plan will be done at your end and reports will share to us.<br>\r\n<b> G. S. T.: </b> GST Extra. <br>\r\n<b> Delivery :</b>   Door Delivery. <br>\r\n<b> Validity :</b>  30 Days from date of purchase order <br>\r\n\r\n                                            ', '0.00'),
(8, 1, 'MP/PUR/23-24/8', 68, '2023-09-10', '2024-03-31', 'PO', 10, '10-09-2023', '10:16:18', 10, '9', '2023', 'accept', 0, NULL, NULL, NULL, '0.00', 0, '0.00', '0', 'Gat no-77, Plot no-06, Jyotibanagar, Talwade, Pune', 'Gat no-77, Plot no-06, Jyotibanagar, Talwade, Pune', NULL, '1.PDIR & MTC Required with each lot. Pls mention PO No. on Invoice.<br>\r\n2.Rejection if any will be debited to suppliers account<br>\r\n3. Inspection & Testing Requirements as per Customer drawing/ standard/ quality plan will be done at your end and reports will share to us.<br>\r\n<b> G. S. T.: </b> GST Extra. <br>\r\n<b> Delivery :</b>   Door Delivery. <br>\r\n<b> Validity :</b>  30 Days from date of purchase order <br>\r\n\r\n                                            ', '0.00'),
(9, 1, 'MP/PUR/23-24/9', 35, '2023-09-10', '2024-03-31', 'PO', 10, '10-09-2023', '10:21:05', 10, '9', '2023', 'accept', 0, NULL, NULL, NULL, '0.00', 0, '0.00', '0', 'Gat no-77, Plot no-06, Jyotibanagar, Talwade, Pune', 'Gat no-77, Plot no-06, Jyotibanagar, Talwade, Pune', NULL, '1.PDIR & MTC Required with each lot. Pls mention PO No. on Invoice.<br>\r\n2.Rejection if any will be debited to suppliers account<br>\r\n3. Inspection & Testing Requirements as per Customer drawing/ standard/ quality plan will be done at your end and reports will share to us.<br>\r\n<b> G. S. T.: </b> GST Extra. <br>\r\n<b> Delivery :</b>   Door Delivery. <br>\r\n<b> Validity :</b>  30 Days from date of purchase order <br>\r\n\r\n                                            ', '0.00'),
(10, 1, 'MP/PUR/23-24/10', 2, '2023-09-10', '2024-03-31', 'PO', 10, '10-09-2023', '10:29:23', 10, '9', '2023', 'accept', 0, NULL, NULL, NULL, '0.00', 0, '0.00', '0', 'Gat no-77, Plot no-06, Jyotibanagar, Talwade, Pune', 'Gat no-77, Plot no-06, Jyotibanagar, Talwade, Pune', NULL, '1.PDIR & MTC Required with each lot. Pls mention PO No. on Invoice.<br>\r\n2.Rejection if any will be debited to suppliers account<br>\r\n3. Inspection & Testing Requirements as per Customer drawing/ standard/ quality plan will be done at your end and reports will share to us.<br>\r\n<b> G. S. T.: </b> GST Extra. <br>\r\n<b> Delivery :</b>   Door Delivery. <br>\r\n<b> Validity :</b>  30 Days from date of purchase order <br>\r\n\r\n                                            ', '0.00'),
(11, 1, 'MP/PUR/23-24/11', 68, '2023-09-10', '2024-03-31', 'PO', 10, '10-09-2023', '10:41:37', 10, '9', '2023', 'accept', 0, NULL, NULL, NULL, '0.00', 0, '0.00', '0', 'Gat no-77, Plot no-06, Jyotibanagar, Talwade, Pune', 'Gat no-77, Plot no-06, Jyotibanagar, Talwade, Pune', NULL, '1.PDIR & MTC Required with each lot. Pls mention PO No. on Invoice.<br>\r\n2.Rejection if any will be debited to suppliers account<br>\r\n3. Inspection & Testing Requirements as per Customer drawing/ standard/ quality plan will be done at your end and reports will share to us.<br>\r\n<b> G. S. T.: </b> GST Extra. <br>\r\n<b> Delivery :</b>   Door Delivery. <br>\r\n<b> Validity :</b>  30 Days from date of purchase order <br>\r\n\r\n                                            ', '0.00'),
(12, 1, 'MP/PUR/23-24/12', 71, '2023-09-10', '2024-03-31', 'PO', 10, '10-09-2023', '10:48:10', 10, '9', '2023', 'accept', 0, NULL, NULL, NULL, '0.00', 0, '0.00', '0', 'Gat no-77, Plot no-06, Jyotibanagar, Talwade, Pune', 'Gat no-77, Plot no-06, Jyotibanagar, Talwade, Pune', NULL, '1.PDIR & MTC Required with each lot. Pls mention PO No. on Invoice.<br>\r\n2.Rejection if any will be debited to suppliers account<br>\r\n3. Inspection & Testing Requirements as per Customer drawing/ standard/ quality plan will be done at your end and reports will share to us.<br>\r\n<b> G. S. T.: </b> GST Extra. <br>\r\n<b> Delivery :</b>   Door Delivery. <br>\r\n<b> Validity :</b>  30 Days from date of purchase order <br>\r\n\r\n                                            ', '0.00'),
(13, 1, 'MP/PUR/23-24/13', 71, '2023-09-10', '2024-03-31', 'PO', 10, '10-09-2023', '11:08:33', 10, '9', '2023', 'accept', 0, NULL, NULL, NULL, '0.00', 0, '0.00', '0', 'Gat no-77, Plot no-06, Jyotibanagar, Talwade, Pune', 'Gat no-77, Plot no-06, Jyotibanagar, Talwade, Pune', NULL, '1.PDIR & MTC Required with each lot. Pls mention PO No. on Invoice.<br>\r\n2.Rejection if any will be debited to suppliers account<br>\r\n3. Inspection & Testing Requirements as per Customer drawing/ standard/ quality plan will be done at your end and reports will share to us.<br>\r\n<b> G. S. T.: </b> GST Extra. <br>\r\n<b> Delivery :</b>   Door Delivery. <br>\r\n<b> Validity :</b>  30 Days from date of purchase order <br>\r\n\r\n                                            ', '0.00'),
(14, 1, 'MP/PUR/23-24/14', 69, '2023-09-10', '2024-03-31', 'PO', 10, '10-09-2023', '11:18:46', 10, '9', '2023', 'accept', 0, NULL, NULL, NULL, '0.00', 0, '0.00', '0', 'Gat no-77, Plot no-06, Jyotibanagar, Talwade, Pune', 'Gat no-77, Plot no-06, Jyotibanagar, Talwade, Pune', NULL, '1.PDIR & MTC Required with each lot. Pls mention PO No. on Invoice.<br>\r\n2.Rejection if any will be debited to suppliers account<br>\r\n3. Inspection & Testing Requirements as per Customer drawing/ standard/ quality plan will be done at your end and reports will share to us.<br>\r\n<b> G. S. T.: </b> GST Extra. <br>\r\n<b> Delivery :</b>   Door Delivery. <br>\r\n<b> Validity :</b>  30 Days from date of purchase order <br>\r\n\r\n                                            ', '0.00'),
(15, 1, 'MP/PUR/23-24/15', 73, '2023-09-10', '2024-03-31', 'PO', 10, '10-09-2023', '11:28:29', 10, '9', '2023', 'accept', 0, NULL, NULL, NULL, '0.00', 0, '0.00', '0', 'Gat no-77, Plot no-06, Jyotibanagar, Talwade, Pune', 'Gat no-77, Plot no-06, Jyotibanagar, Talwade, Pune', NULL, '1.PDIR & MTC Required with each lot. Pls mention PO No. on Invoice.<br>\r\n2.Rejection if any will be debited to suppliers account<br>\r\n3. Inspection & Testing Requirements as per Customer drawing/ standard/ quality plan will be done at your end and reports will share to us.<br>\r\n<b> G. S. T.: </b> GST Extra. <br>\r\n<b> Delivery :</b>   Door Delivery. <br>\r\n<b> Validity :</b>  30 Days from date of purchase order <br>\r\n\r\n                                            ', '0.00'),
(16, 1, 'MP/PUR/23-24/16', 68, '2023-09-15', '2024-03-31', 'PO', 15, '15-09-2023', '09:34:25', 15, '9', '2023', 'accept', 0, NULL, 'invoice qty ', '17-09-2023', '0.00', 0, '0.00', '0', 'Gat no-77, Plot no-06, Jyotibanagar, Talwade, Pune', 'Gat no-77, Plot no-06, Jyotibanagar, Talwade, Pune', NULL, '1.PDIR & MTC Required with each lot. Pls mention PO No. on Invoice.<br>\r\n2.Rejection if any will be debited to suppliers account<br>\r\n3. Inspection & Testing Requirements as per Customer drawing/ standard/ quality plan will be done at your end and reports will share to us.<br>\r\n<b> G. S. T.: </b> GST Extra. <br>\r\n<b> Delivery :</b>   Door Delivery. <br>\r\n<b> Validity :</b>  30 Days from date of purchase order <br>\r\n\r\n                                            ', '0.00'),
(17, 1, 'MP/PUR/23-24/17', 7, '2023-09-15', '2024-03-31', 'PO', 15, '15-09-2023', '09:36:48', 15, '9', '2023', 'accept', 0, NULL, NULL, NULL, '0.00', 0, '0.00', '0', 'Gat no-77, Plot no-06, Jyotibanagar, Talwade, Pune', 'Gat no-77, Plot no-06, Jyotibanagar, Talwade, Pune', NULL, '1.PDIR & MTC Required with each lot. Pls mention PO No. on Invoice.<br>\r\n2.Rejection if any will be debited to suppliers account<br>\r\n3. Inspection & Testing Requirements as per Customer drawing/ standard/ quality plan will be done at your end and reports will share to us.<br>\r\n<b> G. S. T.: </b> GST Extra. <br>\r\n<b> Delivery :</b>   Door Delivery. <br>\r\n<b> Validity :</b>  30 Days from date of purchase order <br>\r\n\r\n                                            ', '0.00'),
(18, 1, 'MP/PUR/23-24/18', 19, '2023-09-15', '2024-03-31', 'PO', 15, '15-09-2023', '02:48:45', 15, '9', '2023', 'accept', 0, NULL, NULL, NULL, '0.00', 0, '0.00', '0', 'Gat no-77, Plot no-06, Jyotibanagar, Talwade, Pune', 'Gat no-77, Plot no-06, Jyotibanagar, Talwade, Pune', NULL, '1.PDIR & MTC Required with each lot. Pls mention PO No. on Invoice.<br>\r\n2.Rejection if any will be debited to suppliers account<br>\r\n3. Inspection & Testing Requirements as per Customer drawing/ standard/ quality plan will be done at your end and reports will share to us.<br>\r\n<b> G. S. T.: </b> GST Extra. <br>\r\n<b> Delivery :</b>   Door Delivery. <br>\r\n<b> Validity :</b>  30 Days from date of purchase order <br>\r\n\r\n                                            ', '0.00'),
(19, 1, 'MP/PUR/23-24/19', 26, '2023-09-15', '2024-03-31', 'PO', 15, '15-09-2023', '03:02:31', 15, '9', '2023', 'accept', 0, NULL, NULL, NULL, '0.00', 0, '0.00', '0', 'Gat no-77, Plot no-06, Jyotibanagar, Talwade, Pune', 'Gat no-77, Plot no-06, Jyotibanagar, Talwade, Pune', NULL, '1.PDIR & MTC Required with each lot. Pls mention PO No. on Invoice.<br>\r\n2.Rejection if any will be debited to suppliers account<br>\r\n3. Inspection & Testing Requirements as per Customer drawing/ standard/ quality plan will be done at your end and reports will share to us.<br>\r\n<b> G. S. T.: </b> GST Extra. <br>\r\n<b> Delivery :</b>   Door Delivery. <br>\r\n<b> Validity :</b>  30 Days from date of purchase order <br>\r\n\r\n                                            ', '0.00'),
(20, 1, 'MP/PUR/23-24/20', 43, '2023-09-15', '2024-03-31', 'PO', 15, '15-09-2023', '03:16:35', 15, '9', '2023', 'accept', 0, NULL, NULL, NULL, '0.00', 0, '0.00', '0', 'Gat no-77, Plot no-06, Jyotibanagar, Talwade, Pune', 'Gat no-77, Plot no-06, Jyotibanagar, Talwade, Pune', NULL, '1.PDIR & MTC Required with each lot. Pls mention PO No. on Invoice.<br>\r\n2.Rejection if any will be debited to suppliers account<br>\r\n3. Inspection & Testing Requirements as per Customer drawing/ standard/ quality plan will be done at your end and reports will share to us.<br>\r\n<b> G. S. T.: </b> GST Extra. <br>\r\n<b> Delivery :</b>   Door Delivery. <br>\r\n<b> Validity :</b>  30 Days from date of purchase order <br>\r\n\r\n                                            ', '0.00'),
(21, 1, 'MP/PUR/23-24/21', 65, '2023-09-15', '2024-03-31', 'PO', 15, '15-09-2023', '03:37:11', 15, '9', '2023', 'accept', 0, NULL, NULL, NULL, '0.00', 0, '0.00', '0', 'Gat no-77, Plot no-06, Jyotibanagar, Talwade, Pune', 'Gat no-77, Plot no-06, Jyotibanagar, Talwade, Pune', NULL, '1.PDIR & MTC Required with each lot. Pls mention PO No. on Invoice.<br>\r\n2.Rejection if any will be debited to suppliers account<br>\r\n3. Inspection & Testing Requirements as per Customer drawing/ standard/ quality plan will be done at your end and reports will share to us.<br>\r\n<b> G. S. T.: </b> GST Extra. <br>\r\n<b> Delivery :</b>   Door Delivery. <br>\r\n<b> Validity :</b>  30 Days from date of purchase order <br>\r\n\r\n                                            ', '0.00'),
(22, 1, 'MP/PUR/23-24/22', 26, '2023-09-15', '2024-03-31', 'PO', 15, '15-09-2023', '03:42:59', 15, '9', '2023', 'accept', 0, NULL, NULL, NULL, '0.00', 0, '0.00', '0', 'Gat no-77, Plot no-06, Jyotibanagar, Talwade, Pune', 'Gat no-77, Plot no-06, Jyotibanagar, Talwade, Pune', NULL, '1.PDIR & MTC Required with each lot. Pls mention PO No. on Invoice.<br>\r\n2.Rejection if any will be debited to suppliers account<br>\r\n3. Inspection & Testing Requirements as per Customer drawing/ standard/ quality plan will be done at your end and reports will share to us.<br>\r\n<b> G. S. T.: </b> GST Extra. <br>\r\n<b> Delivery :</b>   Door Delivery. <br>\r\n<b> Validity :</b>  30 Days from date of purchase order <br>\r\n\r\n                                            ', '0.00'),
(23, 1, 'MP/PUR/23-24/23', 65, '2023-09-15', '2024-03-31', 'PO', 15, '15-09-2023', '04:16:21', 15, '9', '2023', 'accept', 0, NULL, NULL, NULL, '0.00', 0, '0.00', '0', 'Gat no-77, Plot no-06, Jyotibanagar, Talwade, Pune', 'Gat no-77, Plot no-06, Jyotibanagar, Talwade, Pune', NULL, '1.PDIR & MTC Required with each lot. Pls mention PO No. on Invoice.<br>\r\n2.Rejection if any will be debited to suppliers account<br>\r\n3. Inspection & Testing Requirements as per Customer drawing/ standard/ quality plan will be done at your end and reports will share to us.<br>\r\n<b> G. S. T.: </b> GST Extra. <br>\r\n<b> Delivery :</b>   Door Delivery. <br>\r\n<b> Validity :</b>  30 Days from date of purchase order <br>\r\n\r\n                                            ', '0.00'),
(24, 1, 'MP/PUR/23-24/24', 31, '2023-09-15', '2024-03-31', 'PO', 15, '15-09-2023', '04:19:19', 15, '9', '2023', 'accept', 0, NULL, NULL, NULL, '0.00', 0, '0.00', '0', 'Gat no-77, Plot no-06, Jyotibanagar, Talwade, Pune', 'Gat no-77, Plot no-06, Jyotibanagar, Talwade, Pune', NULL, '1.PDIR & MTC Required with each lot. Pls mention PO No. on Invoice.<br>\r\n2.Rejection if any will be debited to suppliers account<br>\r\n3. Inspection & Testing Requirements as per Customer drawing/ standard/ quality plan will be done at your end and reports will share to us.<br>\r\n<b> G. S. T.: </b> GST Extra. <br>\r\n<b> Delivery :</b>   Door Delivery. <br>\r\n<b> Validity :</b>  30 Days from date of purchase order <br>\r\n\r\n                                            ', '0.00'),
(25, 1, 'MP/PUR/23-24/25', 74, '2023-09-15', '2024-03-31', 'PO', 15, '15-09-2023', '04:24:09', 15, '9', '2023', 'accept', 0, NULL, NULL, NULL, '0.00', 0, '0.00', '0', 'Gat no-77, Plot no-06, Jyotibanagar, Talwade, Pune', 'Gat no-77, Plot no-06, Jyotibanagar, Talwade, Pune', NULL, '1.PDIR & MTC Required with each lot. Pls mention PO No. on Invoice.<br>\r\n2.Rejection if any will be debited to suppliers account<br>\r\n3. Inspection & Testing Requirements as per Customer drawing/ standard/ quality plan will be done at your end and reports will share to us.<br>\r\n<b> G. S. T.: </b> GST Extra. <br>\r\n<b> Delivery :</b>   Door Delivery. <br>\r\n<b> Validity :</b>  30 Days from date of purchase order <br>\r\n\r\n                                            ', '0.00'),
(26, 1, 'MP/PUR/23-24/26', 74, '2023-09-26', '2024-03-31', 'PO', 26, '26-09-2023', '11:28:42', 26, '9', '2023', 'accept', 0, NULL, NULL, NULL, '0.00', 0, '0.00', '0', 'Gat no-77, Plot no-06, Jyotibanagar, Talwade, Pune', 'Gat no-77, Plot no-06, Jyotibanagar, Talwade, Pune', NULL, '1.PDIR & MTC Required with each lot. Pls mention PO No. on Invoice.<br>\r\n2.Rejection if any will be debited to suppliers account<br>\r\n3. Inspection & Testing Requirements as per Customer drawing/ standard/ quality plan will be done at your end and reports will share to us.<br>\r\n<b> G. S. T.: </b> GST Extra. <br>\r\n<b> Delivery :</b>   Door Delivery. <br>\r\n<b> Validity :</b>  30 Days from date of purchase order <br>\r\n\r\n                                            ', '0.00'),
(27, 1, 'MP/PUR/23-24/27', 80, '2023-09-26', '2024-03-31', 'PO', 26, '26-09-2023', '01:05:15', 26, '9', '2023', 'accept', 0, NULL, NULL, NULL, '0.00', 0, '0.00', '0', 'Gat no-77, Plot no-06, Jyotibanagar, Talwade, Pune', 'Gat no-77, Plot no-06, Jyotibanagar, Talwade, Pune', NULL, '1.PDIR & MTC Required with each lot. Pls mention PO No. on Invoice.<br>\r\n2.Rejection if any will be debited to suppliers account<br>\r\n3. Inspection & Testing Requirements as per Customer drawing/ standard/ quality plan will be done at your end and reports will share to us.<br>\r\n<b> G. S. T.: </b> GST Extra. <br>\r\n<b> Delivery :</b>   Door Delivery. <br>\r\n<b> Validity :</b>  30 Days from date of purchase order <br>\r\n\r\n                                            ', '0.00'),
(28, 1, 'MP/PUR/23-24/28', 71, '2023-09-26', '2024-03-31', 'PO', 26, '26-09-2023', '01:06:19', 26, '9', '2023', 'accept', 0, NULL, NULL, NULL, '0.00', 0, '0.00', '0', 'Gat no-77, Plot no-06, Jyotibanagar, Talwade, Pune', 'Gat no-77, Plot no-06, Jyotibanagar, Talwade, Pune', NULL, '1.PDIR & MTC Required with each lot. Pls mention PO No. on Invoice.<br>\r\n2.Rejection if any will be debited to suppliers account<br>\r\n3. Inspection & Testing Requirements as per Customer drawing/ standard/ quality plan will be done at your end and reports will share to us.<br>\r\n<b> G. S. T.: </b> GST Extra. <br>\r\n<b> Delivery :</b>   Door Delivery. <br>\r\n<b> Validity :</b>  30 Days from date of purchase order <br>\r\n\r\n                                            ', '0.00'),
(29, 1, 'MP/PUR/23-24/29', 69, '2023-09-26', '2024-03-31', 'PO', 26, '26-09-2023', '07:34:56', 26, '9', '2023', 'accept', 0, NULL, NULL, NULL, '0.00', 0, '0.00', '0', 'Gat no-77, Plot no-06, Jyotibanagar, Talwade, Pune', 'Gat no-77, Plot no-06, Jyotibanagar, Talwade, Pune', NULL, '1.PDIR & MTC Required with each lot. Pls mention PO No. on Invoice.<br>\r\n2.Rejection if any will be debited to suppliers account<br>\r\n3. Inspection & Testing Requirements as per Customer drawing/ standard/ quality plan will be done at your end and reports will share to us.<br>\r\n<b> G. S. T.: </b> GST Extra. <br>\r\n<b> Delivery :</b>   Door Delivery. <br>\r\n<b> Validity :</b>  30 Days from date of purchase order <br>\r\n\r\n                                            ', '0.00'),
(30, 1, 'MP/PUR/23-24/30', 74, '2023-09-30', '2024-03-31', 'PO', 30, '30-09-2023', '01:44:43', 30, '9', '2023', 'pending', 0, NULL, NULL, NULL, '0.00', 0, '0.00', '0', 'Gat no-77, Plot no-06, Jyotibanagar, Talwade, Pune', 'Gat no-77, Plot no-06, Jyotibanagar, Talwade, Pune', NULL, '1.PDIR & MTC Required with each lot. Pls mention PO No. on Invoice.<br>\r\n2.Rejection if any will be debited to suppliers account<br>\r\n3. Inspection & Testing Requirements as per Customer drawing/ standard/ quality plan will be done at your end and reports will share to us.<br>\r\n<b> G. S. T.: </b> GST Extra. <br>\r\n<b> Delivery :</b>   Door Delivery. <br>\r\n<b> Validity :</b>  30 Days from date of purchase order <br>\r\n\r\n                                            ', '0.00'),
(31, 1, 'MP/PUR/23-24/31', 74, '2023-09-30', '2024-03-31', 'PO', 30, '30-09-2023', '01:52:49', 30, '9', '2023', 'accept', 0, NULL, NULL, NULL, '0.00', 0, '0.00', '0', 'Gat no-77, Plot no-06, Jyotibanagar, Talwade, Pune', 'Gat no-77, Plot no-06, Jyotibanagar, Talwade, Pune', NULL, '1.PDIR & MTC Required with each lot. Pls mention PO No. on Invoice.<br>\r\n2.Rejection if any will be debited to suppliers account<br>\r\n3. Inspection & Testing Requirements as per Customer drawing/ standard/ quality plan will be done at your end and reports will share to us.<br>\r\n<b> G. S. T.: </b> GST Extra. <br>\r\n<b> Delivery :</b>   Door Delivery. <br>\r\n<b> Validity :</b>  30 Days from date of purchase order <br>\r\n\r\n                                            ', '0.00'),
(32, 1, 'MP/PUR/23-24/32', 7, '2023-09-30', '2024-03-31', 'PO', 30, '30-09-2023', '03:14:00', 30, '9', '2023', 'accept', 0, NULL, NULL, NULL, '0.00', 0, '0.00', '0', 'Gat no-77, Plot no-06, Jyotibanagar, Talwade, Pune', 'Gat no-77, Plot no-06, Jyotibanagar, Talwade, Pune', NULL, '1.PDIR & MTC Required with each lot. Pls mention PO No. on Invoice.<br>\r\n2.Rejection if any will be debited to suppliers account<br>\r\n3. Inspection & Testing Requirements as per Customer drawing/ standard/ quality plan will be done at your end and reports will share to us.<br>\r\n<b> G. S. T.: </b> GST Extra. <br>\r\n<b> Delivery :</b>   Door Delivery. <br>\r\n<b> Validity :</b>  30 Days from date of purchase order <br>\r\n\r\n                                            ', '0.00'),
(33, 1, 'MP/PUR/23-24/33', 7, '2023-09-30', '2024-03-31', 'PO', 30, '30-09-2023', '06:59:44', 30, '9', '2023', 'accept', 0, NULL, NULL, NULL, '0.00', 0, '0.00', '0', 'Gat no-77, Plot no-06, Jyotibanagar, Talwade, Pune', 'Gat no-77, Plot no-06, Jyotibanagar, Talwade, Pune', NULL, '1.PDIR & MTC Required with each lot. Pls mention PO No. on Invoice.<br>\r\n2.Rejection if any will be debited to suppliers account<br>\r\n3. Inspection & Testing Requirements as per Customer drawing/ standard/ quality plan will be done at your end and reports will share to us.<br>\r\n<b> G. S. T.: </b> GST Extra. <br>\r\n<b> Delivery :</b>   Door Delivery. <br>\r\n<b> Validity :</b>  30 Days from date of purchase order <br>\r\n\r\n                                            ', '0.00'),
(34, 1, 'MP/PUR/23-24/34', 31, '2023-10-02', '2024-03-31', 'PO', 2, '02-10-2023', '09:55:58', 2, '10', '2023', 'accept', 0, NULL, NULL, NULL, '0.00', 0, '0.00', '0', 'Gat no-77, Plot no-06, Jyotibanagar, Talwade, Pune', 'Gat no-77, Plot no-06, Jyotibanagar, Talwade, Pune', NULL, '1.PDIR & MTC Required with each lot. Pls mention PO No. on Invoice.<br>\r\n2.Rejection if any will be debited to suppliers account<br>\r\n3. Inspection & Testing Requirements as per Customer drawing/ standard/ quality plan will be done at your end and reports will share to us.<br>\r\n<b> G. S. T.: </b> GST Extra. <br>\r\n<b> Delivery :</b>   Door Delivery. <br>\r\n<b> Validity :</b>  30 Days from date of purchase order <br>\r\n\r\n                                            ', '0.00'),
(35, 1, 'MP/PUR/23-24/35', 80, '2023-10-02', '2024-03-31', 'PO', 2, '02-10-2023', '10:04:37', 2, '10', '2023', 'accept', 0, NULL, NULL, NULL, '0.00', 0, '0.00', '0', 'Gat no-77, Plot no-06, Jyotibanagar, Talwade, Pune', 'Gat no-77, Plot no-06, Jyotibanagar, Talwade, Pune', NULL, '1.PDIR & MTC Required with each lot. Pls mention PO No. on Invoice.<br>\r\n2.Rejection if any will be debited to suppliers account<br>\r\n3. Inspection & Testing Requirements as per Customer drawing/ standard/ quality plan will be done at your end and reports will share to us.<br>\r\n<b> G. S. T.: </b> GST Extra. <br>\r\n<b> Delivery :</b>   Door Delivery. <br>\r\n<b> Validity :</b>  30 Days from date of purchase order <br>\r\n\r\n                                            ', '0.00'),
(36, 1, 'MP/PUR/23-24/36', 81, '2023-10-03', '2024-03-31', 'PO', 3, '03-10-2023', '09:23:13', 3, '10', '2023', 'accept', 0, NULL, NULL, NULL, '0.00', 0, '0.00', '0', 'Gat no-77, Plot no-06, Jyotibanagar, Talwade, Pune', 'Gat no-77, Plot no-06, Jyotibanagar, Talwade, Pune', NULL, '1.PDIR & MTC Required with each lot. Pls mention PO No. on Invoice.<br>\r\n2.Rejection if any will be debited to suppliers account<br>\r\n3. Inspection & Testing Requirements as per Customer drawing/ standard/ quality plan will be done at your end and reports will share to us.<br>\r\n<b> G. S. T.: </b> GST Extra. <br>\r\n<b> Delivery :</b>   Door Delivery. <br>\r\n<b> Validity :</b>  30 Days from date of purchase order <br>\r\n\r\n                                            ', '0.00'),
(37, 1, 'MP/PUR/23-24/37', 19, '2023-10-03', '2024-03-31', 'PO', 3, '03-10-2023', '09:35:34', 3, '10', '2023', 'accept', 0, NULL, NULL, NULL, '0.00', 0, '0.00', '0', 'Gat no-77, Plot no-06, Jyotibanagar, Talwade, Pune', 'Gat no-77, Plot no-06, Jyotibanagar, Talwade, Pune', NULL, '1.PDIR & MTC Required with each lot. Pls mention PO No. on Invoice.<br>\r\n2.Rejection if any will be debited to suppliers account<br>\r\n3. Inspection & Testing Requirements as per Customer drawing/ standard/ quality plan will be done at your end and reports will share to us.<br>\r\n<b> G. S. T.: </b> GST Extra. <br>\r\n<b> Delivery :</b>   Door Delivery. <br>\r\n<b> Validity :</b>  30 Days from date of purchase order <br>\r\n\r\n                                            ', '0.00'),
(38, 1, 'MP/PUR/23-24/38', 77, '2023-10-03', '2024-03-31', 'PO', 3, '03-10-2023', '09:39:24', 3, '10', '2023', 'accept', 0, NULL, NULL, NULL, '0.00', 0, '0.00', '0', 'Gat no-77, Plot no-06, Jyotibanagar, Talwade, Pune', 'Gat no-77, Plot no-06, Jyotibanagar, Talwade, Pune', NULL, '1.PDIR & MTC Required with each lot. Pls mention PO No. on Invoice.<br>\r\n2.Rejection if any will be debited to suppliers account<br>\r\n3. Inspection & Testing Requirements as per Customer drawing/ standard/ quality plan will be done at your end and reports will share to us.<br>\r\n<b> G. S. T.: </b> GST Extra. <br>\r\n<b> Delivery :</b>   Door Delivery. <br>\r\n<b> Validity :</b>  30 Days from date of purchase order <br>\r\n\r\n                                            ', '0.00'),
(39, 1, 'MP/PUR/23-24/39', 77, '2023-10-03', '2024-03-31', 'PO', 3, '03-10-2023', '10:14:13', 3, '10', '2023', 'accept', 0, NULL, NULL, NULL, '0.00', 0, '0.00', '0', 'Gat no-77, Plot no-06, Jyotibanagar, Talwade, Pune', 'Gat no-77, Plot no-06, Jyotibanagar, Talwade, Pune', NULL, '1.PDIR & MTC Required with each lot. Pls mention PO No. on Invoice.<br>\r\n2.Rejection if any will be debited to suppliers account<br>\r\n3. Inspection & Testing Requirements as per Customer drawing/ standard/ quality plan will be done at your end and reports will share to us.<br>\r\n<b> G. S. T.: </b> GST Extra. <br>\r\n<b> Delivery :</b>   Door Delivery. <br>\r\n<b> Validity :</b>  30 Days from date of purchase order <br>\r\n\r\n                                            ', '0.00'),
(40, 1, 'MP/PUR/23-24/40', 17, '2023-10-03', '2024-03-31', 'PO', 3, '03-10-2023', '10:57:47', 3, '10', '2023', 'accept', 0, NULL, NULL, NULL, '0.00', 0, '0.00', '0', 'Gat no-77, Plot no-06, Jyotibanagar, Talwade, Pune', 'Gat no-77, Plot no-06, Jyotibanagar, Talwade, Pune', NULL, '1.PDIR & MTC Required with each lot. Pls mention PO No. on Invoice.<br>\r\n2.Rejection if any will be debited to suppliers account<br>\r\n3. Inspection & Testing Requirements as per Customer drawing/ standard/ quality plan will be done at your end and reports will share to us.<br>\r\n<b> G. S. T.: </b> GST Extra. <br>\r\n<b> Delivery :</b>   Door Delivery. <br>\r\n<b> Validity :</b>  30 Days from date of purchase order <br>\r\n\r\n                                            ', '0.00'),
(41, 1, 'MP/PUR/23-24/41', 68, '2023-10-04', '2024-03-31', 'PO', 4, '04-10-2023', '06:15:15', 4, '10', '2023', 'accept', 0, NULL, NULL, NULL, '0.00', 0, '0.00', '0', 'Gat no-77, Plot no-06, Jyotibanagar, Talwade, Pune', 'Gat no-77, Plot no-06, Jyotibanagar, Talwade, Pune', NULL, '1.PDIR & MTC Required with each lot. Pls mention PO No. on Invoice.<br>\r\n2.Rejection if any will be debited to suppliers account<br>\r\n3. Inspection & Testing Requirements as per Customer drawing/ standard/ quality plan will be done at your end and reports will share to us.<br>\r\n<b> G. S. T.: </b> GST Extra. <br>\r\n<b> Delivery :</b>   Door Delivery. <br>\r\n<b> Validity :</b>  30 Days from date of purchase order <br>\r\n\r\n                                            ', '0.00'),
(42, 1, 'MP/PUR/23-24/42', 35, '2023-10-04', '2024-03-31', 'PO', 4, '04-10-2023', '06:53:49', 4, '10', '2023', 'accept', 0, NULL, NULL, NULL, '0.00', 0, '0.00', '0', 'Gat no-77, Plot no-06, Jyotibanagar, Talwade, Pune', 'Gat no-77, Plot no-06, Jyotibanagar, Talwade, Pune', NULL, '1.PDIR & MTC Required with each lot. Pls mention PO No. on Invoice.<br>\r\n2.Rejection if any will be debited to suppliers account<br>\r\n3. Inspection & Testing Requirements as per Customer drawing/ standard/ quality plan will be done at your end and reports will share to us.<br>\r\n<b> G. S. T.: </b> GST Extra. <br>\r\n<b> Delivery :</b>   Door Delivery. <br>\r\n<b> Validity :</b>  30 Days from date of purchase order <br>\r\n\r\n                                            ', '0.00'),
(43, 1, 'MP/PUR/23-24/43', 26, '2023-10-04', '2024-03-31', 'PO', 4, '04-10-2023', '07:01:30', 4, '10', '2023', 'accept', 0, NULL, NULL, NULL, '0.00', 0, '0.00', '0', 'Gat no-77, Plot no-06, Jyotibanagar, Talwade, Pune', 'Gat no-77, Plot no-06, Jyotibanagar, Talwade, Pune', NULL, '1.PDIR & MTC Required with each lot. Pls mention PO No. on Invoice.<br>\r\n2.Rejection if any will be debited to suppliers account<br>\r\n3. Inspection & Testing Requirements as per Customer drawing/ standard/ quality plan will be done at your end and reports will share to us.<br>\r\n<b> G. S. T.: </b> GST Extra. <br>\r\n<b> Delivery :</b>   Door Delivery. <br>\r\n<b> Validity :</b>  30 Days from date of purchase order <br>\r\n\r\n                                            ', '0.00'),
(44, 1, 'MP/PUR/23-24/44', 35, '2023-10-04', '2024-03-31', 'PO', 4, '04-10-2023', '07:04:50', 4, '10', '2023', 'accept', 0, NULL, NULL, NULL, '0.00', 0, '0.00', '0', 'Gat no-77, Plot no-06, Jyotibanagar, Talwade, Pune', 'Gat no-77, Plot no-06, Jyotibanagar, Talwade, Pune', NULL, '1.PDIR & MTC Required with each lot. Pls mention PO No. on Invoice.<br>\r\n2.Rejection if any will be debited to suppliers account<br>\r\n3. Inspection & Testing Requirements as per Customer drawing/ standard/ quality plan will be done at your end and reports will share to us.<br>\r\n<b> G. S. T.: </b> GST Extra. <br>\r\n<b> Delivery :</b>   Door Delivery. <br>\r\n<b> Validity :</b>  30 Days from date of purchase order <br>\r\n\r\n                                            ', '0.00'),
(45, 1, 'MP/PUR/23-24/45', 21, '2023-10-04', '2024-03-31', 'PO', 4, '04-10-2023', '07:10:32', 4, '10', '2023', 'accept', 0, NULL, NULL, NULL, '0.00', 0, '0.00', '0', 'Gat no-77, Plot no-06, Jyotibanagar, Talwade, Pune', 'Gat no-77, Plot no-06, Jyotibanagar, Talwade, Pune', NULL, '1.PDIR & MTC Required with each lot. Pls mention PO No. on Invoice.<br>\r\n2.Rejection if any will be debited to suppliers account<br>\r\n3. Inspection & Testing Requirements as per Customer drawing/ standard/ quality plan will be done at your end and reports will share to us.<br>\r\n<b> G. S. T.: </b> GST Extra. <br>\r\n<b> Delivery :</b>   Door Delivery. <br>\r\n<b> Validity :</b>  30 Days from date of purchase order <br>\r\n\r\n                                            ', '0.00'),
(46, 1, 'MP/PUR/23-24/46', 7, '2023-10-10', '2024-03-31', '0', 10, '10-10-2023', '10:43:31', 10, '10', '2023', 'accept', 0, NULL, NULL, NULL, '0.00', 0, '0.00', '0', 'Gat no-77, Plot no-06, Jyotibanagar, Talwade, Pune', 'Gat no-77, Plot no-06, Jyotibanagar, Talwade, Pune', NULL, '1.PDIR & MTC Required with each lot. Pls mention PO No. on Invoice.<br>\r\n2.Rejection if any will be debited to suppliers account<br>\r\n3. Inspection & Testing Requirements as per Customer drawing/ standard/ quality plan will be done at your end and reports will share to us.<br>\r\n<b> G. S. T.: </b> GST Extra. <br>\r\n<b> Delivery :</b>   Door Delivery. <br>\r\n<b> Validity :</b>  30 Days from date of purchase order\r\n                                            ', '0.00'),
(47, 1, 'MP/PUR/23-24/47', 80, '2023-10-14', '2024-03-31', 'INVOICE', 14, '14-10-2023', '12:40:05', 14, '10', '2023', 'accept', 0, NULL, NULL, NULL, '0.00', 0, '0.00', '0', 'Gat no-77, Plot no-06, Jyotibanagar, Talwade, Pune', 'Gat no-77, Plot no-06, Jyotibanagar, Talwade, Pune', NULL, '1.PDIR & MTC Required with each lot. Pls mention PO No. on Invoice.<br>\r\n2.Rejection if any will be debited to suppliers account<br>\r\n3. Inspection & Testing Requirements as per Customer drawing/ standard/ quality plan will be done at your end and reports will share to us.<br>\r\n<b> G. S. T.: </b> GST Extra. <br>\r\n<b> Delivery :</b>   Door Delivery. <br>\r\n<b> Validity :</b>  30 Days from date of purchase order\r\n                                            ', '0.00'),
(48, 1, 'MP/PUR/23-24/48', 7, '2023-10-20', '2024-03-31', 'PO', 20, '20-10-2023', '03:30:16', 20, '10', '2023', 'accept', 0, NULL, NULL, NULL, '0.00', 0, '0.00', '0', 'Gat no-77, Plot no-06, Jyotibanagar, Talwade, Pune', 'Gat no-77, Plot no-06, Jyotibanagar, Talwade, Pune', NULL, '1.PDIR & MTC Required with each lot. Pls mention PO No. on Invoice.<br>\r\n2.Rejection if any will be debited to suppliers account<br>\r\n3. Inspection & Testing Requirements as per Customer drawing/ standard/ quality plan will be done at your end and reports will share to us.<br>\r\n<b> G. S. T.: </b> GST Extra. <br>\r\n<b> Delivery :</b>   Door Delivery. <br>\r\n<b> Validity :</b>  30 Days from date of purchase order\r\n                                            ', '0.00'),
(49, 1, 'MP/PUR/23-24/49', 2, '2023-10-20', '2024-03-31', 'PO', 20, '20-10-2023', '03:38:26', 20, '10', '2023', 'accept', 0, NULL, NULL, NULL, '0.00', 0, '0.00', '0', 'Gat no-77, Plot no-06, Jyotibanagar, Talwade, Pune', 'Gat no-77, Plot no-06, Jyotibanagar, Talwade, Pune', NULL, '1.PDIR & MTC Required with each lot. Pls mention PO No. on Invoice.<br>\r\n2.Rejection if any will be debited to suppliers account<br>\r\n3. Inspection & Testing Requirements as per Customer drawing/ standard/ quality plan will be done at your end and reports will share to us.<br>\r\n<b> G. S. T.: </b> GST Extra. <br>\r\n<b> Delivery :</b>   Door Delivery. <br>\r\n<b> Validity :</b>  30 Days from date of purchase order\r\n                                            ', '0.00'),
(50, 1, 'MP/PUR/23-24/50', 2, '2023-10-20', '2024-03-31', 'PO', 20, '20-10-2023', '03:40:51', 20, '10', '2023', 'accept', 0, NULL, NULL, NULL, '0.00', 0, '0.00', '0', 'Gat no-77, Plot no-06, Jyotibanagar, Talwade, Pune', 'Gat no-77, Plot no-06, Jyotibanagar, Talwade, Pune', NULL, '1.PDIR & MTC Required with each lot. Pls mention PO No. on Invoice.<br>\r\n2.Rejection if any will be debited to suppliers account<br>\r\n3. Inspection & Testing Requirements as per Customer drawing/ standard/ quality plan will be done at your end and reports will share to us.<br>\r\n<b> G. S. T.: </b> GST Extra. <br>\r\n<b> Delivery :</b>   Door Delivery. <br>\r\n<b> Validity :</b>  30 Days from date of purchase order\r\n                                            ', '0.00'),
(51, 1, 'MP/PUR/23-24/51', 82, '2023-10-20', '2024-03-31', 'PO', 20, '20-10-2023', '03:50:07', 20, '10', '2023', 'accept', 0, NULL, NULL, NULL, '0.00', 0, '0.00', '0', 'Gat no-77, Plot no-06, Jyotibanagar, Talwade, Pune', 'Gat no-77, Plot no-06, Jyotibanagar, Talwade, Pune', NULL, '1.PDIR & MTC Required with each lot. Pls mention PO No. on Invoice.<br>\r\n2.Rejection if any will be debited to suppliers account<br>\r\n3. Inspection & Testing Requirements as per Customer drawing/ standard/ quality plan will be done at your end and reports will share to us.<br>\r\n<b> G. S. T.: </b> GST Extra. <br>\r\n<b> Delivery :</b>   Door Delivery. <br>\r\n<b> Validity :</b>  30 Days from date of purchase order\r\n                                            ', '0.00'),
(52, 1, 'MP/PUR/23-24/52', 55, '2023-10-20', '2024-03-31', 'PO', 20, '20-10-2023', '03:53:56', 20, '10', '2023', 'accept', 0, NULL, NULL, NULL, '0.00', 0, '0.00', '0', 'Gat no-77, Plot no-06, Jyotibanagar, Talwade, Pune', 'Gat no-77, Plot no-06, Jyotibanagar, Talwade, Pune', NULL, '1.PDIR & MTC Required with each lot. Pls mention PO No. on Invoice.<br>\r\n2.Rejection if any will be debited to suppliers account<br>\r\n3. Inspection & Testing Requirements as per Customer drawing/ standard/ quality plan will be done at your end and reports will share to us.<br>\r\n<b> G. S. T.: </b> GST Extra. <br>\r\n<b> Delivery :</b>   Door Delivery. <br>\r\n<b> Validity :</b>  30 Days from date of purchase order\r\n                                            ', '0.00'),
(53, 1, 'MP/PUR/23-24/53', 65, '2023-10-20', '2024-03-31', 'PO', 20, '20-10-2023', '03:57:35', 20, '10', '2023', 'accept', 0, NULL, NULL, NULL, '0.00', 0, '0.00', '0', 'Gat no-77, Plot no-06, Jyotibanagar, Talwade, Pune', 'Gat no-77, Plot no-06, Jyotibanagar, Talwade, Pune', NULL, '1.PDIR & MTC Required with each lot. Pls mention PO No. on Invoice.<br>\r\n2.Rejection if any will be debited to suppliers account<br>\r\n3. Inspection & Testing Requirements as per Customer drawing/ standard/ quality plan will be done at your end and reports will share to us.<br>\r\n<b> G. S. T.: </b> GST Extra. <br>\r\n<b> Delivery :</b>   Door Delivery. <br>\r\n<b> Validity :</b>  30 Days from date of purchase order\r\n                                            ', '0.00'),
(54, 1, 'MP/PUR/23-24/54', 51, '2023-10-20', '2024-03-31', 'PO', 20, '20-10-2023', '04:18:11', 20, '10', '2023', 'accept', 0, NULL, NULL, NULL, '0.00', 0, '0.00', '0', 'Gat no-77, Plot no-06, Jyotibanagar, Talwade, Pune', 'Gat no-77, Plot no-06, Jyotibanagar, Talwade, Pune', NULL, '1.PDIR & MTC Required with each lot. Pls mention PO No. on Invoice.<br>\r\n2.Rejection if any will be debited to suppliers account<br>\r\n3. Inspection & Testing Requirements as per Customer drawing/ standard/ quality plan will be done at your end and reports will share to us.<br>\r\n<b> G. S. T.: </b> GST Extra. <br>\r\n<b> Delivery :</b>   Door Delivery. <br>\r\n<b> Validity :</b>  30 Days from date of purchase order\r\n                                            ', '0.00'),
(55, 1, 'MP/PUR/23-24/55', 21, '2023-10-20', '2024-03-31', 'PO', 20, '20-10-2023', '04:22:52', 20, '10', '2023', 'accept', 0, NULL, NULL, NULL, '0.00', 0, '0.00', '0', 'Gat no-77, Plot no-06, Jyotibanagar, Talwade, Pune', 'Gat no-77, Plot no-06, Jyotibanagar, Talwade, Pune', NULL, '1.PDIR & MTC Required with each lot. Pls mention PO No. on Invoice.<br>\r\n2.Rejection if any will be debited to suppliers account<br>\r\n3. Inspection & Testing Requirements as per Customer drawing/ standard/ quality plan will be done at your end and reports will share to us.<br>\r\n<b> G. S. T.: </b> GST Extra. <br>\r\n<b> Delivery :</b>   Door Delivery. <br>\r\n<b> Validity :</b>  30 Days from date of purchase order\r\n                                            ', '0.00'),
(56, 1, 'MP/PUR/23-24/56', 83, '2023-10-20', '2024-03-31', 'PO', 20, '20-10-2023', '06:11:34', 20, '10', '2023', 'accept', 0, NULL, NULL, NULL, '0.00', 0, '0.00', '0', 'Gat no-77, Plot no-06, Jyotibanagar, Talwade, Pune', 'Gat no-77, Plot no-06, Jyotibanagar, Talwade, Pune', NULL, '1.PDIR & MTC Required with each lot. Pls mention PO No. on Invoice.<br>\r\n2.Rejection if any will be debited to suppliers account<br>\r\n3. Inspection & Testing Requirements as per Customer drawing/ standard/ quality plan will be done at your end and reports will share to us.<br>\r\n<b> G. S. T.: </b> GST Extra. <br>\r\n<b> Delivery :</b>   Door Delivery. <br>\r\n<b> Validity :</b>  30 Days from date of purchase order\r\n                                            ', '0.00'),
(57, 1, 'MP/PUR/23-24/57', 38, '2023-10-21', '2024-03-31', 'PO', 21, '21-10-2023', '09:23:27', 21, '10', '2023', 'accept', 0, NULL, NULL, NULL, '0.00', 0, '0.00', '0', 'Gat no-77, Plot no-06, Jyotibanagar, Talwade, Pune', 'Gat no-77, Plot no-06, Jyotibanagar, Talwade, Pune', NULL, '1.PDIR & MTC Required with each lot. Pls mention PO No. on Invoice.<br>\r\n2.Rejection if any will be debited to suppliers account<br>\r\n3. Inspection & Testing Requirements as per Customer drawing/ standard/ quality plan will be done at your end and reports will share to us.<br>\r\n<b> G. S. T.: </b> GST Extra. <br>\r\n<b> Delivery :</b>   Door Delivery. <br>\r\n<b> Validity :</b>  30 Days from date of purchase order\r\n                                            ', '0.00'),
(58, 1, 'MP/PUR/23-24/58', 31, '2023-10-21', '2024-03-31', 'PO', 21, '21-10-2023', '09:26:56', 21, '10', '2023', 'accept', 0, NULL, NULL, NULL, '0.00', 0, '0.00', '0', 'Gat no-77, Plot no-06, Jyotibanagar, Talwade, Pune', 'Gat no-77, Plot no-06, Jyotibanagar, Talwade, Pune', NULL, '1.PDIR & MTC Required with each lot. Pls mention PO No. on Invoice.<br>\r\n2.Rejection if any will be debited to suppliers account<br>\r\n3. Inspection & Testing Requirements as per Customer drawing/ standard/ quality plan will be done at your end and reports will share to us.<br>\r\n<b> G. S. T.: </b> GST Extra. <br>\r\n<b> Delivery :</b>   Door Delivery. <br>\r\n<b> Validity :</b>  30 Days from date of purchase order\r\n                                            ', '0.00'),
(59, 1, 'MP/PUR/23-24/59', 14, '2023-10-21', '2024-03-31', 'PO', 21, '21-10-2023', '09:30:33', 21, '10', '2023', 'accept', 0, NULL, NULL, NULL, '0.00', 0, '0.00', '0', 'Gat no-77, Plot no-06, Jyotibanagar, Talwade, Pune', 'Gat no-77, Plot no-06, Jyotibanagar, Talwade, Pune', NULL, '1.PDIR & MTC Required with each lot. Pls mention PO No. on Invoice.<br>\r\n2.Rejection if any will be debited to suppliers account<br>\r\n3. Inspection & Testing Requirements as per Customer drawing/ standard/ quality plan will be done at your end and reports will share to us.<br>\r\n<b> G. S. T.: </b> GST Extra. <br>\r\n<b> Delivery :</b>   Door Delivery. <br>\r\n<b> Validity :</b>  30 Days from date of purchase order\r\n                                            ', '0.00'),
(60, 1, 'MP/PUR/23-24/60', 18, '2023-10-21', '2024-03-31', 'PO', 21, '21-10-2023', '09:37:43', 21, '10', '2023', 'accept', 0, NULL, NULL, NULL, '0.00', 0, '0.00', '0', 'Gat no-77, Plot no-06, Jyotibanagar, Talwade, Pune', 'Gat no-77, Plot no-06, Jyotibanagar, Talwade, Pune', NULL, '1.PDIR & MTC Required with each lot. Pls mention PO No. on Invoice.<br>\r\n2.Rejection if any will be debited to suppliers account<br>\r\n3. Inspection & Testing Requirements as per Customer drawing/ standard/ quality plan will be done at your end and reports will share to us.<br>\r\n<b> G. S. T.: </b> GST Extra. <br>\r\n<b> Delivery :</b>   Door Delivery. <br>\r\n<b> Validity :</b>  30 Days from date of purchase order\r\n                                            ', '0.00'),
(61, 1, 'MP/PUR/23-24/61', 74, '2023-10-21', '2024-03-31', 'PO', 21, '21-10-2023', '09:42:31', 21, '10', '2023', 'accept', 0, NULL, NULL, NULL, '0.00', 0, '0.00', '0', 'Gat no-77, Plot no-06, Jyotibanagar, Talwade, Pune', 'Gat no-77, Plot no-06, Jyotibanagar, Talwade, Pune', NULL, '1.PDIR & MTC Required with each lot. Pls mention PO No. on Invoice.<br>\r\n2.Rejection if any will be debited to suppliers account<br>\r\n3. Inspection & Testing Requirements as per Customer drawing/ standard/ quality plan will be done at your end and reports will share to us.<br>\r\n<b> G. S. T.: </b> GST Extra. <br>\r\n<b> Delivery :</b>   Door Delivery. <br>\r\n<b> Validity :</b>  30 Days from date of purchase order\r\n                                            ', '0.00'),
(62, 1, 'MP/PUR/23-24/62', 21, '2023-10-21', '2024-03-31', 'PO', 21, '21-10-2023', '09:49:51', 21, '10', '2023', 'accept', 0, NULL, NULL, NULL, '0.00', 0, '0.00', '0', 'Gat no-77, Plot no-06, Jyotibanagar, Talwade, Pune', 'Gat no-77, Plot no-06, Jyotibanagar, Talwade, Pune', NULL, '1.PDIR & MTC Required with each lot. Pls mention PO No. on Invoice.<br>\r\n2.Rejection if any will be debited to suppliers account<br>\r\n3. Inspection & Testing Requirements as per Customer drawing/ standard/ quality plan will be done at your end and reports will share to us.<br>\r\n<b> G. S. T.: </b> GST Extra. <br>\r\n<b> Delivery :</b>   Door Delivery. <br>\r\n<b> Validity :</b>  30 Days from date of purchase order\r\n                                            ', '0.00'),
(63, 1, 'MP/PUR/23-24/63', 68, '2023-10-21', '2024-03-31', 'PO', 21, '21-10-2023', '09:55:57', 21, '10', '2023', 'pending', 0, NULL, NULL, NULL, '0.00', 0, '0.00', '0', 'Gat no-77, Plot no-06, Jyotibanagar, Talwade, Pune', 'Gat no-77, Plot no-06, Jyotibanagar, Talwade, Pune', NULL, '1.PDIR & MTC Required with each lot. Pls mention PO No. on Invoice.<br>\r\n2.Rejection if any will be debited to suppliers account<br>\r\n3. Inspection & Testing Requirements as per Customer drawing/ standard/ quality plan will be done at your end and reports will share to us.<br>\r\n<b> G. S. T.: </b> GST Extra. <br>\r\n<b> Delivery :</b>   Door Delivery. <br>\r\n<b> Validity :</b>  30 Days from date of purchase order\r\n                                            ', '0.00'),
(64, 1, 'MP/PUR/23-24/64', 68, '2023-10-21', '2024-03-31', 'PO', 21, '21-10-2023', '09:59:22', 21, '10', '2023', 'accept', 0, NULL, NULL, NULL, '0.00', 0, '0.00', '0', 'Gat no-77, Plot no-06, Jyotibanagar, Talwade, Pune', 'Gat no-77, Plot no-06, Jyotibanagar, Talwade, Pune', NULL, '1.PDIR & MTC Required with each lot. Pls mention PO No. on Invoice.<br>\r\n2.Rejection if any will be debited to suppliers account<br>\r\n3. Inspection & Testing Requirements as per Customer drawing/ standard/ quality plan will be done at your end and reports will share to us.<br>\r\n<b> G. S. T.: </b> GST Extra. <br>\r\n<b> Delivery :</b>   Door Delivery. <br>\r\n<b> Validity :</b>  30 Days from date of purchase order\r\n                                            ', '0.00');
INSERT INTO `new_po` (`id`, `clientId`, `po_number`, `supplier_id`, `po_date`, `expiry_po_date`, `remark`, `created_by`, `created_date`, `created_time`, `created_day`, `created_month`, `created_year`, `status`, `deleted`, `process_id`, `amendment_no`, `amendment_date`, `loading_unloading`, `loading_unloading_gst`, `freight_amount`, `freight_amount_gst`, `billing_address`, `shipping_address`, `closed_remark`, `notes`, `final_amount`) VALUES
(65, 1, 'MP/PUR/23-24/65', 68, '2023-10-21', '2024-03-31', 'PO', 21, '21-10-2023', '10:12:40', 21, '10', '2023', 'accept', 0, NULL, NULL, NULL, '0.00', 0, '0.00', '0', 'Gat no-77, Plot no-06, Jyotibanagar, Talwade, Pune', 'Gat no-77, Plot no-06, Jyotibanagar, Talwade, Pune', NULL, '1.PDIR & MTC Required with each lot. Pls mention PO No. on Invoice.<br>\r\n2.Rejection if any will be debited to suppliers account<br>\r\n3. Inspection & Testing Requirements as per Customer drawing/ standard/ quality plan will be done at your end and reports will share to us.<br>\r\n<b> G. S. T.: </b> GST Extra. <br>\r\n<b> Delivery :</b>   Door Delivery. <br>\r\n<b> Validity :</b>  30 Days from date of purchase order\r\n                                            ', '0.00'),
(66, 1, 'MP/PUR/23-24/66', 24, '2023-10-21', '2024-03-31', 'PO', 21, '21-10-2023', '10:15:50', 21, '10', '2023', 'accept', 0, NULL, NULL, NULL, '0.00', 0, '0.00', '0', 'Gat no-77, Plot no-06, Jyotibanagar, Talwade, Pune', 'Gat no-77, Plot no-06, Jyotibanagar, Talwade, Pune', NULL, '1.PDIR & MTC Required with each lot. Pls mention PO No. on Invoice.<br>\r\n2.Rejection if any will be debited to suppliers account<br>\r\n3. Inspection & Testing Requirements as per Customer drawing/ standard/ quality plan will be done at your end and reports will share to us.<br>\r\n<b> G. S. T.: </b> GST Extra. <br>\r\n<b> Delivery :</b>   Door Delivery. <br>\r\n<b> Validity :</b>  30 Days from date of purchase order\r\n                                            ', '0.00'),
(67, 1, 'MP/PUR/23-24/67', 3, '2023-10-21', '2024-03-31', 'PO', 21, '21-10-2023', '10:26:10', 21, '10', '2023', 'accept', 0, NULL, NULL, NULL, '0.00', 0, '0.00', '0', 'Gat no-77, Plot no-06, Jyotibanagar, Talwade, Pune', 'Gat no-77, Plot no-06, Jyotibanagar, Talwade, Pune', NULL, '1.PDIR & MTC Required with each lot. Pls mention PO No. on Invoice.<br>\r\n2.Rejection if any will be debited to suppliers account<br>\r\n3. Inspection & Testing Requirements as per Customer drawing/ standard/ quality plan will be done at your end and reports will share to us.<br>\r\n<b> G. S. T.: </b> GST Extra. <br>\r\n<b> Delivery :</b>   Door Delivery. <br>\r\n<b> Validity :</b>  30 Days from date of purchase order\r\n                                            ', '0.00'),
(68, 1, 'MP/PUR/23-24/68', 21, '2023-10-21', '2024-03-31', 'PO', 21, '21-10-2023', '10:38:41', 21, '10', '2023', 'accept', 0, NULL, NULL, NULL, '0.00', 0, '0.00', '0', 'Gat no-77, Plot no-06, Jyotibanagar, Talwade, Pune', 'Gat no-77, Plot no-06, Jyotibanagar, Talwade, Pune', NULL, '1.PDIR & MTC Required with each lot. Pls mention PO No. on Invoice.<br>\r\n2.Rejection if any will be debited to suppliers account<br>\r\n3. Inspection & Testing Requirements as per Customer drawing/ standard/ quality plan will be done at your end and reports will share to us.<br>\r\n<b> G. S. T.: </b> GST Extra. <br>\r\n<b> Delivery :</b>   Door Delivery. <br>\r\n<b> Validity :</b>  30 Days from date of purchase order\r\n                                            ', '0.00'),
(69, 1, 'MP/PUR/23-24/69', 14, '2023-10-27', '2024-03-31', 'INVOICE', 27, '27-10-2023', '10:43:45', 27, '10', '2023', 'accept', 0, NULL, NULL, NULL, '0.00', 0, '0.00', '0', 'Gat no-77, Plot no-06, Jyotibanagar, Talwade, Pune', 'Gat no-77, Plot no-06, Jyotibanagar, Talwade, Pune', NULL, '1.PDIR & MTC Required with each lot. Pls mention PO No. on Invoice.<br>\r\n2.Rejection if any will be debited to suppliers account<br>\r\n3. Inspection & Testing Requirements as per Customer drawing/ standard/ quality plan will be done at your end and reports will share to us.<br>\r\n<b> G. S. T.: </b> GST Extra. <br>\r\n<b> Delivery :</b>   Door Delivery. <br>\r\n<b> Validity :</b>  30 Days from date of purchase order\r\n                                            ', '0.00'),
(70, 1, 'MP/PUR/23-24/70', 71, '2023-10-27', '2024-03-31', 'PO', 27, '27-10-2023', '11:02:21', 27, '10', '2023', 'accept', 0, NULL, NULL, NULL, '0.00', 0, '0.00', '0', 'Gat no-77, Plot no-06, Jyotibanagar, Talwade, Pune', 'Gat no-77, Plot no-06, Jyotibanagar, Talwade, Pune', NULL, '1.PDIR & MTC Required with each lot. Pls mention PO No. on Invoice.<br>\r\n2.Rejection if any will be debited to suppliers account<br>\r\n3. Inspection & Testing Requirements as per Customer drawing/ standard/ quality plan will be done at your end and reports will share to us.<br>\r\n<b> G. S. T.: </b> GST Extra. <br>\r\n<b> Delivery :</b>   Door Delivery. <br>\r\n<b> Validity :</b>  30 Days from date of purchase order\r\n                                            ', '0.00'),
(71, 1, 'MP/PUR/23-24/71', 35, '2023-10-27', '2024-03-31', 'PO', 27, '27-10-2023', '11:03:26', 27, '10', '2023', 'accept', 0, NULL, NULL, NULL, '0.00', 0, '0.00', '0', 'Gat no-77, Plot no-06, Jyotibanagar, Talwade, Pune', 'Gat no-77, Plot no-06, Jyotibanagar, Talwade, Pune', NULL, '1.PDIR & MTC Required with each lot. Pls mention PO No. on Invoice.<br>\r\n2.Rejection if any will be debited to suppliers account<br>\r\n3. Inspection & Testing Requirements as per Customer drawing/ standard/ quality plan will be done at your end and reports will share to us.<br>\r\n<b> G. S. T.: </b> GST Extra. <br>\r\n<b> Delivery :</b>   Door Delivery. <br>\r\n<b> Validity :</b>  30 Days from date of purchase order\r\n                                            ', '0.00'),
(72, 1, 'MP/PUR/23-24/72', 17, '2023-10-27', '2024-03-31', 'PO', 27, '27-10-2023', '11:06:05', 27, '10', '2023', 'accept', 0, NULL, NULL, NULL, '0.00', 0, '0.00', '0', 'Gat no-77, Plot no-06, Jyotibanagar, Talwade, Pune', 'Gat no-77, Plot no-06, Jyotibanagar, Talwade, Pune', NULL, '1.PDIR & MTC Required with each lot. Pls mention PO No. on Invoice.<br>\r\n2.Rejection if any will be debited to suppliers account<br>\r\n3. Inspection & Testing Requirements as per Customer drawing/ standard/ quality plan will be done at your end and reports will share to us.<br>\r\n<b> G. S. T.: </b> GST Extra. <br>\r\n<b> Delivery :</b>   Door Delivery. <br>\r\n<b> Validity :</b>  30 Days from date of purchase order\r\n                                            ', '0.00'),
(73, 1, 'MP/PUR/23-24/73', 7, '2023-10-28', '2024-03-31', 'PO', 28, '28-10-2023', '10:20:51', 28, '10', '2023', 'accept', 0, NULL, NULL, NULL, '0.00', 0, '0.00', '0', 'Gat no-77, Plot no-06, Jyotibanagar, Talwade, Pune', 'Gat no-77, Plot no-06, Jyotibanagar, Talwade, Pune', NULL, '1.PDIR & MTC Required with each lot. Pls mention PO No. on Invoice.<br>\r\n2.Rejection if any will be debited to suppliers account<br>\r\n3. Inspection & Testing Requirements as per Customer drawing/ standard/ quality plan will be done at your end and reports will share to us.<br>\r\n<b> G. S. T.: </b> GST Extra. <br>\r\n<b> Delivery :</b>   Door Delivery. <br>\r\n<b> Validity :</b>  30 Days from date of purchase order\r\n                                            ', '0.00'),
(74, 1, 'MP/PUR/23-24/74', 19, '2023-10-29', '2024-03-31', 'PO', 29, '29-10-2023', '09:53:30', 29, '10', '2023', 'accept', 0, NULL, NULL, NULL, '0.00', 0, '0.00', '0', 'Gat no-77, Plot no-06, Jyotibanagar, Talwade, Pune', 'Gat no-77, Plot no-06, Jyotibanagar, Talwade, Pune', NULL, '1.PDIR & MTC Required with each lot. Pls mention PO No. on Invoice.<br>\r\n2.Rejection if any will be debited to suppliers account<br>\r\n3. Inspection & Testing Requirements as per Customer drawing/ standard/ quality plan will be done at your end and reports will share to us.<br>\r\n<b> G. S. T.: </b> GST Extra. <br>\r\n<b> Delivery :</b>   Door Delivery. <br>\r\n<b> Validity :</b>  30 Days from date of purchase order\r\n                                            ', '0.00'),
(75, 1, 'MP/PUR/23-24/75', 80, '2023-10-30', '2024-03-31', 'PO', 30, '30-10-2023', '10:17:14', 30, '10', '2023', 'accept', 0, NULL, NULL, NULL, '0.00', 0, '0.00', '0', 'Gat no-77, Plot no-06, Jyotibanagar, Talwade, Pune', 'Gat no-77, Plot no-06, Jyotibanagar, Talwade, Pune', NULL, '1.PDIR & MTC Required with each lot. Pls mention PO No. on Invoice.<br>\r\n2.Rejection if any will be debited to suppliers account<br>\r\n3. Inspection & Testing Requirements as per Customer drawing/ standard/ quality plan will be done at your end and reports will share to us.<br>\r\n<b> G. S. T.: </b> GST Extra. <br>\r\n<b> Delivery :</b>   Door Delivery. <br>\r\n<b> Validity :</b>  30 Days from date of purchase order\r\n                                            ', '0.00'),
(76, 1, 'MP/PUR/23-24/76', 86, '2023-10-31', '2024-03-31', 'PO', 31, '31-10-2023', '02:41:40', 31, '10', '2023', 'accept', 0, NULL, NULL, NULL, '0.00', 0, '0.00', '0', 'Gat no-77, Plot no-06, Jyotibanagar, Talwade, Pune', 'Gat no-77, Plot no-06, Jyotibanagar, Talwade, Pune', NULL, '1.PDIR & MTC Required with each lot. Pls mention PO No. on Invoice.<br>\r\n2.Rejection if any will be debited to suppliers account<br>\r\n3. Inspection & Testing Requirements as per Customer drawing/ standard/ quality plan will be done at your end and reports will share to us.<br>\r\n<b> G. S. T.: </b> GST Extra. <br>\r\n<b> Delivery :</b>   Door Delivery. <br>\r\n<b> Validity :</b>  30 Days from date of purchase order\r\n                                            ', '0.00'),
(77, 1, 'MP/PUR/23-24/77', 7, '2023-10-31', '2024-03-31', 'PO', 31, '31-10-2023', '02:55:43', 31, '10', '2023', 'accept', 0, NULL, NULL, NULL, '0.00', 0, '0.00', '0', 'Gat no-77, Plot no-06, Jyotibanagar, Talwade, Pune', 'Gat no-77, Plot no-06, Jyotibanagar, Talwade, Pune', NULL, '1.PDIR & MTC Required with each lot. Pls mention PO No. on Invoice.<br>\r\n2.Rejection if any will be debited to suppliers account<br>\r\n3. Inspection & Testing Requirements as per Customer drawing/ standard/ quality plan will be done at your end and reports will share to us.<br>\r\n<b> G. S. T.: </b> GST Extra. <br>\r\n<b> Delivery :</b>   Door Delivery. <br>\r\n<b> Validity :</b>  30 Days from date of purchase order\r\n                                            ', '0.00'),
(78, 1, 'MP/PUR/23-24/78', 59, '2023-10-31', '2024-03-31', 'PO', 31, '31-10-2023', '03:10:19', 31, '10', '2023', 'lock', 0, NULL, NULL, NULL, '0.00', 0, '0.00', '0', 'Gat no-77, Plot no-06, Jyotibanagar, Talwade, Pune', 'Gat no-77, Plot no-06, Jyotibanagar, Talwade, Pune', NULL, '1.PDIR & MTC Required with each lot. Pls mention PO No. on Invoice.<br>\r\n2.Rejection if any will be debited to suppliers account<br>\r\n3. Inspection & Testing Requirements as per Customer drawing/ standard/ quality plan will be done at your end and reports will share to us.<br>\r\n<b> G. S. T.: </b> GST Extra. <br>\r\n<b> Delivery :</b>   Door Delivery. <br>\r\n<b> Validity :</b>  30 Days from date of purchase order\r\n                                            ', '0.00'),
(79, 1, 'MP/PUR/23-24/79', 68, '2023-11-01', '2024-03-31', 'PO', 1, '01-11-2023', '07:18:22', 1, '11', '2023', 'accept', 0, NULL, NULL, NULL, '0.00', 0, '0.00', '0', 'Gat no-77, Plot no-06, Jyotibanagar, Talwade, Pune', 'Gat no-77, Plot no-06, Jyotibanagar, Talwade, Pune', NULL, '1.PDIR & MTC Required with each lot. Pls mention PO No. on Invoice.<br>\r\n2.Rejection if any will be debited to suppliers account<br>\r\n3. Inspection & Testing Requirements as per Customer drawing/ standard/ quality plan will be done at your end and reports will share to us.<br>\r\n<b> G. S. T.: </b> GST Extra. <br>\r\n<b> Delivery :</b>   Door Delivery. <br>\r\n<b> Validity :</b>  30 Days from date of purchase order\r\n                                            ', '0.00'),
(80, 1, 'MP/PUR/23-24/80', 73, '2023-11-03', '2024-03-31', 'PO', 3, '03-11-2023', '08:59:50', 3, '11', '2023', 'accept', 0, NULL, NULL, NULL, '0.00', 0, '0.00', '0', 'Gat no-77, Plot no-06, Jyotibanagar, Talwade, Pune', 'Gat no-77, Plot no-06, Jyotibanagar, Talwade, Pune', NULL, '1.PDIR & MTC Required with each lot. Pls mention PO No. on Invoice.<br>\r\n2.Rejection if any will be debited to suppliers account<br>\r\n3. Inspection & Testing Requirements as per Customer drawing/ standard/ quality plan will be done at your end and reports will share to us.<br>\r\n<b> G. S. T.: </b> GST Extra. <br>\r\n<b> Delivery :</b>   Door Delivery. <br>\r\n<b> Validity :</b>  30 Days from date of purchase order\r\n                                            ', '0.00'),
(81, 1, 'MP/PUR/23-24/81', 80, '2023-11-03', '2024-03-31', 'PO', 3, '03-11-2023', '09:10:33', 3, '11', '2023', 'accept', 0, NULL, NULL, NULL, '0.00', 0, '0.00', '0', 'Gat no-77, Plot no-06, Jyotibanagar, Talwade, Pune', 'Gat no-77, Plot no-06, Jyotibanagar, Talwade, Pune', NULL, '1.PDIR & MTC Required with each lot. Pls mention PO No. on Invoice.<br>\r\n2.Rejection if any will be debited to suppliers account<br>\r\n3. Inspection & Testing Requirements as per Customer drawing/ standard/ quality plan will be done at your end and reports will share to us.<br>\r\n<b> G. S. T.: </b> GST Extra. <br>\r\n<b> Delivery :</b>   Door Delivery. <br>\r\n<b> Validity :</b>  30 Days from date of purchase order\r\n                                            ', '0.00'),
(82, 1, 'MP/PUR/23-24/82', 7, '2023-11-03', '2024-03-31', 'PO', 3, '03-11-2023', '09:17:20', 3, '11', '2023', 'accept', 0, NULL, NULL, NULL, '0.00', 0, '0.00', '0', 'Gat no-77, Plot no-06, Jyotibanagar, Talwade, Pune', 'Gat no-77, Plot no-06, Jyotibanagar, Talwade, Pune', NULL, '1.PDIR & MTC Required with each lot. Pls mention PO No. on Invoice.<br>\r\n2.Rejection if any will be debited to suppliers account<br>\r\n3. Inspection & Testing Requirements as per Customer drawing/ standard/ quality plan will be done at your end and reports will share to us.<br>\r\n<b> G. S. T.: </b> GST Extra. <br>\r\n<b> Delivery :</b>   Door Delivery. <br>\r\n<b> Validity :</b>  30 Days from date of purchase order\r\n                                            ', '0.00'),
(83, 1, 'MP/PUR/23-24/83', 35, '2023-11-03', '2024-03-31', 'PO', 3, '03-11-2023', '09:43:26', 3, '11', '2023', 'accept', 0, NULL, NULL, NULL, '0.00', 0, '0.00', '0', 'Gat no-77, Plot no-06, Jyotibanagar, Talwade, Pune', 'Gat no-77, Plot no-06, Jyotibanagar, Talwade, Pune', NULL, '1.PDIR & MTC Required with each lot. Pls mention PO No. on Invoice.<br>\r\n2.Rejection if any will be debited to suppliers account<br>\r\n3. Inspection & Testing Requirements as per Customer drawing/ standard/ quality plan will be done at your end and reports will share to us.<br>\r\n<b> G. S. T.: </b> GST Extra. <br>\r\n<b> Delivery :</b>   Door Delivery. <br>\r\n<b> Validity :</b>  30 Days from date of purchase order\r\n                                            ', '0.00'),
(84, 1, 'MP/PUR/23-24/84', 31, '2023-11-03', '2024-03-31', 'PO', 3, '03-11-2023', '10:05:54', 3, '11', '2023', 'accept', 0, NULL, NULL, NULL, '0.00', 0, '0.00', '0', 'Gat no-77, Plot no-06, Jyotibanagar, Talwade, Pune', 'Gat no-77, Plot no-06, Jyotibanagar, Talwade, Pune', NULL, '1.PDIR & MTC Required with each lot. Pls mention PO No. on Invoice.<br>\r\n2.Rejection if any will be debited to suppliers account<br>\r\n3. Inspection & Testing Requirements as per Customer drawing/ standard/ quality plan will be done at your end and reports will share to us.<br>\r\n<b> G. S. T.: </b> GST Extra. <br>\r\n<b> Delivery :</b>   Door Delivery. <br>\r\n<b> Validity :</b>  30 Days from date of purchase order\r\n                                            ', '0.00'),
(85, 1, 'MP/PUR/23-24/85', 14, '2023-11-04', '2024-03-31', 'PO', 4, '04-11-2023', '09:06:14', 4, '11', '2023', 'accept', 0, NULL, NULL, NULL, '0.00', 0, '0.00', '0', 'Gat no-77, Plot no-06, Jyotibanagar, Talwade, Pune', 'Gat no-77, Plot no-06, Jyotibanagar, Talwade, Pune', NULL, '1.PDIR & MTC Required with each lot. Pls mention PO No. on Invoice.<br>\r\n2.Rejection if any will be debited to suppliers account<br>\r\n3. Inspection & Testing Requirements as per Customer drawing/ standard/ quality plan will be done at your end and reports will share to us.<br>\r\n<b> G. S. T.: </b> GST Extra. <br>\r\n<b> Delivery :</b>   Door Delivery. <br>\r\n<b> Validity :</b>  30 Days from date of purchase order\r\n                                            ', '0.00'),
(86, 1, 'AROMP/PUR/23-24/1', 7, '2024-01-01', '2024-01-10', '', 1, '01-01-2024', '02:41:47', 1, '1', '2024', 'expired', 0, NULL, NULL, NULL, NULL, NULL, NULL, NULL, 'Gat no-77, Plot no-06, Jyotibanagar, Talwade, Pune', 'Gat no-77, Plot no-06, Jyotibanagar, Talwade, Pune', NULL, '1.PDIR & MTC Required with each lot. Pls mention PO No. on Invoice.<br>\r\n2.Rejection if any will be debited to suppliers account<br>\r\n3. Inspection & Testing Requirements as per Customer drawing/ standard/ quality plan will be done at your end and reports will share to us.<br>\r\n<b> G. S. T.: </b> GST Extra. <br>\r\n<b> Delivery :</b>   Door Delivery. <br>\r\n<b> Validity :</b>  30 Days from date of purchase order\r\n                                            ', '0.00'),
(87, 1, 'AROMP/SUB/23-24/1', 82, '2024-01-01', '2024-01-10', '', 1, '01-01-2024', '02:55:37', 1, '1', '2024', 'expired', 0, 1, NULL, NULL, NULL, NULL, NULL, NULL, NULL, NULL, NULL, NULL, '0.00'),
(88, 1, 'AROMP/PUR/23-24/2', 92, '2024-01-29', '2024-02-06', 'hg4000', 29, '29-01-2024', '10:52:02', 29, '1', '2024', 'accept', 0, NULL, NULL, NULL, '5000.00', 0, '1000.00', '0', 'Gat no-77, Plot no-06, Jyotibanagar, Talwade, Pune', 'Gat no-77, Plot no-06, Jyotibanagar, Talwade, Pune', NULL, '1.PDIR & MTC Required with each lot. Pls mention PO No. on Invoice.<br>\r\n2.Rejection if any will be debited to suppliers account<br>\r\n3. Inspection & Testing Requirements as per Customer drawing/ standard/ quality plan will be done at your end and reports will share to us.<br>\r\n<b> G. S. T.: </b> GST Extra. <br>\r\n<b> Delivery :</b>   Door Delivery. <br>\r\n<b> Validity :</b>  30 Days from date of purchase order\r\n                                            ', '6000.00'),
(89, 1, 'AROMP/PUR/23-24/3', 92, '2024-01-29', '2024-02-15', '', 29, '29-01-2024', '10:52:45', 29, '1', '2024', 'accept', 0, NULL, NULL, NULL, '500.00', 0, '1000.00', '0', 'Gat no-77, Plot no-06, Jyotibanagar, Talwade, Pune', 'Gat no-77, Plot no-06, Jyotibanagar, Talwade, Pune', NULL, '1.PDIR & MTC Required with each lot. Pls mention PO No. on Invoice.<br>\r\n2.Rejection if any will be debited to suppliers account<br>\r\n3. Inspection & Testing Requirements as per Customer drawing/ standard/ quality plan will be done at your end and reports will share to us.<br>\r\n<b> G. S. T.: </b> GST Extra. <br>\r\n<b> Delivery :</b>   Door Delivery. <br>\r\n<b> Validity :</b>  30 Days from date of purchase order\r\n                                            ', '1500.00'),
(90, 1, 'AROMP/PUR/23-24/4', 95, '2024-01-30', '2024-02-15', 'new', 30, '30-01-2024', '01:41:51', 30, '1', '2024', 'accept', 0, NULL, '1', '02-02-2024', '20000.00', 0, '10000.00', '0', 'Gat no-77, Plot no-06, Jyotibanagar, Talwade, Pune', 'Gat no-77, Plot no-06, Jyotibanagar, Talwade, Pune', NULL, '1.PDIR & MTC Required with each lot. Pls mention PO No. on Invoice.<br>\r\n2.Rejection if any will be debited to suppliers account<br>\r\n3. Inspection & Testing Requirements as per Customer drawing/ standard/ quality plan will be done at your end and reports will share to us.<br>\r\n<b> G. S. T.: </b> GST Extra. <br>\r\n<b> Delivery :</b>   Door Delivery. <br>\r\n<b> Validity :</b>  30 Days from date of purchase order\r\n                                            ', '30000.00'),
(91, 1, 'AROMP/PUR/23-24/5', 95, '2024-01-30', '2024-02-15', 'new', 30, '30-01-2024', '01:43:06', 30, '1', '2024', 'accept', 0, NULL, NULL, NULL, '20000.00', 0, '10000.00', '0', 'Gat no-77, Plot no-06, Jyotibanagar, Talwade, Pune', 'Gat no-77, Plot no-06, Jyotibanagar, Talwade, Pune', NULL, '1.PDIR & MTC Required with each lot. Pls mention PO No. on Invoice.<br>\r\n2.Rejection if any will be debited to suppliers account<br>\r\n3. Inspection & Testing Requirements as per Customer drawing/ standard/ quality plan will be done at your end and reports will share to us.<br>\r\n<b> G. S. T.: </b> GST Extra. <br>\r\n<b> Delivery :</b>   Door Delivery. <br>\r\n<b> Validity :</b>  30 Days from date of purchase order\r\n                                            ', '30000.00'),
(92, 1, 'AROMP/PUR/23-24/6', 96, '2024-01-30', '2024-02-15', 'NEW', 30, '30-01-2024', '02:04:53', 30, '1', '2024', 'accept', 0, NULL, NULL, NULL, '500.00', 0, '1000.00', '0', 'Gat no-77, Plot no-06, Jyotibanagar, Talwade, Pune', 'Gat no-77, Plot no-06, Jyotibanagar, Talwade, Pune', NULL, '1.PDIR & MTC Required with each lot. Pls mention PO No. on Invoice.<br>\r\n2.Rejection if any will be debited to suppliers account<br>\r\n3. Inspection & Testing Requirements as per Customer drawing/ standard/ quality plan will be done at your end and reports will share to us.<br>\r\n<b> G. S. T.: </b> GST Extra. <br>\r\n<b> Delivery :</b>   Door Delivery. <br>\r\n<b> Validity :</b>  30 Days from date of purchase order\r\n                                            ', '1500.00'),
(93, 1, 'AROMP/PUR/23-24/7', 97, '2024-01-30', '2024-02-15', 'first', 30, '30-01-2024', '09:11:15', 30, '1', '2024', 'accept_closed', 0, NULL, NULL, NULL, '500.00', 0, '1000.00', '0', 'Gat no-77, Plot no-06, Jyotibanagar, Talwade, Pune', 'Gat no-77, Plot no-06, Jyotibanagar, Talwade, Pune', 'NEW', '1.PDIR & MTC Required with each lot. Pls mention PO No. on Invoice.<br>\r\n2.Rejection if any will be debited to suppliers account<br>\r\n3. Inspection & Testing Requirements as per Customer drawing/ standard/ quality plan will be done at your end and reports will share to us.<br>\r\n<b> G. S. T.: </b> GST Extra. <br>\r\n<b> Delivery :</b>   Door Delivery. <br>\r\n<b> Validity :</b>  30 Days from date of purchase order\r\n                                            ', '1500.00'),
(94, 1, 'AROMP/PUR/23-24/8', 97, '2024-01-30', '2024-02-15', 'NEW', 30, '30-01-2024', '09:12:57', 30, '1', '2024', 'accept', 0, NULL, NULL, NULL, '500.00', 0, '1000.00', '0', 'Gat no-77, Plot no-06, Jyotibanagar, Talwade, Pune', 'Gat no-77, Plot no-06, Jyotibanagar, Talwade, Pune', NULL, '1.PDIR & MTC Required with each lot. Pls mention PO No. on Invoice.<br>\r\n2.Rejection if any will be debited to suppliers account<br>\r\n3. Inspection & Testing Requirements as per Customer drawing/ standard/ quality plan will be done at your end and reports will share to us.<br>\r\n<b> G. S. T.: </b> GST Extra. <br>\r\n<b> Delivery :</b>   Door Delivery. <br>\r\n<b> Validity :</b>  30 Days from date of purchase order\r\n                                            ', '1500.00'),
(95, 1, 'AROMP/PUR/23-24/9', 97, '2024-01-30', '2024-12-30', 'NEW', 30, '30-01-2024', '10:19:30', 30, '1', '2024', 'accept', 0, NULL, NULL, NULL, '500.00', 0, '1000.00', '0', 'Gat no-77, Plot no-06, Jyotibanagar, Talwade, Pune', 'Gat no-77, Plot no-06, Jyotibanagar, Talwade, Pune', NULL, '1.PDIR & MTC Required with each lot. Pls mention PO No. on Invoice.<br>\r\n2.Rejection if any will be debited to suppliers account<br>\r\n3. Inspection & Testing Requirements as per Customer drawing/ standard/ quality plan will be done at your end and reports will share to us.<br>\r\n<b> G. S. T.: </b> GST Extra. <br>\r\n<b> Delivery :</b>   Door Delivery. <br>\r\n<b> Validity :</b>  30 Days from date of purchase order\r\n                                            ', '1500.00'),
(96, 1, 'AROMP/PUR/23-24/10', 92, '2024-01-30', '2024-02-15', '', 30, '30-01-2024', '10:26:34', 30, '1', '2024', 'accept_closed', 0, NULL, NULL, NULL, '1000.00', 0, '15000.00', '0', 'Gat no-77, Plot no-06, Jyotibanagar, Talwade, Pune', 'Gat no-77, Plot no-06, Jyotibanagar, Talwade, Pune', 'quantity finished', '1.PDIR & MTC Required with each lot. Pls mention PO No. on Invoice.<br>\r\n2.Rejection if any will be debited to suppliers account<br>\r\n3. Inspection & Testing Requirements as per Customer drawing/ standard/ quality plan will be done at your end and reports will share to us.<br>\r\n<b> G. S. T.: </b> GST Extra. <br>\r\n<b> Delivery :</b>   Door Delivery. <br>\r\n<b> Validity :</b>  30 Days from date of purchase order\r\n                                            ', '16000.00'),
(97, 1, 'AROMP/PUR/23-24/11', 92, '2024-01-30', '2024-02-15', '', 30, '30-01-2024', '10:28:53', 30, '1', '2024', 'lock', 0, NULL, NULL, NULL, '1000.00', 0, '15000.00', '0', 'Gat no-77, Plot no-06, Jyotibanagar, Talwade, Pune', 'Gat no-77, Plot no-06, Jyotibanagar, Talwade, Pune', NULL, '1.PDIR & MTC Required with each lot. Pls mention PO No. on Invoice.<br>\r\n2.Rejection if any will be debited to suppliers account<br>\r\n3. Inspection & Testing Requirements as per Customer drawing/ standard/ quality plan will be done at your end and reports will share to us.<br>\r\n<b> G. S. T.: </b> GST Extra. <br>\r\n<b> Delivery :</b>   Door Delivery. <br>\r\n<b> Validity :</b>  30 Days from date of purchase order\r\n                                            ', '16000.00'),
(98, 1, 'AROMP/PUR/23-24/12', 88, '2024-01-30', '2024-02-15', 'NEW', 30, '30-01-2024', '10:37:32', 30, '1', '2024', 'accept', 0, NULL, '1', '01-02-2024', '1000.00', 0, '15000.00', '0', 'Gat no-77, Plot no-06, Jyotibanagar, Talwade, Pune', 'Gat no-77, Plot no-06, Jyotibanagar, Talwade, Pune', NULL, '1.PDIR & MTC Required with each lot. Pls mention PO No. on Invoice.<br>\r\n2.Rejection if any will be debited to suppliers account<br>\r\n3. Inspection & Testing Requirements as per Customer drawing/ standard/ quality plan will be done at your end and reports will share to us.<br>\r\n<b> G. S. T.: </b> GST Extra. <br>\r\n<b> Delivery :</b>   Door Delivery. <br>\r\n<b> Validity :</b>  30 Days from date of purchase order\r\n                                            ', '16000.00'),
(99, 1, 'AROMP/PUR/23-24/13', 7, '2024-01-31', '2024-02-15', '', 31, '31-01-2024', '03:13:29', 31, '1', '2024', 'accept', 0, NULL, '1', '01-02-2024', '0.00', 0, '0.00', '0', 'Gat no-77, Plot no-06, Jyotibanagar, Talwade, Pune', 'Gat no-77, Plot no-06, Jyotibanagar, Talwade, Pune', NULL, '1.PDIR & MTC Required with each lot. Pls mention PO No. on Invoice.<br>\r\n2.Rejection if any will be debited to suppliers account<br>\r\n3. Inspection & Testing Requirements as per Customer drawing/ standard/ quality plan will be done at your end and reports will share to us.<br>\r\n<b> G. S. T.: </b> GST Extra. <br>\r\n<b> Delivery :</b>   Door Delivery. <br>\r\n<b> Validity :</b>  30 Days from date of purchase order\r\n                                            ', '0.00'),
(100, 1, 'AROMP/PUR/23-24/14', 97, '2024-01-31', '2024-02-20', '', 31, '31-01-2024', '10:29:39', 31, '1', '2024', 'accept', 0, NULL, NULL, NULL, '3000.00', 0, '500.00', '0', 'Gat no-77, Plot no-06, Jyotibanagar, Talwade, Pune', 'Gat no-77, Plot no-06, Jyotibanagar, Talwade, Pune', NULL, '1.PDIR & MTC Required with each lot. Pls mention PO No. on Invoice.<br>\r\n2.Rejection if any will be debited to suppliers account<br>\r\n3. Inspection & Testing Requirements as per Customer drawing/ standard/ quality plan will be done at your end and reports will share to us.<br>\r\n<b> G. S. T.: </b> GST Extra. <br>\r\n<b> Delivery :</b>   Door Delivery. <br>\r\n<b> Validity :</b>  30 Days from date of purchase order\r\n                                            ', '3500.00'),
(101, 1, 'AROMP/PUR/23-24/15', 97, '2024-01-31', '2024-02-10', 'NEW', 31, '31-01-2024', '10:29:40', 31, '1', '2024', 'accept', 0, NULL, '1', '06-02-2024', '500.00', 0, '15000.00', '0', 'Gat no-77, Plot no-06, Jyotibanagar, Talwade, Pune', 'Gat no-77, Plot no-06, Jyotibanagar, Talwade, Pune', NULL, '1.PDIR & MTC Required with each lot. Pls mention PO No. on Invoice.<br>\r\n2.Rejection if any will be debited to suppliers account<br>\r\n3. Inspection & Testing Requirements as per Customer drawing/ standard/ quality plan will be done at your end and reports will share to us.<br>\r\n<b> G. S. T.: </b> GST Extra. <br>\r\n<b> Delivery :</b>   Door Delivery. <br>\r\n<b> Validity :</b>  30 Days from date of purchase order\r\n                                            ', '15500.00'),
(102, 1, 'AROMP/PUR/23-24/16', 98, '2024-02-01', '2024-02-15', 'firsr', 1, '01-02-2024', '04:08:24', 1, '2', '2024', 'accept', 0, NULL, NULL, NULL, '1000.00', 0, '10000.00', '0', 'Gat no-77, Plot no-06, Jyotibanagar, Talwade, Pune', 'Gat no-77, Plot no-06, Jyotibanagar, Talwade, Pune', NULL, '1.PDIR & MTC Required with each lot. Pls mention PO No. on Invoice.<br>\r\n2.Rejection if any will be debited to suppliers account<br>\r\n3. Inspection & Testing Requirements as per Customer drawing/ standard/ quality plan will be done at your end and reports will share to us.<br>\r\n<b> G. S. T.: </b> GST Extra. <br>\r\n<b> Delivery :</b>   Door Delivery. <br>\r\n<b> Validity :</b>  30 Days from date of purchase order\r\n                                            ', '11000.00'),
(103, 1, 'AROMP/PUR/23-24/17', 99, '2024-02-01', '2024-02-20', 'first', 1, '01-02-2024', '04:44:20', 1, '2', '2024', 'accept', 0, NULL, NULL, NULL, '1000.00', 0, '15000.00', '0', 'Gat no-77, Plot no-06, Jyotibanagar, Talwade, Pune', 'Gat no-77, Plot no-06, Jyotibanagar, Talwade, Pune', NULL, '1.PDIR & MTC Required with each lot. Pls mention PO No. on Invoice.<br>\r\n2.Rejection if any will be debited to suppliers account<br>\r\n3. Inspection & Testing Requirements as per Customer drawing/ standard/ quality plan will be done at your end and reports will share to us.<br>\r\n<b> G. S. T.: </b> GST Extra. <br>\r\n<b> Delivery :</b>   Door Delivery. <br>\r\n<b> Validity :</b>  30 Days from date of purchase order\r\n                                            ', '16000.00'),
(104, 1, 'AROMP/SUB/23-24/2', 99, '2024-02-02', '2024-02-25', 'new', 2, '02-02-2024', '02:45:14', 2, '2', '2024', 'pending', 0, 1, NULL, NULL, NULL, NULL, NULL, NULL, NULL, NULL, NULL, NULL, '0.00'),
(105, 1, 'AROMP/PUR/23-24/18', 101, '2024-02-07', '2024-02-15', 'first', 7, '07-02-2024', '04:42:04', 7, '2', '2024', 'lock', 0, NULL, NULL, NULL, '1000.00', 0, '10000.00', '0', 'kolhapur', 'Gat no-77, Plot no-06, Jyotibanagar, Talwade, Pune', NULL, '1.PDIR & MTC Required with each lot. Pls mention PO No. on Invoice.<br>\r\n2.Rejection if any will be debited to suppliers account<br>\r\n3. Inspection & Testing Requirements as per Customer drawing/ standard/ quality plan will be done at your end and reports will share to us.<br>\r\n<b> G. S. T.: </b> GST Extra. <br>\r\n<b> Delivery :</b>   Door Delivery. <br>\r\n<b> Validity :</b>  30 Days from date of purchase order\r\n                                            ', '11000.00'),
(106, 1, 'AROMP/PUR/23-24/19', 102, '2024-02-07', '2024-02-29', '', 7, '07-02-2024', '04:43:44', 7, '2', '2024', 'accept', 0, NULL, '2', '07-02-2024', '1000.00', 0, '3000.00', '0', 'Pune', 'kolhapur', NULL, '1.PDIR & MTC Required with each lot. Pls mention PO No. on Invoice.<br>\r\n2.Rejection if any will be debited to suppliers account<br>\r\n3. Inspection & Testing Requirements as per Customer drawing/ standard/ quality plan will be done at your end and reports will share to us.<br>\r\n<b> G. S. T.: </b> GST Extra. <br>\r\n<b> Delivery :</b>   Door Delivery. <br>\r\n<b> Validity :</b>  30 Days from date of purchase order\r\n                                            ', '4000.00'),
(107, 1, 'AROMP/PUR/23-24/20', 101, '2024-02-07', '2024-02-15', 'first', 7, '07-02-2024', '04:43:56', 7, '2', '2024', 'pending', 0, NULL, NULL, NULL, '1000.00', 0, '10000.00', '0', 'kolhapur', 'Gat no-77, Plot no-06, Jyotibanagar, Talwade, Pune', NULL, '1.PDIR & MTC Required with each lot. Pls mention PO No. on Invoice.<br>\r\n2.Rejection if any will be debited to suppliers account<br>\r\n3. Inspection & Testing Requirements as per Customer drawing/ standard/ quality plan will be done at your end and reports will share to us.<br>\r\n<b> G. S. T.: </b> GST Extra. <br>\r\n<b> Delivery :</b>   Door Delivery. <br>\r\n<b> Validity :</b>  30 Days from date of purchase order\r\n                                            ', '11000.00'),
(108, 1, 'AROMP/PUR/23-24/21', 101, '2024-02-07', '2024-02-15', 'first', 7, '07-02-2024', '04:43:59', 7, '2', '2024', 'pending', 0, NULL, NULL, NULL, '1000.00', 0, '10000.00', '0', 'kolhapur', 'Gat no-77, Plot no-06, Jyotibanagar, Talwade, Pune', NULL, '1.PDIR & MTC Required with each lot. Pls mention PO No. on Invoice.<br>\r\n2.Rejection if any will be debited to suppliers account<br>\r\n3. Inspection & Testing Requirements as per Customer drawing/ standard/ quality plan will be done at your end and reports will share to us.<br>\r\n<b> G. S. T.: </b> GST Extra. <br>\r\n<b> Delivery :</b>   Door Delivery. <br>\r\n<b> Validity :</b>  30 Days from date of purchase order\r\n                                            ', '11000.00'),
(109, 1, 'AROMP/PUR/23-24/22', 101, '2024-02-07', '2024-02-15', 'first', 7, '07-02-2024', '04:43:59', 7, '2', '2024', 'pending', 0, NULL, NULL, NULL, '1000.00', 0, '10000.00', '0', 'kolhapur', 'Gat no-77, Plot no-06, Jyotibanagar, Talwade, Pune', NULL, '1.PDIR & MTC Required with each lot. Pls mention PO No. on Invoice.<br>\r\n2.Rejection if any will be debited to suppliers account<br>\r\n3. Inspection & Testing Requirements as per Customer drawing/ standard/ quality plan will be done at your end and reports will share to us.<br>\r\n<b> G. S. T.: </b> GST Extra. <br>\r\n<b> Delivery :</b>   Door Delivery. <br>\r\n<b> Validity :</b>  30 Days from date of purchase order\r\n                                            ', '11000.00'),
(110, 1, 'AROMP/PUR/23-24/23', 101, '2024-02-07', '2024-02-15', 'first', 7, '07-02-2024', '04:44:02', 7, '2', '2024', 'accept_closed', 0, NULL, NULL, NULL, '1000.00', 0, '10000.00', '0', 'kolhapur', 'Gat no-77, Plot no-06, Jyotibanagar, Talwade, Pune', 'Quantity finished', '1.PDIR & MTC Required with each lot. Pls mention PO No. on Invoice.<br>\r\n2.Rejection if any will be debited to suppliers account<br>\r\n3. Inspection & Testing Requirements as per Customer drawing/ standard/ quality plan will be done at your end and reports will share to us.<br>\r\n<b> G. S. T.: </b> GST Extra. <br>\r\n<b> Delivery :</b>   Door Delivery. <br>\r\n<b> Validity :</b>  30 Days from date of purchase order\r\n                                            ', '11000.00'),
(111, 1, 'AROMP/PUR/23-24/24', 101, '2024-02-07', '2024-02-15', 'first', 7, '07-02-2024', '04:44:04', 7, '2', '2024', 'accept', 0, NULL, '1', '07-02-2024', '1000.00', 0, '10000.00', '0', 'kolhapur', 'Gat no-77, Plot no-06, Jyotibanagar, Talwade, Pune', NULL, '1.PDIR & MTC Required with each lot. Pls mention PO No. on Invoice.<br>\r\n2.Rejection if any will be debited to suppliers account<br>\r\n3. Inspection & Testing Requirements as per Customer drawing/ standard/ quality plan will be done at your end and reports will share to us.<br>\r\n<b> G. S. T.: </b> GST Extra. <br>\r\n<b> Delivery :</b>   Door Delivery. <br>\r\n<b> Validity :</b>  30 Days from date of purchase order\r\n                                            ', '11000.00'),
(112, 1, 'AROMP/PUR/23-24/25', 104, '2024-02-09', '2024-03-09', '', 9, '09-02-2024', '10:57:20', 9, '2', '2024', 'pending', 0, NULL, NULL, NULL, '1240.00', 0, '2000.00', '0', 'Chakan', 'Gat no-77, Plot no-06, Jyotibanagar, Talwade, Pune', NULL, '1.PDIR & MTC Required with each lot. Pls mention PO No. on Invoice.<br>\r\n2.Rejection if any will be debited to suppliers account<br>\r\n3. Inspection & Testing Requirements as per Customer drawing/ standard/ quality plan will be done at your end and reports will share to us.<br>\r\n<b> G. S. T.: </b> GST Extra. <br>\r\n<b> Delivery :</b>   Door Delivery. <br>\r\n<b> Validity :</b>  30 Days from date of purchase order\r\n                                            ', '3240.00'),
(113, 1, 'AROMP/PUR/23-24/26', 105, '2024-02-09', '2024-02-25', 'first', 9, '09-02-2024', '02:24:13', 9, '2', '2024', 'pending', 0, NULL, NULL, NULL, '500.00', 0, '5000.00', '0', 'kolhapur', 'kolhapur', NULL, '1.PDIR & MTC Required with each lot. Pls mention PO No. on Invoice.<br>\r\n2.Rejection if any will be debited to suppliers account<br>\r\n3. Inspection & Testing Requirements as per Customer drawing/ standard/ quality plan will be done at your end and reports will share to us.<br>\r\n<b> G. S. T.: </b> GST Extra. <br>\r\n<b> Delivery :</b>   Door Delivery. <br>\r\n<b> Validity :</b>  30 Days from date of purchase order\r\n                                            ', '5500.00'),
(114, 1, 'AROMP/PUR/23-24/27', 105, '2024-02-09', '2024-02-25', 'first', 9, '09-02-2024', '02:33:40', 9, '2', '2024', 'accept', 0, NULL, '1', '09-02-2024', '500.00', 0, '5000.00', '0', 'kolhapur', 'kolhapur', NULL, '1.PDIR & MTC Required with each lot. Pls mention PO No. on Invoice.<br>\r\n2.Rejection if any will be debited to suppliers account<br>\r\n3. Inspection & Testing Requirements as per Customer drawing/ standard/ quality plan will be done at your end and reports will share to us.<br>\r\n<b> G. S. T.: </b> GST Extra. <br>\r\n<b> Delivery :</b>   Door Delivery. <br>\r\n<b> Validity :</b>  30 Days from date of purchase order\r\n                                            ', '5500.00'),
(115, 1, 'AROMP/PUR/23-24/28', 106, '2024-02-09', '2024-02-28', 'first', 9, '09-02-2024', '04:21:10', 9, '2', '2024', 'accept', 0, NULL, '1', '09-02-2024', '500.00', 0, '5000.00', '0', 'Kolhapur', 'Kolhapur', NULL, '1.PDIR & MTC Required with each lot. Pls mention PO No. on Invoice.<br>\r\n2.Rejection if any will be debited to suppliers account<br>\r\n3. Inspection & Testing Requirements as per Customer drawing/ standard/ quality plan will be done at your end and reports will share to us.<br>\r\n<b> G. S. T.: </b> GST Extra. <br>\r\n<b> Delivery :</b>   Door Delivery. <br>\r\n<b> Validity :</b>  30 Days from date of purchase order\r\n                                            ', '5500.00'),
(116, 1, 'AROMP/PUR/23-24/29', 107, '2024-02-09', '2024-03-10', 'GF', 9, '09-02-2024', '04:21:23', 9, '2', '2024', 'accept', 0, NULL, NULL, NULL, '450.00', 0, '1250.00', '0', 'Kolhapur', 'Gat no-77, Plot no-06, Jyotibanagar, Talwade, Pune', NULL, '1.PDIR & MTC Required with each lot. Pls mention PO No. on Invoice.<br>\r\n2.Rejection if any will be debited to suppliers account<br>\r\n3. Inspection & Testing Requirements as per Customer drawing/ standard/ quality plan will be done at your end and reports will share to us.<br>\r\n<b> G. S. T.: </b> GST Extra. <br>\r\n<b> Delivery :</b>   Door Delivery. <br>\r\n<b> Validity :</b>  30 Days from date of purchase order\r\n                                            ', '1700.00'),
(117, 1, 'AROMP/PUR/23-24/30', 107, '2024-02-12', '2024-04-13', '', 12, '12-02-2024', '04:12:44', 12, '2', '2024', 'pending', 0, NULL, NULL, NULL, '2345.00', 0, '750.00', '0', 'Gat no-77, Plot no-06, Jyotibanagar, Talwade, Pune', 'Gat no-77, Plot no-06, Jyotibanagar, Talwade, Pune', NULL, '1.PDIR & MTC Required with each lot. Pls mention PO No. on Invoice.<br>\r\n2.Rejection if any will be debited to suppliers account<br>\r\n3. Inspection & Testing Requirements as per Customer drawing/ standard/ quality plan will be done at your end and reports will share to us.<br>\r\n<b> G. S. T.: </b> GST Extra. <br>\r\n<b> Delivery :</b>   Door Delivery. <br>\r\n<b> Validity :</b>  30 Days from date of purchase order\r\n                                            ', '3095.00'),
(118, 1, 'AROMP/PUR/23-24/31', 107, '2024-02-12', '2024-02-27', 'first', 12, '12-02-2024', '04:13:55', 12, '2', '2024', 'pending', 0, NULL, NULL, NULL, '500.00', 0, '1000.00', '0', 'Gat no-77, Plot no-06, Jyotibanagar, Talwade, Pune', 'Gat no-77, Plot no-06, Jyotibanagar, Talwade, Pune', NULL, '1.PDIR & MTC Required with each lot. Pls mention PO No. on Invoice.<br>\r\n2.Rejection if any will be debited to suppliers account<br>\r\n3. Inspection & Testing Requirements as per Customer drawing/ standard/ quality plan will be done at your end and reports will share to us.<br>\r\n<b> G. S. T.: </b> GST Extra. <br>\r\n<b> Delivery :</b>   Door Delivery. <br>\r\n<b> Validity :</b>  30 Days from date of purchase order\r\n                                            ', '1500.00'),
(119, 1, 'AROMP/PUR/23-24/32', 107, '2024-02-12', '2024-04-02', '', 12, '12-02-2024', '04:18:41', 12, '2', '2024', 'accept', 0, NULL, NULL, NULL, '4050.00', 0, '500.00', '0', 'Gat no-77, Plot no-06, Jyotibanagar, Talwade, Pune', 'Gat no-77, Plot no-06, Jyotibanagar, Talwade, Pune', NULL, '1.PDIR & MTC Required with each lot. Pls mention PO No. on Invoice.<br>\r\n2.Rejection if any will be debited to suppliers account<br>\r\n3. Inspection & Testing Requirements as per Customer drawing/ standard/ quality plan will be done at your end and reports will share to us.<br>\r\n<b> G. S. T.: </b> GST Extra. <br>\r\n<b> Delivery :</b>   Door Delivery. <br>\r\n<b> Validity :</b>  30 Days from date of purchase order\r\n                                            ', '4550.00'),
(120, 1, 'AROMP/PUR/23-24/33', 107, '2024-02-13', '2024-03-13', '', 13, '13-02-2024', '10:52:40', 13, '2', '2024', 'accept', 0, NULL, NULL, NULL, '4000.00', 0, '850.00', '0', 'Gat no-77, Plot no-06, Jyotibanagar, Talwade, Pune', 'Gat no-77, Plot no-06, Jyotibanagar, Talwade, Pune', NULL, '1.PDIR & MTC Required with each lot. Pls mention PO No. on Invoice.<br>\r\n2.Rejection if any will be debited to suppliers account<br>\r\n3. Inspection & Testing Requirements as per Customer drawing/ standard/ quality plan will be done at your end and reports will share to us.<br>\r\n<b> G. S. T.: </b> GST Extra. <br>\r\n<b> Delivery :</b>   Door Delivery. <br>\r\n<b> Validity :</b>  30 Days from date of purchase order\r\n                                            ', '4850.00'),
(121, 1, 'AROMP/PUR/23-24/34', 107, '2024-02-13', '2024-04-14', '', 13, '13-02-2024', '10:56:06', 13, '2', '2024', 'pending', 0, NULL, NULL, NULL, '6435.00', 0, '1253.00', '0', 'Gat no-77, Plot no-06, Jyotibanagar, Talwade, Pune', 'Gat no-77, Plot no-06, Jyotibanagar, Talwade, Pune', NULL, '1.PDIR & MTC Required with each lot. Pls mention PO No. on Invoice.<br>\r\n2.Rejection if any will be debited to suppliers account<br>\r\n3. Inspection & Testing Requirements as per Customer drawing/ standard/ quality plan will be done at your end and reports will share to us.<br>\r\n<b> G. S. T.: </b> GST Extra. <br>\r\n<b> Delivery :</b>   Door Delivery. <br>\r\n<b> Validity :</b>  30 Days from date of purchase order\r\n                                            ', '7688.00'),
(122, 1, 'AROMP/PUR/23-24/35', 108, '2024-02-13', '2024-02-28', 'first', 13, '13-02-2024', '04:00:40', 13, '2', '2024', 'lock', 0, NULL, NULL, NULL, '500.00', 0, '10000.00', '0', 'Kolhapur', 'Kolhapur', NULL, '1.PDIR & MTC Required with each lot. Pls mention PO No. on Invoice.<br>\r\n2.Rejection if any will be debited to suppliers account<br>\r\n3. Inspection & Testing Requirements as per Customer drawing/ standard/ quality plan will be done at your end and reports will share to us.<br>\r\n<b> G. S. T.: </b> GST Extra. <br>\r\n<b> Delivery :</b>   Door Delivery. <br>\r\n<b> Validity :</b>  30 Days from date of purchase order\r\n                                            ', '10500.00'),
(123, 1, 'AROMP/PUR/23-24/36', 108, '2024-02-13', '2024-02-28', 'first', 13, '13-02-2024', '04:00:41', 13, '2', '2024', 'accept', 0, NULL, '3', '18-02-2024', '500.00', 0, '10000.00', '0', 'Kolhapur', 'Kolhapur', NULL, '1.PDIR & MTC Required with each lot. Pls mention PO No. on Invoice.<br>\r\n2.Rejection if any will be debited to suppliers account<br>\r\n3. Inspection & Testing Requirements as per Customer drawing/ standard/ quality plan will be done at your end and reports will share to us.<br>\r\n<b> G. S. T.: </b> GST Extra. <br>\r\n<b> Delivery :</b>   Door Delivery. <br>\r\n<b> Validity :</b>  30 Days from date of purchase order\r\n                                            ', '10500.00'),
(124, 1, 'AROMP/PUR/23-24/37', 29, '2024-02-18', '2024-02-29', '', 18, '18-02-2024', '08:03:21', 18, '2', '2024', 'accept', 0, NULL, NULL, NULL, '200.00', 0, '100.00', '0', 'Gat no-77, Plot no-06, Jyotibanagar, Talwade, Pune', 'Chakan', NULL, '1.PDIR & MTC Required with each lot. Pls mention PO No. on Invoice.<br>\r\n2.Rejection if any will be debited to suppliers account<br>\r\n3. Inspection & Testing Requirements as per Customer drawing/ standard/ quality plan will be done at your end and reports will share to us.<br>\r\n<b> G. S. T.: </b> GST Extra. <br>\r\n<b> Delivery :</b>   Door Delivery. <br>\r\n<b> Validity :</b>  30 Days from date of purchase order\r\n                                            ', '300.00'),
(125, 1, 'AROMP/PUR/23-24/38', 29, '2024-02-19', '2024-02-29', '', 19, '19-02-2024', '09:21:08', 19, '2', '2024', 'accept', 0, NULL, NULL, NULL, '0.00', 0, '0.00', '0', 'Chinchwad Pune', 'Gat no-77, Plot no-06, Jyotibanagar, Talwade, Pune', NULL, '1.PDIR & MTC Required with each lot. Pls mention PO No. on Invoice.<br>\r\n2.Rejection if any will be debited to suppliers account<br>\r\n3. Inspection & Testing Requirements as per Customer drawing/ standard/ quality plan will be done at your end and reports will share to us.<br>\r\n<b> G. S. T.: </b> GST Extra. <br>\r\n<b> Delivery :</b>   Door Delivery. <br>\r\n<b> Validity :</b>  30 Days from date of purchase order\r\n                                            ', '0.00'),
(126, 1, 'AROMP/PUR/23-24/39', 110, '2024-02-21', '2024-03-05', 'first', 21, '21-02-2024', '04:09:50', 21, '2', '2024', 'accept', 0, NULL, '2', '21-02-2024', '1500.00', 0, '10000.00', '0', 'Chinchwad Pune', 'kolhapur', NULL, '1.PDIR & MTC Required with each lot. Pls mention PO No. on Invoice.<br>\r\n2.Rejection if any will be debited to suppliers account<br>\r\n3. Inspection & Testing Requirements as per Customer drawing/ standard/ quality plan will be done at your end and reports will share to us.<br>\r\n<b> G. S. T.: </b> GST Extra. <br>\r\n<b> Delivery :</b>   Door Delivery. <br>\r\n<b> Validity :</b>  30 Days from date of purchase order\r\n                                            ', '11500.00'),
(127, 1, 'AROMP/PUR/23-24/40', 35, '2024-02-24', '2024-03-25', '', 24, '24-02-2024', '04:27:29', 24, '2', '2024', 'pending', 0, NULL, NULL, NULL, '678.00', 0, '4565.00', '0', 'Chinchwad Pune', 'Chinchwad Pune', NULL, '1.PDIR & MTC Required with each lot. Pls mention PO No. on Invoice.<br>\r\n2.Rejection if any will be debited to suppliers account<br>\r\n3. Inspection & Testing Requirements as per Customer drawing/ standard/ quality plan will be done at your end and reports will share to us.<br>\r\n<b> G. S. T.: </b> GST Extra. <br>\r\n<b> Delivery :</b>   Door Delivery. <br>\r\n<b> Validity :</b>  30 Days from date of purchase order\r\n                                            ', '5243.00'),
(128, 1, 'AROMP/PUR/23-24/41', 111, '2024-02-24', '2024-03-10', 'first', 24, '24-02-2024', '04:27:33', 24, '2', '2024', 'pending', 0, NULL, NULL, NULL, '1500.00', 0, '10000.00', '0', 'Chinchwad Pune', 'Chinchwad Pune', NULL, '1.PDIR & MTC Required with each lot. Pls mention PO No. on Invoice.<br>\r\n2.Rejection if any will be debited to suppliers account<br>\r\n3. Inspection & Testing Requirements as per Customer drawing/ standard/ quality plan will be done at your end and reports will share to us.<br>\r\n<b> G. S. T.: </b> GST Extra. <br>\r\n<b> Delivery :</b>   Door Delivery. <br>\r\n<b> Validity :</b>  30 Days from date of purchase order\r\n                                            ', '11500.00'),
(129, 1, 'AROMP/PUR/23-24/42', 7, '2024-02-24', '2024-03-25', '', 24, '24-02-2024', '04:46:18', 24, '2', '2024', 'pending', 0, NULL, NULL, NULL, '650.00', 0, '590.00', '0', 'Chinchwad Pune', 'Gat no-77, Plot no-06, Jyotibanagar, Talwade, Pune', NULL, '1.PDIR & MTC Required with each lot. Pls mention PO No. on Invoice.<br>\r\n2.Rejection if any will be debited to suppliers account<br>\r\n3. Inspection & Testing Requirements as per Customer drawing/ standard/ quality plan will be done at your end and reports will share to us.<br>\r\n<b> G. S. T.: </b> GST Extra. <br>\r\n<b> Delivery :</b>   Door Delivery. <br>\r\n<b> Validity :</b>  30 Days from date of purchase order\r\n                                            ', '1240.00'),
(130, 1, 'AROMP/PUR/23-24/43', 111, '2024-02-24', '2024-03-31', 'first', 24, '24-02-2024', '04:46:53', 24, '2', '2024', 'pending', 0, NULL, NULL, NULL, '1000.00', 0, '10000.00', '0', 'Chinchwad Pune', 'Chinchwad Pune', NULL, '1.PDIR & MTC Required with each lot. Pls mention PO No. on Invoice.<br>\r\n2.Rejection if any will be debited to suppliers account<br>\r\n3. Inspection & Testing Requirements as per Customer drawing/ standard/ quality plan will be done at your end and reports will share to us.<br>\r\n<b> G. S. T.: </b> GST Extra. <br>\r\n<b> Delivery :</b>   Door Delivery. <br>\r\n<b> Validity :</b>  30 Days from date of purchase order\r\n                                            ', '11000.00'),
(131, 1, 'AROMP/PUR/23-24/44', 101, '2024-02-24', '2024-02-26', '', 24, '24-02-2024', '04:50:00', 24, '2', '2024', 'pending', 0, NULL, NULL, NULL, '8978.00', 0, '5000.00', '0', 'Chinchwad Pune', 'Gat no-77, Plot no-06, Jyotibanagar, Talwade, Pune', NULL, '1.PDIR & MTC Required with each lot. Pls mention PO No. on Invoice.<br>\r\n2.Rejection if any will be debited to suppliers account<br>\r\n3. Inspection & Testing Requirements as per Customer drawing/ standard/ quality plan will be done at your end and reports will share to us.<br>\r\n<b> G. S. T.: </b> GST Extra. <br>\r\n<b> Delivery :</b>   Door Delivery. <br>\r\n<b> Validity :</b>  30 Days from date of purchase order\r\n                                            ', '13978.00');
INSERT INTO `new_po` (`id`, `clientId`, `po_number`, `supplier_id`, `po_date`, `expiry_po_date`, `remark`, `created_by`, `created_date`, `created_time`, `created_day`, `created_month`, `created_year`, `status`, `deleted`, `process_id`, `amendment_no`, `amendment_date`, `loading_unloading`, `loading_unloading_gst`, `freight_amount`, `freight_amount_gst`, `billing_address`, `shipping_address`, `closed_remark`, `notes`, `final_amount`) VALUES
(132, 1, 'AROMP/PUR/23-24/45', 21, '2024-02-24', '2024-03-25', '', 24, '24-02-2024', '04:53:56', 24, '2', '2024', 'pending', 0, NULL, NULL, NULL, '500.00', 0, '4000.00', '0', 'Chinchwad Pune', 'Gat no-77, Plot no-06, Jyotibanagar, Talwade, Pune', NULL, '1.PDIR & MTC Required with each lot. Pls mention PO No. on Invoice.<br>\r\n2.Rejection if any will be debited to suppliers account<br>\r\n3. Inspection & Testing Requirements as per Customer drawing/ standard/ quality plan will be done at your end and reports will share to us.<br>\r\n<b> G. S. T.: </b> GST Extra. <br>\r\n<b> Delivery :</b>   Door Delivery. <br>\r\n<b> Validity :</b>  30 Days from date of purchase order\r\n                                            ', '4500.00'),
(133, 1, 'AROMP/PUR/23-24/46', 36, '2024-02-24', '2024-03-31', 'first', 24, '24-02-2024', '04:53:58', 24, '2', '2024', 'pending', 0, NULL, NULL, NULL, '1000.00', 0, '10000.00', '0', 'Chinchwad Pune', 'Chinchwad Pune', NULL, '1.PDIR & MTC Required with each lot. Pls mention PO No. on Invoice.<br>\r\n2.Rejection if any will be debited to suppliers account<br>\r\n3. Inspection & Testing Requirements as per Customer drawing/ standard/ quality plan will be done at your end and reports will share to us.<br>\r\n<b> G. S. T.: </b> GST Extra. <br>\r\n<b> Delivery :</b>   Door Delivery. <br>\r\n<b> Validity :</b>  30 Days from date of purchase order\r\n                                            ', '11000.00'),
(134, 1, 'AROMP/PUR/23-24/47', 108, '2024-02-24', '2024-03-31', 'NEW', 24, '24-02-2024', '04:58:24', 24, '2', '2024', 'pending', 0, NULL, NULL, NULL, '1000.00', 0, '10000.00', '0', 'Chinchwad Pune', 'Chinchwad Pune', NULL, '1.PDIR & MTC Required with each lot. Pls mention PO No. on Invoice.<br>\r\n2.Rejection if any will be debited to suppliers account<br>\r\n3. Inspection & Testing Requirements as per Customer drawing/ standard/ quality plan will be done at your end and reports will share to us.<br>\r\n<b> G. S. T.: </b> GST Extra. <br>\r\n<b> Delivery :</b>   Door Delivery. <br>\r\n<b> Validity :</b>  30 Days from date of purchase order\r\n                                            ', '11000.00'),
(135, 1, 'AROMP/PUR/23-24/48', 19, '2024-02-24', '2024-02-28', '', 24, '24-02-2024', '05:08:58', 24, '2', '2024', 'pending', 0, NULL, NULL, NULL, '450.00', 0, '500.00', '0', 'Chinchwad Pune', 'Chinchwad Pune', NULL, '1.PDIR & MTC Required with each lot. Pls mention PO No. on Invoice.<br>\r\n2.Rejection if any will be debited to suppliers account<br>\r\n3. Inspection & Testing Requirements as per Customer drawing/ standard/ quality plan will be done at your end and reports will share to us.<br>\r\n<b> G. S. T.: </b> GST Extra. <br>\r\n<b> Delivery :</b>   Door Delivery. <br>\r\n<b> Validity :</b>  30 Days from date of purchase order\r\n                                            ', '950.00'),
(136, 1, 'AROMP/PUR/23-24/49', 35, '2024-02-25', '2024-03-05', 'NEW', 25, '25-02-2024', '01:04:11', 25, '2', '2024', 'pending', 0, NULL, NULL, NULL, '100.00', 0, '500.00', '0', 'Chinchwad Pune', 'Chinchwad Pune', NULL, '1.PDIR & MTC Required with each lot. Pls mention PO No. on Invoice.<br>\r\n2.Rejection if any will be debited to suppliers account<br>\r\n3. Inspection & Testing Requirements as per Customer drawing/ standard/ quality plan will be done at your end and reports will share to us.<br>\r\n<b> G. S. T.: </b> GST Extra. <br>\r\n<b> Delivery :</b>   Door Delivery. <br>\r\n<b> Validity :</b>  30 Days from date of purchase order\r\n                                            ', '600.00'),
(137, 1, 'AROMP/PUR/23-24/50', 35, '2024-02-25', '2024-02-28', 'first', 25, '25-02-2024', '01:10:02', 25, '2', '2024', 'pending', 0, NULL, NULL, NULL, '500.00', 0, '1500.00', '0', 'Chinchwad Pune', 'Chinchwad Pune', NULL, '1.PDIR & MTC Required with each lot. Pls mention PO No. on Invoice.<br>\r\n2.Rejection if any will be debited to suppliers account<br>\r\n3. Inspection & Testing Requirements as per Customer drawing/ standard/ quality plan will be done at your end and reports will share to us.<br>\r\n<b> G. S. T.: </b> GST Extra. <br>\r\n<b> Delivery :</b>   Door Delivery. <br>\r\n<b> Validity :</b>  30 Days from date of purchase order\r\n                                            ', '2000.00'),
(138, 1, 'AROMP/PUR/23-24/51', 92, '2024-02-25', '2024-03-15', '1', 25, '25-02-2024', '01:16:49', 25, '2', '2024', 'pending', 0, NULL, NULL, NULL, '1000.00', 0, '5000.00', '0', 'Gat no-77, Plot no-06, Jyotibanagar, Talwade, Pune', 'Chinchwad Pune', NULL, '1.PDIR & MTC Required with each lot. Pls mention PO No. on Invoice.<br>\r\n2.Rejection if any will be debited to suppliers account<br>\r\n3. Inspection & Testing Requirements as per Customer drawing/ standard/ quality plan will be done at your end and reports will share to us.<br>\r\n<b> G. S. T.: </b> GST Extra. <br>\r\n<b> Delivery :</b>   Door Delivery. <br>\r\n<b> Validity :</b>  30 Days from date of purchase order\r\n                                            ', '6000.00'),
(139, 1, 'AROMP/PUR/23-24/52', 112, '2024-02-27', '2024-03-15', 'new', 27, '27-02-2024', '03:46:15', 27, '2', '2024', 'pending', 0, NULL, NULL, NULL, '500.00', 0, '1000.00', '0', 'Chinchwad Pune', 'Chinchwad Pune', NULL, '1.PDIR & MTC Required with each lot. Pls mention PO No. on Invoice.<br>\r\n2.Rejection if any will be debited to suppliers account<br>\r\n3. Inspection & Testing Requirements as per Customer drawing/ standard/ quality plan will be done at your end and reports will share to us.<br>\r\n<b> G. S. T.: </b> GST Extra. <br>\r\n<b> Delivery :</b>   Door Delivery. <br>\r\n<b> Validity :</b>  30 Days from date of purchase order\r\n                                            ', '1500.00'),
(140, 1, 'AROMP/PUR/23-24/53', 112, '2024-02-27', '2024-03-15', 'new', 27, '27-02-2024', '03:51:58', 27, '2', '2024', 'accept', 0, NULL, NULL, NULL, '500.00', 0, '1000.00', '0', 'Chinchwad Pune', 'Chinchwad Pune', NULL, '1.PDIR & MTC Required with each lot. Pls mention PO No. on Invoice.<br>\r\n2.Rejection if any will be debited to suppliers account<br>\r\n3. Inspection & Testing Requirements as per Customer drawing/ standard/ quality plan will be done at your end and reports will share to us.<br>\r\n<b> G. S. T.: </b> GST Extra. <br>\r\n<b> Delivery :</b>   Door Delivery. <br>\r\n<b> Validity :</b>  30 Days from date of purchase order\r\n                                            ', '1500.00'),
(141, 1, 'AROMP/PUR/23-24/54', 112, '2024-02-28', '2024-03-15', 'first', 28, '28-02-2024', '01:08:51', 28, '2', '2024', 'accept', 0, NULL, NULL, NULL, '500.00', 0, '1000.00', '0', 'Chinchwad Pune', 'kolhapur', NULL, '1.PDIR & MTC Required with each lot. Pls mention PO No. on Invoice.<br>\r\n2.Rejection if any will be debited to suppliers account<br>\r\n3. Inspection & Testing Requirements as per Customer drawing/ standard/ quality plan will be done at your end and reports will share to us.<br>\r\n<b> G. S. T.: </b> GST Extra. <br>\r\n<b> Delivery :</b>   Door Delivery. <br>\r\n<b> Validity :</b>  30 Days from date of purchase order\r\n                                            ', '1500.00'),
(142, 1, 'AROMP/PUR/23-24/55', 113, '2024-02-28', '2024-03-25', 'new', 28, '28-02-2024', '05:34:01', 28, '2', '2024', 'pending', 0, NULL, NULL, NULL, '500.00', 0, '1000.00', '0', 'Chinchwad Pune', 'Chinchwad Pune', NULL, '1.PDIR & MTC Required with each lot. Pls mention PO No. on Invoice.<br>\r\n2.Rejection if any will be debited to suppliers account<br>\r\n3. Inspection & Testing Requirements as per Customer drawing/ standard/ quality plan will be done at your end and reports will share to us.<br>\r\n<b> G. S. T.: </b> GST Extra. <br>\r\n<b> Delivery :</b>   Door Delivery. <br>\r\n<b> Validity :</b>  30 Days from date of purchase order\r\n                                            ', '1500.00'),
(143, 1, 'AROMP/PUR/23-24/56', 114, '2024-02-29', '2024-03-29', '', 29, '29-02-2024', '01:22:33', 29, '2', '2024', 'accept', 0, NULL, NULL, NULL, '500.00', 0, '1000.00', '0', 'Chinchwad Pune', 'Kolhapur', NULL, '1.PDIR & MTC Required with each lot. Pls mention PO No. on Invoice.<br>\r\n2.Rejection if any will be debited to suppliers account<br>\r\n3. Inspection & Testing Requirements as per Customer drawing/ standard/ quality plan will be done at your end and reports will share to us.<br>\r\n<b> G. S. T.: </b> GST Extra. <br>\r\n<b> Delivery :</b>   Door Delivery. <br>\r\n<b> Validity :</b>  30 Days from date of purchase order\r\n                                            ', '1500.00'),
(144, 1, 'AROMP/PUR/23-24/57', 115, '2024-03-02', '2024-03-15', 'first', 2, '02-03-2024', '04:04:59', 2, '3', '2024', 'accept', 0, NULL, '1', '02-03-2024', '200.00', 0, '800.00', '0', 'Chinchwad Pune', 'Kolhapur', NULL, '1.PDIR & MTC Required with each lot. Pls mention PO No. on Invoice.<br>\r\n2.Rejection if any will be debited to suppliers account<br>\r\n3. Inspection & Testing Requirements as per Customer drawing/ standard/ quality plan will be done at your end and reports will share to us.<br>\r\n<b> G. S. T.: </b> GST Extra. <br>\r\n<b> Delivery :</b>   Door Delivery. <br>\r\n<b> Validity :</b>  30 Days from date of purchase order\r\n                                            ', '1000.00'),
(145, 1, 'AROMP/PUR/23-24/58', 116, '2024-03-08', '2024-03-31', 'new', 8, '08-03-2024', '01:11:56', 8, '3', '2024', 'accept', 0, NULL, NULL, NULL, '500.00', 0, '500.00', '0', 'Gat no-77, Plot no-06, Jyotibanagar, Talwade, Pune', 'Kolhapur', NULL, '1.PDIR & MTC Required with each lot. Pls mention PO No. on Invoice.<br>\r\n2.Rejection if any will be debited to suppliers account<br>\r\n3. Inspection & Testing Requirements as per Customer drawing/ standard/ quality plan will be done at your end and reports will share to us.<br>\r\n<b> G. S. T.: </b> GST Extra. <br>\r\n<b> Delivery :</b>   Door Delivery. <br>\r\n<b> Validity :</b>  30 Days from date of purchase order\r\n                                            ', '1000.00'),
(146, 1, 'AROMP/PUR/23-24/59', 117, '2024-03-23', '2024-04-05', '', 23, '23-03-2024', '03:13:34', 23, '3', '2024', 'accept', 0, NULL, NULL, NULL, '100.00', 0, '100.00', '0', 'Chinchwad Pune', 'Chinchwad Pune', NULL, '1.PDIR & MTC Required with each lot. Pls mention PO No. on Invoice.<br>\r\n2.Rejection if any will be debited to suppliers account<br>\r\n3. Inspection & Testing Requirements as per Customer drawing/ standard/ quality plan will be done at your end and reports will share to us.<br>\r\n<b> G. S. T.: </b> GST Extra. <br>\r\n<b> Delivery :</b>   Door Delivery. <br>\r\n<b> Validity :</b>  30 Days from date of purchase order\r\n                                            ', '200.00'),
(147, 1, 'AROMP/PUR/23-24/60', 118, '2024-03-23', '2024-03-29', '', 23, '23-03-2024', '04:29:04', 23, '3', '2024', 'accept_closed', 0, NULL, NULL, NULL, '0.00', 0, '1000.00', '2', 'Chinchwad Pune', 'banglore', 'not', '1.PDIR & MTC Required with each lot. Pls mention PO No. on Invoice.<br>\r\n2.Rejection if any will be debited to suppliers account<br>\r\n3. Inspection & Testing Requirements as per Customer drawing/ standard/ quality plan will be done at your end and reports will share to us.<br>\r\n<b> G. S. T.: </b> GST Extra. <br>\r\n<b> Delivery :</b>   Door Delivery. <br>\r\n<b> Validity :</b>  30 Days from date of purchase order\r\n                                            ', '1180.00'),
(148, 1, 'AROMP/PUR/23-24/61', 118, '2024-03-23', '2024-04-04', 'first', 23, '23-03-2024', '04:32:30', 23, '3', '2024', 'accept_closed', 0, NULL, NULL, NULL, '500.00', 2, '500.00', '2', 'Chinchwad Pune', 'banglore', 'not done', '1.PDIR & MTC Required with each lot. Pls mention PO No. on Invoice.<br>\r\n2.Rejection if any will be debited to suppliers account<br>\r\n3. Inspection & Testing Requirements as per Customer drawing/ standard/ quality plan will be done at your end and reports will share to us.<br>\r\n<b> G. S. T.: </b> GST Extra. <br>\r\n<b> Delivery :</b>   Door Delivery. <br>\r\n<b> Validity :</b>  30 Days from date of purchase order\r\n                                            ', '1180.00'),
(149, 1, 'AROMP/PUR/23-24/62', 118, '2024-03-23', '2024-04-04', 'new', 23, '23-03-2024', '04:34:41', 23, '3', '2024', 'accept_closed', 0, NULL, NULL, NULL, '0.00', 0, '1000.00', '2', 'Chinchwad Pune', 'banglore', 'no', '1.PDIR & MTC Required with each lot. Pls mention PO No. on Invoice.<br>\r\n2.Rejection if any will be debited to suppliers account<br>\r\n3. Inspection & Testing Requirements as per Customer drawing/ standard/ quality plan will be done at your end and reports will share to us.<br>\r\n<b> G. S. T.: </b> GST Extra. <br>\r\n<b> Delivery :</b>   Door Delivery. <br>\r\n<b> Validity :</b>  30 Days from date of purchase order\r\n                                            ', '1180.00'),
(150, 1, 'AROMP/PUR/23-24/63', 118, '2024-03-28', '2024-04-10', '', 28, '28-03-2024', '04:19:39', 28, '3', '2024', 'accept', 0, NULL, NULL, NULL, '0.00', 0, '0.00', '0', 'Chinchwad Pune', 'banglore', NULL, '1.PDIR & MTC Required with each lot. Pls mention PO No. on Invoice.<br>\r\n2.Rejection if any will be debited to suppliers account<br>\r\n3. Inspection & Testing Requirements as per Customer drawing/ standard/ quality plan will be done at your end and reports will share to us.<br>\r\n<b> G. S. T.: </b> GST Extra. <br>\r\n<b> Delivery :</b>   Door Delivery. <br>\r\n<b> Validity :</b>  30 Days from date of purchase order\r\n                                            ', '0.00'),
(151, 1, 'AROMP/PUR/24-25/1', 118, '2024-03-30', '2024-03-31', '', 30, '30-03-2024', '06:15:21', 30, '3', '2024', 'accept', 0, NULL, NULL, NULL, '0.00', 0, '0.00', '0', 'Gat no-77, Plot no-06, Jyotibanagar, Talwade, Pune', 'banglore', NULL, '1.PDIR & MTC Required with each lot. Pls mention PO No. on Invoice.<br>\r\n2.Rejection if any will be debited to suppliers account<br>\r\n3. Inspection & Testing Requirements as per Customer drawing/ standard/ quality plan will be done at your end and reports will share to us.<br>\r\n<b> G. S. T.: </b> GST Extra. <br>\r\n<b> Delivery :</b>   Door Delivery. <br>\r\n<b> Validity :</b>  30 Days from date of purchase order\r\n                                            ', '0.00'),
(152, 1, 'AROMP/PUR/24-25/2', 76, '2024-03-30', '2024-03-31', '', 30, '30-03-2024', '06:17:16', 30, '3', '2024', 'accept', 0, NULL, NULL, NULL, '0.00', 0, '0.00', '0', 'Chinchwad Pune', 'RAGHUNATH Chinchwad Pune', NULL, '1.PDIR & MTC Required with each lot. Pls mention PO No. on Invoice.<br>\r\n2.Rejection if any will be debited to suppliers account<br>\r\n3. Inspection & Testing Requirements as per Customer drawing/ standard/ quality plan will be done at your end and reports will share to us.<br>\r\n<b> G. S. T.: </b> GST Extra. <br>\r\n<b> Delivery :</b>   Door Delivery. <br>\r\n<b> Validity :</b>  30 Days from date of purchase order\r\n                                            ', '0.00'),
(153, 1, 'AROMP/PUR/24-25/3', 118, '2024-03-31', '2024-04-20', '', 31, '31-03-2024', '01:41:15', 31, '3', '2024', 'accept', 0, NULL, NULL, NULL, '0.00', 0, '0.00', '0', 'Chinchwad Pune', 'Kolhapur', NULL, '1.PDIR & MTC Required with each lot. Pls mention PO No. on Invoice.<br>\r\n2.Rejection if any will be debited to suppliers account<br>\r\n3. Inspection & Testing Requirements as per Customer drawing/ standard/ quality plan will be done at your end and reports will share to us.<br>\r\n<b> G. S. T.: </b> GST Extra. <br>\r\n<b> Delivery :</b>   Door Delivery. <br>\r\n<b> Validity :</b>  30 Days from date of purchase order\r\n                                            ', '0.00'),
(154, 1, 'AROMP/SUB/24-25/1', 118, '2024-04-03', '2024-04-22', 'first', 3, '03-04-2024', '04:17:18', 3, '4', '2024', 'pending', 0, 1, NULL, NULL, NULL, NULL, NULL, NULL, NULL, NULL, NULL, NULL, '0.00'),
(155, 1, 'AROMP/PUR/24-25/4', 79, '2024-04-16', '2024-05-15', 'NA', 16, '16-04-2024', '01:50:17', 16, '4', '2024', 'accept', 0, NULL, NULL, NULL, '0.00', 0, '0.00', '0', 'Gat no-77, Plot no-06, Jyotibanagar, Talwade, Pune', 'T Block Get No -182 M.I.D.C BHOSARI PUNE -411026 ', NULL, '1.PDIR & MTC Required with each lot. Pls mention PO No. on Invoice.<br>\r\n2.Rejection if any will be debited to suppliers account<br>\r\n3. Inspection & Testing Requirements as per Customer drawing/ standard/ quality plan will be done at your end and reports will share to us.<br>\r\n<b> G. S. T.: </b> GST Extra. <br>\r\n<b> Delivery :</b>   Door Delivery. <br>\r\n<b> Validity :</b>  30 Days from date of purchase order\r\n                                            ', '0.00'),
(156, 1, 'AROMP/SUB/24-25/2', 119, '2024-04-19', '2025-03-30', 'first', 19, '19-04-2024', '04:22:27', 19, '4', '2024', 'accept', 0, 1, NULL, NULL, NULL, NULL, NULL, NULL, NULL, NULL, NULL, NULL, '0.00'),
(157, 1, 'AROMP/SUB/24-25/3', 120, '2024-04-20', '2025-03-30', 'first', 20, '20-04-2024', '12:25:47', 20, '4', '2024', 'accept', 0, 1, NULL, NULL, NULL, NULL, NULL, NULL, NULL, NULL, NULL, NULL, '0.00'),
(158, 1, 'AROMP/SUB/24-25/4', 121, '2024-04-24', '2024-05-15', 'first', 24, '24-04-2024', '02:35:37', 24, '4', '2024', 'accept', 0, 1, NULL, NULL, NULL, NULL, NULL, NULL, NULL, NULL, NULL, NULL, '0.00'),
(159, 1, 'AROMP/SUB/24-25/5', 121, '2024-04-27', '2025-03-30', 'first', 27, '27-04-2024', '11:14:16', 27, '4', '2024', 'accept', 0, 1, NULL, NULL, NULL, NULL, NULL, NULL, NULL, NULL, NULL, NULL, '0.00'),
(160, 1, 'AROMP/PUR/24-25/5', 121, '2024-04-28', '2024-05-02', '', 28, '28-04-2024', '08:50:35', 28, '4', '2024', 'accept', 0, NULL, NULL, NULL, '200.25', 0, '399.50', '0', 'Gat no-77, Plot no-06, Jyotibanagar, Talwade, Pune', 'Gat no-77, Plot no-06, Jyotibanagar, Talwade, Pune', NULL, '1.PDIR & MTC Required with each lot. Pls mention PO No. on Invoice.<br>\r\n2.Rejection if any will be debited to suppliers account<br>\r\n3. Inspection & Testing Requirements as per Customer drawing/ standard/ quality plan will be done at your end and reports will share to us.<br>\r\n<b> G. S. T.: </b> GST Extra. <br>\r\n<b> Delivery :</b>   Door Delivery. <br>\r\n<b> Validity :</b>  30 Days from date of purchase order\r\n                                            ', '599.75'),
(161, 1, 'AROMP/PUR/24-25/6', 121, '2024-04-28', '2024-04-30', '', 28, '28-04-2024', '10:35:43', 28, '4', '2024', 'accept', 0, NULL, NULL, NULL, '0.00', 0, '0.00', '0', 'Gat no-77, Plot no-06, Jyotibanagar, Talwade, Pune', 'Gat no-77, Plot no-06, Jyotibanagar, Talwade, Pune', NULL, '1.PDIR & MTC Required with each lot. Pls mention PO No. on Invoice.<br>\r\n2.Rejection if any will be debited to suppliers account<br>\r\n3. Inspection & Testing Requirements as per Customer drawing/ standard/ quality plan will be done at your end and reports will share to us.<br>\r\n<b> G. S. T.: </b> GST Extra. <br>\r\n<b> Delivery :</b>   Door Delivery. <br>\r\n<b> Validity :</b>  30 Days from date of purchase order\r\n                                            ', '0.00'),
(162, 1, 'AROMP/PUR/24-25/7', 79, '2024-05-03', '2024-05-15', '', 3, '03-05-2024', '07:58:10', 3, '5', '2024', 'accept', 0, NULL, NULL, NULL, '0.00', 0, '0.00', '0', 'Gat no-77, Plot no-06, Jyotibanagar, Talwade, Pune', 'Gat no-77, Plot no-06, Jyotibanagar, Talwade, Pune', NULL, '1.PDIR & MTC Required with each lot. Pls mention PO No. on Invoice.<br>\r\n2.Rejection if any will be debited to suppliers account<br>\r\n3. Inspection & Testing Requirements as per Customer drawing/ standard/ quality plan will be done at your end and reports will share to us.<br>\r\n<b> G. S. T.: </b> GST Extra. <br>\r\n<b> Delivery :</b>   Door Delivery. <br>\r\n<b> Validity :</b>  30 Days from date of purchase order\r\n                                            ', '0.00'),
(163, 1, 'AROMP/SUB/24-25/6', 121, '2024-05-18', '2024-06-25', 'first', 18, '18-05-2024', '03:55:33', 18, '5', '2024', 'accept', 0, 1, NULL, NULL, NULL, NULL, NULL, NULL, NULL, NULL, NULL, NULL, '0.00'),
(164, 1, 'AROMP/SUB/24-25/7', 120, '2024-05-18', '2024-06-25', 'new', 18, '18-05-2024', '04:43:04', 18, '5', '2024', 'accept', 0, 1, NULL, NULL, NULL, NULL, NULL, NULL, NULL, NULL, NULL, NULL, '0.00'),
(165, 1, 'AROMP/SUB/24-25/8', 122, '2024-05-20', '2025-05-30', '', 20, '20-05-2024', '12:10:11', 20, '5', '2024', 'accept', 0, 1, NULL, NULL, NULL, NULL, NULL, NULL, NULL, NULL, NULL, NULL, '0.00'),
(166, 1, 'AROMP/PUR/24-25/8', 123, '2024-05-28', '2024-06-28', 'purchase ', 28, '28-05-2024', '12:12:41', 28, '5', '2024', 'accept_closed', 0, NULL, NULL, NULL, '400.00', 8, '200.00', '0', 'Gat no-77, Plot no-06, Jyotibanagar, Talwade, Pune', 'Gat no-77, Plot no-06, Jyotibanagar, Talwade, Pune', 'not applicable', '1.PDIR & MTC Required with each lot. Pls mention PO No. on Invoice.\r\n2.Rejection if any will be debited to suppliers account\r\n3. Inspection & Testing Requirements as per Customer drawing/ standard/ quality plan will be done at your end and reports will share to us.\r\n4.G. S. T.: GST Extra.\r\n5. Delivery :   Door Delivery \r\n6. Validity :  30 Days from date of purchase order', '672.00');

-- --------------------------------------------------------

--
-- Table structure for table `new_po_sub`
--

CREATE TABLE `new_po_sub` (
  `id` int NOT NULL,
  `po_number` varchar(50) COLLATE utf8mb4_general_ci NOT NULL,
  `supplier_id` int NOT NULL,
  `po_date` varchar(10) COLLATE utf8mb4_general_ci NOT NULL,
  `expiry_po_date` varchar(20) COLLATE utf8mb4_general_ci DEFAULT NULL,
  `remark` text COLLATE utf8mb4_general_ci,
  `created_by` int NOT NULL,
  `created_date` varchar(10) COLLATE utf8mb4_general_ci NOT NULL,
  `created_time` varchar(12) COLLATE utf8mb4_general_ci NOT NULL,
  `created_day` int NOT NULL,
  `created_month` varchar(20) COLLATE utf8mb4_general_ci NOT NULL,
  `created_year` varchar(20) COLLATE utf8mb4_general_ci NOT NULL,
  `status` varchar(20) COLLATE utf8mb4_general_ci NOT NULL DEFAULT 'pending',
  `deleted` int NOT NULL DEFAULT '0',
  `process_id` int DEFAULT NULL
) ENGINE=InnoDB DEFAULT CHARSET=utf8mb4 COLLATE=utf8mb4_general_ci;

-- --------------------------------------------------------

--
-- Table structure for table `new_sales`
--

CREATE TABLE `new_sales` (
  `id` int NOT NULL,
  `clientId` int DEFAULT NULL,
  `sales_number` varchar(50) COLLATE utf8mb4_general_ci NOT NULL,
  `actualSalesNo` int NOT NULL,
  `customer_part_id` int NOT NULL,
  `customer_id` int NOT NULL,
  `shipping_addressType` enum('customer','consignee') COLLATE utf8mb4_general_ci DEFAULT NULL,
  `consignee_id` int DEFAULT NULL COMMENT 'Consignee address ID if shipping address type is consignee',
  `mode` varchar(100) COLLATE utf8mb4_general_ci DEFAULT NULL,
  `transporter` varchar(100) COLLATE utf8mb4_general_ci DEFAULT NULL,
  `transporter_id` int DEFAULT NULL,
  `vehicle_number` varchar(100) COLLATE utf8mb4_general_ci DEFAULT NULL,
  `lr_number` varchar(100) COLLATE utf8mb4_general_ci DEFAULT NULL,
  `remark` text COLLATE utf8mb4_general_ci,
  `created_by` int NOT NULL,
  `created_date` varchar(10) COLLATE utf8mb4_general_ci NOT NULL,
  `created_time` varchar(12) COLLATE utf8mb4_general_ci NOT NULL,
  `created_day` int NOT NULL,
  `created_month` varchar(20) COLLATE utf8mb4_general_ci NOT NULL,
  `created_year` varchar(20) COLLATE utf8mb4_general_ci NOT NULL,
  `status` varchar(20) COLLATE utf8mb4_general_ci NOT NULL DEFAULT 'pending',
  `deleted` int NOT NULL DEFAULT '0',
  `distance` varchar(20) COLLATE utf8mb4_general_ci NOT NULL
) ENGINE=InnoDB DEFAULT CHARSET=utf8mb4 COLLATE=utf8mb4_general_ci;

--
-- Dumping data for table `new_sales`
--

INSERT INTO `new_sales` (`id`, `clientId`, `sales_number`, `actualSalesNo`, `customer_part_id`, `customer_id`, `shipping_addressType`, `consignee_id`, `mode`, `transporter`, `transporter_id`, `vehicle_number`, `lr_number`, `remark`, `created_by`, `created_date`, `created_time`, `created_day`, `created_month`, `created_year`, `status`, `deleted`, `distance`) VALUES
(1, 1, 'MP/23-24/1264', 1264, 15, 1, 'customer', NULL, '1', NULL, 1, 'MH12TV9022', 'NA', 'INVOICE', 8, '08/09/2023', '07:13:03', 8, '9', '2023', 'lock', 0, '0'),
(2, 1, 'MP/23-24/1265', 1265, 52, 2, 'customer', NULL, '1', NULL, 1, 'MH12TV9022', 'NA', 'INVOICE', 9, '09/09/2023', '07:46:09', 9, '9', '2023', 'lock', 0, '32'),
(5, 1, 'MP/23-24/1266', 1266, 55, 2, 'customer', NULL, '1', NULL, 1, 'MH12TV9022', 'NA', 'INVOICE', 10, '10/09/2023', '09:34:18', 10, '9', '2023', 'lock', 0, '32'),
(7, 1, 'MP/23-24/1267', 1267, 65, 3, 'customer', NULL, '1', NULL, 1, 'MH14GU8430', 'NA', '', 10, '10/09/2023', '10:52:31', 10, '9', '2023', 'lock', 0, '30'),
(10, 1, 'MP/23-24/1268', 1268, 143, 1, 'customer', NULL, '1', NULL, 2, 'MH14KA1340', 'NA', 'INVOICE', 10, '10/09/2023', '11:40:56', 10, '9', '2023', 'lock', 0, '30'),
(11, 1, 'MP/23-24/1269', 1269, 146, 1, 'customer', NULL, '1', NULL, 2, 'MH14KA1340', 'NA', 'INVOICE', 10, '10/09/2023', '11:42:40', 10, '9', '2023', 'lock', 0, '30'),
(12, 1, 'MP/23-24/1270', 1270, 146, 1, 'customer', NULL, '1', NULL, 2, 'MH14KA1340', 'NA', 'INVOICE', 10, '10/09/2023', '11:43:56', 10, '9', '2023', 'lock', 0, '30'),
(13, 1, 'MP/23-24/1271', 1271, 2, 1, 'customer', NULL, '1', NULL, 2, 'MH14KA1340', 'NA', 'INVOICE', 10, '10/09/2023', '11:45:01', 10, '9', '2023', 'lock', 0, '30'),
(14, 1, 'MP/23-24/1272', 1272, 52, 2, 'customer', NULL, '1', NULL, 1, 'MH12TV9022', 'NA', 'INVOICE', 10, '10/09/2023', '11:46:07', 10, '9', '2023', 'lock', 0, '32'),
(15, 1, 'MP/23-24/1273', 1273, 195, 29, 'customer', NULL, '1', NULL, 1, 'MH12TV9022', 'NA', 'INVOICE', 10, '10/09/2023', '04:22:38', 10, '9', '2023', 'lock', 0, '32'),
(16, 1, 'MP/23-24/1274', 1274, 21, 1, 'customer', NULL, '1', NULL, 2, 'MH14KA1340', 'NA', 'INVOICE', 10, '10/09/2023', '06:20:02', 10, '9', '2023', 'lock', 0, '30'),
(17, 1, 'MP/23-24/1275', 1275, 14, 1, 'customer', NULL, '1', NULL, 2, 'MH14KA1340', 'NA', '', 10, '10/09/2023', '06:20:50', 10, '9', '2023', 'lock', 0, '30'),
(18, 1, 'MP/23-24/1276', 1276, 24, 1, 'customer', NULL, '1', NULL, 2, 'MH14KA1340', 'NA', 'INVOICE', 10, '10/09/2023', '06:21:42', 10, '9', '2023', 'lock', 0, '30'),
(19, 1, 'MP/23-24/1277', 1277, 9, 1, 'customer', NULL, '1', NULL, 2, 'MH14KA1340', 'NA', 'INVOICE', 10, '10/09/2023', '06:22:46', 10, '9', '2023', 'lock', 0, '30'),
(20, 1, 'MP/23-24/1278', 1278, 94, 4, 'customer', NULL, '1', NULL, 1, 'MH12TV9022', 'NA', 'INVOICE', 11, '11/09/2023', '10:06:35', 11, '9', '2023', 'lock', 0, '85'),
(21, 1, 'MP/23-24/1279', 1279, 123, 6, 'customer', NULL, '1', NULL, 1, 'MH12TV9022', 'NA', 'INVOICE', 12, '12/09/2023', '12:38:55', 12, '9', '2023', 'lock', 0, '30'),
(22, 1, 'MP/23-24/1280', 1280, 21, 1, 'customer', NULL, '1', NULL, 2, 'MH14KA1340', 'NA', 'INVOICE', 12, '12/09/2023', '12:49:41', 12, '9', '2023', 'lock', 0, '30'),
(23, 1, 'MP/23-24/1281', 1281, 14, 1, 'customer', NULL, '1', NULL, 2, 'MH14KA1340', 'NA', 'INVOICE', 12, '12/09/2023', '12:50:32', 12, '9', '2023', 'lock', 0, '30'),
(24, 1, 'MP/23-24/1282', 1282, 161, 8, 'customer', NULL, '1', NULL, 1, 'MH12TV9022', 'NA', 'INVOICE', 12, '12/09/2023', '12:53:14', 12, '9', '2023', 'lock', 0, '85'),
(25, 1, 'MP/23-24/1283', 1283, 65, 3, 'customer', NULL, '1', NULL, 1, 'MH12TV9022', 'NA', 'INVOICE', 12, '12/09/2023', '12:55:43', 12, '9', '2023', 'lock', 0, '30'),
(26, 1, 'MP/23-24/1284', 1284, 77, 3, 'customer', NULL, '1', NULL, 1, 'MH12TV9022', 'NA', 'INVOICE', 12, '12/09/2023', '12:56:49', 12, '9', '2023', 'lock', 0, '30'),
(27, 1, 'MP/23-24/1285', 1285, 39, 2, 'customer', NULL, '1', NULL, 1, 'MH12TV9022', 'NA', 'INVOICE', 12, '12/09/2023', '12:59:38', 12, '9', '2023', 'lock', 0, '32'),
(28, 1, 'MP/23-24/1286', 1286, 15, 1, 'customer', NULL, '1', NULL, 2, 'MH14KA1340', 'NA', 'INVOICE', 13, '13/09/2023', '03:43:34', 13, '9', '2023', 'lock', 0, '30'),
(29, 1, 'MP/23-24/1287', 1287, 14, 1, 'customer', NULL, '1', NULL, 2, 'MH14KA1340', 'NA', 'INVOICE', 13, '13/09/2023', '03:44:37', 13, '9', '2023', 'lock', 0, '30'),
(30, 1, 'MP/23-24/1288', 1288, 11, 1, 'customer', NULL, '1', NULL, 2, 'MH14KA1340', 'NA', 'INVOICE', 13, '13/09/2023', '03:45:38', 13, '9', '2023', 'lock', 0, '30'),
(31, 1, 'MP/23-24/1289', 1289, 19, 1, 'customer', NULL, '1', NULL, 2, 'MH14KA1340', 'NA', 'INVOICE', 13, '13/09/2023', '03:47:15', 13, '9', '2023', 'lock', 0, '30'),
(32, 1, 'MP/23-24/1290', 1290, 2, 1, 'customer', NULL, '1', NULL, 2, 'MH14KA1340', 'NA', 'INVOICE', 13, '13/09/2023', '03:48:37', 13, '9', '2023', 'lock', 0, '30'),
(33, 1, 'MP/23-24/1291', 1291, 15, 1, 'customer', NULL, '1', NULL, 2, 'MH14KA1340', 'NA', 'INVOICE', 13, '13/09/2023', '03:49:59', 13, '9', '2023', 'lock', 0, '30'),
(34, 1, 'MP/23-24/1292', 1292, 23, 1, 'customer', NULL, '1', NULL, 2, 'MH14KA1340', 'NA', 'INVOICE', 13, '13/09/2023', '03:51:06', 13, '9', '2023', 'lock', 0, '30'),
(35, 1, 'MP/23-24/1293', 1293, 115, 5, 'customer', NULL, '1', NULL, 1, 'MH12TV9022', 'NA', 'INVOICE', 13, '13/09/2023', '05:30:46', 13, '9', '2023', 'lock', 0, '30'),
(36, 1, 'MP/23-24/1294', 1294, 55, 2, 'customer', NULL, '1', NULL, 1, 'MH12TV9022', 'NA', 'INVOICE', 15, '15/09/2023', '08:57:08', 15, '9', '2023', 'lock', 0, '32'),
(37, 1, 'MP/23-24/1295', 1295, 9, 1, 'customer', NULL, '1', NULL, 1, 'MH12TV9022', 'NA', 'INVOICE', 15, '15/09/2023', '08:58:09', 15, '9', '2023', 'lock', 0, '30'),
(38, 1, 'MP/23-24/1296', 1296, 2, 1, 'customer', NULL, '1', NULL, 2, 'MH14KA1340', 'NA', 'INVOICE', 15, '15/09/2023', '05:02:11', 15, '9', '2023', 'lock', 0, '30'),
(39, 1, 'MP/23-24/1297', 1297, 19, 1, 'customer', NULL, '1', NULL, 2, 'MH14KA1340', 'NA', 'INVOICE', 15, '15/09/2023', '05:03:32', 15, '9', '2023', 'lock', 0, '30'),
(40, 1, 'MP/23-24/1298', 1298, 23, 1, 'customer', NULL, '1', NULL, 2, 'MH14KA1340', 'NA', 'INVOICE', 15, '15/09/2023', '05:04:38', 15, '9', '2023', 'lock', 0, '30'),
(41, 1, 'MP/23-24/1299', 1299, 14, 1, 'customer', NULL, '1', NULL, 2, 'MH14KA1340', 'NA', 'INVOICE', 15, '15/09/2023', '05:06:03', 15, '9', '2023', 'lock', 0, '30'),
(42, 1, 'MP/23-24/1300', 1300, 55, 2, 'customer', NULL, '1', NULL, 1, 'MH12TV9022', 'NA', 'INVOICE', 15, '15/09/2023', '05:06:49', 15, '9', '2023', 'lock', 0, '30'),
(43, 1, 'MP/23-24/1301', 1301, 9, 1, 'customer', NULL, '1', NULL, 2, 'MH14KA1340', 'NA', 'INVOICE', 16, '16/09/2023', '02:21:17', 16, '9', '2023', 'lock', 0, '30'),
(44, 1, 'MP/23-24/1302', 1302, 9, 1, 'customer', NULL, '1', NULL, 2, 'MH14KA1340', 'NA', 'INVOICE', 16, '16/09/2023', '02:22:16', 16, '9', '2023', 'lock', 0, '30'),
(45, 1, 'MP/23-24/1303', 1303, 35, 2, 'customer', NULL, '1', NULL, 1, 'MH12TV9022', 'NA', 'INVOICE', 16, '16/09/2023', '02:24:06', 16, '9', '2023', 'lock', 0, '30'),
(46, 1, 'MP/23-24/1304', 1304, 161, 8, 'customer', NULL, '1', NULL, 1, 'MH12TV9022', 'NA', 'INVOICE', 18, '18/09/2023', '09:40:39', 18, '9', '2023', 'lock', 0, '30'),
(47, 1, 'MP/23-24/1305', 1305, 190, 9, 'customer', NULL, '1', NULL, 1, 'MH12TV9022', 'NA', 'INVOICE', 18, '18/09/2023', '09:44:38', 18, '9', '2023', 'lock', 0, '85'),
(48, 1, 'MP/23-24/1306', 1306, 2, 1, 'customer', NULL, '1', NULL, 2, 'MH14KA1340', 'NA', 'INVOICE', 18, '18/09/2023', '09:46:16', 18, '9', '2023', 'lock', 0, '30'),
(49, 1, 'MP/23-24/1307', 1307, 9, 1, 'customer', NULL, '1', NULL, 2, 'MH12TV9022', 'NA', 'INVOICE', 18, '18/09/2023', '09:47:58', 18, '9', '2023', 'lock', 0, '30'),
(50, 1, 'MP/23-24/1308', 1308, 143, 1, 'customer', NULL, '1', NULL, 2, 'MH14KA1340', 'NA', 'INVOICE', 18, '18/09/2023', '09:50:01', 18, '9', '2023', 'lock', 0, '30'),
(51, 1, 'MP/23-24/1309', 1309, 145, 1, 'customer', NULL, '1', NULL, 2, 'MH14KA1340', 'NA', 'INVOICE', 18, '18/09/2023', '09:51:15', 18, '9', '2023', 'lock', 0, '30'),
(52, 1, 'MP/23-24/1310', 1310, 123, 6, 'customer', NULL, '1', NULL, 1, 'MH12TV9022', 'NA', 'INVOICE', 18, '18/09/2023', '10:00:14', 18, '9', '2023', 'lock', 0, '30'),
(53, 1, 'MP/23-24/1311', 1311, 123, 6, 'customer', NULL, '1', NULL, 1, 'MH12TV9022', 'NA', 'INVOICE', 18, '18/09/2023', '10:01:32', 18, '9', '2023', 'lock', 0, '30'),
(54, 1, 'MP/23-24/1312', 1312, 19, 1, 'customer', NULL, '1', NULL, 2, 'MH14KA1340', 'NA', 'INVOICE', 18, '18/09/2023', '10:03:16', 18, '9', '2023', 'lock', 0, '30'),
(55, 1, 'MP/23-24/1313', 1313, 21, 1, 'customer', NULL, '1', NULL, 2, 'MH14KA1340', 'NA', 'INVOICE', 18, '18/09/2023', '10:05:30', 18, '9', '2023', 'lock', 0, '30'),
(56, 1, 'MP/23-24/1314', 1314, 24, 1, 'customer', NULL, '1', NULL, 1, 'MH14KA1340', 'NA', 'INVOICE', 18, '18/09/2023', '10:14:35', 18, '9', '2023', 'lock', 0, '30'),
(57, 1, 'MP/23-24/1315', 1315, 14, 1, 'customer', NULL, '1', NULL, 2, 'MH14KA1340', 'NA', 'INVOICE', 18, '18/09/2023', '10:15:53', 18, '9', '2023', 'lock', 0, '30'),
(58, 1, 'MP/23-24/1316', 1316, 9, 1, 'customer', NULL, '1', NULL, 2, 'MH14KA1340', 'NA', 'INVOICE', 18, '18/09/2023', '10:18:11', 18, '9', '2023', 'lock', 0, '30'),
(59, 1, 'MP/23-24/1317', 1317, 23, 1, 'customer', NULL, '1', NULL, 2, 'MH14KA1340', 'NA', 'INVOICE', 18, '18/09/2023', '10:19:57', 18, '9', '2023', 'lock', 0, '30'),
(60, 1, 'MP/23-24/1318', 1318, 77, 3, 'customer', NULL, '1', NULL, 1, 'MH12TV9022', 'NA', 'INVOICE', 19, '19/09/2023', '02:12:04', 19, '9', '2023', 'lock', 0, '30'),
(61, 1, 'MP/23-24/1319', 1319, 84, 3, 'customer', NULL, '1', NULL, 1, 'MH12TV9022', 'NA', 'INVOICE', 19, '19/09/2023', '02:13:11', 19, '9', '2023', 'lock', 0, '30'),
(62, 1, 'MP/23-24/1320', 1320, 40, 2, 'customer', NULL, '1', NULL, 1, 'MH12TV9022', 'NA', 'INVOICE', 19, '19/09/2023', '05:42:59', 19, '9', '2023', 'lock', 0, '32'),
(63, 1, 'MP/23-24/1321', 1321, 9, 1, 'customer', NULL, '1', NULL, 2, 'MH14KA1340', 'NA', 'INVOICE', 19, '19/09/2023', '05:48:48', 19, '9', '2023', 'lock', 0, '30'),
(64, 1, 'MP/23-24/1322', 1322, 23, 1, 'customer', NULL, '1', NULL, 2, 'MH14KA1340', 'NA', 'INVOICE', 19, '19/09/2023', '05:50:48', 19, '9', '2023', 'lock', 0, '30'),
(65, 1, 'MP/23-24/1323', 1323, 19, 1, 'customer', NULL, '1', NULL, 2, 'MH14KA1340', '', 'INVOICE', 19, '19/09/2023', '05:51:43', 19, '9', '2023', 'lock', 0, '30'),
(66, 1, 'MP/23-24/1324', 1324, 20, 1, 'customer', NULL, '1', NULL, 2, 'MH14KA1340', 'NA', 'INVOICE', 19, '19/09/2023', '05:52:39', 19, '9', '2023', 'lock', 0, '30'),
(67, 1, 'MP/23-24/1325', 1325, 145, 1, 'customer', NULL, '1', NULL, 2, 'MH14KA1340', 'NA', 'INVOICE', 19, '19/09/2023', '05:53:48', 19, '9', '2023', 'lock', 0, '30'),
(68, 1, 'MP/23-24/1326', 1326, 146, 1, 'customer', NULL, '1', NULL, 2, 'MH14KA1340', 'NA', 'INVOICE', 19, '19/09/2023', '05:54:49', 19, '9', '2023', 'lock', 0, '30'),
(69, 1, 'MP/23-24/1327', 1327, 21, 1, 'customer', NULL, '1', NULL, 2, 'MH14KA1340', 'NA', 'INVOICE', 19, '19/09/2023', '05:55:43', 19, '9', '2023', 'lock', 0, '30'),
(70, 1, 'MP/23-24/1328', 1328, 9, 1, 'customer', NULL, '1', NULL, 2, 'MH14KA1340', 'NA', 'INVOICE', 19, '19/09/2023', '05:56:42', 19, '9', '2023', 'lock', 0, '30'),
(71, 1, 'MP/23-24/1329', 1329, 11, 1, 'customer', NULL, '1', NULL, 2, 'MH14KA1340', 'NA', 'INVOICE', 19, '19/09/2023', '05:57:35', 19, '9', '2023', 'lock', 0, '30'),
(72, 1, 'MP/23-24/1330', 1330, 14, 1, 'customer', NULL, '1', NULL, 2, 'MH14KA1340', 'NA', 'INVOICE', 19, '19/09/2023', '05:58:28', 19, '9', '2023', 'lock', 0, '30'),
(73, 1, 'MP/23-24/1331', 1331, 2, 1, 'customer', NULL, '1', NULL, 2, 'MH14KA1340', 'NA', 'INVOICE', 19, '19/09/2023', '05:59:14', 19, '9', '2023', 'lock', 0, '30'),
(74, 1, 'MP/23-24/1332', 1332, 9, 1, 'customer', NULL, '1', NULL, 2, 'MH14KA1340', 'NA', 'INVOICE', 19, '19/09/2023', '06:00:20', 19, '9', '2023', 'lock', 0, '30'),
(75, 1, 'MP/23-24/1333', 1333, 22, 1, 'customer', NULL, '1', NULL, 2, 'MH14KA1340', 'NA', 'INVOICE', 19, '19/09/2023', '06:01:21', 19, '9', '2023', 'lock', 0, '30'),
(76, 1, 'MP/23-24/1334', 1334, 15, 1, 'customer', NULL, '1', NULL, 2, 'MH14KA1340', 'NA', 'INVOICE', 26, '26/09/2023', '08:57:09', 26, '9', '2023', 'lock', 0, '30'),
(77, 1, 'MP/23-24/1335', 1335, 3, 1, 'customer', NULL, '1', NULL, 2, 'MH14KA1340', 'NA', 'INVOICE', 26, '26/09/2023', '08:58:09', 26, '9', '2023', 'lock', 0, '30'),
(78, 1, 'MP/23-24/1336', 1336, 10, 1, 'customer', NULL, '1', NULL, 2, 'MH14KA1340', 'NA', 'INVOICE', 26, '26/09/2023', '08:59:25', 26, '9', '2023', 'lock', 0, '30'),
(79, 1, 'MP/23-24/1337', 1337, 14, 1, 'customer', NULL, '1', NULL, 2, 'MH14KA1340', 'NA', 'INVOICE', 26, '26/09/2023', '09:00:13', 26, '9', '2023', 'lock', 0, '30'),
(80, 1, 'MP/23-24/1338', 1338, 22, 1, 'customer', NULL, '1', NULL, 2, 'MH14KA1340', 'NA', 'INVOICE', 26, '26/09/2023', '09:01:06', 26, '9', '2023', 'lock', 0, '30'),
(81, 1, 'MP/23-24/1339', 1339, 1, 1, 'customer', NULL, '1', NULL, 2, 'MH14KA1340', 'NA', 'INVOICE', 26, '26/09/2023', '09:02:05', 26, '9', '2023', 'lock', 0, '30'),
(82, 1, 'MP/23-24/1340', 1340, 14, 1, 'customer', NULL, '1', NULL, 2, 'MH14KA1340', 'NA', 'INVOICE', 26, '26/09/2023', '09:03:11', 26, '9', '2023', 'lock', 0, '30'),
(83, 1, 'MP/23-24/1341', 1341, 55, 2, 'customer', NULL, '1', NULL, 2, 'MH14KA1340', 'NA', 'INVOICE', 26, '26/09/2023', '09:03:53', 26, '9', '2023', 'lock', 0, '30'),
(84, 1, 'MP/23-24/1342', 1342, 135, 12, 'customer', NULL, '1', NULL, 2, 'MH14KA1340', 'NA', 'INVOICE', 26, '26/09/2023', '09:07:28', 26, '9', '2023', 'lock', 0, '30'),
(85, 1, 'MP/23-24/1343', 1343, 2, 1, 'customer', NULL, '1', NULL, 2, 'MH14KA1340', 'NA', 'INVOICE', 26, '26/09/2023', '09:08:35', 26, '9', '2023', 'lock', 0, '30'),
(86, 1, 'MP/23-24/1344', 1344, 10, 1, 'customer', NULL, '1', NULL, 2, 'MH14KA1340', 'NA', 'INVOICE', 26, '26/09/2023', '09:10:03', 26, '9', '2023', 'lock', 0, '30'),
(87, 1, 'MP/23-24/1345', 1345, 14, 1, 'customer', NULL, '1', NULL, 2, 'MH14KA1340', 'NA', 'INVOICE', 26, '26/09/2023', '09:11:04', 26, '9', '2023', 'lock', 0, '30'),
(88, 1, 'MP/23-24/1346', 1346, 19, 1, 'customer', NULL, '1', NULL, 2, 'MH14KA1340', 'NA', 'INVOICE', 26, '26/09/2023', '09:12:39', 26, '9', '2023', 'lock', 0, '30'),
(89, 1, 'MP/23-24/1347', 1347, 123, 6, 'customer', NULL, '1', NULL, 1, 'MH12TV9022', 'NA', '', 26, '26/09/2023', '09:13:44', 26, '9', '2023', 'lock', 0, '30'),
(90, 1, 'MP/23-24/1348', 1348, 161, 8, 'customer', NULL, '1', NULL, 1, 'MH12TV9022', 'NA', 'INVOICE', 26, '26/09/2023', '09:14:55', 26, '9', '2023', 'lock', 0, '30'),
(91, 1, 'MP/23-24/1349', 1349, 1, 1, 'customer', NULL, '1', NULL, 2, 'MH14KA1340', 'NA', 'INVOICE', 26, '26/09/2023', '09:16:12', 26, '9', '2023', 'lock', 0, '30'),
(92, 1, 'MP/23-24/1350', 1350, 15, 1, 'customer', NULL, '1', NULL, 2, 'MH14KA1340', 'NA', 'INVOICE', 26, '26/09/2023', '09:17:03', 26, '9', '2023', 'lock', 0, '30'),
(93, 1, 'MP/23-24/1351', 1351, 1, 1, 'customer', NULL, '1', NULL, 2, 'MH14KA1340', 'NA', 'INVOICE', 26, '26/09/2023', '09:18:00', 26, '9', '2023', 'lock', 0, '30'),
(95, 1, 'MP/23-24/1352', 1352, 29, 2, 'customer', NULL, '1', NULL, 1, 'MH12TV9022', 'NA', 'INVOICE', 26, '26/09/2023', '09:20:47', 26, '9', '2023', 'lock', 0, '30'),
(96, 1, 'MP/23-24/1353', 1353, 52, 2, 'customer', NULL, '1', NULL, 1, 'MH12TV9022', 'NA', '', 26, '26/09/2023', '09:21:34', 26, '9', '2023', 'lock', 0, '30'),
(97, 1, 'MP/23-24/1354', 1354, 127, 9, 'customer', NULL, '1', NULL, 1, 'MH12TV9022', 'NA', 'INVOICE', 26, '26/09/2023', '09:24:02', 26, '9', '2023', 'lock', 0, '30'),
(98, 1, 'MP/23-24/1355', 1355, 2, 1, 'customer', NULL, '1', NULL, 2, 'MH14KA1340', 'NA', 'INVOICE', 26, '26/09/2023', '09:33:03', 26, '9', '2023', 'lock', 0, '30'),
(99, 1, 'MP/23-24/1356', 1356, 14, 1, 'customer', NULL, '1', NULL, 2, 'MH14KA1340', 'NA', 'INVOICE', 26, '26/09/2023', '09:34:58', 26, '9', '2023', 'lock', 0, '30'),
(100, 1, 'MP/23-24/1357', 1357, 22, 1, 'customer', NULL, '1', NULL, 2, 'MH14KA1340', 'NA', 'INVOICE', 26, '26/09/2023', '09:35:49', 26, '9', '2023', 'lock', 0, '30'),
(101, 1, 'MP/23-24/1358', 1358, 19, 1, 'customer', NULL, '1', NULL, 2, 'MH14KA1340', 'NA', 'INVOICE', 26, '26/09/2023', '09:36:39', 26, '9', '2023', 'lock', 0, '30'),
(102, 1, 'MP/23-24/1359', 1359, 15, 1, 'customer', NULL, '1', NULL, 2, 'MH14KA1340', 'NA', 'INVOICE', 27, '27/09/2023', '08:24:17', 27, '9', '2023', 'lock', 0, '30'),
(103, 1, 'MP/23-24/1360', 1360, 11, 1, 'customer', NULL, '1', NULL, 2, 'MH14KA1340', 'NA', 'INVOICE', 27, '27/09/2023', '08:25:34', 27, '9', '2023', 'lock', 0, '30'),
(104, 1, 'MP/23-24/1361', 1361, 15, 1, 'customer', NULL, '1', NULL, 2, 'MH14KA1340', 'NA', 'INVOICE', 27, '27/09/2023', '08:26:37', 27, '9', '2023', 'lock', 0, '30'),
(105, 1, 'MP/23-24/1362', 1362, 143, 1, 'customer', NULL, '1', NULL, 2, 'MH14KA1340', 'NA', 'INVOICE', 27, '27/09/2023', '08:27:38', 27, '9', '2023', 'lock', 0, '30'),
(106, 1, 'MP/23-24/1363', 1363, 14, 1, 'customer', NULL, '1', NULL, 2, 'MH14KA1340', 'NA', 'INVOICE', 27, '27/09/2023', '08:28:47', 27, '9', '2023', 'lock', 0, '30'),
(107, 1, 'MP/23-24/1364', 1364, 29, 2, 'customer', NULL, '1', NULL, 1, 'MH12TV9022', 'NA', 'INVOICE', 29, '29/09/2023', '08:32:55', 29, '9', '2023', 'lock', 0, '32'),
(108, 1, 'MP/23-24/1365', 1365, 1, 1, 'customer', NULL, '1', NULL, 2, 'MH14KA1340', 'NA', 'INVOICE', 29, '29/09/2023', '08:34:55', 29, '9', '2023', 'lock', 0, '30'),
(109, 1, 'MP/23-24/1366', 1366, 14, 1, 'customer', NULL, '1', NULL, 2, 'MH14KA1340', 'NA', 'INVOICE', 29, '29/09/2023', '08:36:28', 29, '9', '2023', 'lock', 0, '30'),
(110, 1, 'MP/23-24/1367', 1367, 143, 1, 'customer', NULL, '1', NULL, 2, 'MH14KA1340', 'NA', 'INVOICE', 29, '29/09/2023', '08:37:32', 29, '9', '2023', 'lock', 0, '30'),
(111, 1, 'MP/23-24/1368', 1368, 161, 8, 'customer', NULL, '1', NULL, 1, 'MH12TV9022', 'NA', 'INVOICE', 29, '29/09/2023', '08:38:55', 29, '9', '2023', 'lock', 0, '30'),
(112, 1, 'MP/23-24/1369', 1369, 169, 22, 'customer', NULL, '1', NULL, 1, 'MH12TV9022', 'NA', '', 30, '30/09/2023', '12:27:22', 30, '9', '2023', 'lock', 0, '30'),
(113, 1, 'MP/23-24/1370', 1370, 168, 2, 'customer', NULL, '1', NULL, 1, 'MH12TV9022', 'NA', 'INVOICE', 30, '30/09/2023', '12:30:01', 30, '9', '2023', 'lock', 0, '32'),
(114, 1, 'MP/23-24/1371', 1371, 123, 6, 'customer', NULL, '1', NULL, 1, 'MH12TV9022', 'NA', 'INVOICE', 30, '30/09/2023', '12:30:57', 30, '9', '2023', 'lock', 0, '30'),
(115, 1, 'MP/23-24/1372', 1372, 66, 3, 'customer', NULL, '1', NULL, 1, 'MH12TV9022', 'NA', 'INVOICE', 30, '30/09/2023', '12:34:20', 30, '9', '2023', 'lock', 0, '32'),
(116, 1, 'MP/23-24/1373', 1373, 19, 1, 'customer', NULL, '1', NULL, 1, 'MH14KA1340', 'NA', '', 30, '30/09/2023', '12:37:13', 30, '9', '2023', 'lock', 0, '30'),
(117, 1, 'MP/23-24/1374', 1374, 14, 1, 'customer', NULL, '1', NULL, 2, 'MH14KA1340', 'NA', 'INVOICE', 30, '30/09/2023', '12:38:20', 30, '9', '2023', 'lock', 0, '30'),
(118, 1, 'MP/23-24/1375', 1375, 1, 1, 'customer', NULL, '1', NULL, 2, 'MH14KA1340', 'NA', 'INVOICE', 30, '30/09/2023', '12:39:05', 30, '9', '2023', 'lock', 0, '30'),
(119, 1, 'MP/23-24/1376', 1376, 11, 1, 'customer', NULL, '1', NULL, 2, 'MH14KA1340', 'NA', 'INVOICE', 2, '02/10/2023', '05:14:21', 2, '10', '2023', 'lock', 0, '30'),
(120, 1, 'MP/23-24/1377', 1377, 19, 1, 'customer', NULL, '1', NULL, 2, 'MH14KA1340', 'NA', 'INVOICE', 2, '02/10/2023', '05:15:35', 2, '10', '2023', 'lock', 0, '30'),
(121, 1, 'MP/23-24/1378', 1378, 22, 1, 'customer', NULL, '1', NULL, 2, 'MH14KA1340', 'NA', 'INVOICE', 2, '02/10/2023', '05:16:47', 2, '10', '2023', 'lock', 0, '30'),
(122, 1, 'MP/23-24/1379', 1379, 14, 1, 'customer', NULL, '1', NULL, 2, 'MH14KA1340', 'NA', 'INVOICE', 2, '02/10/2023', '05:17:50', 2, '10', '2023', 'lock', 0, '30'),
(123, 1, 'MP/23-24/1380', 1380, 24, 1, 'customer', NULL, '1', NULL, 2, 'MH14KA1340', 'NA', 'INVOICE', 2, '02/10/2023', '05:18:30', 2, '10', '2023', 'lock', 0, '30'),
(124, 1, 'MP/23-24/1381', 1381, 15, 1, 'customer', NULL, '1', NULL, 2, 'MH14KA1340', 'NA', 'INVOICE', 2, '02/10/2023', '05:19:44', 2, '10', '2023', 'lock', 0, '30'),
(125, 1, 'MP/23-24/1382', 1382, 29, 2, 'customer', NULL, '1', NULL, 1, 'MH12TV9022', 'NA', '', 2, '02/10/2023', '05:21:13', 2, '10', '2023', 'lock', 0, '30'),
(126, 1, 'MP/23-24/1383', 1383, 18, 1, 'customer', NULL, '1', NULL, 2, 'MH14KA1340', 'NA', 'INVOICE', 2, '02/10/2023', '05:35:22', 2, '10', '2023', 'lock', 0, '30'),
(127, 1, 'MP/23-24/1384', 1384, 23, 1, 'customer', NULL, '1', NULL, 2, 'MH14KA1340', 'NA', 'INVOICE', 2, '02/10/2023', '05:37:02', 2, '10', '2023', 'lock', 0, '30'),
(128, 1, 'MP/23-24/1385', 1385, 15, 1, 'customer', NULL, '1', NULL, 2, 'MH14KA1340', 'NA', 'INVOICE', 2, '02/10/2023', '05:37:42', 2, '10', '2023', 'lock', 0, '30'),
(129, 1, 'MP/23-24/1386', 1386, 94, 4, 'customer', NULL, '1', NULL, 1, 'MH12TV9022', 'NA', 'INVOICE', 3, '03/10/2023', '12:15:55', 3, '10', '2023', 'lock', 0, '30'),
(130, 1, 'MP/23-24/1387', 1387, 90, 4, 'customer', NULL, '1', NULL, 1, 'MH12TV9022', 'NA', 'INVOICE', 3, '03/10/2023', '12:16:53', 3, '10', '2023', 'lock', 0, '30'),
(131, 1, 'MP/23-24/1388', 1388, 94, 4, 'customer', NULL, '1', NULL, 1, 'MH12TV9022', 'NA', 'INVOICE', 3, '03/10/2023', '12:18:05', 3, '10', '2023', 'lock', 0, '30'),
(132, 1, 'MP/23-24/1389', 1389, 198, 4, 'customer', NULL, '1', NULL, 1, 'MH12TV9022', 'NA', 'INVOICE', 3, '03/10/2023', '12:28:17', 3, '10', '2023', 'lock', 0, '85'),
(133, 1, 'MP/23-24/1390', 1390, 124, 6, 'customer', NULL, '1', NULL, 1, 'MH12TV9022', 'NA', 'INVOICE', 4, '04/10/2023', '08:33:10', 4, '10', '2023', 'lock', 0, '30'),
(134, 1, 'MP/23-24/1391', 1391, 138, 13, 'customer', NULL, '1', NULL, 1, 'MH12TV9022', 'NA', 'INVOICE', 4, '04/10/2023', '08:38:46', 4, '10', '2023', 'lock', 0, '30'),
(135, 1, 'MP/23-24/1392', 1392, 2, 1, 'customer', NULL, '1', NULL, 1, 'MH12TV9022', 'NA', 'INVOICE', 4, '04/10/2023', '08:45:50', 4, '10', '2023', 'lock', 0, '30'),
(136, 1, 'MP/23-24/1393', 1393, 9, 1, 'customer', NULL, '1', NULL, 2, 'MH14KA1340', 'NA', 'INVOICE', 4, '04/10/2023', '08:46:57', 4, '10', '2023', 'lock', 0, '30'),
(137, 1, 'MP/23-24/1394', 1394, 19, 1, 'customer', NULL, '1', NULL, 2, 'MH14KA1340', 'NA', 'INVOICE', 4, '04/10/2023', '08:47:59', 4, '10', '2023', 'lock', 0, '30'),
(138, 1, 'MP/23-24/1395', 1395, 14, 1, 'customer', NULL, '1', NULL, 2, 'MH14KA1340', 'NA', 'INVOICE', 4, '04/10/2023', '08:49:12', 4, '10', '2023', 'lock', 0, '30'),
(139, 1, 'MP/23-24/1396', 1396, 15, 1, 'customer', NULL, '1', NULL, 2, 'MH14KA1340', 'NA', 'INVOICE', 4, '04/10/2023', '08:49:56', 4, '10', '2023', 'lock', 0, '30'),
(140, 1, 'MP/23-24/1397', 1397, 143, 1, 'customer', NULL, '1', NULL, 2, 'MH14KA1340', 'NA', 'INVOICE', 4, '04/10/2023', '08:52:34', 4, '10', '2023', 'lock', 0, '30'),
(141, 1, 'MP/23-24/1398', 1398, 132, 10, 'customer', NULL, '1', NULL, 1, 'MH12TV9022', 'NA', 'INVOICE', 9, '09/10/2023', '06:59:18', 9, '10', '2023', 'lock', 0, '30'),
(142, 1, 'MP/23-24/1399', 1399, 9, 1, 'customer', NULL, '1', NULL, 2, 'MH14KA1340', 'NA', 'INVOICE', 9, '09/10/2023', '07:01:12', 9, '10', '2023', 'lock', 0, '30'),
(143, 1, 'MP/23-24/1400', 1400, 2, 1, 'customer', NULL, '1', NULL, 2, 'MH14KA1340', 'NA', 'INVOICE', 9, '09/10/2023', '07:02:36', 9, '10', '2023', 'lock', 0, '30'),
(144, 1, 'MP/23-24/1401', 1401, 19, 1, 'customer', NULL, '1', NULL, 2, 'MH14KA1340', 'NA', 'INVOICE', 9, '09/10/2023', '07:03:22', 9, '10', '2023', 'lock', 0, '30'),
(145, 1, 'MP/23-24/1402', 1402, 21, 1, 'customer', NULL, '1', NULL, 2, 'MH14KA1340', 'NA', 'INVOICE', 9, '09/10/2023', '07:04:22', 9, '10', '2023', 'lock', 0, '30'),
(146, 1, 'TEMP-23-24/1', 0, 14, 1, 'customer', NULL, '1', NULL, 2, 'MH14KA1340', 'NA', 'INVOICE', 9, '09/10/2023', '07:06:14', 9, '10', '2023', 'pending', 0, '30'),
(147, 1, 'MP/23-24/1403', 1403, 14, 1, 'customer', NULL, '1', NULL, 2, 'MH14KA1340', 'NA', 'INVOICE', 9, '09/10/2023', '07:06:14', 9, '10', '2023', 'lock', 0, '30'),
(148, 1, 'MP/23-24/1404', 1404, 52, 2, 'customer', NULL, '1', NULL, 1, 'MH12TV9022', 'NA', 'INVOICE', 9, '09/10/2023', '07:07:21', 9, '10', '2023', 'lock', 0, '30'),
(149, 1, 'MP/23-24/1405', 1405, 52, 2, 'customer', NULL, '1', NULL, 2, 'MH12TV9022', 'NA', 'INVOICE', 9, '09/10/2023', '07:16:22', 9, '10', '2023', 'lock', 0, '30'),
(150, 1, 'MP/23-24/1406', 1406, 9, 1, 'customer', NULL, '1', NULL, 2, 'MH14KA1340', 'NA', 'INVOICE', 9, '09/10/2023', '07:17:31', 9, '10', '2023', 'lock', 0, '30'),
(151, 1, 'MP/23-24/1407', 1407, 144, 1, 'customer', NULL, '1', NULL, 2, 'MH14KA1340', 'NA', 'INVOICE', 9, '09/10/2023', '07:18:32', 9, '10', '2023', 'lock', 0, '30'),
(152, 1, 'MP/23-24/1408', 1408, 143, 1, 'customer', NULL, '1', NULL, 2, 'MH14KA1340', 'NA', 'INVOICE', 9, '09/10/2023', '07:20:59', 9, '10', '2023', 'lock', 0, '30'),
(153, 1, 'MP/23-24/1409', 1409, 146, 1, 'customer', NULL, '1', NULL, 2, 'MH14KA1340', 'NA', 'INVOICE', 9, '09/10/2023', '07:21:51', 9, '10', '2023', 'lock', 0, '30'),
(154, 1, 'MP/23-24/1410', 1410, 14, 1, 'customer', NULL, '1', NULL, 2, 'MH14KA1340', 'NA', 'INVOICE', 9, '09/10/2023', '07:23:09', 9, '10', '2023', 'lock', 0, '30'),
(155, 1, 'MP/23-24/1411', 1411, 15, 1, 'customer', NULL, '1', NULL, 2, 'MH14KA1340', 'NA', 'INVOICE', 9, '09/10/2023', '07:30:49', 9, '10', '2023', 'lock', 0, '30'),
(156, 1, 'MP/23-24/1412', 1412, 19, 1, 'customer', NULL, '1', NULL, 2, 'MH14KA1340', 'NA', 'INVOICE', 11, '11/10/2023', '02:11:32', 11, '10', '2023', 'lock', 0, '30'),
(157, 1, 'MP/23-24/1413', 1413, 2, 1, 'customer', NULL, '1', NULL, 2, 'MH14KA1340', 'NA', 'INVOICE', 11, '11/10/2023', '02:12:59', 11, '10', '2023', 'lock', 0, '30'),
(158, 1, 'MP/23-24/1414', 1414, 161, 8, 'customer', NULL, '1', NULL, 1, 'MH12TV9022', 'NA', 'INVOICE', 11, '11/10/2023', '02:13:58', 11, '10', '2023', 'lock', 0, '30'),
(159, 1, 'MP/23-24/1415', 1415, 29, 2, 'customer', NULL, '1', NULL, 1, 'MH14KA1340', 'NA', 'INVOICE', 11, '11/10/2023', '02:16:04', 11, '10', '2023', 'lock', 0, '30'),
(160, 1, 'MP/23-24/1416', 1416, 19, 1, 'customer', NULL, '1', NULL, 2, 'MH14KA1340', 'NA', 'INVOICE', 11, '11/10/2023', '02:19:52', 11, '10', '2023', 'lock', 0, '30'),
(161, 1, 'MP/23-24/1417', 1417, 146, 1, 'customer', NULL, '1', NULL, 2, 'MH14KA1340', 'NA', 'INVOICE', 11, '11/10/2023', '02:21:32', 11, '10', '2023', 'lock', 0, '30'),
(162, 1, 'MP/23-24/1418', 1418, 52, 2, 'customer', NULL, '1', NULL, 1, 'MH12TV9022', 'NA', 'INVOICE', 11, '11/10/2023', '02:23:29', 11, '10', '2023', 'lock', 0, '30'),
(163, 1, 'MP/23-24/1419', 1419, 52, 2, 'customer', NULL, '1', NULL, 1, 'MH12TV9022', 'NA', 'INVOICE', 11, '11/10/2023', '02:24:52', 11, '10', '2023', 'lock', 0, '30'),
(164, 1, 'MP/23-24/1420', 1420, 104, 5, 'customer', NULL, '1', NULL, 1, 'MH14KA1340', 'NA', 'INVOICE', 11, '14/10/2023', '02:25:44', 11, '10', '2023', 'lock', 0, '30'),
(165, 1, 'MP/23-24/1421', 1421, 14, 1, 'customer', NULL, '1', NULL, 2, 'MH14KA1340', 'NA', 'INVOICE', 14, '14/10/2023', '01:28:32', 14, '10', '2023', 'lock', 0, '30'),
(166, 1, 'MP/23-24/1422', 1422, 19, 1, 'customer', NULL, '1', NULL, 2, 'MH14KA1340', 'NA', 'INVOICE', 14, '14/10/2023', '01:29:20', 14, '10', '2023', 'lock', 0, '30'),
(167, 1, 'MP/23-24/1423', 1423, 15, 1, 'customer', NULL, '1', NULL, 2, 'MH14KA1340', 'NA', 'INVOICE', 14, '14/10/2023', '01:30:13', 14, '10', '2023', 'lock', 0, '30'),
(168, 1, 'MP/23-24/1424', 1424, 145, 1, 'customer', NULL, '1', NULL, 2, 'MH14KA1340', 'NA', 'INVOICE', 14, '14/10/2023', '01:30:59', 14, '10', '2023', 'lock', 0, '30'),
(170, 1, 'MP/23-24/1425', 1425, 143, 1, 'customer', NULL, '1', NULL, 2, 'MH14KA1340', 'NA', 'INVOICE', 14, '14/10/2023', '01:43:44', 14, '10', '2023', 'lock', 0, '30'),
(171, 1, 'MP/23-24/1426', 1426, 122, 6, 'customer', NULL, '1', NULL, 1, 'MH12TV9022', 'NA', 'INVOICE', 14, '14/10/2023', '01:45:20', 14, '10', '2023', 'lock', 0, '30'),
(172, 1, 'MP/23-24/1427', 1427, 161, 8, 'customer', NULL, '1', NULL, 1, 'MH12TV9022', 'NA', 'INVOICE', 14, '14/10/2023', '01:49:32', 14, '10', '2023', 'lock', 0, '30'),
(176, 1, 'MP/23-24/1428', 1428, 118, 5, 'customer', NULL, '1', NULL, 1, 'MH12TV9022', 'NA', 'INVOICE', 14, '14/10/2023', '02:01:31', 14, '10', '2023', 'lock', 0, '30'),
(177, 1, 'MP/23-24/1429', 1429, 96, 5, 'customer', NULL, '1', NULL, 1, 'MH12TV9022', 'NA', 'INVOICE', 14, '14/10/2023', '02:04:39', 14, '10', '2023', 'lock', 0, '30'),
(178, 1, 'MP/23-24/1430', 1430, 23, 1, 'customer', NULL, '1', NULL, 2, 'MH14KA1340', 'NA', 'INVOICE', 14, '14/10/2023', '02:09:33', 14, '10', '2023', 'lock', 0, '30'),
(179, 1, 'MP/23-24/1431', 1431, 19, 1, 'customer', NULL, '1', NULL, 2, 'MH14KA1340', 'NA', '', 14, '14/10/2023', '02:10:47', 14, '10', '2023', 'lock', 0, '30'),
(180, 1, 'MP/23-24/1432', 1432, 10, 1, 'customer', NULL, '1', NULL, 2, 'MH14KA1340', 'NA', 'INVOICE', 14, '14/10/2023', '02:12:31', 14, '10', '2023', 'lock', 0, '30'),
(181, 1, 'MP/23-24/1433', 1433, 22, 1, 'customer', NULL, '1', NULL, 2, 'MH14KA1340', 'NA', 'INVOICE', 14, '14/10/2023', '02:13:53', 14, '10', '2023', 'lock', 0, '30'),
(182, 1, 'MP/23-24/1434', 1434, 15, 1, 'customer', NULL, '1', NULL, 2, 'MH14KA1340', 'NA', 'INVOICE', 14, '14/10/2023', '02:14:44', 14, '10', '2023', 'lock', 0, '30'),
(183, 1, 'MP/23-24/1435', 1435, 14, 1, 'customer', NULL, '1', NULL, 2, 'MH14KA1340', 'NA', 'INVOICE', 14, '14/10/2023', '02:15:47', 14, '10', '2023', 'lock', 0, '30'),
(184, 1, 'MP/23-24/1436', 1436, 11, 1, 'customer', NULL, '1', NULL, 2, 'MH14KA1340', 'NA', 'INVOICE', 14, '14/10/2023', '02:17:06', 14, '10', '2023', 'lock', 0, '30'),
(185, 1, 'MP/23-24/1437', 1437, 52, 2, 'customer', NULL, '1', NULL, 2, 'MH14KA1340', 'NA', 'INVOICE', 14, '14/10/2023', '02:18:15', 14, '10', '2023', 'lock', 0, '30'),
(186, 1, 'MP/23-24/1438', 1438, 52, 2, 'customer', NULL, '1', NULL, 1, 'MH12TV9022', 'NA', 'INVOICE', 14, '14/10/2023', '02:22:31', 14, '10', '2023', 'lock', 0, '30'),
(187, 1, 'MP/23-24/1439', 1439, 19, 1, 'customer', NULL, '1', NULL, 2, 'MH14KA1340', '', 'INVOICE', 14, '14/10/2023', '02:24:04', 14, '10', '2023', 'lock', 0, '30'),
(188, 1, 'MP/23-24/1440', 1440, 11, 1, 'customer', NULL, '1', NULL, 2, 'MH14KA1340', 'NA', 'INVOICE', 14, '14/10/2023', '02:25:17', 14, '10', '2023', 'lock', 0, '30'),
(189, 1, 'MP/23-24/1441', 1441, 14, 1, 'customer', NULL, '1', NULL, 2, 'MH14KA1340', 'NA', 'INVOICE', 14, '14/10/2023', '02:30:45', 14, '10', '2023', 'lock', 0, '30'),
(190, 1, 'MP/23-24/1442', 1442, 10, 1, 'customer', NULL, '1', NULL, 2, 'MH14KA1340', 'NA', 'INVOICE', 14, '14/10/2023', '02:33:01', 14, '10', '2023', 'lock', 0, '30'),
(192, 1, 'MP/23-24/1443', 1443, 23, 1, 'customer', NULL, '1', NULL, 2, 'MH14KA1340', 'NA', 'INVOICE', 14, '15/10/2023', '03:59:26', 14, '10', '2023', 'lock', 0, '30'),
(193, 1, 'MP/23-24/1444', 1444, 52, 2, 'customer', NULL, '1', NULL, 2, 'MH14KA1340', 'NA', 'INVOICE', 15, '15/10/2023', '12:19:42', 15, '10', '2023', 'lock', 0, '30'),
(194, 1, 'MP/23-24/1445', 1445, 19, 1, 'customer', NULL, '1', NULL, 2, 'MH14KA1340', 'NA', 'INVOICE', 15, '15/10/2023', '12:21:05', 15, '10', '2023', 'lock', 0, '30'),
(195, 1, 'MP/23-24/1446', 1446, 11, 1, 'customer', NULL, '1', NULL, 2, 'MH14KA1340', 'NA', 'INVOICE', 15, '15/10/2023', '04:43:33', 15, '10', '2023', 'lock', 0, '30'),
(197, 1, 'MP/23-24/1447', 1447, 14, 1, 'customer', NULL, '1', NULL, 2, 'MH14KA1340', 'NA', 'INVOICE', 15, '15/10/2023', '04:46:35', 15, '10', '2023', 'lock', 0, '30'),
(198, 1, 'MP/23-24/1448', 1448, 144, 1, 'customer', NULL, '1', NULL, 2, 'MH14KA1340', 'NA', '', 15, '15/10/2023', '04:49:34', 15, '10', '2023', 'lock', 0, '30'),
(199, 1, 'MP/23-24/1449', 1449, 15, 1, 'customer', NULL, '1', NULL, 2, 'MH14KA1340', 'NA', 'INVOICE', 15, '15/10/2023', '04:51:01', 15, '10', '2023', 'lock', 0, '30'),
(200, 1, 'MP/23-24/1450', 1450, 1, 1, 'customer', NULL, '1', NULL, 2, 'MH14KA1340', 'NA', 'INVOICE', 15, '15/10/2023', '04:52:51', 15, '10', '2023', 'lock', 0, '30'),
(201, 1, 'MP/23-24/1451', 1451, 23, 1, 'customer', NULL, '1', NULL, 2, 'MH14KA1340', 'NA', 'INVOICE', 15, '15/10/2023', '04:54:04', 15, '10', '2023', 'lock', 0, '30'),
(202, 1, 'MP/23-24/1452', 1452, 200, 30, 'customer', NULL, '1', NULL, 1, 'MH14KA1340', 'NA', 'INVOICE', 15, '15/10/2023', '04:58:27', 15, '10', '2023', 'lock', 0, '30'),
(203, 1, 'MP/23-24/1453', 1453, 161, 8, 'customer', NULL, '1', NULL, 1, 'MH12TV9022', 'NA', 'INVOICE', 15, '15/10/2023', '05:01:29', 15, '10', '2023', 'lock', 0, '30'),
(204, 1, 'MP/23-24/1454', 1454, 19, 1, 'customer', NULL, '1', NULL, 2, 'MH14KA1340', 'NA', 'INVOICE', 15, '15/10/2023', '05:02:30', 15, '10', '2023', 'lock', 0, '30'),
(205, 1, 'MP/23-24/1455', 1455, 11, 1, 'customer', NULL, '1', NULL, 2, 'MH14KA1340', 'NA', 'INVOICE', 15, '15/10/2023', '05:03:42', 15, '10', '2023', 'lock', 0, '30'),
(206, 1, 'MP/23-24/1456', 1456, 22, 1, 'customer', NULL, '1', NULL, 2, 'MH14KA1340', 'NA', 'INVOICE', 15, '15/10/2023', '05:04:26', 15, '10', '2023', 'lock', 0, '30'),
(207, 1, 'MP/23-24/1457', 1457, 23, 1, 'customer', NULL, '1', NULL, 2, 'MH14KA1340', 'NA', 'INVOICE', 15, '15/10/2023', '05:05:19', 15, '10', '2023', 'lock', 0, '30'),
(208, 1, 'MP/23-24/1458', 1458, 14, 1, 'customer', NULL, '1', NULL, 2, 'MH14KA1340', 'NA', 'INVOICE', 15, '15/10/2023', '05:06:10', 15, '10', '2023', 'lock', 0, '30'),
(209, 1, 'MP/23-24/1459', 1459, 1, 1, 'customer', NULL, '1', NULL, 2, 'MH14KA1340', 'NA', 'INVOICE', 15, '15/10/2023', '05:07:00', 15, '10', '2023', 'lock', 0, '30'),
(210, 1, 'MP/23-24/1460', 1460, 1, 1, 'customer', NULL, '1', NULL, 2, 'MH14KA1340', 'NA', '', 15, '15/10/2023', '05:08:01', 15, '10', '2023', 'lock', 0, '30'),
(211, 1, 'MP/23-24/1461', 1461, 1, 1, 'customer', NULL, '1', NULL, 2, 'MH14KA1340', 'NA', 'INVOICE', 15, '15/10/2023', '05:09:03', 15, '10', '2023', 'lock', 0, '30'),
(212, 1, 'MP/23-24/1462', 1462, 1, 1, 'customer', NULL, '1', NULL, 2, 'MH14KA1340', 'NA', 'INVOICE', 15, '15/10/2023', '05:10:02', 15, '10', '2023', 'lock', 0, '30'),
(213, 1, 'MP/23-24/1463', 1463, 1, 1, 'customer', NULL, '1', NULL, 2, 'MH14KA1340', 'NA', '', 15, '15/10/2023', '05:10:48', 15, '10', '2023', 'lock', 0, '30'),
(214, 1, 'MP/23-24/1464', 1464, 162, 5, 'customer', NULL, '1', NULL, 2, 'MH14KA1340', 'NA', 'INVOICE', 15, '15/10/2023', '05:15:07', 15, '10', '2023', 'lock', 0, '30'),
(215, 1, 'MP/23-24/1465', 1465, 29, 2, 'customer', NULL, '1', NULL, 1, 'MH12TV9022', 'NA', 'INVOICE', 15, '15/10/2023', '05:16:07', 15, '10', '2023', 'lock', 0, '30'),
(216, 1, 'MP/23-24/1466', 1466, 201, 2, 'customer', NULL, '1', NULL, 1, 'MH14KA1340', 'NA', 'INVOICE', 15, '15/10/2023', '05:21:54', 15, '10', '2023', 'lock', 0, '30'),
(217, 1, 'MP/23-24/1467', 1467, 1, 1, 'customer', NULL, '1', NULL, 2, 'MH14KA1340', 'NA', '', 15, '15/10/2023', '05:23:20', 15, '10', '2023', 'lock', 0, '30'),
(218, 1, 'MP/23-24/1468', 1468, 19, 1, 'customer', NULL, '1', NULL, 2, 'MH14KA1340', 'NA', 'INVOICE', 15, '15/10/2023', '05:25:02', 15, '10', '2023', 'lock', 0, '30'),
(219, 1, 'MP/23-24/1469', 1469, 14, 1, 'customer', NULL, '1', NULL, 2, 'MH14KA1340', 'NA', 'INVOICE', 15, '15/10/2023', '05:29:41', 15, '10', '2023', 'lock', 0, '30'),
(220, 1, 'MP/23-24/1470', 1470, 15, 1, 'customer', NULL, '1', NULL, 2, 'MH14KA1340', 'NA', 'INVOICE', 15, '15/10/2023', '05:30:29', 15, '10', '2023', 'lock', 0, '30'),
(221, 1, 'MP/23-24/1471', 1471, 23, 1, 'customer', NULL, '1', NULL, 2, 'MH14KA1340', 'NA', 'INVOICE', 15, '15/10/2023', '05:31:36', 15, '10', '2023', 'lock', 0, '30'),
(222, 1, 'MP/23-24/1472', 1472, 143, 1, 'customer', NULL, '1', NULL, 2, 'MH14KA1340', 'NA', 'INVOICE', 15, '15/10/2023', '05:32:19', 15, '10', '2023', 'lock', 0, '30'),
(223, 1, 'MP/23-24/1473', 1473, 1, 1, 'customer', NULL, '1', NULL, 2, 'MH14KA1340', 'NA', 'INVOICE', 15, '15/10/2023', '05:33:30', 15, '10', '2023', 'lock', 0, '30'),
(224, 1, 'MP/23-24/1474', 1474, 123, 6, 'customer', NULL, '1', NULL, 1, 'MH12TV9022', 'NA', 'INVOICE', 15, '15/10/2023', '05:34:33', 15, '10', '2023', 'lock', 0, '30'),
(225, 1, 'MP/23-24/1475', 1475, 52, 2, 'customer', NULL, '1', NULL, 1, 'MH12TV9022', 'NA', '', 15, '15/10/2023', '05:35:53', 15, '10', '2023', 'lock', 0, '30'),
(226, 1, 'MP/23-24/1476', 1476, 1, 1, 'customer', NULL, '1', NULL, 2, 'MH14KA1340', 'NA', 'INVOICE', 15, '15/10/2023', '05:37:35', 15, '10', '2023', 'lock', 0, '30'),
(227, 1, 'MP/23-24/1477', 1477, 19, 1, 'customer', NULL, '1', NULL, 2, 'MH14KA1340', 'NA', 'INVOICE', 15, '15/10/2023', '05:38:45', 15, '10', '2023', 'lock', 0, '30'),
(228, 1, 'MP/23-24/1478', 1478, 15, 1, 'customer', NULL, '1', NULL, 2, 'MH14KA1340', 'NA', 'INVOICE', 15, '15/10/2023', '05:39:38', 15, '10', '2023', 'lock', 0, '30'),
(229, 1, 'MP/23-24/1479', 1479, 14, 1, 'customer', NULL, '1', NULL, 2, 'MH14KA1340', 'NA', 'INVOICE', 15, '15/10/2023', '05:40:23', 15, '10', '2023', 'lock', 0, '30'),
(230, 1, 'MP/23-24/1480', 1480, 52, 2, 'customer', NULL, '1', NULL, 1, 'MH12TV9022', 'NA', 'INVOICE', 17, '17/10/2023', '04:50:12', 17, '10', '2023', 'lock', 0, '30'),
(231, 1, 'MP/23-24/1481', 1481, 1, 1, 'customer', NULL, '1', NULL, 2, 'MH14KA1340', 'NA', 'INVOICE', 17, '17/10/2023', '04:51:33', 17, '10', '2023', 'lock', 0, '30'),
(232, 1, 'MP/23-24/1482', 1482, 161, 8, 'customer', NULL, '1', NULL, 1, 'MH12TV9022', 'NA', '', 17, '17/10/2023', '04:53:07', 17, '10', '2023', 'lock', 0, '30'),
(233, 1, 'MP/23-24/1483', 1483, 170, 25, 'customer', NULL, '1', NULL, 1, 'MH12TV9022', 'NA', 'INVOICE', 17, '17/10/2023', '05:29:12', 17, '10', '2023', 'lock', 0, '30'),
(234, 1, 'MP/23-24/1484', 1484, 167, 2, 'customer', NULL, '1', NULL, 1, 'MH14KA1340', 'NA', 'INVOICE', 17, '17/10/2023', '05:30:28', 17, '10', '2023', 'lock', 0, '30'),
(235, 1, 'MP/23-24/1485', 1485, 201, 2, 'customer', NULL, '1', NULL, 1, 'MH12TV9022', 'NA', 'INVOICE', 17, '17/10/2023', '05:44:40', 17, '10', '2023', 'lock', 0, '30'),
(236, 1, 'MP/23-24/1486', 1486, 9, 1, 'customer', NULL, '1', NULL, 2, 'MH14KA1340', 'NA', 'INVOICE', 17, '17/10/2023', '05:47:40', 17, '10', '2023', 'lock', 0, '30'),
(237, 1, 'MP/23-24/1487', 1487, 9, 1, 'customer', NULL, '1', NULL, 2, 'MH14KA1340', 'NA', 'INVOICE', 21, '21/10/2023', '01:05:25', 21, '10', '2023', 'lock', 0, '30'),
(239, 1, 'MP/23-24/1488', 1488, 1, 1, 'customer', NULL, '1', NULL, 2, 'MH14KA1340', 'NA', 'INVOICE', 21, '21/10/2023', '01:54:36', 21, '10', '2023', 'lock', 0, '30'),
(240, 1, 'MP/23-24/1489', 1489, 202, 1, 'customer', NULL, '1', NULL, 2, 'MH14KA1340', 'NA', 'INVOICE', 21, '21/10/2023', '02:02:21', 21, '10', '2023', 'lock', 0, '30'),
(241, 1, 'MP/23-24/1490', 1490, 167, 2, 'customer', NULL, '1', NULL, 1, 'MH12TV9022', 'NA', 'INVOICE', 21, '21/10/2023', '02:11:03', 21, '10', '2023', 'lock', 0, '30'),
(242, 1, 'MP/23-24/1491', 1491, 93, 4, 'customer', NULL, '1', NULL, 1, 'MH12TV9022', 'NA', 'INVOICE', 21, '21/10/2023', '02:12:11', 21, '10', '2023', 'lock', 0, '30'),
(243, 1, 'MP/23-24/1492', 1492, 1, 1, 'customer', NULL, '1', NULL, 2, 'MH14KA1340', 'NA', 'INVOICE', 21, '21/10/2023', '02:58:37', 21, '10', '2023', 'lock', 0, '30'),
(244, 1, 'MP/23-24/1493', 1493, 19, 1, 'customer', NULL, '1', NULL, 2, 'MH14KA1340', 'NA', 'INVOICE', 21, '21/10/2023', '03:00:23', 21, '10', '2023', 'lock', 0, '30'),
(245, 1, 'MP/23-24/1494', 1494, 15, 1, 'customer', NULL, '1', NULL, 2, 'MH14KA1340', 'NA', 'INVOICE', 21, '21/10/2023', '03:19:26', 21, '10', '2023', 'lock', 0, '0'),
(246, 1, 'MP/23-24/1495', 1495, 14, 1, 'customer', NULL, '1', NULL, 2, 'MH14KA1340', 'NA', 'INVOICE', 21, '21/10/2023', '03:48:39', 21, '10', '2023', 'lock', 0, '30'),
(247, 1, 'MP/23-24/1496', 1496, 124, 6, 'customer', NULL, '1', NULL, 1, 'MH12TV9022', 'NA', 'INVOICE', 21, '21/10/2023', '03:50:19', 21, '10', '2023', 'lock', 0, '30'),
(248, 1, 'MP/23-24/1497', 1497, 4, 1, 'customer', NULL, '1', NULL, 2, 'MH14KA1340', 'NA', '', 21, '21/10/2023', '03:53:24', 21, '10', '2023', 'lock', 0, '30'),
(249, 1, 'MP/23-24/1498', 1498, 8, 1, 'customer', NULL, '1', NULL, 2, 'MH14KA1340', 'NA', 'INVOICE', 21, '21/10/2023', '04:06:29', 21, '10', '2023', 'lock', 0, '30'),
(250, 1, 'MP/23-24/1499', 1499, 15, 1, 'customer', NULL, '1', NULL, 2, 'MH14KA1340', 'NA', 'INVOICE', 21, '21/10/2023', '04:11:59', 21, '10', '2023', 'lock', 0, '30'),
(251, 1, 'MP/23-24/1500', 1500, 1, 1, 'customer', NULL, '1', NULL, 2, 'MH14KA1340', 'NA', 'INVOICE', 21, '21/10/2023', '04:13:48', 21, '10', '2023', 'lock', 0, '30'),
(252, 1, 'MP/23-24/1501', 1501, 15, 1, 'customer', NULL, '1', NULL, 2, 'MH14KA1340', 'NA', 'INVOICE', 21, '21/10/2023', '04:16:28', 21, '10', '2023', 'lock', 0, '30'),
(253, 1, 'MP/23-24/1502', 1502, 8, 1, 'customer', NULL, '1', NULL, 2, 'MH14KA1340', 'NA', 'INVOICE', 21, '21/10/2023', '04:17:55', 21, '10', '2023', 'lock', 0, '30'),
(254, 1, 'MP/23-24/1503', 1503, 4, 1, 'customer', NULL, '1', NULL, 2, 'MH14KA1340', 'NA', 'INVOICE', 21, '21/10/2023', '04:19:16', 21, '10', '2023', 'lock', 0, '30'),
(255, 1, 'MP/23-24/1504', 1504, 45, 2, 'customer', NULL, '1', NULL, 1, 'MH14KA1340', 'NA', 'INVOICE', 21, '21/10/2023', '04:20:34', 21, '10', '2023', 'lock', 0, '30'),
(256, 1, 'MP/23-24/1505', 1505, 40, 2, 'customer', NULL, '1', NULL, 1, 'MH12TV9022', 'NA', '', 21, '21/10/2023', '04:22:47', 21, '10', '2023', 'lock', 0, '30'),
(257, 1, 'MP/23-24/1506', 1506, 14, 1, 'customer', NULL, '1', NULL, 2, 'MH14KA1340', 'NA', 'INVOICE', 21, '21/10/2023', '04:24:35', 21, '10', '2023', 'lock', 0, '30'),
(259, 1, 'MP/23-24/1507', 1507, 11, 1, 'customer', NULL, '1', NULL, 2, 'MH14KA1340', 'NA', 'INVOICE', 21, '21/10/2023', '05:16:42', 21, '10', '2023', 'lock', 0, '30'),
(260, 1, 'MP/23-24/1508', 1508, 15, 1, 'customer', NULL, '1', NULL, 2, 'MH14KA1340', 'NA', 'INVOICE', 21, '21/10/2023', '05:17:39', 21, '10', '2023', 'lock', 0, '30'),
(261, 1, 'MP/23-24/1509', 1509, 207, 5, 'customer', NULL, '1', NULL, 1, 'MH12TV9022', 'NA', 'INVOICE', 21, '21/10/2023', '07:30:21', 21, '10', '2023', 'lock', 0, '30'),
(262, 1, 'MP/23-24/1510', 1510, 208, 5, 'customer', NULL, '1', NULL, 1, 'MH12TV9022', 'NA', 'INVOICE', 21, '21/10/2023', '07:37:00', 21, '10', '2023', 'lock', 0, '30'),
(263, 1, 'MP/23-24/1511', 1511, 124, 6, 'customer', NULL, '1', NULL, 1, 'MH14KA1340', 'NA', 'INVOICE', 21, '21/10/2023', '07:38:34', 21, '10', '2023', 'lock', 0, '30'),
(264, 1, 'MP/23-24/1512', 1512, 105, 5, 'customer', NULL, '1', NULL, 1, 'MH12TV9022', 'NA', 'INVOICE', 21, '21/10/2023', '07:43:06', 21, '10', '2023', 'lock', 0, '30'),
(265, 1, 'MP/23-24/1513', 1513, 210, 5, 'customer', NULL, '1', NULL, 1, 'MH12TV9022', 'NA', 'INVOICE', 22, '22/10/2023', '12:08:34', 22, '10', '2023', 'lock', 0, '30'),
(266, 1, 'MP/23-24/1514', 1514, 99, 5, 'customer', NULL, '1', NULL, 1, 'MH12TV9022', 'NA', 'INVOICE', 22, '22/10/2023', '12:11:16', 22, '10', '2023', 'lock', 0, '30'),
(267, 1, 'MP/23-24/1515', 1515, 161, 8, 'customer', NULL, '1', NULL, 1, 'MH14KA1340', 'NA', 'INVOICE', 22, '22/10/2023', '12:13:02', 22, '10', '2023', 'lock', 0, '30'),
(268, 1, 'MP/23-24/1516', 1516, 162, 5, 'customer', NULL, '1', NULL, 1, 'MH12TV9022', 'NA', '', 22, '22/10/2023', '12:22:14', 22, '10', '2023', 'lock', 0, '30'),
(269, 1, 'MP/23-24/1517', 1517, 116, 5, 'customer', NULL, '1', NULL, 1, 'MH12TV9022', 'NA', 'INVOICE', 22, '22/10/2023', '12:28:46', 22, '10', '2023', 'lock', 0, '30'),
(270, 1, 'MP/23-24/1518', 1518, 212, 4, 'customer', NULL, '1', NULL, 1, 'MH12TV9022', 'NA', 'INVOICE', 22, '22/10/2023', '12:49:25', 22, '10', '2023', 'lock', 0, '85'),
(271, 1, 'MP/23-24/1519', 1519, 6, 1, 'customer', NULL, '1', NULL, 2, 'MH14KA1340', 'NA', 'INVOICE', 22, '22/10/2023', '12:50:14', 22, '10', '2023', 'lock', 0, '30'),
(272, 1, 'MP/23-24/1520', 1520, 6, 1, 'customer', NULL, '1', NULL, 2, 'MH14KA1340', 'NA', 'INVOICE', 22, '22/10/2023', '12:53:07', 22, '10', '2023', 'lock', 0, '30'),
(273, 1, 'MP/23-24/1521', 1521, 4, 1, 'customer', NULL, '1', NULL, 2, 'MH14KA1340', 'NA', 'INVOICE', 23, '23/10/2023', '11:23:11', 23, '10', '2023', 'lock', 0, '30'),
(274, 1, 'MP/23-24/1522', 1522, 20, 1, 'customer', NULL, '1', NULL, 2, 'MH14KA1340', 'NA', '', 23, '23/10/2023', '11:24:38', 23, '10', '2023', 'lock', 0, '30'),
(275, 1, 'MP/23-24/1523', 1523, 11, 1, 'customer', NULL, '1', NULL, 2, 'MH14KA1340', 'NA', 'INVOICE', 27, '27/10/2023', '02:07:02', 27, '10', '2023', 'lock', 0, '30'),
(276, 1, 'MP/23-24/1524', 1524, 54, 2, 'customer', NULL, '1', NULL, 2, 'MH14KA1340', 'NA', 'INVOICE', 27, '27/10/2023', '02:08:45', 27, '10', '2023', 'lock', 0, '30'),
(277, 1, 'MP/23-24/1525', 1525, 6, 1, 'customer', NULL, '1', NULL, 2, 'MH14KA1340', 'NA', 'INVOICE', 27, '27/10/2023', '02:13:55', 27, '10', '2023', 'lock', 0, '30'),
(278, 1, 'MP/23-24/1526', 1526, 4, 1, 'customer', NULL, '1', NULL, 2, 'MH14KA1340', 'NA', 'INVOICE', 27, '27/10/2023', '02:15:06', 27, '10', '2023', 'lock', 0, '30'),
(279, 1, 'MP/23-24/1527', 1527, 7, 1, 'customer', NULL, '1', NULL, 2, 'MH14KA1340', 'NA', 'INVOICE', 27, '27/10/2023', '02:16:02', 27, '10', '2023', 'lock', 0, '30'),
(280, 1, 'MP/23-24/1528', 1528, 15, 1, 'customer', NULL, '1', NULL, 2, 'MH14KA1340', 'NA', 'INVOICE', 27, '27/10/2023', '02:17:22', 27, '10', '2023', 'lock', 0, '30'),
(281, 1, 'MP/23-24/1529', 1529, 82, 3, 'customer', NULL, '1', NULL, 1, 'MH12TV9022', 'NA', 'INVOICE', 27, '27/10/2023', '02:19:09', 27, '10', '2023', 'lock', 0, '30'),
(282, 1, 'MP/23-24/1530', 1530, 7, 1, 'customer', NULL, '1', NULL, 2, 'MH14KA1340', 'NA', 'INVOICE', 27, '27/10/2023', '02:22:44', 27, '10', '2023', 'lock', 0, '30'),
(283, 1, 'MP/23-24/1531', 1531, 9, 1, 'customer', NULL, '1', NULL, 2, 'MH14KA1340', 'NA', 'INVOICE', 27, '27/10/2023', '02:25:21', 27, '10', '2023', 'lock', 0, '30'),
(284, 1, 'MP/23-24/1532', 1532, 6, 1, 'customer', NULL, '1', NULL, 2, 'MH14KA1340', 'NA', 'INVOICE', 27, '27/10/2023', '02:26:20', 27, '10', '2023', 'lock', 0, '30'),
(285, 1, 'MP/23-24/1533', 1533, 15, 1, 'customer', NULL, '1', NULL, 2, 'MH14KA1340', 'NA', 'INVOICE', 27, '27/10/2023', '02:27:37', 27, '10', '2023', 'lock', 0, '30'),
(286, 1, 'MP/23-24/1534', 1534, 11, 1, 'customer', NULL, '1', NULL, 2, 'MH14KA1340', 'NA', 'INVOICE', 27, '27/10/2023', '02:29:20', 27, '10', '2023', 'lock', 0, '30'),
(287, 1, 'MP/23-24/1535', 1535, 19, 1, 'customer', NULL, '1', NULL, 2, 'MH14KA1340', 'NA', 'INVOICE', 27, '27/10/2023', '02:30:15', 27, '10', '2023', 'lock', 0, '30'),
(288, 1, 'MP/23-24/1536', 1536, 4, 1, 'customer', NULL, '1', NULL, 2, 'MH14KA1340', 'NA', 'INVOICE', 27, '27/10/2023', '02:31:31', 27, '10', '2023', 'lock', 0, '0'),
(289, 1, 'MP/23-24/1537', 1537, 8, 1, 'customer', NULL, '1', NULL, 2, 'MH14KA1340', 'NA', 'INVOICE', 27, '27/10/2023', '02:33:04', 27, '10', '2023', 'lock', 0, '30'),
(290, 1, 'MP/23-24/1538', 1538, 213, 5, 'customer', NULL, '1', NULL, 1, 'MH12TV9022', 'NA', 'INVOICE', 27, '27/10/2023', '02:40:42', 27, '10', '2023', 'lock', 0, '30'),
(291, 1, 'MP/23-24/1539', 1539, 213, 5, 'customer', NULL, '1', NULL, 1, 'MH12TV9022', 'NA', 'INVOICE', 27, '27/10/2023', '02:43:39', 27, '10', '2023', 'lock', 0, '30'),
(292, 1, 'MP/23-24/1540', 1540, 213, 5, 'customer', NULL, '1', NULL, 1, 'MH12TV9022', 'NA', 'INVOICE', 27, '27/10/2023', '02:44:20', 27, '10', '2023', 'lock', 0, '30'),
(293, 1, 'MP/23-24/1541', 1541, 213, 5, 'customer', NULL, '1', NULL, 2, 'MH14KA1340', 'NA', 'INVOICE', 27, '27/10/2023', '02:45:11', 27, '10', '2023', 'lock', 0, '30'),
(294, 1, 'MP/23-24/1542', 1542, 213, 5, 'customer', NULL, '1', NULL, 1, 'MH12TV9022', 'NA', 'INVOICE', 27, '27/10/2023', '02:45:51', 27, '10', '2023', 'lock', 0, '30'),
(296, 1, 'MP/23-24/1543', 1543, 213, 5, 'customer', NULL, '1', NULL, 1, 'MH12TV9022', 'NA', '', 27, '27/10/2023', '02:52:09', 27, '10', '2023', 'lock', 0, '30'),
(297, 1, 'MP/23-24/1544', 1544, 213, 5, 'customer', NULL, '1', NULL, 1, 'MH12TV9022', 'NA', 'INVOICE', 27, '27/10/2023', '02:53:43', 27, '10', '2023', 'lock', 0, '30'),
(298, 1, 'MP/23-24/1545', 1545, 135, 12, 'customer', NULL, '1', NULL, 1, 'MH12TV9022', 'NA', '', 27, '27/10/2023', '02:56:50', 27, '10', '2023', 'lock', 0, '30'),
(299, 1, 'MP/23-24/1546', 1546, 23, 1, 'customer', NULL, '1', NULL, 2, 'MH14KA1340', 'NA', 'INVOICE', 27, '27/10/2023', '02:58:02', 27, '10', '2023', 'lock', 0, '30'),
(300, 1, 'MP/23-24/1547', 1547, 52, 2, 'customer', NULL, '1', NULL, 1, 'MH12TV9022', 'NA', 'INVOICE', 27, '27/10/2023', '03:00:20', 27, '10', '2023', 'lock', 0, '30'),
(301, 1, 'MP/23-24/1548', 1548, 45, 2, 'customer', NULL, '1', NULL, 1, 'MH12TV9022', 'NA', 'INVOICE', 27, '27/10/2023', '03:01:13', 27, '10', '2023', 'lock', 0, '30'),
(302, 1, 'MP/23-24/1549', 1549, 213, 5, 'customer', NULL, '1', NULL, 1, 'MH12TV9022', 'NA', 'INVOICE', 27, '27/10/2023', '03:03:39', 27, '10', '2023', 'lock', 0, '30'),
(303, 1, 'MP/23-24/1550', 1550, 3, 1, 'customer', NULL, '1', NULL, 2, 'MH14KA1340', 'NA', 'INVOICE', 27, '27/10/2023', '03:04:53', 27, '10', '2023', 'lock', 0, '30'),
(304, 1, 'MP/23-24/1551', 1551, 72, 3, 'customer', NULL, '1', NULL, 1, 'MH12TV9022', 'NA', 'INVOICE', 27, '27/10/2023', '03:06:06', 27, '10', '2023', 'lock', 0, '30'),
(305, 1, 'MP/23-24/1552', 1552, 14, 1, 'customer', NULL, '1', NULL, 2, 'MH14KA1340', 'NA', 'INVOICE', 27, '27/10/2023', '03:10:14', 27, '10', '2023', 'lock', 0, '30'),
(306, 1, 'MP/23-24/1553', 1553, 1, 1, 'customer', NULL, '1', NULL, 2, 'MH14KA1340', 'NA', 'INVOICE', 27, '27/10/2023', '03:11:02', 27, '10', '2023', 'lock', 0, '30'),
(307, 1, 'MP/23-24/1554', 1554, 4, 1, 'customer', NULL, '1', NULL, 2, 'MH14KA1340', 'NA', 'INVOICE', 27, '27/10/2023', '03:11:54', 27, '10', '2023', 'lock', 0, '30'),
(308, 1, 'MP/23-24/1555', 1555, 15, 1, 'customer', NULL, '1', NULL, 1, 'MH14KA1340', 'NA', 'INVOICE', 27, '27/10/2023', '03:14:02', 27, '10', '2023', 'lock', 0, '30'),
(309, 1, 'MP/23-24/1556', 1556, 8, 1, 'customer', NULL, '1', NULL, 2, 'MH14KA1340', '', 'INVOICE', 27, '27/10/2023', '03:14:45', 27, '10', '2023', 'lock', 0, '30'),
(310, 1, 'MP/23-24/1557', 1557, 105, 5, 'customer', NULL, '1', NULL, 2, 'MH14KA1340', 'NA', '', 27, '27/10/2023', '03:15:54', 27, '10', '2023', 'lock', 0, '30'),
(311, 1, 'MP/23-24/1558', 1558, 215, 5, 'customer', NULL, '1', NULL, 1, 'MH12TV9022', 'NA', '', 27, '27/10/2023', '03:29:00', 27, '10', '2023', 'lock', 0, '30'),
(312, 1, 'MP/23-24/1559', 1559, 9, 1, 'customer', NULL, '1', NULL, 2, 'MH14KA1340', 'NA', 'INVOICE', 27, '27/10/2023', '03:30:38', 27, '10', '2023', 'lock', 0, '30'),
(313, 1, 'MP/23-24/1560', 1560, 114, 5, 'customer', NULL, '1', NULL, 1, 'MH12TV9022', 'NA', 'INVOICE', 27, '27/10/2023', '03:31:24', 27, '10', '2023', 'lock', 0, '30'),
(314, 1, 'MP/23-24/1561', 1561, 210, 5, 'customer', NULL, '1', NULL, 1, 'MH12TV9022', 'NA', 'INVOICE', 27, '27/10/2023', '03:32:30', 27, '10', '2023', 'lock', 0, '30'),
(315, 1, 'MP/23-24/1562', 1562, 9, 1, 'customer', NULL, '1', NULL, 2, 'MH14KA1340', 'NA', 'INVOICE', 27, '27/10/2023', '03:35:42', 27, '10', '2023', 'lock', 0, '30'),
(316, 1, 'MP/23-24/1563', 1563, 21, 1, 'customer', NULL, '1', NULL, 2, 'MH14KA1340', 'NA', '', 27, '27/10/2023', '03:36:27', 27, '10', '2023', 'lock', 0, '30');
INSERT INTO `new_sales` (`id`, `clientId`, `sales_number`, `actualSalesNo`, `customer_part_id`, `customer_id`, `shipping_addressType`, `consignee_id`, `mode`, `transporter`, `transporter_id`, `vehicle_number`, `lr_number`, `remark`, `created_by`, `created_date`, `created_time`, `created_day`, `created_month`, `created_year`, `status`, `deleted`, `distance`) VALUES
(317, 1, 'MP/23-24/1564', 1564, 19, 1, 'customer', NULL, '1', NULL, 2, 'MH14KA1340', 'NA', 'INVOICE', 27, '27/10/2023', '03:37:13', 27, '10', '2023', 'lock', 0, '30'),
(318, 1, 'MP/23-24/1565', 1565, 15, 1, 'customer', NULL, '1', NULL, 2, 'MH14KA1340', 'NA', 'INVOICE', 27, '27/10/2023', '03:39:07', 27, '10', '2023', 'lock', 0, '30'),
(319, 1, 'MP/23-24/1566', 1566, 6, 1, 'customer', NULL, '1', NULL, 2, 'MH14KA1340', 'NA', 'INVOICE', 27, '27/10/2023', '03:39:55', 27, '10', '2023', 'lock', 0, '30'),
(320, 1, 'MP/23-24/1567', 1567, 23, 1, 'customer', NULL, '1', NULL, 2, 'MH14KA1340', 'NA', 'INVOICE', 27, '27/10/2023', '03:41:02', 27, '10', '2023', 'lock', 0, '30'),
(321, 1, 'MP/23-24/1568', 1568, 9, 1, 'customer', NULL, '1', NULL, 2, 'MH14KA1340', 'NA', 'INVOICE', 30, '30/10/2023', '11:49:59', 30, '10', '2023', 'lock', 0, '30'),
(322, 1, 'MP/23-24/1569', 1569, 15, 1, 'customer', NULL, '1', NULL, 2, 'MH14KA1340', 'NA', 'INVOICE', 30, '30/10/2023', '11:51:03', 30, '10', '2023', 'lock', 0, '30'),
(323, 1, 'MP/23-24/1570', 1570, 23, 1, 'customer', NULL, '1', NULL, 2, 'MH14KA1340', 'NA', 'INVOICE', 30, '30/10/2023', '11:51:52', 30, '10', '2023', 'lock', 0, '30'),
(324, 1, 'MP/23-24/1571', 1571, 3, 1, 'customer', NULL, '1', NULL, 2, 'MH14KA1340', '', 'INVOICE', 30, '30/10/2023', '11:52:50', 30, '10', '2023', 'lock', 0, '30'),
(325, 1, 'MP/23-24/1572', 1572, 19, 1, 'customer', NULL, '1', NULL, 2, 'MH14KA1340', 'NA', '', 30, '30/10/2023', '11:53:36', 30, '10', '2023', 'lock', 0, '30'),
(326, 1, 'MP/23-24/1573', 1573, 24, 1, 'customer', NULL, '1', NULL, 2, 'MH14KA1340', 'NA', 'INVOICE', 30, '30/10/2023', '11:54:36', 30, '10', '2023', 'lock', 0, '30'),
(327, 1, 'MP/23-24/1574', 1574, 3, 1, 'customer', NULL, '1', NULL, 2, 'MH14KA1340', 'NA', '', 30, '30/10/2023', '11:55:27', 30, '10', '2023', 'lock', 0, '30'),
(328, 1, 'MP/23-24/1575', 1575, 54, 2, 'customer', NULL, '1', NULL, 2, 'MH14KA1340', 'NA', 'INVOICE', 30, '30/10/2023', '11:56:22', 30, '10', '2023', 'lock', 0, '30'),
(329, 1, 'MP/23-24/1576', 1576, 15, 1, 'customer', NULL, '1', NULL, 2, 'MH14KA1340', 'NA', 'INVOICE', 30, '30/10/2023', '11:58:44', 30, '10', '2023', 'lock', 0, '30'),
(330, 1, 'MP/23-24/1577', 1577, 1, 1, 'customer', NULL, '1', NULL, 2, 'MH14KA1340', 'NA', '', 30, '30/10/2023', '11:59:30', 30, '10', '2023', 'lock', 0, '30'),
(331, 1, 'MP/23-24/1578', 1578, 23, 1, 'customer', NULL, '1', NULL, 2, 'MH14KA1340', 'NA', '', 30, '30/10/2023', '12:00:19', 30, '10', '2023', 'lock', 0, '30'),
(332, 1, 'MP/23-24/1579', 1579, 19, 1, 'customer', NULL, '1', NULL, 2, 'MH14KA1340', 'NA', 'INVOICE', 30, '30/10/2023', '12:01:05', 30, '10', '2023', 'lock', 0, '30'),
(333, 1, 'MP/23-24/1580', 1580, 1, 1, 'customer', NULL, '1', NULL, 2, 'MH14KA1340', 'NA', 'INVOICE', 30, '30/10/2023', '12:02:03', 30, '10', '2023', 'lock', 0, '30'),
(334, 1, 'MP/23-24/1581', 1581, 3, 1, 'customer', NULL, '1', NULL, 2, 'MH14KA1340', 'NA', '', 30, '30/10/2023', '12:02:48', 30, '10', '2023', 'lock', 0, '30'),
(335, 1, 'MP/23-24/1582', 1582, 1, 1, 'customer', NULL, '1', NULL, 2, 'MH14KA1340', 'NA', 'INVOICE', 30, '30/10/2023', '12:03:47', 30, '10', '2023', 'lock', 0, '30'),
(336, 1, 'MP/23-24/1583', 1583, 19, 1, 'customer', NULL, '1', NULL, 2, 'MH14KA1340', 'NA', 'INVOICE', 30, '30/10/2023', '12:04:31', 30, '10', '2023', 'lock', 0, '30'),
(337, 1, 'MP/23-24/1584', 1584, 123, 6, 'customer', NULL, '1', NULL, 1, 'MH12TV9022', 'NA', 'INVOICE', 31, '31/10/2023', '11:14:40', 31, '10', '2023', 'lock', 0, '30'),
(338, 1, 'MP/23-24/1585', 1585, 1, 1, 'customer', NULL, '1', NULL, 2, 'MH14KA1340', 'NA', 'INVOICE', 31, '31/10/2023', '11:15:43', 31, '10', '2023', 'lock', 0, '30'),
(339, 1, 'MP/23-24/1586', 1586, 19, 1, 'customer', NULL, '1', NULL, 2, 'MH14KA1340', 'NA', 'INVOICE', 31, '31/10/2023', '11:16:33', 31, '10', '2023', 'lock', 0, '30'),
(340, 1, 'MP/23-24/1587', 1587, 23, 1, 'customer', NULL, '1', NULL, 2, 'MH14KA1340', 'NA', 'INVOICE', 31, '31/10/2023', '11:17:34', 31, '10', '2023', 'lock', 0, '30'),
(341, 1, 'MP/23-24/1588', 1588, 15, 1, 'customer', NULL, '1', NULL, 2, 'MH14KA1340', 'NA', 'INVOICE', 31, '31/10/2023', '11:18:32', 31, '10', '2023', 'lock', 0, '30'),
(342, 1, 'MP/23-24/1589', 1589, 39, 2, 'customer', NULL, '1', NULL, 1, 'MH14KA1340', 'NA', 'INVOICE', 31, '31/10/2023', '11:19:29', 31, '10', '2023', 'lock', 0, '30'),
(343, 1, 'MP/23-24/1590', 1590, 1, 1, 'customer', NULL, '1', NULL, 2, 'MH14KA1340', 'NA', 'INVOICE', 31, '31/10/2023', '11:21:29', 31, '10', '2023', 'lock', 0, '30'),
(344, 1, 'MP/23-24/1591', 1591, 104, 5, 'customer', NULL, '1', NULL, 1, 'MH14KA1340', 'NA', 'INVOICE', 31, '31/10/2023', '11:22:25', 31, '10', '2023', 'lock', 0, '30'),
(345, 1, 'MP/23-24/1592', 1592, 1, 1, 'customer', NULL, '1', NULL, 2, 'MH14KA1340', 'NA', 'INVOICE', 31, '31/10/2023', '11:23:05', 31, '10', '2023', 'lock', 0, '30'),
(346, 1, 'MP/23-24/1593', 1593, 21, 1, 'customer', NULL, '1', NULL, 1, 'MH14KA1340', 'NA', 'INVOICE', 31, '31/10/2023', '11:23:46', 31, '10', '2023', 'lock', 0, '30'),
(347, 1, 'MP/23-24/1594', 1594, 19, 1, 'customer', NULL, '1', NULL, 2, 'MH14KA1340', 'NA', 'INVOICE', 31, '31/10/2023', '11:24:32', 31, '10', '2023', 'lock', 0, '30'),
(348, 1, 'MP/23-24/1595', 1595, 15, 1, 'customer', NULL, '1', NULL, 2, 'MH14KA1340', 'NA', '', 31, '31/10/2023', '11:26:08', 31, '10', '2023', 'lock', 0, '30'),
(349, 1, 'MP/23-24/1596', 1596, 23, 1, 'customer', NULL, '1', NULL, 2, 'MH14KA1340', 'NA', 'INVOICE', 31, '31/10/2023', '11:26:46', 31, '10', '2023', 'lock', 0, '30'),
(350, 1, 'MP/23-24/1597', 1597, 14, 1, 'customer', NULL, '1', NULL, 2, 'MH14KA1340', 'NA', 'INVOICE', 31, '31/10/2023', '11:27:49', 31, '10', '2023', 'lock', 0, '30'),
(351, 1, 'MP/23-24/1598', 1598, 154, 1, 'customer', NULL, '1', NULL, 2, 'MH14KA1340', 'NA', 'INVOICE', 31, '31/10/2023', '11:28:30', 31, '10', '2023', 'lock', 0, '30'),
(352, 1, 'TEMP-23-24/2', 0, 124, 6, 'customer', NULL, '1', NULL, 2, 'DL09BF7176', '', '', 2, '02/12/2023', '04:59:38', 2, '12', '2023', 'pending', 0, '111'),
(353, 1, 'MP/23-24/1599', 1599, 123, 6, 'customer', NULL, '1', NULL, 2, 'DL09BD7777', '', '', 2, '02/12/2023', '05:35:48', 2, '12', '2023', 'lock', 0, '13'),
(354, 1, 'AROMP/23-24/1', 1, 202, 1, 'customer', NULL, '1', NULL, 2, 'MH12FP0652', '', '', 1, '01/01/2024', '02:52:13', 1, '1', '2024', 'lock', 0, '2'),
(355, 1, 'AROMP/23-24/2', 2, 146, 1, 'customer', NULL, '1', NULL, 2, 'MH12FP0652', '', '', 14, '14/01/2024', '12:22:14', 14, '1', '2024', 'lock', 0, '4'),
(356, 1, 'AROMP/23-24/3', 3, 146, 1, 'customer', NULL, '1', NULL, 2, 'MH12FP0652', '', '', 4, '04/02/2024', '11:43:26', 4, '2', '2024', 'lock', 0, '2'),
(357, 1, 'AROMP/23-24/4', 4, 217, 1, 'customer', NULL, '1', NULL, 2, 'MH12FP0652', '', '', 12, '12/02/2024', '05:12:41', 12, '2', '2024', 'lock', 0, '11'),
(358, 1, 'AROMP/23-24/5', 5, 227, 41, 'customer', NULL, '1', NULL, 2, 'MH-12 3209', '1256', 'first', 4, '04/03/2024', '04:04:08', 4, '3', '2024', 'Cancelled', 0, '5 hr'),
(359, 1, 'AROMP/23-24/6', 6, 228, 41, 'customer', NULL, '1', NULL, 2, 'MH-12 3209', '1226', 'first', 4, '04/03/2024', '04:24:24', 4, '3', '2024', 'lock', 0, '50'),
(361, 1, 'AROMP/23-24/7', 7, 220, 40, 'customer', NULL, '1', NULL, 2, 'MH-12 3209', '1229', 'first', 4, '04/03/2024', '05:26:01', 4, '3', '2024', 'lock', 0, '50'),
(362, 1, 'AROMP/23-24/8', 8, 231, 37, 'customer', NULL, '1', NULL, 2, 'MH-12 3209', '1226', 'new', 4, '04/03/2024', '05:50:25', 4, '3', '2024', 'lock', 0, '50'),
(363, 1, 'AROMP/23-24/9', 9, 232, 36, 'customer', NULL, '1', NULL, 2, 'MH-12 3209', '1226', '', 4, '04/03/2024', '05:58:51', 4, '3', '2024', 'lock', 0, '50'),
(364, 1, 'AROMP/23-24/10', 10, 230, 39, 'customer', NULL, '1', NULL, 1, 'MH-12 3209', '1256', 'new', 4, '04/03/2024', '06:02:35', 4, '3', '2024', 'Cancelled', 0, '5 hr'),
(365, 1, 'TEMP-23-24/3', 0, 227, 41, 'customer', NULL, '1', NULL, 2, 'MH14DM2252', '', '', 12, '12/03/2024', '02:13:09', 12, '3', '2024', 'pending', 0, '10'),
(366, 1, 'AROMP/23-24/11', 11, 234, 42, 'customer', NULL, '1', NULL, 2, 'MH-14BM2252', '', '', 18, '18/03/2024', '12:45:15', 18, '3', '2024', 'lock', 0, '8'),
(367, 1, 'TEMP-24-25/1', 0, 234, 42, 'customer', NULL, '1', NULL, 2, 'MH12FA2211', '1', '', 29, '29/03/2024', '09:00:32', 29, '3', '2024', 'pending', 0, '1'),
(368, 1, 'AROMP/24-25/1', 1, 227, 41, 'consignee', 1, '1', NULL, 2, 'MH14DM2252', '', '', 30, '30/03/2024', '09:44:51', 30, '3', '2024', 'Cancelled', 0, '22'),
(369, 2, 'AROMP/24-25/2', 2, 220, 40, 'consignee', 2, '1', NULL, 2, 'MH14DM2252', '', '', 30, '30/03/2024', '09:59:22', 30, '3', '2024', 'lock', 0, '33'),
(370, 2, 'AROMP/24-25/3', 3, 228, 41, 'customer', NULL, '1', NULL, 2, 'MH14DM2252', '', '', 30, '30/03/2024', '10:02:45', 30, '3', '2024', 'lock', 0, '33'),
(371, 1, 'AROMP/24-25/4', 4, 216, 5, 'customer', NULL, '1', NULL, 1, 'GJ14DM2252', '', '', 30, '30/03/2024', '10:04:25', 30, '3', '2024', 'lock', 0, '2'),
(372, 1, 'TEMP-24-25/2', 0, 216, 5, 'consignee', 2, '1', NULL, 2, 'GJ14DM2252', '', '', 30, '30/03/2024', '10:07:16', 30, '3', '2024', 'pending', 0, '5'),
(373, 2, 'AROMP/24-25/5', 5, 216, 5, 'consignee', 3, '1', NULL, 2, 'MH-12 3209', '', 'FIRST', 30, '30/03/2024', '10:23:50', 30, '3', '2024', 'lock', 0, '5'),
(374, 1, 'AROMP/24-25/6', 6, 216, 5, 'customer', NULL, '1', NULL, 1, 'MH-12 3209', '', '', 30, '30/03/2024', '10:33:48', 30, '3', '2024', 'lock', 0, '8'),
(375, 1, 'TEMP-24-25/3', 0, 216, 5, 'customer', NULL, '1', NULL, 2, 'MH-14BM2252', '', 'first', 30, '30/03/2024', '10:45:30', 30, '3', '2024', 'pending', 0, '8'),
(376, 1, 'TEMP-24-25/4', 0, 216, 5, 'customer', NULL, '1', NULL, 2, 'MH-14BM2252', '', 'first', 30, '30/03/2024', '11:56:43', 30, '3', '2024', 'pending', 0, '8'),
(377, 1, 'AROMP/24-25/7', 7, 216, 5, 'consignee', 3, '1', NULL, 2, 'MH14DM2252', '', '', 30, '30/03/2024', '02:19:04', 30, '3', '2024', 'lock', 0, '22'),
(378, 1, 'AROMP/24-25/8', 8, 216, 5, 'customer', NULL, '1', NULL, 2, 'MH14DM2252', '', '', 30, '30/03/2024', '02:24:29', 30, '3', '2024', 'lock', 0, '44'),
(379, 1, 'AROMP/24-25/9', 9, 216, 5, 'consignee', 1, '1', NULL, 2, 'GJ14DM2252', '', '', 30, '30/03/2024', '02:28:41', 30, '3', '2024', 'lock', 0, '7'),
(380, 1, 'AROMP/24-25/10', 10, 216, 5, 'consignee', 1, '1', NULL, 2, 'MH-14BM2252', '', 'first', 30, '30/03/2024', '05:22:53', 30, '3', '2024', 'lock', 0, '8'),
(381, 1, 'AROMP/24-25/11', 11, 220, 40, 'customer', NULL, '1', NULL, 2, 'MH-12 3209', '', 'ok', 1, '01/04/2024', '02:43:38', 1, '4', '2024', 'Cancelled', 0, '8'),
(382, 1, 'AROMP/24-25/12', 12, 232, 36, 'customer', NULL, '1', NULL, 2, 'MH-14BM2252', '', 'NA', 5, '05/04/2024', '11:25:54', 5, '4', '2024', 'Cancelled', 0, '8'),
(383, 1, 'AROMP/24-25/13', 13, 216, 5, 'customer', NULL, '1', NULL, 2, 'MH-12 3209', '1226', 'first', 15, '15/04/2024', '05:59:26', 15, '4', '2024', 'Cancelled', 0, '8'),
(384, 1, 'AROMP/24-25/14', 14, 231, 37, 'customer', NULL, '1', NULL, 1, 'MH-14BM2252', 'NA', 'NA', 16, '16/04/2024', '03:51:52', 16, '4', '2024', 'Cancelled', 0, '8'),
(385, 1, 'AROMP/24-25/15', 15, 231, 37, 'customer', NULL, '1', NULL, 2, 'MH-14BM2252', 'NA', 'NA', 16, '16/04/2024', '03:56:00', 16, '4', '2024', 'lock', 0, '8'),
(386, 1, 'AROMP/24-25/16', 16, 230, 39, 'customer', NULL, '1', NULL, 2, 'MH-12 3209', '1226', 'NA', 16, '16/04/2024', '04:02:46', 16, '4', '2024', 'Cancelled', 0, '5'),
(387, 1, 'AROMP/24-25/17', 17, 216, 5, 'customer', NULL, '1', NULL, 2, 'MH-14 BM2252', '1256', 'NA', 20, '20/04/2024', '03:02:41', 20, '4', '2024', 'Cancelled', 0, '8'),
(388, 1, 'AROMP/24-25/18', 18, 234, 42, 'customer', NULL, '1', NULL, 2, 'MH-14BM2252', '', '', 20, '20/04/2024', '03:10:27', 20, '4', '2024', 'Cancelled', 0, '5'),
(389, 1, 'AROMP/24-25/19', 19, 200, 30, 'customer', NULL, '1', NULL, 1, 'MH-12 3209', '', '', 20, '20/04/2024', '03:31:13', 20, '4', '2024', 'lock', 0, '5'),
(390, 1, 'AROMP/24-25/20', 20, 230, 39, 'customer', NULL, '1', NULL, 1, 'MH-14BM2252', '', '', 20, '20/04/2024', '03:39:45', 20, '4', '2024', 'lock', 0, '8'),
(391, 1, 'AROMP/24-25/21', 21, 234, 42, 'customer', NULL, '1', NULL, 2, 'MH-14BM2252', '', '', 20, '20/04/2024', '03:49:02', 20, '4', '2024', 'Cancelled', 0, '15'),
(392, 1, 'AROMP/24-25/22', 22, 146, 1, 'customer', NULL, '1', NULL, 2, 'MH14DM2252', '', '', 25, '25/04/2024', '03:26:54', 25, '4', '2024', 'Cancelled', 0, '10'),
(393, 1, 'AROMP/24-25/23', 23, 23, 1, 'customer', NULL, '1', NULL, 2, 'MH-14BM2252', '1236', 'first', 27, '27/04/2024', '12:01:14', 27, '4', '2024', 'Cancelled', 0, '8'),
(394, 1, 'AROMP/24-25/24', 24, 143, 1, 'customer', NULL, '1', NULL, 2, 'MH-12 3209', '1226', 'first', 27, '27/04/2024', '12:22:05', 27, '4', '2024', 'lock', 0, '8'),
(395, 1, 'AROMP/24-25/26', 26, 143, 1, 'customer', NULL, '1', NULL, 2, 'MH-12 3209', '1256', 'first', 27, '27/04/2024', '12:23:33', 27, '4', '2024', 'lock', 0, '8'),
(396, 1, 'AROMP/24-25/25', 25, 145, 1, 'customer', NULL, '1', NULL, 1, 'MH-14BM2252', '1256', 'first', 27, '27/04/2024', '12:25:35', 27, '4', '2024', 'lock', 0, '8'),
(397, 1, 'AROMP/24-25/27', 27, 145, 1, 'customer', NULL, '1', NULL, 2, 'MH-12 3209', '1226', 'ok', 27, '27/04/2024', '12:27:49', 27, '4', '2024', 'lock', 0, '8'),
(398, 1, 'AROMP/24-25/28', 28, 145, 1, 'customer', NULL, '1', NULL, 2, 'MH-14BM2252', '1256', 'ok', 27, '27/04/2024', '12:35:59', 27, '4', '2024', 'Cancelled', 0, '8'),
(399, 1, 'AROMP/24-25/29', 29, 235, 43, 'customer', NULL, '1', NULL, 2, 'MH-14BM2252', 'NA', '', 30, '30/04/2024', '04:37:22', 30, '4', '2024', 'lock', 0, '8'),
(400, 1, 'AROMP/24-25/30', 30, 236, 43, 'customer', NULL, '1', NULL, 2, 'GJ14DM2252', '', '', 18, '18/05/2024', '07:05:48', 18, '5', '2024', 'lock', 0, '11'),
(401, 1, 'TEMP-24-25/5', 0, 234, 42, 'customer', NULL, '1', NULL, 1, 'MH-12 3209', '1229', '', 19, '19/05/2024', '12:36:18', 19, '5', '2024', 'pending', 0, '5');

-- --------------------------------------------------------

--
-- Table structure for table `new_sales_rejection`
--

CREATE TABLE `new_sales_rejection` (
  `id` int NOT NULL,
  `sales_number` varchar(50) COLLATE utf8mb4_general_ci NOT NULL,
  `part_number` varchar(200) COLLATE utf8mb4_general_ci NOT NULL,
  `customer_id` int NOT NULL,
  `mode` varchar(100) COLLATE utf8mb4_general_ci DEFAULT NULL,
  `transporter` varchar(100) COLLATE utf8mb4_general_ci DEFAULT NULL,
  `vehicle_number` varchar(100) COLLATE utf8mb4_general_ci DEFAULT NULL,
  `lr_number` varchar(100) COLLATE utf8mb4_general_ci DEFAULT NULL,
  `remark` text COLLATE utf8mb4_general_ci,
  `created_by` int NOT NULL,
  `created_date` varchar(10) COLLATE utf8mb4_general_ci NOT NULL,
  `created_time` varchar(12) COLLATE utf8mb4_general_ci NOT NULL,
  `created_day` int NOT NULL,
  `created_month` varchar(20) COLLATE utf8mb4_general_ci NOT NULL,
  `created_year` varchar(20) COLLATE utf8mb4_general_ci NOT NULL,
  `status` varchar(20) COLLATE utf8mb4_general_ci NOT NULL DEFAULT 'pending',
  `deleted` int NOT NULL DEFAULT '0',
  `price` float DEFAULT NULL,
  `hsn_code` text COLLATE utf8mb4_general_ci,
  `qty` float NOT NULL DEFAULT '0'
) ENGINE=InnoDB DEFAULT CHARSET=utf8mb4 COLLATE=utf8mb4_general_ci;

-- --------------------------------------------------------

--
-- Table structure for table `new_sales_subcon`
--

CREATE TABLE `new_sales_subcon` (
  `id` int NOT NULL,
  `sales_number` varchar(50) COLLATE utf8mb4_general_ci NOT NULL,
  `customer_part_id` int NOT NULL,
  `customer_id` int NOT NULL,
  `po_date` varchar(10) COLLATE utf8mb4_general_ci NOT NULL,
  `mode` varchar(100) COLLATE utf8mb4_general_ci DEFAULT NULL,
  `transporter` varchar(100) COLLATE utf8mb4_general_ci DEFAULT NULL,
  `vehicle_number` varchar(100) COLLATE utf8mb4_general_ci DEFAULT NULL,
  `lr_number` varchar(100) COLLATE utf8mb4_general_ci DEFAULT NULL,
  `expiry_po_date` varchar(20) COLLATE utf8mb4_general_ci DEFAULT NULL,
  `remark` text COLLATE utf8mb4_general_ci,
  `created_by` int NOT NULL,
  `created_date` varchar(10) COLLATE utf8mb4_general_ci NOT NULL,
  `created_time` varchar(12) COLLATE utf8mb4_general_ci NOT NULL,
  `created_day` int NOT NULL,
  `created_month` varchar(20) COLLATE utf8mb4_general_ci NOT NULL,
  `created_year` varchar(20) COLLATE utf8mb4_general_ci NOT NULL,
  `status` varchar(20) COLLATE utf8mb4_general_ci NOT NULL DEFAULT 'pending',
  `deleted` int NOT NULL DEFAULT '0',
  `po_number` varchar(50) COLLATE utf8mb4_general_ci DEFAULT NULL
) ENGINE=InnoDB DEFAULT CHARSET=utf8mb4 COLLATE=utf8mb4_general_ci;

-- --------------------------------------------------------

--
-- Table structure for table `operations`
--

CREATE TABLE `operations` (
  `id` int NOT NULL,
  `name` varchar(20) COLLATE utf8mb4_general_ci NOT NULL,
  `created_by` int NOT NULL,
  `created_date` varchar(10) COLLATE utf8mb4_general_ci NOT NULL,
  `created_time` varchar(10) COLLATE utf8mb4_general_ci NOT NULL,
  `deleted` int NOT NULL DEFAULT '0'
) ENGINE=InnoDB DEFAULT CHARSET=utf8mb4 COLLATE=utf8mb4_general_ci;

-- --------------------------------------------------------

--
-- Table structure for table `operations_bom`
--

CREATE TABLE `operations_bom` (
  `id` int NOT NULL,
  `customer_part_number` text COLLATE utf8mb4_general_ci NOT NULL,
  `output_part_id` int NOT NULL,
  `output_part_table_name` varchar(20) COLLATE utf8mb4_general_ci NOT NULL,
  `customer_id` int NOT NULL,
  `created_date` varchar(20) COLLATE utf8mb4_general_ci NOT NULL,
  `created_time` int NOT NULL,
  `day` int NOT NULL,
  `month` int NOT NULL,
  `year` int NOT NULL,
  `created_id` int NOT NULL,
  `scrap_factor` float NOT NULL
) ENGINE=InnoDB DEFAULT CHARSET=utf8mb4 COLLATE=utf8mb4_general_ci;

--
-- Dumping data for table `operations_bom`
--

INSERT INTO `operations_bom` (`id`, `customer_part_number`, `output_part_id`, `output_part_table_name`, `customer_id`, `created_date`, `created_time`, `day`, `month`, `year`, `created_id`, `scrap_factor`) VALUES
(1, '57237-02', 1, 'inhouse_parts', 1, '04-04-2024', 9, 4, 4, 2024, 3, 0);

-- --------------------------------------------------------

--
-- Table structure for table `operations_bom_inputs`
--

CREATE TABLE `operations_bom_inputs` (
  `id` int NOT NULL,
  `operations_bom_id` int NOT NULL,
  `input_part_id` int NOT NULL,
  `qty` float NOT NULL,
  `input_part_table_name` varchar(20) COLLATE utf8mb4_general_ci NOT NULL,
  `created_date` varchar(20) COLLATE utf8mb4_general_ci NOT NULL,
  `created_time` int NOT NULL,
  `day` int NOT NULL,
  `month` int NOT NULL,
  `year` int NOT NULL,
  `created_id` int NOT NULL,
  `operation_number` varchar(200) COLLATE utf8mb4_general_ci DEFAULT NULL,
  `operation_description` varchar(200) COLLATE utf8mb4_general_ci DEFAULT NULL
) ENGINE=InnoDB DEFAULT CHARSET=utf8mb4 COLLATE=utf8mb4_general_ci;

--
-- Dumping data for table `operations_bom_inputs`
--

INSERT INTO `operations_bom_inputs` (`id`, `operations_bom_id`, `input_part_id`, `qty`, `input_part_table_name`, `created_date`, `created_time`, `day`, `month`, `year`, `created_id`, `operation_number`, `operation_description`) VALUES
(1, 1, 188, 2, 'child_part', '04-04-2024', 9, 4, 4, 2024, 3, '10', 'checking');

-- --------------------------------------------------------

--
-- Table structure for table `operation_data`
--

CREATE TABLE `operation_data` (
  `id` int NOT NULL,
  `operation_name` varchar(100) COLLATE utf8mb4_general_ci DEFAULT NULL,
  `product` text COLLATE utf8mb4_general_ci NOT NULL,
  `process` text COLLATE utf8mb4_general_ci NOT NULL,
  `specification_tolerance` text COLLATE utf8mb4_general_ci NOT NULL,
  `evalution` text COLLATE utf8mb4_general_ci NOT NULL,
  `size` text COLLATE utf8mb4_general_ci NOT NULL,
  `frequency` text COLLATE utf8mb4_general_ci NOT NULL
) ENGINE=InnoDB DEFAULT CHARSET=utf8mb4 COLLATE=utf8mb4_general_ci;

-- --------------------------------------------------------

--
-- Table structure for table `operator`
--

CREATE TABLE `operator` (
  `id` int NOT NULL,
  `clientId` int NOT NULL,
  `name` varchar(20) COLLATE utf8mb4_general_ci NOT NULL
) ENGINE=InnoDB DEFAULT CHARSET=utf8mb4 COLLATE=utf8mb4_general_ci;

--
-- Dumping data for table `operator`
--

INSERT INTO `operator` (`id`, `clientId`, `name`) VALUES
(1, 1, 'SATISH'),
(2, 1, 'VIJAY'),
(3, 1, 'ANIL DADA'),
(4, 1, 'LAVKUSH'),
(5, 1, 'PRATAP'),
(6, 1, 'MAHABALI'),
(7, 1, 'SUNIL'),
(8, 1, 'MANISH'),
(9, 1, 'RAVI'),
(10, 1, 'NAGENDAR'),
(11, 1, 'MUKUND'),
(12, 1, 'OMKAR'),
(13, 1, 'MAHESH'),
(14, 1, 'RAJ'),
(15, 1, 'AMOL'),
(16, 1, 'INDRAMANI YADAV'),
(17, 1, 'Karan saket');

-- --------------------------------------------------------

--
-- Table structure for table `other_data`
--

CREATE TABLE `other_data` (
  `id` int NOT NULL,
  `number` varchar(20) COLLATE utf8mb4_general_ci NOT NULL,
  `type` varchar(15) COLLATE utf8mb4_general_ci NOT NULL,
  `created_id` int DEFAULT NULL,
  `date` varchar(10) COLLATE utf8mb4_general_ci DEFAULT NULL,
  `time` varchar(10) COLLATE utf8mb4_general_ci DEFAULT NULL,
  `timestamp` timestamp NOT NULL DEFAULT CURRENT_TIMESTAMP,
  `deleted` int DEFAULT '0'
) ENGINE=InnoDB DEFAULT CHARSET=utf8mb4 COLLATE=utf8mb4_general_ci;

-- --------------------------------------------------------

--
-- Table structure for table `parts_customer_trackings`
--

CREATE TABLE `parts_customer_trackings` (
  `id` int NOT NULL,
  `customer_po_tracking_id` int NOT NULL,
  `part_id` int NOT NULL,
  `qty` float NOT NULL,
  `remark` varchar(20) COLLATE utf8mb4_general_ci DEFAULT NULL,
  `status` varchar(20) COLLATE utf8mb4_general_ci NOT NULL DEFAULT 'pending',
  `imported_price` float DEFAULT NULL,
  `warehouse` varchar(20) COLLATE utf8mb4_general_ci DEFAULT NULL,
  `due_date` varchar(20) COLLATE utf8mb4_general_ci DEFAULT NULL,
  `approval_date` varchar(20) COLLATE utf8mb4_general_ci DEFAULT NULL,
  `approval_by` int DEFAULT NULL,
  `customer_id` int NOT NULL,
  `created_by` int NOT NULL,
  `created_date` varchar(20) COLLATE utf8mb4_general_ci NOT NULL,
  `created_time` varchar(20) COLLATE utf8mb4_general_ci NOT NULL,
  `accepted_qty` float DEFAULT NULL,
  `rejected_qty` float DEFAULT NULL,
  `rejection_reason` varchar(20) COLLATE utf8mb4_general_ci DEFAULT NULL,
  `rejection_remark` varchar(20) COLLATE utf8mb4_general_ci DEFAULT NULL,
  `created_day` int NOT NULL,
  `created_month` int NOT NULL,
  `created_year` int NOT NULL
) ENGINE=InnoDB DEFAULT CHARSET=utf8mb4 COLLATE=utf8mb4_general_ci;

--
-- Dumping data for table `parts_customer_trackings`
--

INSERT INTO `parts_customer_trackings` (`id`, `customer_po_tracking_id`, `part_id`, `qty`, `remark`, `status`, `imported_price`, `warehouse`, `due_date`, `approval_date`, `approval_by`, `customer_id`, `created_by`, `created_date`, `created_time`, `accepted_qty`, `rejected_qty`, `rejection_reason`, `rejection_remark`, `created_day`, `created_month`, `created_year`) VALUES
(1, 1, 15, 500000, NULL, 'pending', NULL, NULL, NULL, NULL, NULL, 0, 3, '08-09-2023', '06:13:32', NULL, NULL, NULL, NULL, 8, 9, 2023),
(2, 2, 10, 1000000, NULL, 'pending', NULL, NULL, NULL, NULL, NULL, 0, 3, '09-09-2023', '07:25:01', NULL, NULL, NULL, NULL, 9, 9, 2023),
(3, 2, 13, 100000, NULL, 'pending', NULL, NULL, NULL, NULL, NULL, 0, 3, '09-09-2023', '07:25:20', NULL, NULL, NULL, NULL, 9, 9, 2023),
(4, 2, 12, 100000, NULL, 'pending', NULL, NULL, NULL, NULL, NULL, 0, 3, '09-09-2023', '07:25:29', NULL, NULL, NULL, NULL, 9, 9, 2023),
(5, 2, 11, 1000000, NULL, 'pending', NULL, NULL, NULL, NULL, NULL, 0, 3, '09-09-2023', '07:25:48', NULL, NULL, NULL, NULL, 9, 9, 2023),
(6, 2, 24, 100000, NULL, 'pending', NULL, NULL, NULL, NULL, NULL, 0, 3, '09-09-2023', '07:25:58', NULL, NULL, NULL, NULL, 9, 9, 2023),
(7, 2, 154, 100000, NULL, 'pending', NULL, NULL, NULL, NULL, NULL, 0, 3, '09-09-2023', '07:26:17', NULL, NULL, NULL, NULL, 9, 9, 2023),
(8, 2, 6, 1000000, NULL, 'pending', NULL, NULL, NULL, NULL, NULL, 0, 3, '09-09-2023', '07:26:32', NULL, NULL, NULL, NULL, 9, 9, 2023),
(9, 2, 5, 1000000, NULL, 'pending', NULL, NULL, NULL, NULL, NULL, 0, 3, '09-09-2023', '07:26:42', NULL, NULL, NULL, NULL, 9, 9, 2023),
(10, 2, 4, 1000000, NULL, 'pending', NULL, NULL, NULL, NULL, NULL, 0, 3, '09-09-2023', '07:27:01', NULL, NULL, NULL, NULL, 9, 9, 2023),
(11, 2, 15, 1000000, NULL, 'pending', NULL, NULL, NULL, NULL, NULL, 0, 3, '09-09-2023', '07:27:11', NULL, NULL, NULL, NULL, 9, 9, 2023),
(12, 2, 8, 1000000, NULL, 'pending', NULL, NULL, NULL, NULL, NULL, 0, 3, '09-09-2023', '07:27:26', NULL, NULL, NULL, NULL, 9, 9, 2023),
(13, 2, 7, 1000000, NULL, 'pending', NULL, NULL, NULL, NULL, NULL, 0, 3, '09-09-2023', '07:27:36', NULL, NULL, NULL, NULL, 9, 9, 2023),
(14, 2, 2, 100000, NULL, 'pending', NULL, NULL, NULL, NULL, NULL, 0, 3, '09-09-2023', '07:28:01', NULL, NULL, NULL, NULL, 9, 9, 2023),
(15, 2, 19, 1000000, NULL, 'pending', NULL, NULL, NULL, NULL, NULL, 0, 3, '09-09-2023', '07:28:13', NULL, NULL, NULL, NULL, 9, 9, 2023),
(16, 2, 18, 1000000, NULL, 'pending', NULL, NULL, NULL, NULL, NULL, 0, 3, '09-09-2023', '07:28:22', NULL, NULL, NULL, NULL, 9, 9, 2023),
(17, 2, 3, 1000000, NULL, 'pending', NULL, NULL, NULL, NULL, NULL, 0, 3, '09-09-2023', '07:28:46', NULL, NULL, NULL, NULL, 9, 9, 2023),
(18, 2, 9, 1000000, NULL, 'pending', NULL, NULL, NULL, NULL, NULL, 0, 3, '09-09-2023', '07:28:57', NULL, NULL, NULL, NULL, 9, 9, 2023),
(19, 2, 1, 1000000, NULL, 'pending', NULL, NULL, NULL, NULL, NULL, 0, 3, '09-09-2023', '07:29:15', NULL, NULL, NULL, NULL, 9, 9, 2023),
(20, 2, 21, 1000000, NULL, 'pending', NULL, NULL, NULL, NULL, NULL, 0, 3, '09-09-2023', '07:29:23', NULL, NULL, NULL, NULL, 9, 9, 2023),
(21, 2, 20, 1000000, NULL, 'pending', NULL, NULL, NULL, NULL, NULL, 0, 3, '09-09-2023', '07:29:31', NULL, NULL, NULL, NULL, 9, 9, 2023),
(22, 3, 14, 1000000, NULL, 'pending', NULL, NULL, NULL, NULL, NULL, 0, 3, '09-09-2023', '07:32:38', NULL, NULL, NULL, NULL, 9, 9, 2023),
(23, 3, 22, 1000000, NULL, 'pending', NULL, NULL, NULL, NULL, NULL, 0, 3, '09-09-2023', '07:32:47', NULL, NULL, NULL, NULL, 9, 9, 2023),
(24, 3, 23, 1000000, NULL, 'pending', NULL, NULL, NULL, NULL, NULL, 0, 3, '09-09-2023', '07:32:58', NULL, NULL, NULL, NULL, 9, 9, 2023),
(25, 5, 52, 5000, NULL, 'pending', NULL, NULL, NULL, NULL, NULL, 0, 3, '09-09-2023', '07:38:05', NULL, NULL, NULL, NULL, 9, 9, 2023),
(26, 5, 45, 50000, NULL, 'pending', NULL, NULL, NULL, NULL, NULL, 0, 3, '09-09-2023', '07:38:17', NULL, NULL, NULL, NULL, 9, 9, 2023),
(27, 5, 40, 30000, NULL, 'pending', NULL, NULL, NULL, NULL, NULL, 0, 3, '09-09-2023', '07:38:39', NULL, NULL, NULL, NULL, 9, 9, 2023),
(28, 5, 54, 40000, NULL, 'pending', NULL, NULL, NULL, NULL, NULL, 0, 3, '09-09-2023', '07:38:55', NULL, NULL, NULL, NULL, 9, 9, 2023),
(29, 5, 42, 50000, NULL, 'pending', NULL, NULL, NULL, NULL, NULL, 0, 3, '09-09-2023', '07:39:10', NULL, NULL, NULL, NULL, 9, 9, 2023),
(30, 5, 55, 10000, NULL, 'pending', NULL, NULL, NULL, NULL, NULL, 0, 3, '09-09-2023', '07:39:26', NULL, NULL, NULL, NULL, 9, 9, 2023),
(31, 6, 65, 50000, NULL, 'pending', NULL, NULL, NULL, NULL, NULL, 0, 3, '09-09-2023', '07:41:34', NULL, NULL, NULL, NULL, 9, 9, 2023),
(32, 6, 66, 50000, NULL, 'pending', NULL, NULL, NULL, NULL, NULL, 0, 3, '09-09-2023', '07:41:43', NULL, NULL, NULL, NULL, 9, 9, 2023),
(33, 6, 82, 50000, NULL, 'pending', NULL, NULL, NULL, NULL, NULL, 0, 3, '09-09-2023', '07:42:08', NULL, NULL, NULL, NULL, 9, 9, 2023),
(34, 6, 78, 50000, NULL, 'pending', NULL, NULL, NULL, NULL, NULL, 0, 3, '09-09-2023', '07:42:18', NULL, NULL, NULL, NULL, 9, 9, 2023),
(35, 6, 77, 50000, NULL, 'pending', NULL, NULL, NULL, NULL, NULL, 0, 3, '09-09-2023', '07:42:26', NULL, NULL, NULL, NULL, 9, 9, 2023),
(36, 6, 74, 50000, NULL, 'pending', NULL, NULL, NULL, NULL, NULL, 0, 3, '09-09-2023', '07:42:34', NULL, NULL, NULL, NULL, 9, 9, 2023),
(37, 6, 69, 50000, NULL, 'pending', NULL, NULL, NULL, NULL, NULL, 0, 3, '09-09-2023', '07:42:41', NULL, NULL, NULL, NULL, 9, 9, 2023),
(38, 6, 80, 50000, NULL, 'pending', NULL, NULL, NULL, NULL, NULL, 0, 3, '09-09-2023', '07:42:49', NULL, NULL, NULL, NULL, 9, 9, 2023),
(39, 6, 81, 50000, NULL, 'pending', NULL, NULL, NULL, NULL, NULL, 0, 3, '09-09-2023', '07:42:57', NULL, NULL, NULL, NULL, 9, 9, 2023),
(40, 6, 72, 50000, NULL, 'pending', NULL, NULL, NULL, NULL, NULL, 0, 3, '09-09-2023', '07:43:05', NULL, NULL, NULL, NULL, 9, 9, 2023),
(41, 6, 85, 50000, NULL, 'pending', NULL, NULL, NULL, NULL, NULL, 0, 3, '09-09-2023', '07:43:14', NULL, NULL, NULL, NULL, 9, 9, 2023),
(42, 6, 84, 50000, NULL, 'pending', NULL, NULL, NULL, NULL, NULL, 0, 3, '09-09-2023', '07:43:23', NULL, NULL, NULL, NULL, 9, 9, 2023),
(43, 6, 83, 50000, NULL, 'pending', NULL, NULL, NULL, NULL, NULL, 0, 3, '09-09-2023', '07:43:32', NULL, NULL, NULL, NULL, 9, 9, 2023),
(44, 6, 71, 5000, NULL, 'pending', NULL, NULL, NULL, NULL, NULL, 0, 3, '09-09-2023', '07:43:39', NULL, NULL, NULL, NULL, 9, 9, 2023),
(45, 6, 62, 50000, NULL, 'pending', NULL, NULL, NULL, NULL, NULL, 0, 3, '09-09-2023', '07:43:49', NULL, NULL, NULL, NULL, 9, 9, 2023),
(46, 6, 70, 5000, NULL, 'pending', NULL, NULL, NULL, NULL, NULL, 0, 3, '09-09-2023', '07:44:10', NULL, NULL, NULL, NULL, 9, 9, 2023),
(47, 6, 68, 50000, NULL, 'pending', NULL, NULL, NULL, NULL, NULL, 0, 3, '09-09-2023', '07:44:19', NULL, NULL, NULL, NULL, 9, 9, 2023),
(48, 6, 67, 50000, NULL, 'pending', NULL, NULL, NULL, NULL, NULL, 0, 3, '09-09-2023', '07:44:27', NULL, NULL, NULL, NULL, 9, 9, 2023),
(49, 6, 64, 5000, NULL, 'pending', NULL, NULL, NULL, NULL, NULL, 0, 3, '09-09-2023', '07:44:35', NULL, NULL, NULL, NULL, 9, 9, 2023),
(50, 6, 63, 5000, NULL, 'pending', NULL, NULL, NULL, NULL, NULL, 0, 3, '09-09-2023', '07:44:48', NULL, NULL, NULL, NULL, 9, 9, 2023),
(51, 4, 143, 100000, NULL, 'pending', NULL, NULL, NULL, NULL, NULL, 0, 3, '10-09-2023', '11:38:04', NULL, NULL, NULL, NULL, 10, 9, 2023),
(52, 4, 142, 100000, NULL, 'pending', NULL, NULL, NULL, NULL, NULL, 0, 3, '10-09-2023', '11:38:13', NULL, NULL, NULL, NULL, 10, 9, 2023),
(53, 4, 145, 100000, NULL, 'pending', NULL, NULL, NULL, NULL, NULL, 0, 3, '10-09-2023', '11:38:21', NULL, NULL, NULL, NULL, 10, 9, 2023),
(54, 4, 144, 100000, NULL, 'pending', NULL, NULL, NULL, NULL, NULL, 0, 3, '10-09-2023', '11:38:29', NULL, NULL, NULL, NULL, 10, 9, 2023),
(55, 4, 146, 100000, NULL, 'pending', NULL, NULL, NULL, NULL, NULL, 0, 3, '10-09-2023', '11:38:38', NULL, NULL, NULL, NULL, 10, 9, 2023),
(56, 7, 195, 10000, NULL, 'pending', NULL, NULL, NULL, NULL, NULL, 0, 3, '10-09-2023', '04:21:36', NULL, NULL, NULL, NULL, 10, 9, 2023),
(57, 7, 194, 10000, NULL, 'pending', NULL, NULL, NULL, NULL, NULL, 0, 3, '10-09-2023', '04:21:42', NULL, NULL, NULL, NULL, 10, 9, 2023),
(58, 8, 92, 2000, NULL, 'pending', NULL, NULL, NULL, NULL, NULL, 0, 3, '11-09-2023', '09:54:31', NULL, NULL, NULL, NULL, 11, 9, 2023),
(59, 8, 91, 2000, NULL, 'pending', NULL, NULL, NULL, NULL, NULL, 0, 3, '11-09-2023', '09:54:40', NULL, NULL, NULL, NULL, 11, 9, 2023),
(60, 8, 90, 2000, NULL, 'pending', NULL, NULL, NULL, NULL, NULL, 0, 3, '11-09-2023', '09:54:49', NULL, NULL, NULL, NULL, 11, 9, 2023),
(61, 8, 94, 25000, NULL, 'pending', NULL, NULL, NULL, NULL, NULL, 0, 3, '11-09-2023', '09:55:05', NULL, NULL, NULL, NULL, 11, 9, 2023),
(62, 8, 93, 25000, NULL, 'pending', NULL, NULL, NULL, NULL, NULL, 0, 3, '11-09-2023', '10:05:08', NULL, NULL, NULL, NULL, 11, 9, 2023),
(63, 8, 89, 15000, NULL, 'pending', NULL, NULL, NULL, NULL, NULL, 0, 3, '11-09-2023', '10:05:24', NULL, NULL, NULL, NULL, 11, 9, 2023),
(64, 8, 88, 15000, NULL, 'pending', NULL, NULL, NULL, NULL, NULL, 0, 3, '11-09-2023', '10:05:36', NULL, NULL, NULL, NULL, 11, 9, 2023),
(65, 8, 95, 15000, NULL, 'pending', NULL, NULL, NULL, NULL, NULL, 0, 3, '11-09-2023', '10:05:44', NULL, NULL, NULL, NULL, 11, 9, 2023),
(66, 9, 123, 100000, NULL, 'pending', NULL, NULL, NULL, NULL, NULL, 0, 3, '12-09-2023', '12:37:48', NULL, NULL, NULL, NULL, 12, 9, 2023),
(67, 9, 122, 25000, NULL, 'pending', NULL, NULL, NULL, NULL, NULL, 0, 3, '12-09-2023', '12:37:55', NULL, NULL, NULL, NULL, 12, 9, 2023),
(68, 9, 121, 100000, NULL, 'pending', NULL, NULL, NULL, NULL, NULL, 0, 3, '12-09-2023', '12:38:04', NULL, NULL, NULL, NULL, 12, 9, 2023),
(69, 9, 120, 100000, NULL, 'pending', NULL, NULL, NULL, NULL, NULL, 0, 3, '12-09-2023', '12:38:12', NULL, NULL, NULL, NULL, 12, 9, 2023),
(70, 9, 119, 100000, NULL, 'pending', NULL, NULL, NULL, NULL, NULL, 0, 3, '12-09-2023', '12:38:25', NULL, NULL, NULL, NULL, 12, 9, 2023),
(71, 10, 161, 100000, NULL, 'pending', NULL, NULL, NULL, NULL, NULL, 0, 3, '12-09-2023', '12:52:03', NULL, NULL, NULL, NULL, 12, 9, 2023),
(72, 6, 86, 5000, NULL, 'pending', NULL, NULL, NULL, NULL, NULL, 0, 3, '12-09-2023', '12:57:52', NULL, NULL, NULL, NULL, 12, 9, 2023),
(73, 5, 39, 50000, NULL, 'pending', NULL, NULL, NULL, NULL, NULL, 0, 3, '12-09-2023', '01:00:32', NULL, NULL, NULL, NULL, 12, 9, 2023),
(74, 11, 103, 10000, NULL, 'pending', NULL, NULL, NULL, NULL, NULL, 0, 3, '13-09-2023', '05:28:08', NULL, NULL, NULL, NULL, 13, 9, 2023),
(75, 11, 101, 2000, NULL, 'pending', NULL, NULL, NULL, NULL, NULL, 0, 3, '13-09-2023', '05:28:22', NULL, NULL, NULL, NULL, 13, 9, 2023),
(76, 11, 115, 10000, NULL, 'pending', NULL, NULL, NULL, NULL, NULL, 0, 3, '13-09-2023', '05:28:38', NULL, NULL, NULL, NULL, 13, 9, 2023),
(77, 11, 112, 10000, NULL, 'pending', NULL, NULL, NULL, NULL, NULL, 0, 3, '13-09-2023', '05:28:47', NULL, NULL, NULL, NULL, 13, 9, 2023),
(78, 5, 35, 1000, NULL, 'pending', NULL, NULL, NULL, NULL, NULL, 0, 3, '16-09-2023', '02:23:18', NULL, NULL, NULL, NULL, 16, 9, 2023),
(79, 12, 190, 10000, NULL, 'pending', NULL, NULL, NULL, NULL, NULL, 0, 3, '18-09-2023', '09:42:43', NULL, NULL, NULL, NULL, 18, 9, 2023),
(80, 12, 189, 10000, NULL, 'pending', NULL, NULL, NULL, NULL, NULL, 0, 3, '18-09-2023', '09:42:49', NULL, NULL, NULL, NULL, 18, 9, 2023),
(81, 12, 188, 10000, NULL, 'pending', NULL, NULL, NULL, NULL, NULL, 0, 3, '18-09-2023', '09:43:03', NULL, NULL, NULL, NULL, 18, 9, 2023),
(82, 5, 44, 20000, NULL, 'pending', NULL, NULL, NULL, NULL, NULL, 0, 3, '19-09-2023', '05:47:22', NULL, NULL, NULL, NULL, 19, 9, 2023),
(83, 5, 32, 20000, NULL, 'pending', NULL, NULL, NULL, NULL, NULL, 0, 3, '19-09-2023', '05:47:31', NULL, NULL, NULL, NULL, 19, 9, 2023),
(84, 13, 135, 1000000, NULL, 'pending', NULL, NULL, NULL, NULL, NULL, 0, 3, '26-09-2023', '09:05:59', NULL, NULL, NULL, NULL, 26, 9, 2023),
(85, 13, 134, 1000000, NULL, 'pending', NULL, NULL, NULL, NULL, NULL, 0, 3, '26-09-2023', '09:06:18', NULL, NULL, NULL, NULL, 26, 9, 2023),
(86, 5, 29, 10000, NULL, 'pending', NULL, NULL, NULL, NULL, NULL, 0, 3, '26-09-2023', '09:20:26', NULL, NULL, NULL, NULL, 26, 9, 2023),
(87, 12, 127, 10000, NULL, 'pending', NULL, NULL, NULL, NULL, NULL, 0, 3, '26-09-2023', '09:23:28', NULL, NULL, NULL, NULL, 26, 9, 2023),
(88, 12, 196, 10000, NULL, 'pending', NULL, NULL, NULL, NULL, NULL, 0, 3, '26-09-2023', '09:29:10', NULL, NULL, NULL, NULL, 26, 9, 2023),
(89, 14, 169, 10000, NULL, 'pending', NULL, NULL, NULL, NULL, NULL, 0, 3, '30-09-2023', '12:28:03', NULL, NULL, NULL, NULL, 30, 9, 2023),
(90, 5, 168, 500, NULL, 'pending', NULL, NULL, NULL, NULL, NULL, 0, 3, '30-09-2023', '12:29:34', NULL, NULL, NULL, NULL, 30, 9, 2023),
(91, 9, 124, 25000, NULL, 'pending', NULL, NULL, NULL, NULL, NULL, 0, 3, '30-09-2023', '12:32:15', NULL, NULL, NULL, NULL, 30, 9, 2023),
(92, 15, 198, 1, NULL, 'pending', NULL, NULL, NULL, NULL, NULL, 0, 3, '03-10-2023', '12:27:20', NULL, NULL, NULL, NULL, 3, 10, 2023),
(93, 15, 197, 1, NULL, 'pending', NULL, NULL, NULL, NULL, NULL, 0, 3, '03-10-2023', '12:27:26', NULL, NULL, NULL, NULL, 3, 10, 2023),
(94, 16, 138, 2000, NULL, 'pending', NULL, NULL, NULL, NULL, NULL, 0, 3, '04-10-2023', '08:36:01', NULL, NULL, NULL, NULL, 4, 10, 2023),
(95, 16, 199, 500, NULL, 'pending', NULL, NULL, NULL, NULL, NULL, 0, 3, '04-10-2023', '08:44:23', NULL, NULL, NULL, NULL, 4, 10, 2023),
(96, 17, 132, 25000, NULL, 'pending', NULL, NULL, NULL, NULL, NULL, 0, 3, '09-10-2023', '06:59:47', NULL, NULL, NULL, NULL, 9, 10, 2023),
(97, 18, 104, 5000, NULL, 'pending', NULL, NULL, NULL, NULL, NULL, 0, 3, '11-10-2023', '02:26:41', NULL, NULL, NULL, NULL, 11, 10, 2023),
(101, 19, 101, 5000, NULL, 'pending', NULL, NULL, NULL, NULL, NULL, 0, 3, '14-10-2023', '02:00:51', NULL, NULL, NULL, NULL, 14, 10, 2023),
(102, 19, 118, 5000, NULL, 'pending', NULL, NULL, NULL, NULL, NULL, 0, 3, '14-10-2023', '02:00:59', NULL, NULL, NULL, NULL, 14, 10, 2023),
(103, 19, 102, 5000, NULL, 'pending', NULL, NULL, NULL, NULL, NULL, 0, 3, '14-10-2023', '02:01:06', NULL, NULL, NULL, NULL, 14, 10, 2023),
(104, 19, 104, 2000, NULL, 'pending', NULL, NULL, NULL, NULL, NULL, 0, 3, '14-10-2023', '02:03:16', NULL, NULL, NULL, NULL, 14, 10, 2023),
(105, 19, 96, 5000, NULL, 'pending', NULL, NULL, NULL, NULL, NULL, 0, 3, '14-10-2023', '02:03:29', NULL, NULL, NULL, NULL, 14, 10, 2023),
(106, 19, 109, 5000, NULL, 'pending', NULL, NULL, NULL, NULL, NULL, 0, 3, '14-10-2023', '02:03:44', NULL, NULL, NULL, NULL, 14, 10, 2023),
(107, 19, 100, 5000, NULL, 'pending', NULL, NULL, NULL, NULL, NULL, 0, 3, '14-10-2023', '02:03:55', NULL, NULL, NULL, NULL, 14, 10, 2023),
(108, 20, 200, 1000, NULL, 'pending', NULL, NULL, NULL, NULL, NULL, 0, 3, '15-10-2023', '04:57:58', NULL, NULL, NULL, NULL, 15, 10, 2023),
(109, 19, 162, 5000, NULL, 'pending', NULL, NULL, NULL, NULL, NULL, 0, 3, '15-10-2023', '05:14:46', NULL, NULL, NULL, NULL, 15, 10, 2023),
(110, 5, 201, 40000, NULL, 'pending', NULL, NULL, NULL, NULL, NULL, 0, 3, '15-10-2023', '05:21:32', NULL, NULL, NULL, NULL, 15, 10, 2023),
(111, 21, 170, 10000, NULL, 'pending', NULL, NULL, NULL, NULL, NULL, 0, 3, '17-10-2023', '05:28:29', NULL, NULL, NULL, NULL, 17, 10, 2023),
(112, 5, 167, 10000, NULL, 'pending', NULL, NULL, NULL, NULL, NULL, 0, 3, '17-10-2023', '05:31:47', NULL, NULL, NULL, NULL, 17, 10, 2023),
(113, 4, 202, 500, NULL, 'pending', NULL, NULL, NULL, NULL, NULL, 0, 3, '21-10-2023', '01:59:04', NULL, NULL, NULL, NULL, 21, 10, 2023),
(114, 22, 203, 1, NULL, 'pending', NULL, NULL, NULL, NULL, NULL, 0, 3, '21-10-2023', '05:33:10', NULL, NULL, NULL, NULL, 21, 10, 2023),
(115, 22, 204, 1, NULL, 'pending', NULL, NULL, NULL, NULL, NULL, 0, 3, '21-10-2023', '05:33:27', NULL, NULL, NULL, NULL, 21, 10, 2023),
(116, 22, 205, 1, NULL, 'pending', NULL, NULL, NULL, NULL, NULL, 0, 3, '21-10-2023', '05:33:40', NULL, NULL, NULL, NULL, 21, 10, 2023),
(117, 22, 206, 1, NULL, 'pending', NULL, NULL, NULL, NULL, NULL, 0, 3, '21-10-2023', '05:34:46', NULL, NULL, NULL, NULL, 21, 10, 2023),
(118, 22, 207, 1, NULL, 'pending', NULL, NULL, NULL, NULL, NULL, 0, 3, '21-10-2023', '05:40:14', NULL, NULL, NULL, NULL, 21, 10, 2023),
(119, 22, 208, 5, NULL, 'pending', NULL, NULL, NULL, NULL, NULL, 0, 3, '21-10-2023', '07:36:29', NULL, NULL, NULL, NULL, 21, 10, 2023),
(120, 19, 105, 5000, NULL, 'pending', NULL, NULL, NULL, NULL, NULL, 0, 3, '21-10-2023', '07:41:17', NULL, NULL, NULL, NULL, 21, 10, 2023),
(121, 19, 106, 5000, NULL, 'pending', NULL, NULL, NULL, NULL, NULL, 0, 3, '21-10-2023', '07:41:24', NULL, NULL, NULL, NULL, 21, 10, 2023),
(122, 19, 110, 5000, NULL, 'pending', NULL, NULL, NULL, NULL, NULL, 0, 3, '21-10-2023', '07:41:38', NULL, NULL, NULL, NULL, 21, 10, 2023),
(123, 19, 210, 10000, NULL, 'pending', NULL, NULL, NULL, NULL, NULL, 0, 3, '22-10-2023', '12:05:32', NULL, NULL, NULL, NULL, 22, 10, 2023),
(124, 19, 209, 10000, NULL, 'pending', NULL, NULL, NULL, NULL, NULL, 0, 3, '22-10-2023', '12:05:41', NULL, NULL, NULL, NULL, 22, 10, 2023),
(125, 19, 99, 5000, NULL, 'pending', NULL, NULL, NULL, NULL, NULL, 0, 3, '22-10-2023', '12:11:40', NULL, NULL, NULL, NULL, 22, 10, 2023),
(127, 19, 147, 5000, NULL, 'pending', NULL, NULL, NULL, NULL, NULL, 0, 3, '22-10-2023', '12:19:24', NULL, NULL, NULL, NULL, 22, 10, 2023),
(128, 19, 114, 10000, NULL, 'pending', NULL, NULL, NULL, NULL, NULL, 0, 3, '22-10-2023', '12:23:43', NULL, NULL, NULL, NULL, 22, 10, 2023),
(129, 19, 116, 10000, NULL, 'pending', NULL, NULL, NULL, NULL, NULL, 0, 3, '22-10-2023', '12:29:10', NULL, NULL, NULL, NULL, 22, 10, 2023),
(130, 19, 113, 10000, NULL, 'pending', NULL, NULL, NULL, NULL, NULL, 0, 3, '22-10-2023', '12:29:20', NULL, NULL, NULL, NULL, 22, 10, 2023),
(131, 19, 115, 10000, NULL, 'pending', NULL, NULL, NULL, NULL, NULL, 0, 3, '22-10-2023', '12:29:31', NULL, NULL, NULL, NULL, 22, 10, 2023),
(132, 19, 112, 10000, NULL, 'pending', NULL, NULL, NULL, NULL, NULL, 0, 3, '22-10-2023', '12:29:39', NULL, NULL, NULL, NULL, 22, 10, 2023),
(133, 19, 97, 10000, NULL, 'pending', NULL, NULL, NULL, NULL, NULL, 0, 3, '22-10-2023', '12:35:00', NULL, NULL, NULL, NULL, 22, 10, 2023),
(134, 19, 98, 10000, NULL, 'pending', NULL, NULL, NULL, NULL, NULL, 0, 3, '22-10-2023', '12:35:08', NULL, NULL, NULL, NULL, 22, 10, 2023),
(135, 23, 212, 1, NULL, 'pending', NULL, NULL, NULL, NULL, NULL, 0, 3, '22-10-2023', '12:47:50', NULL, NULL, NULL, NULL, 22, 10, 2023),
(136, 23, 211, 1, NULL, 'pending', NULL, NULL, NULL, NULL, NULL, 0, 3, '22-10-2023', '12:47:57', NULL, NULL, NULL, NULL, 22, 10, 2023),
(137, 19, 213, 10000, NULL, 'pending', NULL, NULL, NULL, NULL, NULL, 0, 3, '27-10-2023', '02:37:56', NULL, NULL, NULL, NULL, 27, 10, 2023),
(138, 6, 79, 5000, NULL, 'pending', NULL, NULL, NULL, NULL, NULL, 0, 3, '27-10-2023', '03:07:30', NULL, NULL, NULL, NULL, 27, 10, 2023),
(139, 6, 75, 10000, NULL, 'pending', NULL, NULL, NULL, NULL, NULL, 0, 3, '27-10-2023', '03:07:42', NULL, NULL, NULL, NULL, 27, 10, 2023),
(140, 19, 215, 10000, NULL, 'pending', NULL, NULL, NULL, NULL, NULL, 0, 3, '27-10-2023', '03:27:51', NULL, NULL, NULL, NULL, 27, 10, 2023),
(141, 19, 214, 10000, NULL, 'pending', NULL, NULL, NULL, NULL, NULL, 0, 3, '27-10-2023', '03:27:59', NULL, NULL, NULL, NULL, 27, 10, 2023),
(142, 19, 216, 10000, NULL, 'pending', NULL, NULL, NULL, NULL, NULL, 0, 3, '27-10-2023', '03:34:38', NULL, NULL, NULL, NULL, 27, 10, 2023),
(143, 3, 217, 20, NULL, 'pending', NULL, NULL, NULL, NULL, NULL, 0, 3, '12-02-2024', '05:12:10', NULL, NULL, NULL, NULL, 12, 2, 2024),
(144, 24, 223, 400, NULL, 'pending', NULL, NULL, NULL, NULL, NULL, 0, 3, '01-03-2024', '01:24:48', NULL, NULL, NULL, NULL, 1, 3, 2024),
(145, 26, 220, 50, NULL, 'pending', NULL, NULL, NULL, NULL, NULL, 0, 3, '01-03-2024', '01:29:43', NULL, NULL, NULL, NULL, 1, 3, 2024),
(146, 27, 218, 10, NULL, 'pending', NULL, NULL, NULL, NULL, NULL, 0, 3, '01-03-2024', '03:47:11', NULL, NULL, NULL, NULL, 1, 3, 2024),
(147, 28, 220, 50, NULL, 'pending', NULL, NULL, NULL, NULL, NULL, 0, 3, '01-03-2024', '05:40:29', NULL, NULL, NULL, NULL, 1, 3, 2024),
(148, 29, 227, 50, NULL, 'pending', NULL, NULL, NULL, NULL, NULL, 0, 3, '01-03-2024', '05:40:32', NULL, NULL, NULL, NULL, 1, 3, 2024),
(149, 30, 228, 51, NULL, 'pending', NULL, NULL, NULL, NULL, NULL, 0, 3, '04-03-2024', '04:21:55', NULL, NULL, NULL, NULL, 4, 3, 2024),
(150, 30, 227, 50, NULL, 'pending', NULL, NULL, NULL, NULL, NULL, 0, 3, '04-03-2024', '04:22:09', NULL, NULL, NULL, NULL, 4, 3, 2024),
(151, 30, 226, 55, NULL, 'pending', NULL, NULL, NULL, NULL, NULL, 0, 3, '04-03-2024', '04:22:23', NULL, NULL, NULL, NULL, 4, 3, 2024),
(152, 30, 225, 50, NULL, 'pending', NULL, NULL, NULL, NULL, NULL, 0, 3, '04-03-2024', '04:22:37', NULL, NULL, NULL, NULL, 4, 3, 2024),
(153, 30, 224, 45, NULL, 'pending', NULL, NULL, NULL, NULL, NULL, 0, 3, '04-03-2024', '04:22:46', NULL, NULL, NULL, NULL, 4, 3, 2024),
(154, 31, 230, 50, NULL, 'pending', NULL, NULL, NULL, NULL, NULL, 0, 3, '04-03-2024', '05:52:29', NULL, NULL, NULL, NULL, 4, 3, 2024),
(155, 31, 229, 1000, NULL, 'pending', NULL, NULL, NULL, NULL, NULL, 0, 3, '04-03-2024', '05:52:40', NULL, NULL, NULL, NULL, 4, 3, 2024),
(156, 31, 223, 500, NULL, 'pending', NULL, NULL, NULL, NULL, NULL, 0, 3, '04-03-2024', '05:52:51', NULL, NULL, NULL, NULL, 4, 3, 2024),
(157, 32, 231, 100, NULL, 'pending', NULL, NULL, NULL, NULL, NULL, 0, 3, '04-03-2024', '05:54:39', NULL, NULL, NULL, NULL, 4, 3, 2024),
(158, 32, 219, 100, NULL, 'pending', NULL, NULL, NULL, NULL, NULL, 0, 3, '04-03-2024', '05:54:49', NULL, NULL, NULL, NULL, 4, 3, 2024),
(159, 33, 232, 500, NULL, 'pending', NULL, NULL, NULL, NULL, NULL, 0, 3, '04-03-2024', '05:59:48', NULL, NULL, NULL, NULL, 4, 3, 2024),
(160, 33, 218, 150, NULL, 'pending', NULL, NULL, NULL, NULL, NULL, 0, 3, '04-03-2024', '06:00:00', NULL, NULL, NULL, NULL, 4, 3, 2024),
(161, 34, 227, 2000, NULL, 'pending', NULL, NULL, NULL, NULL, NULL, 0, 3, '12-03-2024', '02:15:06', NULL, NULL, NULL, NULL, 12, 3, 2024),
(162, 35, 234, 1000, NULL, 'pending', NULL, NULL, NULL, NULL, NULL, 0, 3, '18-03-2024', '12:41:14', NULL, NULL, NULL, NULL, 18, 3, 2024),
(163, 35, 233, 1000, NULL, 'pending', NULL, NULL, NULL, NULL, NULL, 0, 3, '18-03-2024', '12:41:24', NULL, NULL, NULL, NULL, 18, 3, 2024),
(164, 37, 232, 25, NULL, 'pending', NULL, NULL, NULL, NULL, NULL, 0, 3, '05-04-2024', '11:24:57', NULL, NULL, NULL, NULL, 5, 4, 2024),
(165, 37, 218, 20, NULL, 'pending', NULL, NULL, NULL, NULL, NULL, 0, 3, '24-04-2024', '05:17:58', NULL, NULL, NULL, NULL, 24, 4, 2024),
(166, 38, 235, 29, NULL, 'pending', NULL, NULL, NULL, NULL, NULL, 0, 3, '24-04-2024', '05:21:05', NULL, NULL, NULL, NULL, 24, 4, 2024),
(167, 39, 235, 100, NULL, 'pending', NULL, NULL, NULL, NULL, NULL, 0, 3, '30-04-2024', '04:36:36', NULL, NULL, NULL, NULL, 30, 4, 2024),
(168, 40, 236, 20, NULL, 'pending', NULL, NULL, NULL, NULL, NULL, 0, 3, '18-05-2024', '07:06:22', NULL, NULL, NULL, NULL, 18, 5, 2024),
(169, 41, 236, 50, NULL, 'pending', NULL, NULL, NULL, NULL, NULL, 0, 3, '20-05-2024', '03:23:21', NULL, NULL, NULL, NULL, 20, 5, 2024),
(170, 41, 235, 25, NULL, 'pending', NULL, NULL, NULL, NULL, NULL, 0, 3, '20-05-2024', '03:23:31', NULL, NULL, NULL, NULL, 20, 5, 2024);

-- --------------------------------------------------------

--
-- Table structure for table `parts_rejection_sales_invoice`
--

CREATE TABLE `parts_rejection_sales_invoice` (
  `id` int NOT NULL,
  `rejection_sales_id` int NOT NULL,
  `part_id` int NOT NULL,
  `qty` float NOT NULL,
  `remark` varchar(20) COLLATE utf8mb4_general_ci DEFAULT NULL,
  `status` varchar(20) COLLATE utf8mb4_general_ci NOT NULL DEFAULT 'pending',
  `approval_date` varchar(20) COLLATE utf8mb4_general_ci DEFAULT NULL,
  `approval_by` int DEFAULT NULL,
  `customer_id` int NOT NULL,
  `created_by` int NOT NULL,
  `created_date` varchar(20) COLLATE utf8mb4_general_ci NOT NULL,
  `created_time` varchar(20) COLLATE utf8mb4_general_ci NOT NULL,
  `accepted_qty` float DEFAULT NULL,
  `rejected_qty` float DEFAULT NULL,
  `rejection_reason` varchar(20) COLLATE utf8mb4_general_ci DEFAULT NULL,
  `rejection_remark` varchar(20) COLLATE utf8mb4_general_ci DEFAULT NULL,
  `created_month` int DEFAULT NULL,
  `created_year` int DEFAULT NULL,
  `created_day` int DEFAULT NULL
) ENGINE=InnoDB DEFAULT CHARSET=utf8mb4 COLLATE=utf8mb4_general_ci;

--
-- Dumping data for table `parts_rejection_sales_invoice`
--

INSERT INTO `parts_rejection_sales_invoice` (`id`, `rejection_sales_id`, `part_id`, `qty`, `remark`, `status`, `approval_date`, `approval_by`, `customer_id`, `created_by`, `created_date`, `created_time`, `accepted_qty`, `rejected_qty`, `rejection_reason`, `rejection_remark`, `created_month`, `created_year`, `created_day`) VALUES
(1, 1, 235, 1, NULL, 'pending', NULL, NULL, 43, 3, '24-05-2024', '12:48:44', NULL, NULL, NULL, NULL, 5, 2024, 24),
(2, 1, 236, 1, NULL, 'pending', NULL, NULL, 43, 3, '24-05-2024', '12:49:02', NULL, NULL, NULL, NULL, 5, 2024, 24);

-- --------------------------------------------------------

--
-- Table structure for table `part_creation`
--

CREATE TABLE `part_creation` (
  `id` int NOT NULL,
  `part_number` varchar(255) COLLATE utf8mb4_general_ci NOT NULL,
  `part_description` varchar(255) COLLATE utf8mb4_general_ci NOT NULL,
  `internal_part_number` varchar(255) COLLATE utf8mb4_general_ci NOT NULL,
  `group_id` int NOT NULL,
  `sub_group_id` int NOT NULL,
  `type_id` int NOT NULL,
  `part_drawing` text COLLATE utf8mb4_general_ci NOT NULL,
  `ppap_document` text COLLATE utf8mb4_general_ci,
  `modal_document` text COLLATE utf8mb4_general_ci,
  `cad_file` text COLLATE utf8mb4_general_ci,
  `supplier_id` int DEFAULT NULL,
  `revision_number` varchar(20) COLLATE utf8mb4_general_ci DEFAULT NULL,
  `size_id` varchar(200) COLLATE utf8mb4_general_ci DEFAULT NULL,
  `revision_date` varchar(10) COLLATE utf8mb4_general_ci DEFAULT NULL,
  `revision_remark` varchar(20) COLLATE utf8mb4_general_ci DEFAULT NULL,
  `created_date` varchar(20) COLLATE utf8mb4_general_ci DEFAULT NULL,
  `deleted` int NOT NULL DEFAULT '0',
  `a_d` text COLLATE utf8mb4_general_ci,
  `q_d` text COLLATE utf8mb4_general_ci,
  `c_d` text COLLATE utf8mb4_general_ci
) ENGINE=InnoDB DEFAULT CHARSET=utf8mb4 COLLATE=utf8mb4_general_ci;

-- --------------------------------------------------------

--
-- Table structure for table `part_family`
--

CREATE TABLE `part_family` (
  `id` int NOT NULL,
  `name` text COLLATE utf8mb4_general_ci NOT NULL
) ENGINE=InnoDB DEFAULT CHARSET=utf8mb4 COLLATE=utf8mb4_general_ci;

--
-- Dumping data for table `part_family`
--

INSERT INTO `part_family` (`id`, `name`) VALUES
(1, 'SWITCH');

-- --------------------------------------------------------

--
-- Table structure for table `part_operations`
--

CREATE TABLE `part_operations` (
  `id` int NOT NULL,
  `part_id` int NOT NULL,
  `operation_id` int NOT NULL,
  `operation_description` varchar(30) COLLATE utf8mb4_general_ci DEFAULT NULL,
  `drawing` text COLLATE utf8mb4_general_ci NOT NULL,
  `revision_number` varchar(20) COLLATE utf8mb4_general_ci NOT NULL,
  `revision_remark` varchar(20) COLLATE utf8mb4_general_ci NOT NULL,
  `revision_date` varchar(20) COLLATE utf8mb4_general_ci NOT NULL,
  `created_date` varchar(20) COLLATE utf8mb4_general_ci DEFAULT NULL,
  `created_time` varchar(20) COLLATE utf8mb4_general_ci DEFAULT NULL,
  `deleted` int NOT NULL DEFAULT '0'
) ENGINE=InnoDB DEFAULT CHARSET=utf8mb4 COLLATE=utf8mb4_general_ci;

-- --------------------------------------------------------

--
-- Table structure for table `part_type`
--

CREATE TABLE `part_type` (
  `id` int NOT NULL,
  `part_type_name` varchar(50) COLLATE utf8mb4_general_ci NOT NULL,
  `contractor_code` varchar(30) COLLATE utf8mb4_general_ci DEFAULT NULL,
  `created_id` int DEFAULT NULL,
  `date` varchar(10) COLLATE utf8mb4_general_ci DEFAULT NULL,
  `time` varchar(10) COLLATE utf8mb4_general_ci DEFAULT NULL,
  `timestamp` timestamp NULL DEFAULT CURRENT_TIMESTAMP,
  `deleted` int DEFAULT '0'
) ENGINE=InnoDB DEFAULT CHARSET=utf8mb4 COLLATE=utf8mb4_general_ci;

-- --------------------------------------------------------

--
-- Table structure for table `planing`
--

CREATE TABLE `planing` (
  `id` int NOT NULL,
  `financial_year` varchar(20) COLLATE utf8mb4_general_ci NOT NULL,
  `month` varchar(20) COLLATE utf8mb4_general_ci NOT NULL,
  `customer_part_id` int NOT NULL,
  `shortage_qty` float NOT NULL
) ENGINE=InnoDB DEFAULT CHARSET=utf8mb4 COLLATE=utf8mb4_general_ci;

--
-- Dumping data for table `planing`
--

INSERT INTO `planing` (`id`, `financial_year`, `month`, `customer_part_id`, `shortage_qty`) VALUES
(2, 'FY-2023', 'DEC', 119, 1),
(3, 'FY-2023', 'DEC', 121, 1),
(4, 'FY-2023', 'DEC', 123, 1),
(5, 'FY-2023', 'DEC', 124, 1),
(6, 'FY-2023', 'DEC', 120, 1),
(7, 'FY-2023', 'DEC', 122, 1),
(8, 'FY-2024', 'JAN', 146, 10),
(9, 'FY-2024', 'JAN', 22, 10),
(10, 'FY-2024', 'APR', 226, 17),
(11, 'FY-2024', 'APR', 227, 17),
(12, 'FY-2024', 'APR', 224, 21),
(13, 'FY-2024', 'APR', 228, 21),
(14, 'FY-2024', 'APR', 225, 21),
(15, 'FY-2024', 'APR', 235, 24),
(16, 'FY-2024', 'APR', 234, 24),
(17, 'FY-2024', 'APR', 220, 24),
(18, 'FY-2024', 'APR', 145, 27),
(19, 'FY-2024', 'APR', 143, 27);

-- --------------------------------------------------------

--
-- Table structure for table `planing_data`
--

CREATE TABLE `planing_data` (
  `id` int NOT NULL,
  `planing_id` int NOT NULL,
  `child_part_id` int NOT NULL,
  `bom_qty` float NOT NULL,
  `schedule_qty` float NOT NULL,
  `required_qty` float NOT NULL,
  `actual_stock` float NOT NULL,
  `shortage_qty` float NOT NULL,
  `schedule_qty_2` float NOT NULL,
  `financial_year` varchar(20) COLLATE utf8mb4_general_ci NOT NULL,
  `month` varchar(20) COLLATE utf8mb4_general_ci NOT NULL
) ENGINE=InnoDB DEFAULT CHARSET=utf8mb4 COLLATE=utf8mb4_general_ci;

--
-- Dumping data for table `planing_data`
--

INSERT INTO `planing_data` (`id`, `planing_id`, `child_part_id`, `bom_qty`, `schedule_qty`, `required_qty`, `actual_stock`, `shortage_qty`, `schedule_qty_2`, `financial_year`, `month`) VALUES
(2, 2, 26, 2, 4, 8, 375, -367, 0, 'FY-2023', 'DEC'),
(3, 3, 26, 0.0043075, 7, 0.0301525, 375, -374.97, 0, 'FY-2023', 'DEC'),
(4, 4, 26, 0.003865, 3, 0.011595, 375, -374.988, 0, 'FY-2023', 'DEC'),
(5, 5, 26, 0.008025, 2, 0.01605, 375, -374.984, 0, 'FY-2023', 'DEC'),
(6, 6, 124, 1, 6, 6, 0, 6, 0, 'FY-2023', 'DEC'),
(7, 7, 127, 1, 1, 1, 0, 1, 0, 'FY-2023', 'DEC'),
(8, 8, 11, 0.008, 500, 4, 1450, -1446, 0, 'FY-2024', 'JAN'),
(9, 9, 11, 1.5, 2000, 3000, 1450, 1550, 0, 'FY-2024', 'JAN'),
(10, 10, 187, 100, 100, 10000, 900, 9100, 0, 'FY-2024', 'APR'),
(11, 10, 187, 100, 100, 10000, 900, 9100, 0, 'FY-2024', 'APR'),
(12, 11, 188, 100, 100, 10000, 4932, 5068, 0, 'FY-2024', 'APR'),
(13, 11, 188, 100, 100, 10000, 4932, 5068, 0, 'FY-2024', 'APR'),
(14, 11, 188, 100, 100, 10000, 4932, 5068, 0, 'FY-2024', 'APR'),
(15, 11, 188, 100, 100, 10000, 4932, 5068, 0, 'FY-2024', 'APR'),
(16, 12, 204, 2, 100, 200, 0, 200, 0, 'FY-2024', 'APR'),
(17, 13, 209, 10, 100, 1000, 0, 1000, 0, 'FY-2024', 'APR'),
(18, 14, 146, 1, 100, 100, 0, 100, 0, 'FY-2024', 'APR'),
(19, 15, 210, 50, 200, 10000, 400, 9600, 0, 'FY-2024', 'APR'),
(20, 16, 136, 50, 50, 2500, 0, 2500, 0, 'FY-2024', 'APR'),
(21, 17, 191, 40, 50, 2000, 200, 1800, 0, 'FY-2024', 'APR'),
(22, 17, 188, 49, 50, 2450, 4932, -2482, 0, 'FY-2024', 'APR'),
(23, 17, 186, 80, 50, 4000, 0, 4000, 0, 'FY-2024', 'APR'),
(24, 18, 12, 0.00998, 10, 0.0998, 400, -399.9, 0, 'FY-2024', 'APR'),
(25, 19, 209, 3, 25, 75, 0, 75, 0, 'FY-2024', 'APR');

-- --------------------------------------------------------

--
-- Table structure for table `planing_shop_order`
--

CREATE TABLE `planing_shop_order` (
  `id` int NOT NULL,
  `shop_no` varchar(10) COLLATE utf8mb4_general_ci NOT NULL,
  `customer_part_id` int NOT NULL,
  `shop_date` datetime NOT NULL,
  `shop_month` int NOT NULL,
  `shop_year` int NOT NULL,
  `scheduleQty` float NOT NULL
) ENGINE=InnoDB DEFAULT CHARSET=utf8mb4 COLLATE=utf8mb4_general_ci;

-- --------------------------------------------------------

--
-- Table structure for table `po_details`
--

CREATE TABLE `po_details` (
  `id` int NOT NULL,
  `customer_id` varchar(20) COLLATE utf8mb4_general_ci NOT NULL,
  `po_number` varchar(30) COLLATE utf8mb4_general_ci NOT NULL,
  `type_of_sale` varchar(20) COLLATE utf8mb4_general_ci NOT NULL,
  `created_id` int NOT NULL,
  `date` varchar(15) COLLATE utf8mb4_general_ci NOT NULL,
  `time` varchar(15) COLLATE utf8mb4_general_ci NOT NULL,
  `timestamp` timestamp NOT NULL DEFAULT CURRENT_TIMESTAMP ON UPDATE CURRENT_TIMESTAMP,
  `deleted` int NOT NULL DEFAULT '0'
) ENGINE=InnoDB DEFAULT CHARSET=utf8mb4 COLLATE=utf8mb4_general_ci;

-- --------------------------------------------------------

--
-- Table structure for table `po_parts`
--

CREATE TABLE `po_parts` (
  `id` int NOT NULL,
  `po_id` int NOT NULL,
  `po_number` varchar(50) COLLATE utf8mb4_general_ci NOT NULL,
  `supplier_id` int NOT NULL,
  `part_id` int NOT NULL,
  `tax_id` int DEFAULT NULL,
  `uom_id` int NOT NULL,
  `delivery_date` varchar(10) COLLATE utf8mb4_general_ci DEFAULT NULL,
  `expiry_date` varchar(20) COLLATE utf8mb4_general_ci DEFAULT NULL,
  `qty` float NOT NULL,
  `pending_qty` float NOT NULL,
  `created_by` int NOT NULL,
  `created_date` varchar(10) COLLATE utf8mb4_general_ci NOT NULL,
  `created_time` varchar(10) COLLATE utf8mb4_general_ci NOT NULL,
  `created_day` int NOT NULL,
  `created_month` int NOT NULL,
  `created_year` int NOT NULL,
  `deleted` int NOT NULL DEFAULT '0',
  `invoice_number` varchar(100) COLLATE utf8mb4_general_ci DEFAULT NULL,
  `new_po_qty` float DEFAULT NULL,
  `po_approved_updated` varchar(20) COLLATE utf8mb4_general_ci NOT NULL,
  `po_a_number` varchar(20) COLLATE utf8mb4_general_ci DEFAULT NULL,
  `date` varchar(10) COLLATE utf8mb4_general_ci DEFAULT NULL,
  `rate` float NOT NULL,
  `process` varchar(20) COLLATE utf8mb4_general_ci DEFAULT NULL,
  `complete_process` varchar(20) COLLATE utf8mb4_general_ci DEFAULT 'pending'
) ENGINE=InnoDB DEFAULT CHARSET=utf8mb4 COLLATE=utf8mb4_general_ci;

--
-- Dumping data for table `po_parts`
--

INSERT INTO `po_parts` (`id`, `po_id`, `po_number`, `supplier_id`, `part_id`, `tax_id`, `uom_id`, `delivery_date`, `expiry_date`, `qty`, `pending_qty`, `created_by`, `created_date`, `created_time`, `created_day`, `created_month`, `created_year`, `deleted`, `invoice_number`, `new_po_qty`, `po_approved_updated`, `po_a_number`, `date`, `rate`, `process`, `complete_process`) VALUES
(1, 1, 'MP/PUR/23-24/1', 7, 15, 1, 2, NULL, NULL, 100, 89, 3, '09-09-2023', '12:33:50', 9, 9, 2023, 0, NULL, NULL, '', NULL, NULL, 506, NULL, 'pending'),
(2, 2, 'MP/PUR/23-24/2', 77, 59, 1, 1, NULL, NULL, 90000, 45000, 3, '09-09-2023', '12:35:58', 9, 9, 2023, 0, NULL, NULL, '', NULL, NULL, 2.26, NULL, 'pending'),
(3, 3, 'MP/PUR/23-24/3', 69, 96, 1, 1, NULL, NULL, 15000, 15000, 3, '09-09-2023', '02:18:29', 9, 9, 2023, 0, NULL, NULL, '', NULL, NULL, 0.85, NULL, 'pending'),
(4, 4, 'MP/PUR/23-24/4', 21, 7, 1, 2, NULL, NULL, 100000, 99998, 3, '10-09-2023', '09:24:00', 10, 9, 2023, 0, NULL, NULL, '', NULL, NULL, 170.86, NULL, 'pending'),
(5, 4, 'MP/PUR/23-24/4', 21, 79, 1, 2, NULL, NULL, 50000, 50000, 3, '10-09-2023', '09:24:16', 10, 9, 2023, 0, NULL, NULL, '', NULL, NULL, 230.67, NULL, 'pending'),
(6, 4, 'MP/PUR/23-24/4', 21, 11, 1, 2, NULL, NULL, 100000, 99300, 3, '10-09-2023', '09:24:33', 10, 9, 2023, 0, NULL, NULL, '', NULL, NULL, 209.2, NULL, 'pending'),
(7, 4, 'MP/PUR/23-24/4', 21, 46, 1, 1, NULL, NULL, 10000, 10000, 3, '10-09-2023', '09:24:48', 10, 9, 2023, 0, NULL, NULL, '', NULL, NULL, 55, NULL, 'pending'),
(8, 4, 'MP/PUR/23-24/4', 21, 80, 1, 1, NULL, NULL, 5000, 4850, 3, '10-09-2023', '09:25:14', 10, 9, 2023, 0, NULL, NULL, '', NULL, NULL, 54.25, NULL, 'pending'),
(9, 4, 'MP/PUR/23-24/4', 21, 81, 1, 1, NULL, NULL, 500, 450, 3, '10-09-2023', '09:25:26', 10, 9, 2023, 0, NULL, NULL, '', NULL, NULL, 496, NULL, 'pending'),
(10, 4, 'MP/PUR/23-24/4', 21, 34, 1, 2, NULL, NULL, 500, 500, 3, '10-09-2023', '09:25:36', 10, 9, 2023, 0, NULL, NULL, '', NULL, NULL, 162, NULL, 'pending'),
(11, 4, 'MP/PUR/23-24/4', 21, 108, 1, 2, NULL, NULL, 100, 75, 3, '10-09-2023', '09:26:08', 10, 9, 2023, 0, NULL, NULL, '', NULL, NULL, 303, NULL, 'pending'),
(12, 4, 'MP/PUR/23-24/4', 21, 45, 1, 1, NULL, NULL, 10000, 10000, 3, '10-09-2023', '09:26:28', 10, 9, 2023, 0, NULL, NULL, '', NULL, NULL, 4.87, NULL, 'pending'),
(13, 4, 'MP/PUR/23-24/4', 21, 9, 1, 2, NULL, NULL, 100000, 99400, 3, '10-09-2023', '09:27:07', 10, 9, 2023, 0, NULL, NULL, '', NULL, NULL, 145, NULL, 'pending'),
(14, 4, 'MP/PUR/23-24/4', 21, 16, 1, 2, NULL, NULL, 100000, 99800, 3, '10-09-2023', '09:27:38', 10, 9, 2023, 0, NULL, NULL, '', NULL, NULL, 232.63, NULL, 'pending'),
(15, 4, 'MP/PUR/23-24/4', 21, 17, 1, 2, NULL, NULL, 100000, 98700, 3, '10-09-2023', '09:27:50', 10, 9, 2023, 0, NULL, NULL, '', NULL, NULL, 209.1, NULL, 'pending'),
(16, 4, 'MP/PUR/23-24/4', 21, 10, 1, 2, NULL, NULL, 100000, 100000, 3, '10-09-2023', '09:28:01', 10, 9, 2023, 0, NULL, NULL, '', NULL, NULL, 257.31, NULL, 'pending'),
(17, 4, 'MP/PUR/23-24/4', 21, 12, 1, 2, NULL, NULL, 10000, 9500, 3, '10-09-2023', '09:28:41', 10, 9, 2023, 0, NULL, NULL, '', NULL, NULL, 239.95, NULL, 'pending'),
(18, 5, 'MP/PUR/23-24/5', 35, 1, 1, 2, NULL, NULL, 5000, 2425, 3, '10-09-2023', '09:56:56', 10, 9, 2023, 0, NULL, NULL, '', NULL, NULL, 73, NULL, 'pending'),
(19, 5, 'MP/PUR/23-24/5', 35, 109, 1, 2, NULL, NULL, 25, 0, 3, '10-09-2023', '10:00:02', 10, 9, 2023, 0, NULL, NULL, '', NULL, NULL, 75, NULL, 'pending'),
(20, 6, 'MP/PUR/23-24/6', 80, 17, 1, 2, NULL, NULL, 1000, 0, 3, '10-09-2023', '10:09:45', 10, 9, 2023, 0, NULL, NULL, '', NULL, NULL, 190, NULL, 'pending'),
(21, 7, 'MP/PUR/23-24/7', 68, 40, 1, 1, NULL, NULL, 250, 0, 3, '10-09-2023', '10:13:50', 10, 9, 2023, 0, NULL, NULL, '', NULL, NULL, 72, NULL, 'pending'),
(22, 8, 'MP/PUR/23-24/8', 68, 46, 1, 1, NULL, NULL, 1000, 436, 3, '10-09-2023', '10:16:33', 10, 9, 2023, 0, NULL, NULL, '', NULL, NULL, 50, NULL, 'pending'),
(23, 8, 'MP/PUR/23-24/8', 68, 45, 1, 1, NULL, NULL, 10000, 0, 3, '10-09-2023', '10:16:44', 10, 9, 2023, 0, NULL, NULL, '', NULL, NULL, 4.5, NULL, 'pending'),
(24, 9, 'MP/PUR/23-24/9', 35, 1, 1, 2, NULL, NULL, 2500, 150, 3, '10-09-2023', '10:21:22', 10, 9, 2023, 0, NULL, NULL, '', NULL, NULL, 73, NULL, 'pending'),
(25, 10, 'MP/PUR/23-24/10', 2, 88, 1, 1, NULL, NULL, 50000, 110, 3, '10-09-2023', '10:29:41', 10, 9, 2023, 0, NULL, NULL, '', NULL, NULL, 2.25, NULL, 'pending'),
(26, 11, 'MP/PUR/23-24/11', 68, 40, 1, 1, NULL, NULL, 350, 207, 3, '10-09-2023', '10:42:04', 10, 9, 2023, 0, NULL, NULL, '', NULL, NULL, 72, NULL, 'pending'),
(27, 12, 'MP/PUR/23-24/12', 71, 7, 1, 2, NULL, NULL, 1000, 1000, 3, '10-09-2023', '10:48:48', 10, 9, 2023, 0, NULL, NULL, '', NULL, NULL, 155, NULL, 'pending'),
(28, 13, 'MP/PUR/23-24/13', 71, 7, 1, 2, NULL, NULL, 1000, 0, 3, '10-09-2023', '11:08:41', 10, 9, 2023, 0, NULL, NULL, '', NULL, NULL, 155, NULL, 'pending'),
(29, 14, 'MP/PUR/23-24/14', 69, 57, 1, 1, NULL, NULL, 70000, 50000, 3, '10-09-2023', '11:19:06', 10, 9, 2023, 0, NULL, NULL, '', NULL, NULL, 1.09, NULL, 'pending'),
(30, 14, 'MP/PUR/23-24/14', 69, 96, 1, 1, NULL, NULL, 50000, 10000, 3, '10-09-2023', '11:20:32', 10, 9, 2023, 0, NULL, NULL, '', NULL, NULL, 0.85, NULL, 'pending'),
(31, 15, 'MP/PUR/23-24/15', 73, 78, 1, 1, NULL, NULL, 150, 0, 3, '10-09-2023', '11:28:37', 10, 9, 2023, 0, NULL, NULL, '', NULL, NULL, 140, NULL, 'pending'),
(32, 16, 'MP/PUR/23-24/16', 68, 44, 1, 1, NULL, NULL, 1200, 89, 3, '15-09-2023', '09:34:39', 15, 9, 2023, 0, NULL, 1200, 'approved', 'invoice qty ', '17-09-2023', 3, NULL, 'pending'),
(33, 16, 'MP/PUR/23-24/16', 68, 107, 1, 1, NULL, NULL, 210, 2, 3, '15-09-2023', '09:34:51', 15, 9, 2023, 0, NULL, 210, 'approved', 'invoice qty ', '17-09-2023', 40, NULL, 'pending'),
(34, 17, 'MP/PUR/23-24/17', 7, 15, 1, 2, NULL, NULL, 100, 100, 3, '15-09-2023', '09:37:03', 15, 9, 2023, 0, NULL, NULL, '', NULL, NULL, 506, NULL, 'pending'),
(35, 17, 'MP/PUR/23-24/17', 7, 5, 1, 2, NULL, NULL, 700, 0, 3, '15-09-2023', '09:37:16', 15, 9, 2023, 0, NULL, NULL, '', NULL, NULL, 429, NULL, 'pending'),
(36, 18, 'MP/PUR/23-24/18', 19, 67, 1, 1, NULL, NULL, 500, 0, 3, '15-09-2023', '02:49:02', 15, 9, 2023, 0, NULL, NULL, '', NULL, NULL, 2.4, NULL, 'pending'),
(37, 18, 'MP/PUR/23-24/18', 19, 68, 1, 1, NULL, NULL, 500, 0, 3, '15-09-2023', '02:49:11', 15, 9, 2023, 0, NULL, NULL, '', NULL, NULL, 5, NULL, 'pending'),
(38, 18, 'MP/PUR/23-24/18', 19, 69, 1, 1, NULL, NULL, 500, 0, 3, '15-09-2023', '02:49:20', 15, 9, 2023, 0, NULL, NULL, '', NULL, NULL, 8.2, NULL, 'pending'),
(39, 19, 'MP/PUR/23-24/19', 26, 87, 1, 2, NULL, NULL, 25, 0, 3, '15-09-2023', '03:06:20', 15, 9, 2023, 0, NULL, NULL, '', NULL, NULL, 245, NULL, 'pending'),
(40, 19, 'MP/PUR/23-24/19', 26, 13, 1, 2, NULL, NULL, 25, 0, 3, '15-09-2023', '03:06:32', 15, 9, 2023, 0, NULL, NULL, '', NULL, NULL, 180, NULL, 'pending'),
(41, 20, 'MP/PUR/23-24/20', 43, 18, 1, 2, NULL, NULL, 300, 0, 3, '15-09-2023', '03:16:46', 15, 9, 2023, 0, NULL, NULL, '', NULL, NULL, 235, NULL, 'pending'),
(42, 21, 'MP/PUR/23-24/21', 65, 49, 1, 2, NULL, NULL, 106, 0.7, 3, '15-09-2023', '03:37:34', 15, 9, 2023, 0, NULL, NULL, '', NULL, NULL, 121, NULL, 'pending'),
(43, 21, 'MP/PUR/23-24/21', 65, 52, 1, 2, NULL, NULL, 30, 1, 3, '15-09-2023', '03:37:46', 15, 9, 2023, 0, NULL, NULL, '', NULL, NULL, 121, NULL, 'pending'),
(44, 21, 'MP/PUR/23-24/21', 65, 50, 1, 2, NULL, NULL, 29, 0, 3, '15-09-2023', '03:37:59', 15, 9, 2023, 0, NULL, NULL, '', NULL, NULL, 121, NULL, 'pending'),
(45, 22, 'MP/PUR/23-24/22', 26, 109, 1, 2, NULL, NULL, 25, 0, 3, '15-09-2023', '03:47:03', 15, 9, 2023, 0, NULL, NULL, '', NULL, NULL, 128, NULL, 'pending'),
(46, 23, 'MP/PUR/23-24/23', 65, 50, 1, 2, NULL, NULL, 125, 0, 3, '15-09-2023', '04:16:31', 15, 9, 2023, 0, NULL, NULL, '', NULL, NULL, 121, NULL, 'pending'),
(47, 24, 'MP/PUR/23-24/24', 31, 47, 1, 2, NULL, NULL, 10000, 8500, 3, '15-09-2023', '04:19:32', 15, 9, 2023, 0, NULL, NULL, '', NULL, NULL, 2.35, NULL, 'pending'),
(48, 25, 'MP/PUR/23-24/25', 74, 23, 1, 2, NULL, NULL, 25, 0, 3, '15-09-2023', '04:25:31', 15, 9, 2023, 0, NULL, NULL, '', NULL, NULL, 210, NULL, 'pending'),
(49, 26, 'MP/PUR/23-24/26', 74, 87, 1, 2, NULL, NULL, 25, 0, 3, '26-09-2023', '11:28:51', 26, 9, 2023, 0, NULL, NULL, '', NULL, NULL, 240, NULL, 'pending'),
(50, 27, 'MP/PUR/23-24/27', 80, 17, 1, 2, NULL, NULL, 2000, 0, 3, '26-09-2023', '01:05:25', 26, 9, 2023, 0, NULL, NULL, '', NULL, NULL, 190, NULL, 'pending'),
(51, 28, 'MP/PUR/23-24/28', 71, 7, 1, 2, NULL, NULL, 1000, 0, 3, '26-09-2023', '01:06:38', 26, 9, 2023, 0, NULL, NULL, '', NULL, NULL, 155, NULL, 'pending'),
(52, 29, 'MP/PUR/23-24/29', 69, 96, 1, 1, NULL, NULL, 30000, 15000, 3, '26-09-2023', '07:35:10', 26, 9, 2023, 0, NULL, NULL, '', NULL, NULL, 0.85, NULL, 'pending'),
(53, 31, 'MP/PUR/23-24/31', 74, 110, 1, 2, NULL, NULL, 25, 0, 3, '30-09-2023', '01:53:03', 30, 9, 2023, 0, NULL, NULL, '', NULL, NULL, 90, NULL, 'pending'),
(54, 32, 'MP/PUR/23-24/32', 7, 5, 1, 2, NULL, NULL, 900, 900, 3, '30-09-2023', '03:14:23', 30, 9, 2023, 0, NULL, NULL, '', NULL, NULL, 429, NULL, 'pending'),
(55, 32, 'MP/PUR/23-24/32', 7, 111, 1, 2, NULL, NULL, 25, 25, 3, '30-09-2023', '03:26:10', 30, 9, 2023, 0, NULL, NULL, '', NULL, NULL, 209, NULL, 'pending'),
(56, 32, 'MP/PUR/23-24/32', 7, 112, 1, 2, NULL, NULL, 25, 25, 3, '30-09-2023', '03:26:24', 30, 9, 2023, 0, NULL, NULL, '', NULL, NULL, 579.7, NULL, 'pending'),
(57, 33, 'MP/PUR/23-24/33', 7, 15, 1, 2, NULL, NULL, 50, 0, 3, '30-09-2023', '06:59:54', 30, 9, 2023, 0, NULL, NULL, '', NULL, NULL, 506, NULL, 'pending'),
(58, 33, 'MP/PUR/23-24/33', 7, 38, 1, 2, NULL, NULL, 1, 0, 3, '30-09-2023', '07:00:04', 30, 9, 2023, 0, NULL, NULL, '', NULL, NULL, 723, NULL, 'pending'),
(59, 33, 'MP/PUR/23-24/33', 7, 75, 1, 1, NULL, NULL, 5000, 0, 3, '30-09-2023', '07:00:15', 30, 9, 2023, 0, NULL, NULL, '', NULL, NULL, 2.09, NULL, 'pending'),
(60, 34, 'MP/PUR/23-24/34', 31, 47, 1, 2, NULL, NULL, 5000, 700, 3, '02-10-2023', '09:56:26', 2, 10, 2023, 0, NULL, NULL, '', NULL, NULL, 2.35, NULL, 'pending'),
(61, 35, 'MP/PUR/23-24/35', 80, 11, 1, 2, NULL, NULL, 1000, 0, 3, '02-10-2023', '10:04:59', 2, 10, 2023, 0, NULL, NULL, '', NULL, NULL, 207, NULL, 'pending'),
(62, 36, 'MP/PUR/23-24/36', 81, 16, 1, 2, NULL, NULL, 1000, 1000, 3, '03-10-2023', '09:23:22', 3, 10, 2023, 0, NULL, NULL, '', NULL, NULL, 140, NULL, 'pending'),
(63, 37, 'MP/PUR/23-24/37', 19, 66, 1, 1, NULL, NULL, 10000, 0, 3, '03-10-2023', '09:35:56', 3, 10, 2023, 0, NULL, NULL, '', NULL, NULL, 0.75, NULL, 'pending'),
(64, 38, 'MP/PUR/23-24/38', 77, 59, 1, 1, NULL, NULL, 80000, 70000, 3, '03-10-2023', '09:39:42', 3, 10, 2023, 0, NULL, NULL, '', NULL, NULL, 2.26, NULL, 'pending'),
(65, 39, 'MP/PUR/23-24/39', 77, 59, 1, 1, NULL, NULL, 80000, 40000, 3, '03-10-2023', '10:14:21', 3, 10, 2023, 0, NULL, NULL, '', NULL, NULL, 2.26, NULL, 'pending'),
(66, 40, 'MP/PUR/23-24/40', 17, 25, 1, 2, NULL, NULL, 500, 0, 3, '03-10-2023', '10:58:05', 3, 10, 2023, 0, NULL, NULL, '', NULL, NULL, 180, NULL, 'pending'),
(67, 41, 'MP/PUR/23-24/41', 68, 45, 1, 1, NULL, NULL, 10000, 1600, 3, '04-10-2023', '06:15:34', 4, 10, 2023, 0, NULL, NULL, '', NULL, NULL, 4.5, NULL, 'pending'),
(68, 41, 'MP/PUR/23-24/41', 68, 46, 1, 1, NULL, NULL, 1000, 308, 3, '04-10-2023', '06:17:11', 4, 10, 2023, 0, NULL, NULL, '', NULL, NULL, 50, NULL, 'pending'),
(69, 41, 'MP/PUR/23-24/41', 68, 40, 1, 1, NULL, NULL, 500, 85, 3, '04-10-2023', '06:17:48', 4, 10, 2023, 0, NULL, NULL, '', NULL, NULL, 72, NULL, 'pending'),
(70, 42, 'MP/PUR/23-24/42', 35, 1, 1, 2, NULL, NULL, 600, 0, 3, '04-10-2023', '06:53:57', 4, 10, 2023, 0, NULL, NULL, '', NULL, NULL, 73, NULL, 'pending'),
(71, 42, 'MP/PUR/23-24/42', 35, 110, 1, 2, NULL, NULL, 25, 0, 3, '04-10-2023', '06:54:21', 4, 10, 2023, 0, NULL, NULL, '', NULL, NULL, 95, NULL, 'pending'),
(72, 43, 'MP/PUR/23-24/43', 26, 87, 1, 2, NULL, NULL, 25, 0, 3, '04-10-2023', '07:01:39', 4, 10, 2023, 0, NULL, NULL, '', NULL, NULL, 245, NULL, 'pending'),
(73, 43, 'MP/PUR/23-24/43', 26, 113, 1, 2, NULL, NULL, 0.15, 0, 3, '04-10-2023', '07:01:50', 4, 10, 2023, 0, NULL, NULL, '', NULL, NULL, 330, NULL, 'pending'),
(74, 44, 'MP/PUR/23-24/44', 35, 1, 1, 2, NULL, NULL, 200, 0, 3, '04-10-2023', '07:05:01', 4, 10, 2023, 0, NULL, NULL, '', NULL, NULL, 73, NULL, 'pending'),
(75, 44, 'MP/PUR/23-24/44', 35, 3, 1, 2, NULL, NULL, 300, 0, 3, '04-10-2023', '07:05:09', 4, 10, 2023, 0, NULL, NULL, '', NULL, NULL, 111, NULL, 'pending'),
(77, 45, 'MP/PUR/23-24/45', 21, 79, 1, 2, NULL, NULL, 100, 0, 3, '04-10-2023', '07:10:56', 4, 10, 2023, 0, NULL, NULL, '', NULL, NULL, 230.67, NULL, 'pending'),
(78, 45, 'MP/PUR/23-24/45', 21, 114, 1, 2, NULL, NULL, 25, 0, 3, '04-10-2023', '07:11:07', 4, 10, 2023, 0, NULL, NULL, '', NULL, NULL, 214.73, NULL, 'pending'),
(79, 45, 'MP/PUR/23-24/45', 21, 17, 1, 2, NULL, NULL, 100, 0, 3, '04-10-2023', '07:11:53', 4, 10, 2023, 0, NULL, NULL, '', NULL, NULL, 209.1, NULL, 'pending'),
(80, 46, 'MP/PUR/23-24/46', 7, 15, 1, 2, NULL, NULL, 450, 450, 3, '10-10-2023', '10:43:42', 10, 10, 2023, 0, NULL, NULL, '', NULL, NULL, 506, NULL, 'pending'),
(81, 47, 'MP/PUR/23-24/47', 80, 17, 1, 2, NULL, NULL, 1000, 0, 3, '14-10-2023', '12:40:13', 14, 10, 2023, 0, NULL, NULL, '', NULL, NULL, 190, NULL, 'pending'),
(82, 48, 'MP/PUR/23-24/48', 7, 5, 1, 2, NULL, NULL, 900, 0, 3, '20-10-2023', '03:30:29', 20, 10, 2023, 0, NULL, NULL, '', NULL, NULL, 429, NULL, 'pending'),
(83, 48, 'MP/PUR/23-24/48', 7, 112, 1, 2, NULL, NULL, 50, 0, 3, '20-10-2023', '03:30:38', 20, 10, 2023, 0, NULL, NULL, '', NULL, NULL, 579.7, NULL, 'pending'),
(84, 48, 'MP/PUR/23-24/48', 7, 116, 1, 2, NULL, NULL, 25, 0, 3, '20-10-2023', '03:30:51', 20, 10, 2023, 0, NULL, NULL, '', NULL, NULL, 209, NULL, 'pending'),
(85, 49, 'MP/PUR/23-24/49', 2, 57, 1, 1, NULL, NULL, 70000, 60000, 3, '20-10-2023', '03:38:43', 20, 10, 2023, 0, NULL, NULL, '', NULL, NULL, 1, NULL, 'pending'),
(86, 50, 'MP/PUR/23-24/50', 2, 88, 1, 1, NULL, NULL, 70000, 60000, 3, '20-10-2023', '03:41:08', 20, 10, 2023, 0, NULL, NULL, '', NULL, NULL, 2.25, NULL, 'pending'),
(87, 51, 'MP/PUR/23-24/51', 82, 94, 1, 1, NULL, NULL, 3, 0, 3, '20-10-2023', '03:50:13', 20, 10, 2023, 0, NULL, NULL, '', NULL, NULL, 1640, NULL, 'pending'),
(88, 52, 'MP/PUR/23-24/52', 55, 89, 1, 1, NULL, NULL, 199, 0, 3, '20-10-2023', '03:54:07', 20, 10, 2023, 0, NULL, NULL, '', NULL, NULL, 87, NULL, 'pending'),
(89, 53, 'MP/PUR/23-24/53', 65, 50, 1, 2, NULL, NULL, 500, 396, 3, '20-10-2023', '03:57:54', 20, 10, 2023, 0, NULL, NULL, '', NULL, NULL, 121, NULL, 'pending'),
(90, 53, 'MP/PUR/23-24/53', 65, 49, 1, 2, NULL, NULL, 500, 311.8, 3, '20-10-2023', '03:58:09', 20, 10, 2023, 0, NULL, NULL, '', NULL, NULL, 121, NULL, 'pending'),
(91, 54, 'MP/PUR/23-24/54', 51, 117, 1, 1, NULL, NULL, 1, 0, 3, '20-10-2023', '04:19:53', 20, 10, 2023, 0, NULL, NULL, '', NULL, NULL, 1500, NULL, 'pending'),
(92, 55, 'MP/PUR/23-24/55', 21, 9, 1, 2, NULL, NULL, 500, 0, 3, '20-10-2023', '04:23:05', 20, 10, 2023, 0, NULL, NULL, '', NULL, NULL, 145, NULL, 'pending'),
(93, 56, 'MP/PUR/23-24/56', 83, 118, 12, 1, NULL, NULL, 1212, 12, 3, '20-10-2023', '06:11:42', 20, 10, 2023, 0, NULL, NULL, '', NULL, NULL, 100, NULL, 'pending'),
(94, 57, 'MP/PUR/23-24/57', 38, 120, 1, 1, NULL, NULL, 3, 0, 3, '21-10-2023', '09:23:33', 21, 10, 2023, 0, NULL, NULL, '', NULL, NULL, 875, NULL, 'pending'),
(95, 58, 'MP/PUR/23-24/58', 31, 47, 1, 2, NULL, NULL, 5000, 3700, 3, '21-10-2023', '09:27:16', 21, 10, 2023, 0, NULL, NULL, '', NULL, NULL, 2.35, NULL, 'pending'),
(96, 59, 'MP/PUR/23-24/59', 14, 119, 1, 2, NULL, NULL, 25, 0, 3, '21-10-2023', '09:31:01', 21, 10, 2023, 0, NULL, NULL, '', NULL, NULL, 310, NULL, 'pending'),
(97, 60, 'MP/PUR/23-24/60', 18, 121, 1, 1, NULL, NULL, 1, 0, 3, '21-10-2023', '09:37:48', 21, 10, 2023, 0, NULL, NULL, '', NULL, NULL, 1020, NULL, 'pending'),
(98, 61, 'MP/PUR/23-24/61', 74, 13, 1, 2, NULL, NULL, 300, 0, 3, '21-10-2023', '09:44:32', 21, 10, 2023, 0, NULL, NULL, '', NULL, NULL, 175, NULL, 'pending'),
(99, 62, 'MP/PUR/23-24/62', 21, 12, 1, 2, NULL, NULL, 300, 200, 3, '21-10-2023', '09:50:04', 21, 10, 2023, 0, NULL, NULL, '', NULL, NULL, 239.95, NULL, 'pending'),
(100, 64, 'MP/PUR/23-24/64', 68, 122, 1, 1, NULL, NULL, 500, 392, 3, '21-10-2023', '09:59:45', 21, 10, 2023, 0, NULL, NULL, '', NULL, NULL, 10, NULL, 'pending'),
(101, 65, 'MP/PUR/23-24/65', 68, 107, 1, 1, NULL, NULL, 500, 393, 3, '21-10-2023', '10:12:56', 21, 10, 2023, 0, NULL, NULL, '', NULL, NULL, 54, NULL, 'pending'),
(103, 66, 'MP/PUR/23-24/66', 24, 95, 7, 1, NULL, NULL, 10, 0, 3, '21-10-2023', '10:17:27', 21, 10, 2023, 0, NULL, NULL, '', NULL, NULL, 215, NULL, 'pending'),
(104, 67, 'MP/PUR/23-24/67', 3, 123, 1, 2, NULL, NULL, 500, 0, 3, '21-10-2023', '10:26:22', 21, 10, 2023, 0, NULL, NULL, '', NULL, NULL, 230, NULL, 'pending'),
(105, 68, 'MP/PUR/23-24/68', 21, 81, 1, 1, NULL, NULL, 25, 0, 3, '21-10-2023', '10:38:59', 21, 10, 2023, 0, NULL, NULL, '', NULL, NULL, 496, NULL, 'pending'),
(106, 68, 'MP/PUR/23-24/68', 21, 108, 1, 2, NULL, NULL, 25, 0, 3, '21-10-2023', '10:39:29', 21, 10, 2023, 0, NULL, NULL, '', NULL, NULL, 303, NULL, 'pending'),
(107, 69, 'MP/PUR/23-24/69', 14, 17, 12, 2, NULL, NULL, 500, 500, 3, '27-10-2023', '10:43:52', 27, 10, 2023, 0, NULL, NULL, '', NULL, NULL, 193, NULL, 'pending'),
(108, 69, 'MP/PUR/23-24/69', 14, 28, 5, 2, NULL, NULL, 500, 500, 3, '27-10-2023', '10:44:24', 27, 10, 2023, 0, NULL, NULL, '', NULL, NULL, 241, NULL, 'pending'),
(109, 70, 'MP/PUR/23-24/70', 71, 124, 1, 2, NULL, NULL, 300, 300, 3, '27-10-2023', '11:02:42', 27, 10, 2023, 0, NULL, NULL, '', NULL, NULL, 148, NULL, 'pending'),
(110, 71, 'MP/PUR/23-24/71', 35, 3, 1, 2, NULL, NULL, 500, 500, 3, '27-10-2023', '11:05:29', 27, 10, 2023, 0, NULL, NULL, '', NULL, NULL, 106, NULL, 'pending'),
(111, 72, 'MP/PUR/23-24/72', 17, 25, 1, 2, NULL, NULL, 500, 500, 3, '27-10-2023', '11:06:16', 27, 10, 2023, 0, NULL, NULL, '', NULL, NULL, 180, NULL, 'pending'),
(112, 73, 'MP/PUR/23-24/73', 7, 112, 1, 2, NULL, NULL, 25, 0, 3, '28-10-2023', '10:21:10', 28, 10, 2023, 0, NULL, NULL, '', NULL, NULL, 579.7, NULL, 'pending'),
(113, 74, 'MP/PUR/23-24/74', 19, 68, 1, 1, NULL, NULL, 500, 500, 3, '29-10-2023', '09:54:07', 29, 10, 2023, 0, NULL, NULL, '', NULL, NULL, 5, NULL, 'pending'),
(114, 74, 'MP/PUR/23-24/74', 19, 70, 1, 1, NULL, NULL, 20000, 20000, 3, '29-10-2023', '09:54:23', 29, 10, 2023, 0, NULL, NULL, '', NULL, NULL, 0.3, NULL, 'pending'),
(115, 75, 'MP/PUR/23-24/75', 80, 17, 1, 2, NULL, NULL, 1000, 1000, 3, '30-10-2023', '10:17:23', 30, 10, 2023, 0, NULL, NULL, '', NULL, NULL, 190, NULL, 'pending'),
(116, 75, 'MP/PUR/23-24/75', 80, 13, 1, 2, NULL, NULL, 100, 100, 3, '30-10-2023', '10:17:32', 30, 10, 2023, 0, NULL, NULL, '', NULL, NULL, 170, NULL, 'pending'),
(117, 76, 'MP/PUR/23-24/76', 86, 125, 2, 1, NULL, NULL, 1, 0, 3, '31-10-2023', '02:41:48', 31, 10, 2023, 0, NULL, NULL, '', NULL, NULL, 2125000, NULL, 'pending'),
(118, 77, 'MP/PUR/23-24/77', 7, 112, 1, 2, NULL, NULL, 25, 0, 3, '31-10-2023', '02:55:58', 31, 10, 2023, 0, NULL, NULL, '', NULL, NULL, 579.7, NULL, 'pending'),
(119, 77, 'MP/PUR/23-24/77', 7, 38, 1, 2, NULL, NULL, 2, 0, 3, '31-10-2023', '02:56:18', 31, 10, 2023, 0, NULL, NULL, '', NULL, NULL, 723, NULL, 'pending'),
(120, 77, 'MP/PUR/23-24/77', 7, 15, 1, 2, NULL, NULL, 350, 0, 3, '31-10-2023', '02:58:43', 31, 10, 2023, 0, NULL, NULL, '', NULL, NULL, 418, NULL, 'pending'),
(121, 78, 'MP/PUR/23-24/78', 59, 126, 1, 7, NULL, NULL, 1, 1, 3, '31-10-2023', '03:10:25', 31, 10, 2023, 0, NULL, NULL, '', NULL, NULL, 1652.6, NULL, 'pending'),
(122, 79, 'MP/PUR/23-24/79', 68, 45, 1, 1, NULL, NULL, 10000, 10000, 3, '01-11-2023', '07:18:45', 1, 11, 2023, 0, NULL, NULL, '', NULL, NULL, 4.5, NULL, 'pending'),
(123, 79, 'MP/PUR/23-24/79', 68, 46, 1, 1, NULL, NULL, 1000, 1000, 3, '01-11-2023', '07:18:56', 1, 11, 2023, 0, NULL, NULL, '', NULL, NULL, 50, NULL, 'pending'),
(124, 79, 'MP/PUR/23-24/79', 68, 40, 1, 1, NULL, NULL, 500, 500, 3, '01-11-2023', '07:19:11', 1, 11, 2023, 0, NULL, NULL, '', NULL, NULL, 72, NULL, 'pending'),
(125, 79, 'MP/PUR/23-24/79', 68, 102, 1, 1, NULL, NULL, 100, 100, 3, '01-11-2023', '07:24:32', 1, 11, 2023, 0, NULL, NULL, '', NULL, NULL, 35, NULL, 'pending'),
(126, 79, 'MP/PUR/23-24/79', 68, 101, 1, 1, NULL, NULL, 500, 500, 3, '01-11-2023', '07:24:47', 1, 11, 2023, 0, NULL, NULL, '', NULL, NULL, 10, NULL, 'pending'),
(127, 79, 'MP/PUR/23-24/79', 68, 127, 1, 1, NULL, NULL, 50, 50, 3, '01-11-2023', '07:31:23', 1, 11, 2023, 0, NULL, NULL, '', NULL, NULL, 98, NULL, 'pending'),
(128, 80, 'MP/PUR/23-24/80', 73, 78, 1, 1, NULL, NULL, 100, 100, 3, '03-11-2023', '09:00:04', 3, 11, 2023, 0, NULL, NULL, '', NULL, NULL, 140, NULL, 'pending'),
(129, 81, 'MP/PUR/23-24/81', 80, 17, 1, 2, NULL, NULL, 1000, 1000, 3, '03-11-2023', '09:10:45', 3, 11, 2023, 0, NULL, NULL, '', NULL, NULL, 190, NULL, 'pending'),
(130, 81, 'MP/PUR/23-24/81', 80, 11, 1, 2, NULL, NULL, 1000, 1000, 3, '03-11-2023', '09:10:54', 3, 11, 2023, 0, NULL, NULL, '', NULL, NULL, 207, NULL, 'pending'),
(131, 82, 'MP/PUR/23-24/82', 7, 15, 1, 2, NULL, NULL, 250, 250, 3, '03-11-2023', '09:17:31', 3, 11, 2023, 0, NULL, NULL, '', NULL, NULL, 418, NULL, 'pending'),
(132, 82, 'MP/PUR/23-24/82', 7, 5, 1, 2, NULL, NULL, 500, 500, 3, '03-11-2023', '09:17:56', 3, 11, 2023, 0, NULL, NULL, '', NULL, NULL, 429, NULL, 'pending'),
(133, 82, 'MP/PUR/23-24/82', 7, 75, 1, 1, NULL, NULL, 5000, 5000, 3, '03-11-2023', '09:18:07', 3, 11, 2023, 0, NULL, NULL, '', NULL, NULL, 2.09, NULL, 'pending'),
(134, 83, 'MP/PUR/23-24/83', 35, 1, 1, 2, NULL, NULL, 2500, 2500, 3, '03-11-2023', '09:51:18', 3, 11, 2023, 0, NULL, NULL, '', NULL, NULL, 73, NULL, 'pending'),
(135, 83, 'MP/PUR/23-24/83', 35, 3, 1, 2, NULL, NULL, 1000, 1000, 3, '03-11-2023', '09:51:31', 3, 11, 2023, 0, NULL, NULL, '', NULL, NULL, 106, NULL, 'pending'),
(136, 84, 'MP/PUR/23-24/84', 31, 47, 1, 2, NULL, NULL, 5000, 5000, 3, '03-11-2023', '10:06:09', 3, 11, 2023, 0, NULL, NULL, '', NULL, NULL, 2.35, NULL, 'pending'),
(137, 85, 'MP/PUR/23-24/85', 14, 17, 12, 2, NULL, NULL, 1000, 1000, 3, '04-11-2023', '09:06:27', 4, 11, 2023, 0, NULL, NULL, '', NULL, NULL, 191, NULL, 'pending'),
(138, 88, 'AROMP/PUR/23-24/2', 92, 132, 12, 3, NULL, NULL, 50, 50, 3, '29-01-2024', '10:54:11', 29, 1, 2024, 0, NULL, NULL, '', NULL, NULL, 20000, NULL, 'pending'),
(139, 89, 'AROMP/PUR/23-24/3', 92, 132, 12, 3, NULL, NULL, 50, 50, 3, '29-01-2024', '10:54:14', 29, 1, 2024, 0, NULL, NULL, '', NULL, NULL, 20000, NULL, 'pending'),
(140, 91, 'AROMP/PUR/23-24/5', 95, 134, 12, 2, NULL, NULL, 50, 50, 3, '30-01-2024', '01:43:42', 30, 1, 2024, 0, NULL, NULL, '', NULL, NULL, 100000, NULL, 'pending'),
(141, 92, 'AROMP/PUR/23-24/6', 96, 135, 12, 4, NULL, NULL, 5, 5, 3, '30-01-2024', '02:08:30', 30, 1, 2024, 0, NULL, NULL, '', NULL, NULL, 16000, NULL, 'pending'),
(142, 94, 'AROMP/PUR/23-24/8', 97, 136, 12, 8, NULL, NULL, 5, 5, 3, '30-01-2024', '09:13:18', 30, 1, 2024, 0, NULL, NULL, '', NULL, NULL, 25000, NULL, 'pending'),
(143, 96, 'AROMP/PUR/23-24/10', 92, 132, 12, 3, NULL, NULL, 2, 2, 3, '30-01-2024', '10:26:57', 30, 1, 2024, 0, NULL, NULL, '', NULL, NULL, 20000, NULL, 'pending'),
(144, 98, 'AROMP/PUR/23-24/12', 88, 128, 12, 8, NULL, NULL, 20, 20, 3, '30-01-2024', '10:40:18', 30, 1, 2024, 0, NULL, 20, 'approved', '1', '01-02-2024', 20000, NULL, 'pending'),
(145, 95, 'AROMP/PUR/23-24/9', 97, 136, 12, 8, NULL, NULL, 1, 0, 3, '30-01-2024', '10:44:03', 30, 1, 2024, 0, NULL, NULL, '', NULL, NULL, 25000, NULL, 'pending'),
(146, 99, 'AROMP/PUR/23-24/13', 7, 15, 1, 2, NULL, NULL, 2, 2, 3, '31-01-2024', '03:15:35', 31, 1, 2024, 0, NULL, NULL, '', NULL, NULL, 418, NULL, 'pending'),
(147, 99, 'AROMP/PUR/23-24/13', 7, 27, 1, 2, NULL, NULL, 10, 10, 3, '31-01-2024', '03:15:42', 31, 1, 2024, 0, NULL, 10, 'approved', '1', '01-02-2024', 385, NULL, 'pending'),
(148, 100, 'AROMP/PUR/23-24/14', 97, 136, 12, 8, NULL, NULL, 10, 10, 3, '31-01-2024', '10:30:41', 31, 1, 2024, 0, NULL, NULL, '', NULL, NULL, 25000, NULL, 'pending'),
(149, 101, 'AROMP/PUR/23-24/15', 97, 136, 12, 8, NULL, NULL, 50, 50, 3, '31-01-2024', '10:30:41', 31, 1, 2024, 0, NULL, NULL, '', NULL, NULL, 25000, NULL, 'pending'),
(150, 101, 'AROMP/PUR/23-24/15', 97, 133, 12, 8, NULL, NULL, 45, 45, 3, '31-01-2024', '10:54:33', 31, 1, 2024, 0, NULL, NULL, '', NULL, NULL, 2000, NULL, 'pending'),
(151, 101, 'AROMP/PUR/23-24/15', 97, 134, 12, 2, NULL, NULL, 100, 100, 3, '31-01-2024', '10:54:53', 31, 1, 2024, 0, NULL, 100, 'approved', '1', '06-02-2024', 30, NULL, 'pending'),
(152, 102, 'AROMP/PUR/23-24/16', 98, 140, 12, 8, NULL, NULL, 15, 15, 3, '01-02-2024', '04:08:54', 1, 2, 2024, 0, NULL, NULL, '', NULL, NULL, 5000, NULL, 'pending'),
(153, 102, 'AROMP/PUR/23-24/16', 98, 141, 12, 8, NULL, NULL, 10, 10, 3, '01-02-2024', '04:12:53', 1, 2, 2024, 0, NULL, NULL, '', NULL, NULL, 4500, NULL, 'pending'),
(154, 102, 'AROMP/PUR/23-24/16', 98, 142, 12, 8, NULL, NULL, 20, 20, 3, '01-02-2024', '04:14:44', 1, 2, 2024, 0, NULL, NULL, '', NULL, NULL, 6000, NULL, 'pending'),
(155, 103, 'AROMP/PUR/23-24/17', 99, 143, 12, 8, NULL, NULL, 50, 25, 3, '01-02-2024', '04:45:04', 1, 2, 2024, 0, NULL, NULL, '', NULL, NULL, 450, NULL, 'pending'),
(156, 103, 'AROMP/PUR/23-24/17', 99, 144, 12, 8, NULL, NULL, 50, 20, 3, '01-02-2024', '04:45:20', 1, 2, 2024, 0, NULL, NULL, '', NULL, NULL, 500, NULL, 'pending'),
(157, 103, 'AROMP/PUR/23-24/17', 99, 145, 12, 8, NULL, NULL, 50, 15, 3, '01-02-2024', '04:45:32', 1, 2, 2024, 0, NULL, NULL, '', NULL, NULL, 550, NULL, 'pending'),
(158, 90, 'AROMP/PUR/23-24/4', 95, 134, 12, 2, NULL, NULL, 60, 60, 3, '02-02-2024', '02:39:17', 2, 2, 2024, 0, NULL, 60, 'approved', '1', '02-02-2024', 100000, NULL, 'pending'),
(159, 106, 'AROMP/PUR/23-24/19', 102, 150, 12, 3, NULL, NULL, 40, 30, 3, '07-02-2024', '04:44:13', 7, 2, 2024, 0, NULL, 40, 'approved', '2', '07-02-2024', 650, NULL, 'pending'),
(160, 111, 'AROMP/PUR/23-24/24', 101, 147, 12, 3, NULL, NULL, 20, 5, 3, '07-02-2024', '04:44:40', 7, 2, 2024, 0, NULL, 20, 'approved', '1', '07-02-2024', 500, NULL, 'pending'),
(161, 111, 'AROMP/PUR/23-24/24', 101, 150, 12, 3, NULL, NULL, 25, 10, 3, '07-02-2024', '04:45:20', 7, 2, 2024, 0, NULL, 25, 'pending', '1', '07-02-2024', 550, NULL, 'pending'),
(162, 114, 'AROMP/PUR/23-24/27', 105, 154, 12, 8, NULL, NULL, 50, 25, 3, '09-02-2024', '02:34:00', 9, 2, 2024, 0, NULL, NULL, '', NULL, NULL, 200, NULL, 'pending'),
(163, 114, 'AROMP/PUR/23-24/27', 105, 155, 12, 8, NULL, NULL, 100, 50, 3, '09-02-2024', '02:34:13', 9, 2, 2024, 0, NULL, 100, 'approved', '1', '09-02-2024', 50, NULL, 'pending'),
(164, 116, 'AROMP/PUR/23-24/29', 107, 159, 12, 8, NULL, NULL, 50, 30, 3, '09-02-2024', '04:21:36', 9, 2, 2024, 0, NULL, 45, 'pending', NULL, NULL, 45, NULL, 'pending'),
(165, 115, 'AROMP/PUR/23-24/28', 106, 156, 12, 8, NULL, NULL, 50, 25, 3, '09-02-2024', '04:22:19', 9, 2, 2024, 0, NULL, NULL, '', NULL, NULL, 500, NULL, 'pending'),
(166, 115, 'AROMP/PUR/23-24/28', 106, 158, 12, 8, NULL, NULL, 55, 30, 3, '09-02-2024', '04:22:31', 9, 2, 2024, 0, NULL, 55, 'approved', '1', '09-02-2024', 2000, NULL, 'pending'),
(167, 97, 'AROMP/PUR/23-24/11', 92, 132, 12, 3, NULL, NULL, 55, 55, 3, '12-02-2024', '04:14:16', 12, 2, 2024, 0, NULL, NULL, '', NULL, NULL, 20000, NULL, 'pending'),
(168, 105, 'AROMP/PUR/23-24/18', 101, 147, 12, 3, NULL, NULL, 45, 45, 3, '12-02-2024', '04:16:29', 12, 2, 2024, 0, NULL, NULL, '', NULL, NULL, 500, NULL, 'pending'),
(169, 118, 'AROMP/PUR/23-24/31', 107, 159, 12, 8, NULL, NULL, 20, 20, 3, '12-02-2024', '04:16:36', 12, 2, 2024, 0, NULL, NULL, '', NULL, NULL, 45, NULL, 'pending'),
(170, 119, 'AROMP/PUR/23-24/32', 107, 159, 12, 8, NULL, NULL, 34, 34, 3, '12-02-2024', '04:18:56', 12, 2, 2024, 0, NULL, NULL, '', NULL, NULL, 45, NULL, 'pending'),
(171, 120, 'AROMP/PUR/23-24/33', 107, 159, 12, 8, NULL, NULL, 45, 5, 3, '13-02-2024', '10:52:53', 13, 2, 2024, 0, NULL, NULL, '', NULL, NULL, 45, NULL, 'pending'),
(172, 121, 'AROMP/PUR/23-24/34', 107, 159, 12, 8, NULL, NULL, 45, 45, 3, '13-02-2024', '10:56:44', 13, 2, 2024, 0, NULL, NULL, '', NULL, NULL, 45, NULL, 'pending'),
(173, 123, 'AROMP/PUR/23-24/36', 108, 160, 12, 8, NULL, NULL, 15, 1, 3, '13-02-2024', '04:01:42', 13, 2, 2024, 0, NULL, 24, 'pending', NULL, NULL, 5000, NULL, 'pending'),
(174, 123, 'AROMP/PUR/23-24/36', 108, 161, 12, 8, NULL, NULL, 24, 24, 3, '13-02-2024', '04:02:02', 13, 2, 2024, 0, NULL, 24, 'approved', '3', '18-02-2024', 5000, NULL, 'pending'),
(175, 122, 'AROMP/PUR/23-24/35', 108, 160, 12, 8, NULL, NULL, 45, 45, 3, '18-02-2024', '06:10:25', 18, 2, 2024, 0, NULL, NULL, '', NULL, NULL, 5000, NULL, 'pending'),
(176, 124, 'AROMP/PUR/23-24/37', 29, 99, 1, 2, NULL, NULL, 10, 6, 3, '18-02-2024', '08:03:44', 18, 2, 2024, 0, NULL, NULL, '', NULL, NULL, 350, NULL, 'pending'),
(177, 125, 'AROMP/PUR/23-24/38', 29, 99, 1, 2, NULL, NULL, 4, 2, 3, '19-02-2024', '09:21:14', 19, 2, 2024, 0, NULL, NULL, '', NULL, NULL, 350, NULL, 'pending'),
(178, 126, 'AROMP/PUR/23-24/39', 110, 164, 12, 8, NULL, NULL, 60, 25, 3, '21-02-2024', '04:11:43', 21, 2, 2024, 0, NULL, 60, 'approved', '1', '21-02-2024', 2000, NULL, 'pending'),
(179, 126, 'AROMP/PUR/23-24/39', 110, 165, 12, 8, NULL, NULL, 56, 56, 3, '21-02-2024', '04:11:56', 21, 2, 2024, 0, NULL, 56, 'approved', '2', '21-02-2024', 2000, NULL, 'pending'),
(181, 128, 'AROMP/PUR/23-24/41', 111, 159, 12, 8, NULL, NULL, 25, 25, 3, '24-02-2024', '04:28:13', 24, 2, 2024, 0, NULL, NULL, '', NULL, NULL, 2200, NULL, 'pending'),
(182, 127, 'AROMP/PUR/23-24/40', 35, 1, 1, 2, NULL, NULL, 30, 30, 3, '24-02-2024', '04:34:05', 24, 2, 2024, 0, NULL, NULL, '', NULL, NULL, 73, NULL, 'pending'),
(183, 128, 'AROMP/PUR/23-24/41', 111, 139, 12, 4, NULL, NULL, 20, 20, 3, '24-02-2024', '04:39:53', 24, 2, 2024, 0, NULL, NULL, '', NULL, NULL, 1500, NULL, 'pending'),
(184, 129, 'AROMP/PUR/23-24/42', 7, 15, 1, 2, NULL, NULL, 50, 50, 3, '24-02-2024', '04:46:29', 24, 2, 2024, 0, NULL, NULL, '', NULL, NULL, 418, NULL, 'pending'),
(185, 130, 'AROMP/PUR/23-24/43', 111, 159, 12, 8, NULL, NULL, 20, 20, 3, '24-02-2024', '04:47:03', 24, 2, 2024, 0, NULL, NULL, '', NULL, NULL, 1000, NULL, 'pending'),
(186, 131, 'AROMP/PUR/23-24/44', 101, 147, 12, 3, NULL, NULL, 45, 45, 3, '24-02-2024', '04:50:11', 24, 2, 2024, 0, NULL, NULL, '', NULL, NULL, 500, NULL, 'pending'),
(187, 132, 'AROMP/PUR/23-24/45', 21, 11, 1, 2, NULL, NULL, 30, 30, 3, '24-02-2024', '04:54:09', 24, 2, 2024, 0, NULL, NULL, '', NULL, NULL, 209.2, NULL, 'pending'),
(188, 134, 'AROMP/PUR/23-24/47', 108, 161, 12, 8, NULL, NULL, 20, 20, 3, '24-02-2024', '04:59:07', 24, 2, 2024, 0, NULL, NULL, '', NULL, NULL, 4000, NULL, 'pending'),
(189, 135, 'AROMP/PUR/23-24/48', 19, 66, 1, 1, NULL, NULL, 40, 40, 3, '24-02-2024', '05:09:09', 24, 2, 2024, 0, NULL, NULL, '', NULL, NULL, 0.99, NULL, 'pending'),
(190, 136, 'AROMP/PUR/23-24/49', 35, 110, 1, 2, NULL, NULL, 12, 12, 3, '25-02-2024', '01:07:19', 25, 2, 2024, 0, NULL, NULL, '', NULL, NULL, 95, NULL, 'pending'),
(191, 138, 'AROMP/PUR/23-24/51', 92, 132, 12, 3, NULL, NULL, 10, 10, 3, '25-02-2024', '01:17:05', 25, 2, 2024, 0, NULL, NULL, '', NULL, NULL, 1000, NULL, 'pending'),
(192, 140, 'AROMP/PUR/23-24/53', 112, 167, 12, 8, NULL, NULL, 20, 20, 3, '27-02-2024', '03:52:28', 27, 2, 2024, 0, NULL, NULL, '', NULL, NULL, 50, NULL, 'pending'),
(193, 140, 'AROMP/PUR/23-24/53', 112, 168, 12, 8, NULL, NULL, 40, 40, 3, '27-02-2024', '03:52:57', 27, 2, 2024, 0, NULL, NULL, '', NULL, NULL, 250, NULL, 'pending'),
(194, 140, 'AROMP/PUR/23-24/53', 112, 169, 12, 8, NULL, NULL, 30, 30, 3, '27-02-2024', '03:53:15', 27, 2, 2024, 0, NULL, NULL, '', NULL, NULL, 100, NULL, 'pending'),
(195, 140, 'AROMP/PUR/23-24/53', 112, 170, 12, 8, NULL, NULL, 40, 40, 3, '27-02-2024', '03:53:42', 27, 2, 2024, 0, NULL, NULL, '', NULL, NULL, 200, NULL, 'pending'),
(196, 140, 'AROMP/PUR/23-24/53', 112, 171, 12, 8, NULL, NULL, 45, 45, 3, '27-02-2024', '03:53:56', 27, 2, 2024, 0, NULL, NULL, '', NULL, NULL, 1000, NULL, 'pending'),
(197, 140, 'AROMP/PUR/23-24/53', 112, 173, 12, 8, NULL, NULL, 40, 40, 3, '27-02-2024', '03:54:09', 27, 2, 2024, 0, NULL, NULL, '', NULL, NULL, 150, NULL, 'pending'),
(198, 140, 'AROMP/PUR/23-24/53', 112, 174, 12, 8, NULL, NULL, 40, 40, 3, '27-02-2024', '03:54:21', 27, 2, 2024, 0, NULL, NULL, '', NULL, NULL, 100, NULL, 'pending'),
(199, 140, 'AROMP/PUR/23-24/53', 112, 175, 12, 8, NULL, NULL, 40, 40, 3, '27-02-2024', '03:54:42', 27, 2, 2024, 0, NULL, NULL, '', NULL, NULL, 150, NULL, 'pending'),
(200, 140, 'AROMP/PUR/23-24/53', 112, 176, 12, 8, NULL, NULL, 40, 40, 3, '27-02-2024', '03:54:58', 27, 2, 2024, 0, NULL, NULL, '', NULL, NULL, 100, NULL, 'pending'),
(201, 140, 'AROMP/PUR/23-24/53', 112, 177, 12, 8, NULL, NULL, 50, 50, 3, '27-02-2024', '04:02:30', 27, 2, 2024, 0, NULL, NULL, '', NULL, NULL, 200, NULL, 'pending'),
(202, 140, 'AROMP/PUR/23-24/53', 112, 164, 12, 8, NULL, NULL, 50, 50, 3, '27-02-2024', '04:14:57', 27, 2, 2024, 0, NULL, NULL, '', NULL, NULL, 200, NULL, 'pending'),
(203, 140, 'AROMP/PUR/23-24/53', 112, 178, 12, 8, NULL, NULL, 40, 40, 3, '27-02-2024', '04:15:13', 27, 2, 2024, 0, NULL, NULL, '', NULL, NULL, 200, NULL, 'pending'),
(204, 140, 'AROMP/PUR/23-24/53', 112, 179, 12, 8, NULL, NULL, 45, 45, 3, '27-02-2024', '04:25:14', 27, 2, 2024, 0, NULL, NULL, '', NULL, NULL, 250, NULL, 'pending'),
(205, 140, 'AROMP/PUR/23-24/53', 112, 180, 12, 8, NULL, NULL, 40, 40, 3, '27-02-2024', '04:25:40', 27, 2, 2024, 0, NULL, NULL, '', NULL, NULL, 200, NULL, 'pending'),
(206, 140, 'AROMP/PUR/23-24/53', 112, 183, 12, 8, NULL, NULL, 50, 50, 3, '27-02-2024', '04:43:43', 27, 2, 2024, 0, NULL, NULL, '', NULL, NULL, 1500, NULL, 'pending'),
(207, 140, 'AROMP/PUR/23-24/53', 112, 184, 12, 8, NULL, NULL, 50, 50, 3, '27-02-2024', '04:49:02', 27, 2, 2024, 0, NULL, NULL, '', NULL, NULL, 150, NULL, 'pending'),
(208, 140, 'AROMP/PUR/23-24/53', 112, 181, 12, 8, NULL, NULL, 50, 50, 3, '27-02-2024', '04:59:39', 27, 2, 2024, 0, NULL, NULL, '', NULL, NULL, 100, NULL, 'pending'),
(209, 140, 'AROMP/PUR/23-24/53', 112, 186, 12, 8, NULL, NULL, 40, 40, 3, '27-02-2024', '04:59:57', 27, 2, 2024, 0, NULL, NULL, '', NULL, NULL, 75, NULL, 'pending'),
(210, 140, 'AROMP/PUR/23-24/53', 112, 187, 12, 8, NULL, NULL, 30, 30, 3, '27-02-2024', '05:00:13', 27, 2, 2024, 0, NULL, NULL, '', NULL, NULL, 50, NULL, 'pending'),
(211, 140, 'AROMP/PUR/23-24/53', 112, 166, 12, 8, NULL, NULL, 40, 40, 3, '27-02-2024', '05:02:43', 27, 2, 2024, 0, NULL, NULL, '', NULL, NULL, 50, NULL, 'pending'),
(212, 141, 'AROMP/PUR/23-24/54', 112, 167, 12, 8, NULL, NULL, 50, 25, 3, '28-02-2024', '01:09:06', 28, 2, 2024, 0, NULL, NULL, '', NULL, NULL, 50, NULL, 'pending'),
(213, 141, 'AROMP/PUR/23-24/54', 112, 168, 12, 8, NULL, NULL, 20, 10, 3, '28-02-2024', '01:09:18', 28, 2, 2024, 0, NULL, NULL, '', NULL, NULL, 250, NULL, 'pending'),
(214, 141, 'AROMP/PUR/23-24/54', 112, 169, 12, 8, NULL, NULL, 40, 15, 3, '28-02-2024', '01:09:34', 28, 2, 2024, 0, NULL, NULL, '', NULL, NULL, 100, NULL, 'pending'),
(215, 141, 'AROMP/PUR/23-24/54', 112, 170, 12, 8, NULL, NULL, 45, 25, 3, '28-02-2024', '01:09:48', 28, 2, 2024, 0, NULL, NULL, '', NULL, NULL, 200, NULL, 'pending'),
(216, 141, 'AROMP/PUR/23-24/54', 112, 171, 12, 8, NULL, NULL, 50, 25, 3, '28-02-2024', '01:10:02', 28, 2, 2024, 0, NULL, NULL, '', NULL, NULL, 1000, NULL, 'pending'),
(217, 143, 'AROMP/PUR/23-24/56', 114, 1, 12, 2, NULL, NULL, 40, 40, 3, '29-02-2024', '02:05:42', 29, 2, 2024, 0, NULL, NULL, '', NULL, NULL, 50, NULL, 'pending'),
(218, 143, 'AROMP/PUR/23-24/56', 114, 2, 12, 2, NULL, NULL, 25, 25, 3, '29-02-2024', '02:05:58', 29, 2, 2024, 0, NULL, NULL, '', NULL, NULL, 50, NULL, 'pending'),
(219, 143, 'AROMP/PUR/23-24/56', 114, 3, 12, 2, NULL, NULL, 40, 40, 3, '29-02-2024', '02:06:09', 29, 2, 2024, 0, NULL, NULL, '', NULL, NULL, 70, NULL, 'pending'),
(220, 143, 'AROMP/PUR/23-24/56', 114, 5, 12, 2, NULL, NULL, 40, 40, 3, '29-02-2024', '02:07:30', 29, 2, 2024, 0, NULL, NULL, '', NULL, NULL, 70, NULL, 'pending'),
(221, 143, 'AROMP/PUR/23-24/56', 114, 6, 12, 2, NULL, NULL, 15, 15, 3, '29-02-2024', '02:07:47', 29, 2, 2024, 0, NULL, NULL, '', NULL, NULL, 70, NULL, 'pending'),
(222, 143, 'AROMP/PUR/23-24/56', 114, 7, 12, 2, NULL, NULL, 20, 20, 3, '29-02-2024', '02:08:01', 29, 2, 2024, 0, NULL, NULL, '', NULL, NULL, 25, NULL, 'pending'),
(223, 143, 'AROMP/PUR/23-24/56', 114, 8, 12, 2, NULL, NULL, 40, 40, 3, '29-02-2024', '02:09:13', 29, 2, 2024, 0, NULL, NULL, '', NULL, NULL, 50, NULL, 'pending'),
(224, 143, 'AROMP/PUR/23-24/56', 114, 9, 12, 2, NULL, NULL, 50, 50, 3, '29-02-2024', '02:09:30', 29, 2, 2024, 0, NULL, NULL, '', NULL, NULL, 50, NULL, 'pending'),
(225, 143, 'AROMP/PUR/23-24/56', 114, 10, 12, 2, NULL, NULL, 40, 40, 3, '29-02-2024', '02:10:22', 29, 2, 2024, 0, NULL, NULL, '', NULL, NULL, 70, NULL, 'pending'),
(226, 143, 'AROMP/PUR/23-24/56', 114, 11, 12, 2, NULL, NULL, 35, 35, 3, '29-02-2024', '02:10:41', 29, 2, 2024, 0, NULL, NULL, '', NULL, NULL, 50, NULL, 'pending'),
(227, 143, 'AROMP/PUR/23-24/56', 114, 12, 12, 2, NULL, NULL, 40, 40, 3, '29-02-2024', '02:11:16', 29, 2, 2024, 0, NULL, NULL, '', NULL, NULL, 50, NULL, 'pending'),
(228, 143, 'AROMP/PUR/23-24/56', 114, 13, 12, 2, NULL, NULL, 45, 45, 3, '29-02-2024', '02:11:37', 29, 2, 2024, 0, NULL, NULL, '', NULL, NULL, 50, NULL, 'pending'),
(229, 143, 'AROMP/PUR/23-24/56', 114, 14, 12, 2, NULL, NULL, 25, 25, 3, '29-02-2024', '02:12:01', 29, 2, 2024, 0, NULL, NULL, '', NULL, NULL, 50, NULL, 'pending'),
(230, 143, 'AROMP/PUR/23-24/56', 114, 15, 12, 2, NULL, NULL, 25, 25, 3, '29-02-2024', '02:36:35', 29, 2, 2024, 0, NULL, NULL, '', NULL, NULL, 50, NULL, 'pending'),
(231, 143, 'AROMP/PUR/23-24/56', 114, 16, 12, 2, NULL, NULL, 40, 40, 3, '29-02-2024', '02:37:02', 29, 2, 2024, 0, NULL, NULL, '', NULL, NULL, 50, NULL, 'pending'),
(232, 143, 'AROMP/PUR/23-24/56', 114, 17, 12, 2, NULL, NULL, 40, 40, 3, '29-02-2024', '02:37:33', 29, 2, 2024, 0, NULL, NULL, '', NULL, NULL, 50, NULL, 'pending'),
(233, 143, 'AROMP/PUR/23-24/56', 114, 18, 12, 2, NULL, NULL, 35, 35, 3, '29-02-2024', '02:37:58', 29, 2, 2024, 0, NULL, NULL, '', NULL, NULL, 50, NULL, 'pending'),
(234, 143, 'AROMP/PUR/23-24/56', 114, 19, 12, 2, NULL, NULL, 40, 40, 3, '29-02-2024', '02:38:21', 29, 2, 2024, 0, NULL, NULL, '', NULL, NULL, 50, NULL, 'pending'),
(235, 143, 'AROMP/PUR/23-24/56', 114, 20, 12, 2, NULL, NULL, 40, 40, 3, '29-02-2024', '02:38:50', 29, 2, 2024, 0, NULL, NULL, '', NULL, NULL, 70, NULL, 'pending'),
(236, 143, 'AROMP/PUR/23-24/56', 114, 21, 12, 2, NULL, NULL, 45, 45, 3, '29-02-2024', '02:39:13', 29, 2, 2024, 0, NULL, NULL, '', NULL, NULL, 60, NULL, 'pending'),
(237, 143, 'AROMP/PUR/23-24/56', 114, 23, 12, 2, NULL, NULL, 40, 40, 3, '29-02-2024', '02:40:43', 29, 2, 2024, 0, NULL, NULL, '', NULL, NULL, 50, NULL, 'pending'),
(238, 143, 'AROMP/PUR/23-24/56', 114, 24, 12, 2, NULL, NULL, 45, 45, 3, '29-02-2024', '02:41:01', 29, 2, 2024, 0, NULL, NULL, '', NULL, NULL, 50, NULL, 'pending'),
(239, 143, 'AROMP/PUR/23-24/56', 114, 25, 12, 2, NULL, NULL, 50, 50, 3, '29-02-2024', '02:41:30', 29, 2, 2024, 0, NULL, NULL, '', NULL, NULL, 50, NULL, 'pending'),
(240, 143, 'AROMP/PUR/23-24/56', 114, 26, 12, 2, NULL, NULL, 45, 45, 3, '29-02-2024', '02:41:49', 29, 2, 2024, 0, NULL, NULL, '', NULL, NULL, 60, NULL, 'pending'),
(241, 143, 'AROMP/PUR/23-24/56', 114, 27, 12, 2, NULL, NULL, 40, 40, 3, '29-02-2024', '02:42:18', 29, 2, 2024, 0, NULL, NULL, '', NULL, NULL, 50, NULL, 'pending'),
(242, 143, 'AROMP/PUR/23-24/56', 114, 28, 12, 2, NULL, NULL, 40, 40, 3, '29-02-2024', '02:42:42', 29, 2, 2024, 0, NULL, NULL, '', NULL, NULL, 50, NULL, 'pending'),
(243, 143, 'AROMP/PUR/23-24/56', 114, 29, 12, 8, NULL, NULL, 2, 2, 3, '29-02-2024', '02:46:58', 29, 2, 2024, 0, NULL, NULL, '', NULL, NULL, 45, NULL, 'pending'),
(244, 143, 'AROMP/PUR/23-24/56', 114, 31, 12, 2, NULL, NULL, 2, 2, 3, '29-02-2024', '02:47:17', 29, 2, 2024, 0, NULL, NULL, '', NULL, NULL, 50, NULL, 'pending'),
(245, 143, 'AROMP/PUR/23-24/56', 114, 32, 12, 2, NULL, NULL, 4, 4, 3, '29-02-2024', '02:48:19', 29, 2, 2024, 0, NULL, NULL, '', NULL, NULL, 50, NULL, 'pending'),
(246, 143, 'AROMP/PUR/23-24/56', 114, 33, 12, 2, NULL, NULL, 100, 100, 3, '29-02-2024', '02:48:42', 29, 2, 2024, 0, NULL, NULL, '', NULL, NULL, 45, NULL, 'pending'),
(247, 143, 'AROMP/PUR/23-24/56', 114, 34, 12, 2, NULL, NULL, 100, 100, 3, '29-02-2024', '02:49:10', 29, 2, 2024, 0, NULL, NULL, '', NULL, NULL, 45, NULL, 'pending'),
(248, 143, 'AROMP/PUR/23-24/56', 114, 37, 12, 2, NULL, NULL, 35, 35, 3, '29-02-2024', '02:49:30', 29, 2, 2024, 0, NULL, NULL, '', NULL, NULL, 40, NULL, 'pending'),
(249, 143, 'AROMP/PUR/23-24/56', 114, 35, 12, 2, NULL, NULL, 4, 4, 3, '29-02-2024', '02:50:14', 29, 2, 2024, 0, NULL, NULL, '', NULL, NULL, 50, NULL, 'pending'),
(250, 143, 'AROMP/PUR/23-24/56', 114, 36, 12, 2, NULL, NULL, 4, 4, 3, '29-02-2024', '02:50:40', 29, 2, 2024, 0, NULL, NULL, '', NULL, NULL, 50, NULL, 'pending'),
(251, 143, 'AROMP/PUR/23-24/56', 114, 39, 12, 1, NULL, NULL, 150, 150, 3, '29-02-2024', '02:51:12', 29, 2, 2024, 0, NULL, NULL, '', NULL, NULL, 50, NULL, 'pending'),
(252, 143, 'AROMP/PUR/23-24/56', 114, 40, 12, 1, NULL, NULL, 100, 100, 3, '29-02-2024', '02:51:44', 29, 2, 2024, 0, NULL, NULL, '', NULL, NULL, 50, NULL, 'pending'),
(253, 143, 'AROMP/PUR/23-24/56', 114, 42, 12, 1, NULL, NULL, 100, 100, 3, '29-02-2024', '02:52:10', 29, 2, 2024, 0, NULL, NULL, '', NULL, NULL, 50, NULL, 'pending'),
(254, 143, 'AROMP/PUR/23-24/56', 114, 43, 12, 1, NULL, NULL, 35, 35, 3, '29-02-2024', '02:52:35', 29, 2, 2024, 0, NULL, NULL, '', NULL, NULL, 50, NULL, 'pending'),
(255, 143, 'AROMP/PUR/23-24/56', 114, 76, 12, 1, NULL, NULL, 100, 100, 3, '29-02-2024', '02:53:15', 29, 2, 2024, 0, NULL, NULL, '', NULL, NULL, 45, NULL, 'pending'),
(256, 143, 'AROMP/PUR/23-24/56', 114, 77, 12, 1, NULL, NULL, 500, 500, 3, '29-02-2024', '02:53:57', 29, 2, 2024, 0, NULL, NULL, '', NULL, NULL, 50, NULL, 'pending'),
(257, 143, 'AROMP/PUR/23-24/56', 114, 78, 12, 1, NULL, NULL, 100, 100, 3, '29-02-2024', '02:54:20', 29, 2, 2024, 0, NULL, NULL, '', NULL, NULL, 50, NULL, 'pending'),
(258, 143, 'AROMP/PUR/23-24/56', 114, 191, 12, 8, NULL, NULL, 25, 25, 3, '29-02-2024', '02:55:01', 29, 2, 2024, 0, NULL, NULL, '', NULL, NULL, 50, NULL, 'pending'),
(259, 143, 'AROMP/PUR/23-24/56', 114, 190, 12, 8, NULL, NULL, 45, 45, 3, '29-02-2024', '02:55:27', 29, 2, 2024, 0, NULL, NULL, '', NULL, NULL, 50, NULL, 'pending'),
(260, 143, 'AROMP/PUR/23-24/56', 114, 189, 12, 8, NULL, NULL, 45, 45, 3, '29-02-2024', '02:55:48', 29, 2, 2024, 0, NULL, NULL, '', NULL, NULL, 50, NULL, 'pending'),
(261, 143, 'AROMP/PUR/23-24/56', 114, 188, 12, 8, NULL, NULL, 40, 40, 3, '29-02-2024', '02:56:08', 29, 2, 2024, 0, NULL, NULL, '', NULL, NULL, 50, NULL, 'pending'),
(262, 143, 'AROMP/PUR/23-24/56', 114, 187, 12, 8, NULL, NULL, 25, 25, 3, '29-02-2024', '02:56:28', 29, 2, 2024, 0, NULL, NULL, '', NULL, NULL, 50, NULL, 'pending'),
(263, 143, 'AROMP/PUR/23-24/56', 114, 186, 12, 8, NULL, NULL, 40, 40, 3, '29-02-2024', '02:56:50', 29, 2, 2024, 0, NULL, NULL, '', NULL, NULL, 50, NULL, 'pending'),
(264, 143, 'AROMP/PUR/23-24/56', 114, 185, 12, 8, NULL, NULL, 40, 40, 3, '29-02-2024', '02:57:10', 29, 2, 2024, 0, NULL, NULL, '', NULL, NULL, 50, NULL, 'pending'),
(265, 143, 'AROMP/PUR/23-24/56', 114, 150, 12, 3, NULL, NULL, 50, 50, 3, '29-02-2024', '02:57:30', 29, 2, 2024, 0, NULL, NULL, '', NULL, NULL, 50, NULL, 'pending'),
(266, 143, 'AROMP/PUR/23-24/56', 114, 183, 12, 8, NULL, NULL, 45, 45, 3, '29-02-2024', '03:04:46', 29, 2, 2024, 0, NULL, NULL, '', NULL, NULL, 500, NULL, 'pending'),
(267, 144, 'AROMP/PUR/23-24/57', 115, 192, 12, 8, NULL, NULL, 25, 25, 3, '02-03-2024', '04:05:15', 2, 3, 2024, 0, NULL, 25, 'approved', '1', '02-03-2024', 200, NULL, 'pending'),
(268, 145, 'AROMP/PUR/23-24/58', 116, 193, 12, 3, NULL, NULL, 12, 5, 3, '08-03-2024', '01:12:10', 8, 3, 2024, 0, NULL, NULL, '', NULL, NULL, 14.35, NULL, 'pending'),
(269, 146, 'AROMP/PUR/23-24/59', 117, 195, 1, 8, NULL, NULL, 25, 4, 3, '23-03-2024', '03:14:30', 23, 3, 2024, 0, NULL, NULL, '', NULL, NULL, 100.68, NULL, 'pending'),
(270, 147, 'AROMP/PUR/23-24/60', 118, 196, 2, 2, NULL, NULL, 50, 50, 3, '23-03-2024', '04:29:18', 23, 3, 2024, 0, NULL, NULL, '', NULL, NULL, 1214, NULL, 'pending'),
(271, 148, 'AROMP/PUR/23-24/61', 118, 196, 2, 2, NULL, NULL, 50, 50, 3, '23-03-2024', '04:32:42', 23, 3, 2024, 0, NULL, NULL, '', NULL, NULL, 1214, NULL, 'pending'),
(272, 149, 'AROMP/PUR/23-24/62', 118, 196, 2, 2, NULL, NULL, 50, 50, 3, '23-03-2024', '04:34:57', 23, 3, 2024, 0, NULL, NULL, '', NULL, NULL, 1214, NULL, 'pending'),
(273, 150, 'AROMP/PUR/23-24/63', 118, 196, 2, 2, NULL, NULL, 45, 1, 3, '28-03-2024', '04:19:59', 28, 3, 2024, 0, NULL, NULL, '', NULL, NULL, 1214, NULL, 'pending'),
(274, 151, 'AROMP/PUR/24-25/1', 118, 196, 2, 2, NULL, NULL, 2, 2, 3, '30-03-2024', '06:15:27', 30, 3, 2024, 0, NULL, NULL, '', NULL, NULL, 1214, NULL, 'pending'),
(275, 152, 'AROMP/PUR/24-25/2', 76, 98, 1, 2, NULL, NULL, 3, 3, 3, '30-03-2024', '06:17:20', 30, 3, 2024, 0, NULL, NULL, '', NULL, NULL, 226, NULL, 'pending'),
(276, 153, 'AROMP/PUR/24-25/3', 118, 196, 2, 2, NULL, NULL, 50, 5, 3, '31-03-2024', '01:41:37', 31, 3, 2024, 0, NULL, NULL, '', NULL, NULL, 1214, NULL, 'pending'),
(277, 155, 'AROMP/PUR/24-25/4', 79, 106, 1, 2, NULL, NULL, 1, 0, 3, '16-04-2024', '01:51:13', 16, 4, 2024, 0, NULL, NULL, '', NULL, NULL, 750, NULL, 'pending'),
(278, 156, 'AROMP/SUB/24-25/2', 119, 202, 7, 8, NULL, NULL, 200, 160, 3, '19-04-2024', '04:22:57', 19, 4, 2024, 0, NULL, NULL, '', NULL, NULL, 1.3, 'Plating', 'pending'),
(279, 157, 'AROMP/SUB/24-25/3', 120, 204, 7, 1, NULL, NULL, 45, 18, 3, '20-04-2024', '12:26:16', 20, 4, 2024, 0, NULL, NULL, '', NULL, NULL, 2.2, 'Plating', 'pending'),
(280, 158, 'AROMP/SUB/24-25/4', 121, 211, 7, 1, NULL, NULL, 100, 48, 3, '24-04-2024', '02:35:56', 24, 4, 2024, 0, NULL, NULL, '', NULL, NULL, 2.52, 'Plating', 'pending'),
(281, 159, 'AROMP/SUB/24-25/5', 121, 212, 1, 1, NULL, NULL, 200, 1, 3, '27-04-2024', '11:14:31', 27, 4, 2024, 0, NULL, NULL, '', NULL, NULL, 10.5, 'Plating', 'pending'),
(282, 160, 'AROMP/PUR/24-25/5', 121, 210, 1, 1, NULL, NULL, 200, 190, 3, '28-04-2024', '08:50:43', 28, 4, 2024, 0, NULL, NULL, '', NULL, NULL, 1.15, NULL, 'pending'),
(283, 161, 'AROMP/PUR/24-25/6', 121, 210, 1, 1, NULL, NULL, 2, 2, 3, '28-04-2024', '10:36:53', 28, 4, 2024, 0, NULL, NULL, '', NULL, NULL, 1.15, NULL, 'pending'),
(284, 161, 'AROMP/PUR/24-25/6', 121, 2, 1, 2, NULL, NULL, 3, 3, 3, '28-04-2024', '10:41:29', 28, 4, 2024, 0, NULL, NULL, '', NULL, NULL, 22, NULL, 'pending'),
(285, 162, 'AROMP/PUR/24-25/7', 79, 106, 1, 2, NULL, NULL, 5, 2, 3, '03-05-2024', '07:58:41', 3, 5, 2024, 0, NULL, NULL, '', NULL, NULL, 750, NULL, 'pending'),
(286, 160, 'AROMP/PUR/24-25/5', 121, 2, 1, 2, NULL, NULL, 5, 5, 3, '11-05-2024', '07:50:24', 11, 5, 2024, 0, NULL, NULL, '', NULL, NULL, 22, NULL, 'pending'),
(287, 163, 'AROMP/SUB/24-25/6', 121, 212, 1, 1, NULL, NULL, 50, 10, 3, '18-05-2024', '03:55:58', 18, 5, 2024, 0, NULL, NULL, '', NULL, NULL, 10.5, 'Plating', 'pending'),
(288, 164, 'AROMP/SUB/24-25/7', 120, 204, 7, 1, NULL, NULL, 25, 0, 3, '18-05-2024', '04:43:24', 18, 5, 2024, 0, NULL, NULL, '', NULL, NULL, 2.2, 'Plating', 'pending'),
(289, 165, 'AROMP/SUB/24-25/8', 122, 214, 7, 1, NULL, NULL, 1200000, 1199000, 3, '20-05-2024', '12:15:42', 20, 5, 2024, 0, NULL, NULL, '', NULL, NULL, 2, 'CED COATING', 'pending'),
(290, 166, 'AROMP/PUR/24-25/8', 123, 215, 1, 1, NULL, NULL, 20, 20, 3, '28-05-2024', '12:14:10', 28, 5, 2024, 0, NULL, NULL, '', NULL, NULL, 13.99, NULL, 'pending');

-- --------------------------------------------------------

--
-- Table structure for table `po_parts_sub`
--

CREATE TABLE `po_parts_sub` (
  `id` int NOT NULL,
  `po_id` int NOT NULL,
  `po_number` varchar(50) COLLATE utf8mb4_general_ci NOT NULL,
  `supplier_id` int NOT NULL,
  `part_id` int NOT NULL,
  `tax_id` int DEFAULT NULL,
  `uom_id` int NOT NULL,
  `delivery_date` varchar(10) COLLATE utf8mb4_general_ci DEFAULT NULL,
  `expiry_date` varchar(20) COLLATE utf8mb4_general_ci DEFAULT NULL,
  `qty` float NOT NULL,
  `pending_qty` float NOT NULL,
  `created_by` int NOT NULL,
  `created_date` varchar(10) COLLATE utf8mb4_general_ci NOT NULL,
  `created_time` varchar(10) COLLATE utf8mb4_general_ci NOT NULL,
  `created_day` int NOT NULL,
  `created_month` int NOT NULL,
  `created_year` int NOT NULL,
  `deleted` int NOT NULL DEFAULT '0',
  `invoice_number` varchar(100) COLLATE utf8mb4_general_ci DEFAULT NULL,
  `new_po_qty` float DEFAULT NULL,
  `po_approved_updated` varchar(20) COLLATE utf8mb4_general_ci NOT NULL,
  `po_a_number` varchar(20) COLLATE utf8mb4_general_ci DEFAULT NULL,
  `date` varchar(10) COLLATE utf8mb4_general_ci DEFAULT NULL
) ENGINE=InnoDB DEFAULT CHARSET=utf8mb4 COLLATE=utf8mb4_general_ci;

-- --------------------------------------------------------

--
-- Table structure for table `process`
--

CREATE TABLE `process` (
  `id` int NOT NULL,
  `name` text COLLATE utf8mb4_general_ci NOT NULL
) ENGINE=InnoDB DEFAULT CHARSET=utf8mb4 COLLATE=utf8mb4_general_ci;

--
-- Dumping data for table `process`
--

INSERT INTO `process` (`id`, `name`) VALUES
(1, 'Plating'),
(2, 'welding'),
(3, 'CED COATING');

-- --------------------------------------------------------

--
-- Table structure for table `purchase_order`
--

CREATE TABLE `purchase_order` (
  `id` int NOT NULL,
  `po_number` varchar(50) COLLATE utf8mb4_general_ci NOT NULL,
  `part_id` varchar(15) COLLATE utf8mb4_general_ci DEFAULT NULL,
  `supplier_id` varchar(50) COLLATE utf8mb4_general_ci NOT NULL,
  `uom_id` varchar(50) COLLATE utf8mb4_general_ci DEFAULT NULL,
  `quantity` varchar(20) COLLATE utf8mb4_general_ci DEFAULT NULL,
  `delivery_date` varchar(20) COLLATE utf8mb4_general_ci DEFAULT NULL,
  `shipping_method` varchar(15) COLLATE utf8mb4_general_ci DEFAULT NULL,
  `part_type_id` varchar(255) COLLATE utf8mb4_general_ci NOT NULL,
  `remark` varchar(50) COLLATE utf8mb4_general_ci NOT NULL,
  `po_validity_date` varchar(50) COLLATE utf8mb4_general_ci NOT NULL,
  `cgst_id` varchar(50) COLLATE utf8mb4_general_ci NOT NULL,
  `igst_id` varchar(50) COLLATE utf8mb4_general_ci NOT NULL,
  `sgst_id` varchar(50) COLLATE utf8mb4_general_ci NOT NULL,
  `created_id` int NOT NULL,
  `timestamp` timestamp NOT NULL DEFAULT CURRENT_TIMESTAMP,
  `date` varchar(15) COLLATE utf8mb4_general_ci NOT NULL,
  `time` varchar(15) COLLATE utf8mb4_general_ci NOT NULL,
  `deleted` int NOT NULL DEFAULT '0'
) ENGINE=InnoDB DEFAULT CHARSET=utf8mb4 COLLATE=utf8mb4_general_ci;

-- --------------------------------------------------------

--
-- Table structure for table `p_q`
--

CREATE TABLE `p_q` (
  `id` int NOT NULL,
  `shift_id` int NOT NULL,
  `machine_id` int NOT NULL,
  `operator_id` int NOT NULL,
  `date` varchar(20) COLLATE utf8mb4_general_ci NOT NULL,
  `qty` float NOT NULL,
  `created_by` int NOT NULL,
  `created_date` varchar(20) COLLATE utf8mb4_general_ci NOT NULL,
  `created_time` varchar(20) COLLATE utf8mb4_general_ci NOT NULL,
  `day` int NOT NULL,
  `month` int NOT NULL,
  `year` int NOT NULL,
  `status` varchar(20) COLLATE utf8mb4_general_ci DEFAULT 'pending',
  `output_part_id` int NOT NULL,
  `output_part_table_name` varchar(20) COLLATE utf8mb4_general_ci NOT NULL,
  `accepted_qty` float DEFAULT '0',
  `rejected_qty` float DEFAULT '0',
  `onhold_qty` float NOT NULL,
  `rejection_reason` text COLLATE utf8mb4_general_ci,
  `rejection_remark` varchar(50) COLLATE utf8mb4_general_ci DEFAULT NULL,
  `scrap_factor` float DEFAULT NULL
) ENGINE=InnoDB DEFAULT CHARSET=utf8mb4 COLLATE=utf8mb4_general_ci;

--
-- Dumping data for table `p_q`
--

INSERT INTO `p_q` (`id`, `shift_id`, `machine_id`, `operator_id`, `date`, `qty`, `created_by`, `created_date`, `created_time`, `day`, `month`, `year`, `status`, `output_part_id`, `output_part_table_name`, `accepted_qty`, `rejected_qty`, `onhold_qty`, `rejection_reason`, `rejection_remark`, `scrap_factor`) VALUES
(1, 0, 0, 0, '2024-04-04', 4, 1, '04-04-2024', '09:47:14', 4, 4, 2024, 'completed', 1, 'inhouse_parts', 3, 1, 0, 'NA', 'no rej', 0);

-- --------------------------------------------------------

--
-- Table structure for table `p_q_history`
--

CREATE TABLE `p_q_history` (
  `id` int NOT NULL,
  `p_q_id` int NOT NULL,
  `input_part_number` int NOT NULL,
  `input_part_number_table_name` varchar(20) COLLATE utf8mb4_general_ci NOT NULL,
  `req_qty` float NOT NULL,
  `previous_stock` int NOT NULL,
  `new_stock` int NOT NULL,
  `created_date` varchar(20) COLLATE utf8mb4_general_ci NOT NULL,
  `created_time` varchar(20) COLLATE utf8mb4_general_ci NOT NULL,
  `day` int NOT NULL,
  `month` int NOT NULL,
  `year` int NOT NULL,
  `created_by` int NOT NULL
) ENGINE=InnoDB DEFAULT CHARSET=utf8mb4 COLLATE=utf8mb4_general_ci;

--
-- Dumping data for table `p_q_history`
--

INSERT INTO `p_q_history` (`id`, `p_q_id`, `input_part_number`, `input_part_number_table_name`, `req_qty`, `previous_stock`, `new_stock`, `created_date`, `created_time`, `day`, `month`, `year`, `created_by`) VALUES
(1, 1, 188, 'child_part', 6, 0, 0, '04-04-2024', '09:47:48', 4, 4, 2024, 0);

-- --------------------------------------------------------

--
-- Table structure for table `raw_material_inspection_master`
--

CREATE TABLE `raw_material_inspection_master` (
  `id` int NOT NULL,
  `parameter` text COLLATE utf8mb4_general_ci NOT NULL,
  `specification` text COLLATE utf8mb4_general_ci NOT NULL,
  `evalution_mesaurement_technique` text COLLATE utf8mb4_general_ci NOT NULL,
  `child_part_id` int NOT NULL
) ENGINE=InnoDB DEFAULT CHARSET=utf8mb4 COLLATE=utf8mb4_general_ci;

--
-- Dumping data for table `raw_material_inspection_master`
--

INSERT INTO `raw_material_inspection_master` (`id`, `parameter`, `specification`, `evalution_mesaurement_technique`, `child_part_id`) VALUES
(1, 'TOTAL LENGTH', '15.20-15.80', 'VERNIER CALIPER', 57),
(2, 'GRADE', 'H110MA', 'VISUAL', 2),
(3, 'WEIGHT', '25 KG/BAG', 'WEIGHING MACHINE', 2),
(4, 'COLOUR', 'NATURAL', 'VISUAL', 2),
(5, 'GRADE', 'MI3530', 'VISUAL', 3),
(6, 'WEIGHT', '25 KG/BAG', 'WEIGHING MACHINE', 3),
(7, 'COLOUR', 'NATURAL', 'VISUAL', 3),
(8, 'GRADE', 'IFB 120', 'VISUAL', 4),
(9, 'WEIGHT', '25 KG/BAG', 'WEIGHING MACHINE', 4),
(10, 'COLOUR', 'WHITE', 'VISUAL', 4),
(11, 'GRADE', 'AF 312 A', 'VISUAL', 5),
(12, 'GRADE', '143R/2407LC', 'VISUAL', 9),
(13, 'WEIGHT', '25 KG/BAG', 'WEIGHING MACHINE', 9),
(14, 'COLOUR', 'BLACK', 'VISUAL', 9),
(15, 'GRADE', '700 IFB', 'VISUAL', 6),
(16, 'WEIGHT', '25 KG/BAG', 'WEIGHING MACHINE', 6),
(17, 'COLOUR', 'WHITE', 'VISUAL', 6),
(18, 'GRADE', 'HI121', 'VISUAL', 7),
(19, 'COLOUR', 'BLACK', 'VISUAL', 7),
(20, 'WEIGHT', '25 KG/BAG', 'WEIGHING MACHINE', 7),
(21, 'GRADE', 'IH830A', 'VISUAL', 10),
(22, 'WEIGHT', '25 KG/BAG', 'WEIGHING MACHINE', 10),
(23, 'COLOUR', 'AMBER', 'VISUAL', 10),
(24, 'GRADE', 'IH830A', 'VISUAL', 11),
(25, 'WEIGHT', '25 KG/BAG', 'WEIGHING MACHINE', 11),
(26, 'COLOUR', 'CLEAR', 'VISUAL', 11),
(27, 'GRADE', 'IH830A', 'VISUAL', 12),
(28, 'COLOUR', 'RED', 'VISUAL', 12),
(29, 'WEIGHT', '25 KG/BAG', 'WEIGHING MACHINE', 12),
(30, 'GRADE', 'M90', 'VISUAL', 13),
(31, 'WEIGHT', '25 KG/BAG', 'WEIGHING MACHINE', 13),
(32, 'COLOUR', 'NATURAL', 'VISUAL', 13),
(33, 'GRADE', 'MI45', 'VISUAL', 14),
(34, 'WEIGHT', '25 KG/BAG', 'WEIGHING MACHINE', 14),
(35, 'COLOUR', 'NATURAL', 'VISUAL', 14),
(36, 'GRADE', 'GN5007FM', 'VISUAL', 15),
(37, 'WEIGHT', '25 KG/BAG', 'WEIGHING MACHINE', 15),
(38, 'COLOUR', 'NATURAL', 'VISUAL', 15),
(39, 'GRADE', '2407', 'VISUAL', 17),
(40, 'COLOUR', 'CLEAR', 'VISUAL', 17),
(41, 'WEIGHT', '25 KG/BAG', 'WEIGHING MACHINE', 17),
(42, 'GRADE', '2407-10035', 'VISUAL', 18),
(43, 'COLOUR', 'WHITE', 'VISUAL', 18),
(44, 'WEIGHT', '25 KG/BAG', 'WEIGHING MACHINE', 18),
(45, 'GRADE', '2405', 'VISUAL', 19),
(46, 'WEIGHT', '25 KG/BAG', 'WEIGHING MACHINE', 19),
(47, 'COLOUR', 'NATURAL', 'VISUAL', 19),
(48, 'GRADE', 'C218', 'VISUAL', 21),
(49, 'COLOUR', 'BLACK', 'VISUAL', 21),
(50, 'WEIGHT', '25 KG/BAG', 'WEIGHING MACHINE', 21),
(51, 'GRADE', '30 SHORE A', 'VISUAL', 25),
(52, 'COLOUR', 'WHITE+ BLACK MB', 'VISUAL', 25),
(53, 'WEIGHT', '25 KG/BAG', 'WEIGHING MACHINE', 25),
(54, 'GRADE', '50 SHORE A', 'VISUAL', 26),
(55, 'WEIGHT', '25 KG/BAG', 'WEIGHING MACHINE', 26),
(56, 'COLOUR', 'BLACK', 'VISUAL', 26),
(57, 'GRADE', 'GN5007FM', 'VISUAL', 27),
(58, 'WEIGHT', '25 KG/BAG', 'WEIGHING MACHINE', 27),
(59, 'COLOUR', 'NATURAL', 'VISUAL', 27),
(60, 'GRADE', 'NGC 3001', 'VISUAL', 28),
(61, 'WEIGHT', '25 KG/BAG', 'WEIGHING MACHINE', 28),
(62, 'COLOUR', 'NATURAL', 'VISUAL', 28),
(63, 'length', '560 mm', 'measuring tape', 39),
(64, 'HEIGHT', '300 mm', 'measuring tape', 39),
(65, 'WIDTH', '300mm', 'measuring tape', 39),
(66, 'ply', '5 ply', 'VISUAL', 39),
(67, 'LENGHT', '750 +/- 5mm', 'measuring tape', 40),
(68, 'HEIGHT', '400 +/-5mm', 'measuring tape', 40),
(69, 'WIDTH', '400  +/- 5mm', 'MEASURING TAPE', 40),
(70, 'PLY', '5 ply', 'VISUAL', 40),
(71, 'LENGHT', '345 mm', 'measuring tape', 42),
(72, 'HEIGHT', '280 mm', 'measuring tape', 42),
(73, 'WIDTH', '280 mm', 'measuring tape', 42),
(74, 'PLY', '5 ply', 'VISUAL', 42),
(75, 'length', '630mm', 'measuring tape', 43),
(76, 'WIDTH', '560 mm', 'measuring tape', 43),
(77, 'HEIGHT', '300mm', 'measuring tape', 43),
(78, 'PLY', '5 ply', 'VISUAL', 43),
(79, 'length', '540mm', 'measuring tape', 44),
(80, 'WIDTH', '290mm', 'measuring tape', 44),
(81, 'PLY', '3 ply', 'VISUAL', 44),
(82, 'length', '595 +/-3 mm', 'measuring tape', 45),
(83, 'WIDTH', '395  +/- 3 MM', 'measuring tape', 45),
(84, 'PLY', '3 ply', 'VISUAL', 45),
(85, 'PAPER QUALITY ', 'Golden top/REGULAR', 'VISUAL', 46),
(86, 'length', '600 +/- 5mm', 'measuring tape', 46),
(87, 'WIDTH', '400 +/- 5 mm', 'measuring tape', 46),
(88, 'HEIGHT', '270 +/- 5 mm', 'measuring tape', 46),
(89, 'PLY', '5 ply', 'VISUAL', 46),
(90, 'length', '22.5\"', 'measuring tape', 47),
(91, 'WIDTH', '13\"', 'measuring tape', 47),
(92, 'COLOUR', 'NATURAL', 'VISUAL', 47),
(93, 'length', '17\"', 'measuring tape', 48),
(94, 'WIDTH', '13\"', 'measuring tape', 48),
(95, 'COLOUR', 'NATURAL', 'VISUAL', 48),
(96, 'length', '5\"', 'measuring tape', 49),
(97, 'length', '5\"', 'measuring tape', 49),
(98, 'WIDTH', '4.5\"', 'measuring tape', 49),
(99, 'COLOUR', 'NATURAL', 'VISUAL', 49),
(100, 'length', '16\"', 'measuring tape', 50),
(101, 'WIDTH', '11\"', 'measuring tape', 50),
(102, 'COLOUR', 'NATURAL', 'VISUAL', 50),
(103, 'length', '12\"', 'measuring tape', 51),
(104, 'WIDTH', '9\"', 'measuring tape', 51),
(105, 'COLOUR', 'NATURAL', 'VISUAL', 51),
(106, 'length', '21\"', 'measuring tape', 52),
(107, 'WIDTH', '16\"', 'measuring tape', 52),
(108, 'COLOUR', 'NATURAL', 'VISUAL', 52),
(109, 'length', '8\"', 'measuring tape', 53),
(110, 'WIDTH', '6\"', 'measuring tape', 53),
(111, 'COLOUR', 'NATURAL', 'VISUAL', 53),
(112, 'COLOUR', 'GREY', 'VISUAL', 38),
(113, 'WEIGHT', '25 KG/BAG', 'WEIGHING MACHINE', 38),
(114, 'HEIGHT', '500 mm', 'measuring tape', 80),
(115, 'WIDTH', '400 mm', 'measuring tape', 80),
(116, 'length', '600 mm', 'measuring tape', 80),
(117, 'Weight ', '25KG/BAG', 'WEIGHING MACHINE ', 112),
(118, 'GRADE', '1200 LDPE', 'VISUAL', 112),
(119, 'COLOUR', 'NATURAL WHITE', 'VISUAL', 112),
(120, 'COLOUR', 'BLACK', 'VISUAL', 1),
(121, 'WEIGHT', '25KG/BAG', 'WEIGHING MACHINE ', 1),
(122, 'WEIGHT', '25KG/BAG', 'WEIGHING MACHINE ', 5),
(123, 'LENGHT  ', '9.00 +/-0.1 mm', 'vernier caliper', 59),
(124, 'Diameter', '6.8 +/-0.1 mm', 'vernier caliper', 59),
(125, 'HEX FLAT', '8.0 +/-0.3', 'vernier caliper', 59),
(126, 'METRIC THREAD', 'M5 X 0.8 P', 'THREAD GAUGE GO / NO GO', 59),
(127, 'FLANGE THICKNESS', '2.50 +/-0.1 MM', 'vernier caliper', 59),
(128, 'GRADE', 'POCAN B3235', 'VISUAL', 123),
(129, 'WEIGHT', '25KG/BAG', 'WEIGHING MACHINE ', 123),
(130, 'COLOUR', 'WHITE', 'VISUAL', 95),
(131, 'THICKNESS', '180 GSM', 'vernier caliper', 107),
(132, 'LENGTH', '560 +/-5 MM', 'MEASURING TAPE', 107),
(133, 'WIDTH', '300 +/-5 MM', 'MEASURING TAPE', 107),
(134, 'HEIGHT', '300 +/-5 MM', 'MEASURING TAPE', 107),
(135, 'PAPER QUALITY ', 'GOLDEN TOP', 'VISUAL', 107),
(136, 'PLY', '5', 'VISUAL', 107),
(137, 'Color', 'Black', 'Visual', 165),
(138, 'Size', '100mm', 'Scale', 165),
(139, 'size', '100', 'scale', 165),
(140, 'color', 'blue', 'visual', 165),
(141, 'size', '100', 'scale', 29),
(142, 'color', 'blue', 'visual', 29),
(143, 'size', '100', 'scale', 161),
(144, 'color', 'blue', 'visual', 161),
(145, 'size', '100', 'scale', 158),
(146, 'color', 'blue', 'visual', 158),
(147, 'size', '100', 'scale', 171),
(148, 'color', 'black', 'visual', 171),
(149, 'size', '50', 'scale', 170),
(150, 'color', 'orange', 'visual', 170),
(151, 'size', '25', 'scale', 169),
(152, 'color', 'silver', 'visual', 169),
(153, 'size', '70', 'scale', 168),
(154, 'color', 'black', 'visual', 168),
(155, 'size', '20', 'scale', 167),
(156, 'color', 'silver', 'visual', 167),
(157, 'color', 'silver', 'visual', 167),
(158, 'plate', 'silver', 'visual', 201),
(159, 'size', '100', 'scale', 201),
(160, 'color', 'silver', 'visual', 202),
(161, 'size', '23', 'scale', 211),
(162, 'color', 'silver', 'visual', 211),
(163, 'color', 'silver', 'visual', 211),
(164, 'Aesthetich', 'No damage', 'Vitual', 188);

-- --------------------------------------------------------

--
-- Table structure for table `raw_material_inspection_report`
--

CREATE TABLE `raw_material_inspection_report` (
  `id` int NOT NULL,
  `raw_material_inspection_master_id` int NOT NULL,
  `child_part_id` int NOT NULL,
  `observation` text COLLATE utf8mb4_general_ci NOT NULL,
  `observation2` varchar(255) COLLATE utf8mb4_general_ci DEFAULT NULL,
  `observation3` varchar(255) COLLATE utf8mb4_general_ci DEFAULT NULL,
  `observation4` varchar(255) COLLATE utf8mb4_general_ci DEFAULT NULL,
  `observation5` varchar(255) COLLATE utf8mb4_general_ci DEFAULT NULL,
  `remark` text COLLATE utf8mb4_general_ci NOT NULL,
  `lot_qty` float DEFAULT NULL,
  `rej_qty` int NOT NULL,
  `invoice_date` varchar(50) COLLATE utf8mb4_general_ci NOT NULL,
  `invoice_number` varchar(50) COLLATE utf8mb4_general_ci NOT NULL,
  `accepted_qty` int DEFAULT NULL
) ENGINE=InnoDB DEFAULT CHARSET=utf8mb4 COLLATE=utf8mb4_general_ci;

--
-- Dumping data for table `raw_material_inspection_report`
--

INSERT INTO `raw_material_inspection_report` (`id`, `raw_material_inspection_master_id`, `child_part_id`, `observation`, `observation2`, `observation3`, `observation4`, `observation5`, `remark`, `lot_qty`, `rej_qty`, `invoice_date`, `invoice_number`, `accepted_qty`) VALUES
(1, 38, 125, 'NATURAL', NULL, NULL, NULL, NULL, 'OK', NULL, 0, '2023-09-30', 'INV012324000243', 50),
(2, 37, 125, '25KG/BAG', NULL, NULL, NULL, NULL, 'OK', NULL, 0, '2023-09-30', 'INV012324000243', 50),
(3, 36, 125, 'VISUAL', NULL, NULL, NULL, NULL, 'OK', NULL, 0, '2023-09-30', 'INV012324000243', 50),
(4, 113, 112, '25KG/BAG', NULL, NULL, NULL, NULL, 'OK', NULL, 0, '2023-09-30', 'INV012324000243', 1),
(5, 112, 112, 'GREY', NULL, NULL, NULL, NULL, 'OK', NULL, 0, '2023-09-30', 'INV012324000243', 1),
(6, 41, 132, '25KG/BAG', NULL, NULL, NULL, NULL, 'OK', NULL, 0, '2023-09-20', '6778141102', 300),
(7, 40, 132, 'CLEAR', NULL, NULL, NULL, NULL, 'OK', NULL, 0, '2023-09-20', '6778141102', 300),
(8, 39, 132, '2407', NULL, NULL, NULL, NULL, 'OK', NULL, 0, '2023-09-20', '6778141102', 300),
(9, 14, 126, 'BLACK', NULL, NULL, NULL, NULL, 'OK', NULL, 0, '2023-09-20', '6778141102', 300),
(10, 13, 126, '25KG/BAG', NULL, NULL, NULL, NULL, 'OK', NULL, 0, '2023-09-20', '6778141102', 300),
(11, 12, 126, '143R/2407LC', NULL, NULL, NULL, NULL, 'OK', NULL, 0, '2023-09-20', '6778141102', 300),
(12, 116, 136, '600 mm', NULL, NULL, NULL, NULL, 'OK', NULL, 0, '2023-09-22', '6778141573', 0),
(13, 115, 136, '400 mm', NULL, NULL, NULL, NULL, 'OK', NULL, 0, '2023-09-22', '6778141573', 0),
(14, 114, 136, '500 mm', NULL, NULL, NULL, NULL, 'OK', NULL, 0, '2023-09-22', '6778141573', 0),
(15, 84, 75, '3PLY', NULL, NULL, NULL, NULL, 'OK', NULL, 0, '2023-09-19', '23-24-928', 1500),
(16, 83, 75, '395 mm', NULL, NULL, NULL, NULL, 'OK', NULL, 0, '2023-09-19', '23-24-928', 1500),
(17, 82, 75, '595 mm', NULL, NULL, NULL, NULL, 'OK', NULL, 0, '2023-09-19', '23-24-928', 1500),
(18, 89, 74, '5 PLY', NULL, NULL, NULL, NULL, 'OK', NULL, 0, '2023-09-19', '23-24-928', 144),
(19, 88, 74, '270 mm', NULL, NULL, NULL, NULL, 'OK', NULL, 0, '2023-09-19', '23-24-928', 144),
(20, 87, 74, '400 mm', NULL, NULL, NULL, NULL, 'OK', NULL, 0, '2023-09-19', '23-24-928', 144),
(21, 86, 74, '600 mm', NULL, NULL, NULL, NULL, 'OK', NULL, 0, '2023-09-19', '23-24-928', 144),
(22, 11, 21, 'VISUAL', NULL, NULL, NULL, NULL, 'OK', NULL, 0, '2023-09-16', 'INV012324000229', 700),
(23, 84, 75, '3PLY', NULL, NULL, NULL, NULL, 'OK', NULL, 0, '2023-09-12', '23-24-909', 1637),
(24, 83, 75, '395MM', NULL, NULL, NULL, NULL, 'OK', NULL, 0, '2023-09-12', '23-24-909', 1637),
(25, 82, 75, '595MM', NULL, NULL, NULL, NULL, 'OK', NULL, 0, '2023-09-12', '23-24-909', 1637),
(26, 92, 23, 'NATURAL', NULL, NULL, NULL, NULL, 'OK', NULL, 0, '2023-09-15', '2023-24-0648', 1500),
(27, 91, 23, '13\'\'', NULL, NULL, NULL, NULL, 'OK', NULL, 0, '2023-09-15', '2023-24-0648', 1500),
(28, 90, 23, '22.5\"', NULL, NULL, NULL, NULL, 'OK', NULL, 0, '2023-09-15', '2023-24-0648', 1500),
(29, 102, 165, 'NATURAL', NULL, NULL, NULL, NULL, 'OK', NULL, 0, '2023-09-12', 'SF-298-23-24', 125),
(30, 101, 165, '11\'\'', NULL, NULL, NULL, NULL, 'OK', NULL, 0, '2023-09-12', 'SF-298-23-24', 125),
(31, 100, 165, '16\'\'', NULL, NULL, NULL, NULL, 'OK', NULL, 0, '2023-09-12', 'SF-298-23-24', 125),
(32, 119, 187, 'NATURAL WHITE', NULL, NULL, NULL, NULL, 'OK', NULL, 0, '2023-10-12', 'INV012324000264', 0),
(33, 118, 187, '1200 LDPE', NULL, NULL, NULL, NULL, 'OK', NULL, 0, '2023-10-12', 'INV012324000264', 0),
(34, 117, 187, '25', NULL, NULL, NULL, NULL, 'OK', NULL, 0, '2023-10-12', 'INV012324000264', 0),
(35, 99, 164, 'ok', NULL, NULL, NULL, NULL, 'OK', NULL, 0, '2023-10-20', 'SF-375-23-24', 0),
(36, 98, 164, '4.5 inch ', NULL, NULL, NULL, NULL, 'ok', NULL, 0, '2023-10-20', 'SF-375-23-24', 0),
(37, 97, 164, '5 inch ', NULL, NULL, NULL, NULL, '5 inch', NULL, 0, '2023-10-20', 'SF-375-23-24', 0),
(38, 123, 113, '9.10', NULL, NULL, NULL, NULL, 'ok', NULL, 0, '2023-10-20', '748-23-24', 0),
(39, 127, 113, '2.55', NULL, NULL, NULL, NULL, 'OK', NULL, 0, '2023-10-20', '748-23-24', 0),
(40, 126, 113, 'OK', NULL, NULL, NULL, NULL, 'OK', NULL, 0, '2023-10-20', '748-23-24', 0),
(41, 125, 113, '8.10', NULL, NULL, NULL, NULL, 'OK', NULL, 0, '2023-10-20', '748-23-24', 0),
(42, 124, 113, '6.85', NULL, NULL, NULL, NULL, 'OK', NULL, 0, '2023-10-20', '748-23-24', 0),
(43, 84, 75, '3 PLY', NULL, NULL, NULL, NULL, 'OK', NULL, 0, '2023-10-18', '23-24-1005', 2000),
(44, 83, 75, '392 MM', NULL, NULL, NULL, NULL, 'OK', NULL, 0, '2023-10-18', '23-24-1005', 2000),
(45, 82, 75, '595', NULL, NULL, NULL, NULL, 'OK', NULL, 0, '2023-10-18', '23-24-1005', 2000),
(46, 89, 74, '5 ply', NULL, NULL, NULL, NULL, 'OK', NULL, 0, '2023-10-18', '23-24-1004', 0),
(47, 88, 74, '272', NULL, NULL, NULL, NULL, 'OK', NULL, 0, '2023-10-18', '23-24-1004', 0),
(48, 87, 74, '402', NULL, NULL, NULL, NULL, 'OK', NULL, 0, '2023-10-18', '23-24-1004', 0),
(49, 86, 74, '602', NULL, NULL, NULL, NULL, 'OK', NULL, 0, '2023-10-18', '23-24-1004', 0),
(50, 85, 74, 'OK', NULL, NULL, NULL, NULL, 'OK', NULL, 0, '2023-10-18', '23-24-1004', 0),
(51, 84, 75, '3 PLY', NULL, NULL, NULL, NULL, 'OK', NULL, 0, '2023-10-17', '23-24-1000', 0),
(52, 83, 75, '398', NULL, NULL, NULL, NULL, 'OK', NULL, 0, '2023-10-17', '23-24-1000', 0),
(53, 82, 75, '593', NULL, NULL, NULL, NULL, 'OK', NULL, 0, '2023-10-17', '23-24-1000', 0),
(54, 129, 207, 'OK', NULL, NULL, NULL, NULL, 'OK', NULL, 0, '2023-10-17', 'PUN278298', 0),
(55, 128, 207, 'OK', NULL, NULL, NULL, NULL, 'OK', NULL, 0, '2023-10-17', 'PUN278298', 0),
(56, 32, 203, 'OK', NULL, NULL, NULL, NULL, 'OK', NULL, 0, '2023-10-17', '974-2023-24', 200),
(57, 31, 203, 'OK', NULL, NULL, NULL, NULL, 'OK', NULL, 0, '2023-10-17', '974-2023-24', 200),
(58, 30, 203, 'OK', NULL, NULL, NULL, NULL, 'OK', NULL, 0, '2023-10-17', '974-2023-24', 200),
(59, 127, 113, '2.58', NULL, NULL, NULL, NULL, 'OK', NULL, 0, '2023-10-16', '729-23-24', 10000),
(60, 126, 113, 'OK', NULL, NULL, NULL, NULL, 'OK', NULL, 0, '2023-10-16', '729-23-24', 10000),
(61, 125, 113, '8.10', NULL, NULL, NULL, NULL, 'OK', NULL, 0, '2023-10-16', '729-23-24', 10000),
(62, 124, 113, '6.85', NULL, NULL, NULL, NULL, 'OK', NULL, 0, '2023-10-16', '729-23-24', 10000),
(63, 123, 113, '9.10', NULL, NULL, NULL, NULL, 'OK', NULL, 0, '2023-10-16', '729-23-24', 10000),
(64, 130, 206, 'WHITE', NULL, NULL, NULL, NULL, 'OK', NULL, 0, '2023-10-16', 'JJP-23-24-0669', 0),
(65, 136, 205, 'OK', NULL, NULL, NULL, NULL, 'OK', NULL, 0, '2023-10-16', '23-24-996', 0),
(66, 135, 205, 'OK', NULL, NULL, NULL, NULL, 'OK', NULL, 0, '2023-10-16', '23-24-996', 0),
(67, 134, 205, '302', NULL, NULL, NULL, NULL, 'OK', NULL, 0, '2023-10-16', '23-24-996', 0),
(68, 133, 205, '303', NULL, NULL, NULL, NULL, 'OK', NULL, 0, '2023-10-16', '23-24-996', 0),
(69, 132, 205, '565', NULL, NULL, NULL, NULL, 'OK', NULL, 0, '2023-10-16', '23-24-996', 0),
(70, 131, 205, 'OK', NULL, NULL, NULL, NULL, 'OK', NULL, 0, '2023-10-16', '23-24-996', 0),
(71, 70, 105, 'OK', NULL, NULL, NULL, NULL, 'OK', NULL, 0, '2023-10-21', '23-24-995', 0),
(72, 69, 105, '402', NULL, NULL, NULL, NULL, 'OK', NULL, 0, '2023-10-21', '23-24-995', 0),
(73, 68, 105, '402', NULL, NULL, NULL, NULL, 'OK', NULL, 0, '2023-10-21', '23-24-995', 0),
(74, 67, 105, '754', NULL, NULL, NULL, NULL, 'OK', NULL, 0, '2023-10-21', '23-24-995', 0),
(75, 121, 116, 'OK', NULL, NULL, NULL, NULL, 'OK', NULL, 0, '2023-10-15', '2023-24-199', 700),
(76, 120, 116, 'OK', NULL, NULL, NULL, NULL, 'OK', NULL, 0, '2023-10-15', '2023-24-199', 700),
(77, 41, 178, 'OK', NULL, NULL, NULL, NULL, 'OK', NULL, 0, '2023-10-14', 'T23MH2364', 1000),
(78, 40, 178, 'OK', NULL, NULL, NULL, NULL, 'OK', NULL, 0, '2023-10-14', 'T23MH2364', 1000),
(79, 39, 178, 'OK', NULL, NULL, NULL, NULL, 'OK', NULL, 0, '2023-10-14', 'T23MH2364', 1000),
(80, 29, 176, 'OK', NULL, NULL, NULL, NULL, 'OK', NULL, 0, '2023-10-13', '6778145693', 100),
(81, 28, 176, 'OK', NULL, NULL, NULL, NULL, 'OK', NULL, 0, '2023-10-13', '6778145693', 100),
(82, 27, 176, 'OK', NULL, NULL, NULL, NULL, 'OK', NULL, 0, '2023-10-13', '6778145693', 100),
(83, 32, 203, 'OK', NULL, NULL, NULL, NULL, 'OK', NULL, 0, '2023-10-13', '959-2023-24', 100),
(84, 31, 203, 'OK', NULL, NULL, NULL, NULL, 'OK', NULL, 0, '2023-10-13', '959-2023-24', 100),
(85, 30, 203, 'OK', NULL, NULL, NULL, NULL, 'OK', NULL, 0, '2023-10-13', '959-2023-24', 100),
(86, 126, 113, 'OK', NULL, NULL, NULL, NULL, 'OK', NULL, 0, '2023-10-13', '715-23-24', 0),
(87, 127, 113, '2.54', NULL, NULL, NULL, NULL, 'OK', NULL, 0, '2023-10-13', '715-23-24', 0),
(88, 125, 113, '8.10', NULL, NULL, NULL, NULL, 'OK', NULL, 0, '2023-10-13', '715-23-24', 0),
(89, 124, 113, '6.08', NULL, NULL, NULL, NULL, 'OK', NULL, 0, '2023-10-13', '715-23-24', 0),
(90, 123, 113, '9.10', NULL, NULL, NULL, NULL, 'OK', NULL, 0, '2023-10-13', '715-23-24', 0),
(91, 38, 213, 'Natural', NULL, NULL, NULL, NULL, 'Ok', NULL, 0, '2023-10-19', 'INV012324000275', 350),
(92, 37, 213, '25', NULL, NULL, NULL, NULL, 'Ok', NULL, 0, '2023-10-19', 'INV012324000275', 350),
(93, 36, 213, 'GN5007FM', NULL, NULL, NULL, NULL, 'Ok', NULL, 0, '2023-10-19', 'INV012324000275', 350),
(94, 138, 276, '99.1', '99', '98.5', '100', '100', 'ok', NULL, 3, '2024-02-20', 'INV-1612', 32),
(95, 139, 276, '99.40', '99', '98', '99', '98', 'jh', NULL, 3, '2024-02-20', 'INV-1612', 32),
(96, 140, 276, 'ok', 'ok', 'ok', 'ok', 'ok', 'ok', NULL, 3, '2024-02-20', 'INV-1612', 32),
(97, 140, 276, '99.1', '99', '98', '100', '98', 'jh', NULL, 3, '2024-02-20', 'INV-1612', 32),
(98, 137, 276, 'not k', 'ok', 'ok', 'ok', 'ok', 'ok', NULL, 3, '2024-02-20', 'INV-1612', 32),
(99, 137, 276, 'ok', 'ok', 'ok', 'k', 'ok', 'h', NULL, 3, '2024-02-20', 'INV-1612', 32),
(100, 144, 268, 'k', 'ok', 'ok', 'ok', 'ok', 'ok', NULL, 1, '2024-02-12', 'Inv-1234', 9),
(101, 143, 268, 'ok', 'not ok', 'ok', 'ok', 'ok', 'ok', NULL, 1, '2024-02-12', 'Inv-1234', 9),
(102, 146, 265, 'ok', 'ok', 'ok', 'ok', 'ok', 'new', NULL, 0, '2024-02-08', '1201', 25),
(103, 145, 265, '90', '98', '99', '98', '100', 'ok', NULL, 0, '2024-02-08', '1201', 25),
(104, 148, 299, 'ok', 'ok', 'ok', 'ok', 'ok', 'ok', NULL, 0, '2024-02-27', 'INV2204', 25),
(105, 147, 299, '90', '98', '99', '99', '100', 'ok', NULL, 0, '2024-02-27', 'INV2204', 25),
(106, 150, 298, 'ok', 'ok', 'ok', 'ok', 'ok', 'ok', NULL, 0, '2024-02-27', 'INV2204', 20),
(107, 149, 298, '49', '48', '49', '50', '50', 'ok', NULL, 0, '2024-02-27', 'INV2204', 20),
(108, 152, 297, 'ok', 'ok', 'ok', 'ok', 'ok', 'ok', NULL, 0, '2024-02-27', 'INV2204', 25),
(109, 151, 297, '24', '24.5', '24.5', '25', '25', 'ok', NULL, 0, '2024-02-27', 'INV2204', 25),
(110, 154, 296, 'ok', 'ok', 'ok', 'ok', 'ok', 'ok', NULL, 0, '2024-02-27', 'INV2204', 10),
(111, 153, 296, '69', '69.5', '69', '69', '70', 'ok', NULL, 0, '2024-02-27', 'INV2204', 10),
(112, 157, 295, 'ok', 'ok', 'ok', 'ok', 'ok', 'ok', NULL, 0, '2024-02-27', 'INV2204', 25),
(113, 156, 295, 'ok', 'ok', 'ok', 'ok', 'ok', 'ok', NULL, 0, '2024-02-27', 'INV2204', 25),
(114, 155, 295, '19.5', '19.8', '19.9', '19', '20', 'ok', NULL, 0, '2024-02-27', 'INV2204', 25),
(115, 160, 375, 'ok', 'ok', 'ok', 'ok', 'ok', 'ok', NULL, 0, '2024-04-19', 'Inv-12-16', 40),
(116, 163, 380, 'ok', 'ok', 'ok', 'ok', 'ok', 'ok', NULL, 0, '2024-04-24', 'INV-24-25-12', 50),
(117, 162, 380, 'ok', 'ok', 'ok', 'ok', 'ok', 'ok', NULL, 0, '2024-04-24', 'INV-24-25-12', 50),
(118, 161, 380, '23', '23.5', '22', '22.5', '23', 'ok', NULL, 0, '2024-04-24', 'INV-24-25-12', 50);

-- --------------------------------------------------------

--
-- Table structure for table `receivable_report`
--

CREATE TABLE `receivable_report` (
  `id` int NOT NULL,
  `sales_number` varchar(255) NOT NULL,
  `payment_receipt_date` varchar(255) NOT NULL,
  `amount_received` varchar(255) NOT NULL,
  `transaction_details` varchar(255) DEFAULT NULL
) ENGINE=InnoDB DEFAULT CHARSET=latin1;

--
-- Dumping data for table `receivable_report`
--

INSERT INTO `receivable_report` (`id`, `sales_number`, `payment_receipt_date`, `amount_received`, `transaction_details`) VALUES
(1, 'AROMP/23-24/1', '2024-01-09', '5.5', 'by cheque no 1234567 SBI '),
(2, 'MP/23-24/1452', '2024-01-08', '118', 'fhdfhdhdhd');

-- --------------------------------------------------------

--
-- Table structure for table `rejection_flow`
--

CREATE TABLE `rejection_flow` (
  `id` int NOT NULL,
  `clientId` int NOT NULL,
  `type` varchar(20) COLLATE utf8mb4_general_ci NOT NULL,
  `part_id` int NOT NULL,
  `status` varchar(20) COLLATE utf8mb4_general_ci NOT NULL DEFAULT 'pending',
  `reason` varchar(20) COLLATE utf8mb4_general_ci NOT NULL,
  `supplier_id` int NOT NULL,
  `remark` text COLLATE utf8mb4_general_ci NOT NULL,
  `debit_note` text COLLATE utf8mb4_general_ci NOT NULL,
  `qty` float NOT NULL,
  `on_that_qty` float DEFAULT NULL,
  `created_date` varchar(20) COLLATE utf8mb4_general_ci NOT NULL,
  `created_time` varchar(20) COLLATE utf8mb4_general_ci NOT NULL,
  `created_user` int NOT NULL,
  `rate` float DEFAULT NULL,
  `cgst` float DEFAULT NULL,
  `sgst` float DEFAULT NULL,
  `igst` float DEFAULT NULL,
  `tcs` float DEFAULT NULL,
  `subtotal` float DEFAULT NULL,
  `grandtotal` float DEFAULT NULL,
  `rejection_lock` varchar(20) COLLATE utf8mb4_general_ci NOT NULL DEFAULT 'Pending',
  `approval` varchar(20) COLLATE utf8mb4_general_ci NOT NULL DEFAULT 'pending',
  `po_number` varchar(100) COLLATE utf8mb4_general_ci DEFAULT NULL,
  `po_date` varchar(200) COLLATE utf8mb4_general_ci DEFAULT NULL,
  `invoice_number` varchar(200) COLLATE utf8mb4_general_ci DEFAULT NULL,
  `grn_number` text COLLATE utf8mb4_general_ci
) ENGINE=InnoDB DEFAULT CHARSET=utf8mb4 COLLATE=utf8mb4_general_ci;

--
-- Dumping data for table `rejection_flow`
--

INSERT INTO `rejection_flow` (`id`, `clientId`, `type`, `part_id`, `status`, `reason`, `supplier_id`, `remark`, `debit_note`, `qty`, `on_that_qty`, `created_date`, `created_time`, `created_user`, `rate`, `cgst`, `sgst`, `igst`, `tcs`, `subtotal`, `grandtotal`, `rejection_lock`, `approval`, `po_number`, `po_date`, `invoice_number`, `grn_number`) VALUES
(1, 1, 'MDR', 88, 'pending', 'SHORT QTY RECEIVED', 2, 'SHORT QTY RECEIVED', 'ANUP_SHORT_QTY_.pdf', 313, NULL, '10-09-2023', '10:37:01', 3, 2.25, 63.3825, 63.3825, 0, 0, 704.25, 704.25, 'Pending', 'pending', 'MP/PUR/23-24/10', '2023-09-10', '', '23-24/8'),
(2, 1, 'grn_rejection', 45, 'pending', 'cfd', 68, 'xs', 'AROM_ERP_-New_User_Guide_-_Copy.pdf', 750, NULL, '27-12-2023', '10:30:51', 3, 4.5, 303.75, 303.75, 0, 0, 3375, 3375, 'Pending', 'pending', '41', NULL, '23-24-1005', NULL),
(3, 1, 'grn_rejection', 45, 'pending', 'cfd', 68, 'xs', 'AROM_ERP_-New_User_Guide_-_Copy1.pdf', 750, NULL, '27-12-2023', '10:30:59', 3, 4.5, 303.75, 303.75, 0, 0, 3375, 3375, 'Pending', 'pending', '41', NULL, '23-24-1005', NULL),
(4, 1, 'stock_rejection', 188, 'approved', 'test', 112, 'NA', '', 3, NULL, '04-04-2024', '08:22:24', 3, 100, 27, 27, 0, 3.54, 300, 300, 'Pending', 'pending', NULL, NULL, '', NULL);

-- --------------------------------------------------------

--
-- Table structure for table `rejection_sales_invoice`
--

CREATE TABLE `rejection_sales_invoice` (
  `id` int NOT NULL,
  `rejection_invoice_no` varchar(20) COLLATE utf8mb4_general_ci NOT NULL,
  `customer_id` int NOT NULL,
  `document_number` varchar(20) COLLATE utf8mb4_general_ci DEFAULT NULL,
  `debit_note_date` varchar(20) COLLATE utf8mb4_general_ci DEFAULT NULL,
  `sales_invoice_number` varchar(20) COLLATE utf8mb4_general_ci DEFAULT NULL,
  `client_invoice_date` varchar(20) COLLATE utf8mb4_general_ci NOT NULL,
  `debit_basic_amt` float NOT NULL,
  `debit_gst_amt` float NOT NULL,
  `rejection_reasonky` int NOT NULL,
  `remark` text COLLATE utf8mb4_general_ci,
  `created_date` varchar(20) COLLATE utf8mb4_general_ci NOT NULL,
  `created_time` varchar(20) COLLATE utf8mb4_general_ci NOT NULL,
  `created_by` int NOT NULL,
  `status` varchar(20) COLLATE utf8mb4_general_ci NOT NULL DEFAULT 'pending'
) ENGINE=InnoDB DEFAULT CHARSET=utf8mb4 COLLATE=utf8mb4_general_ci;

--
-- Dumping data for table `rejection_sales_invoice`
--

INSERT INTO `rejection_sales_invoice` (`id`, `rejection_invoice_no`, `customer_id`, `document_number`, `debit_note_date`, `sales_invoice_number`, `client_invoice_date`, `debit_basic_amt`, `debit_gst_amt`, `rejection_reasonky`, `remark`, `created_date`, `created_time`, `created_by`, `status`) VALUES
(1, 'AROMP/SI-REJ/24-25/1', 43, '1256', '2024-05-23', '12', '2024-05-24', 5000, 1200, 6, 'ok', '24-05-2024', '12:48:30', 3, 'pending');

-- --------------------------------------------------------

--
-- Table structure for table `reject_remark`
--

CREATE TABLE `reject_remark` (
  `id` int NOT NULL,
  `clientId` int NOT NULL,
  `name` text COLLATE utf8mb4_general_ci NOT NULL,
  `created_by` int NOT NULL,
  `created_date` varchar(10) COLLATE utf8mb4_general_ci NOT NULL,
  `created_time` varchar(10) COLLATE utf8mb4_general_ci NOT NULL,
  `deleted` int NOT NULL DEFAULT '0'
) ENGINE=InnoDB DEFAULT CHARSET=utf8mb4 COLLATE=utf8mb4_general_ci;

--
-- Dumping data for table `reject_remark`
--

INSERT INTO `reject_remark` (`id`, `clientId`, `name`, `created_by`, `created_date`, `created_time`, `deleted`) VALUES
(-1, 1, 'NA', 3, '02-10-2023', '07:10:00', 0),
(1, 1, 'SILVER', 3, '02-10-2023', '07:10:00', 0),
(2, 1, 'FLOW MARK', 3, '02-10-2023', '07:10:16', 0),
(3, 1, 'SINK MARK', 3, '02-10-2023', '07:10:24', 0),
(4, 1, 'BLACK SPOT', 3, '02-10-2023', '07:10:33', 0),
(5, 1, 'WARPAGE', 3, '02-10-2023', '07:10:42', 0),
(6, 1, 'EXCESS FINISHING', 3, '02-10-2023', '07:10:54', 0),
(7, 1, 'INSERT MISSING', 3, '02-10-2023', '07:11:05', 0),
(8, 1, 'SHORT MOULD', 3, '02-10-2023', '07:11:15', 0),
(9, 1, 'COLOUR VARIATION', 3, '02-10-2023', '07:11:32', 0),
(10, 1, 'CRACK', 3, '02-10-2023', '07:11:41', 0),
(11, 1, 'PART CATCHING', 3, '02-10-2023', '07:11:50', 0);

-- --------------------------------------------------------

--
-- Table structure for table `routing`
--

CREATE TABLE `routing` (
  `id` int NOT NULL,
  `part_id` int NOT NULL,
  `routing_part_id` int NOT NULL,
  `qty` float NOT NULL
) ENGINE=InnoDB DEFAULT CHARSET=utf8mb4 COLLATE=utf8mb4_general_ci;

--
-- Dumping data for table `routing`
--

INSERT INTO `routing` (`id`, `part_id`, `routing_part_id`, `qty`) VALUES
(1, 202, 201, 2),
(2, 204, 203, 2),
(3, 211, 210, 1),
(4, 212, 1, 0.256),
(5, 204, 205, 0.052),
(6, 214, 213, 1),
(7, 198, 7, 1);

-- --------------------------------------------------------

--
-- Table structure for table `routing_subcon`
--

CREATE TABLE `routing_subcon` (
  `id` int NOT NULL,
  `part_id` int NOT NULL,
  `routing_part_id` int NOT NULL,
  `qty` float NOT NULL
) ENGINE=InnoDB DEFAULT CHARSET=utf8mb4 COLLATE=utf8mb4_general_ci;

-- --------------------------------------------------------

--
-- Table structure for table `sales_parts`
--

CREATE TABLE `sales_parts` (
  `id` int NOT NULL,
  `sales_id` int NOT NULL,
  `sales_number` varchar(50) COLLATE utf8mb4_general_ci NOT NULL,
  `customer_id` int NOT NULL,
  `part_id` int NOT NULL,
  `tax_id` int NOT NULL,
  `uom_id` varchar(20) COLLATE utf8mb4_general_ci NOT NULL,
  `delivery_date` varchar(10) COLLATE utf8mb4_general_ci DEFAULT NULL,
  `expiry_date` varchar(20) COLLATE utf8mb4_general_ci DEFAULT NULL,
  `part_price` decimal(15,2) NOT NULL,
  `qty` decimal(15,2) NOT NULL,
  `pending_qty` decimal(15,2) NOT NULL,
  `created_by` int NOT NULL,
  `created_date` varchar(10) COLLATE utf8mb4_general_ci NOT NULL,
  `created_time` varchar(10) COLLATE utf8mb4_general_ci NOT NULL,
  `created_day` int NOT NULL,
  `created_month` int NOT NULL,
  `created_year` int NOT NULL,
  `deleted` int NOT NULL DEFAULT '0',
  `invoice_number` varchar(200) COLLATE utf8mb4_general_ci DEFAULT NULL,
  `basic_total` decimal(15,2) NOT NULL,
  `total_rate` decimal(15,2) DEFAULT NULL,
  `cgst_amount` decimal(15,2) DEFAULT NULL,
  `sgst_amount` decimal(15,2) DEFAULT NULL,
  `igst_amount` decimal(15,2) DEFAULT NULL,
  `tcs_amount` decimal(15,2) DEFAULT NULL,
  `gst_amount` decimal(15,2) DEFAULT NULL,
  `po_number` varchar(100) COLLATE utf8mb4_general_ci NOT NULL,
  `po_date` varchar(10) COLLATE utf8mb4_general_ci NOT NULL,
  `hsn_code` varchar(20) COLLATE utf8mb4_general_ci DEFAULT NULL
) ENGINE=InnoDB DEFAULT CHARSET=utf8mb4 COLLATE=utf8mb4_general_ci;

--
-- Dumping data for table `sales_parts`
--

INSERT INTO `sales_parts` (`id`, `sales_id`, `sales_number`, `customer_id`, `part_id`, `tax_id`, `uom_id`, `delivery_date`, `expiry_date`, `part_price`, `qty`, `pending_qty`, `created_by`, `created_date`, `created_time`, `created_day`, `created_month`, `created_year`, `deleted`, `invoice_number`, `basic_total`, `total_rate`, `cgst_amount`, `sgst_amount`, `igst_amount`, `tcs_amount`, `gst_amount`, `po_number`, `po_date`, `hsn_code`) VALUES
(2, 1, 'MP/23-24/1264', 1, 15, 1, 'Number', NULL, NULL, '1.84', '9000.00', '9000.00', 3, '08-09-2023', '07:13:12', 8, 9, 2023, 0, NULL, '16560.00', '19540.80', '1490.40', '1490.40', '0.00', '0.00', '2980.80', '5500031713', '08-09-2023', '85129000'),
(3, 2, 'MP/23-24/1265', 2, 52, 1, 'Number', NULL, NULL, '101.20', '516.00', '516.00', 3, '09-09-2023', '07:46:23', 9, 9, 2023, 0, NULL, '52219.24', '61618.70', '4699.73', '4699.73', '0.00', '0.00', '9399.46', 'PO0022324000223', '09-09-2023', '39269099'),
(6, 5, 'MP/23-24/1266', 2, 55, 1, 'Number', NULL, NULL, '2.40', '70.00', '70.00', 3, '10-09-2023', '09:34:27', 10, 9, 2023, 0, NULL, '168.00', '198.24', '15.12', '15.12', '0.00', '0.00', '30.24', 'PO0022324000223', '09-09-2023', '39261099'),
(7, 7, 'MP/23-24/1267', 3, 65, 1, 'Number', NULL, NULL, '346.20', '210.00', '210.00', 3, '10-09-2023', '10:52:56', 10, 9, 2023, 0, NULL, '72702.00', '85788.40', '6543.18', '6543.18', '0.00', '0.00', '13086.40', 'EA', '09-09-2023', '39269099'),
(8, 7, 'MP/23-24/1267', 3, 82, 1, 'Number', NULL, NULL, '3.44', '2000.00', '2000.00', 3, '10-09-2023', '10:53:09', 10, 9, 2023, 0, NULL, '6880.00', '8118.40', '619.20', '619.20', '0.00', '0.00', '1238.40', 'EA', '09-09-2023', '84769010'),
(9, 10, 'MP/23-24/1268', 1, 142, 1, 'Number', NULL, NULL, '4.41', '1152.00', '1152.00', 3, '10-09-2023', '11:41:11', 10, 9, 2023, 0, NULL, '5080.32', '5994.78', '457.23', '457.23', '0.00', '0.00', '914.46', '5500029270', '09-09-2023', '85129000'),
(10, 10, 'MP/23-24/1268', 1, 143, 1, 'Number', NULL, NULL, '4.41', '1152.00', '1152.00', 3, '10-09-2023', '11:41:22', 10, 9, 2023, 0, NULL, '5080.32', '5994.78', '457.23', '457.23', '0.00', '0.00', '914.46', '5500029270', '09-09-2023', '85129000'),
(11, 11, 'MP/23-24/1269', 1, 144, 1, 'Number', NULL, NULL, '3.70', '1440.00', '1440.00', 3, '10-09-2023', '11:42:53', 10, 9, 2023, 0, NULL, '5328.00', '6287.04', '479.52', '479.52', '0.00', '0.00', '959.04', '5500029270', '09-09-2023', '85129000'),
(12, 11, 'MP/23-24/1269', 1, 145, 1, 'Number', NULL, NULL, '3.70', '1440.00', '1440.00', 3, '10-09-2023', '11:43:05', 10, 9, 2023, 0, NULL, '5328.00', '6287.04', '479.52', '479.52', '0.00', '0.00', '959.04', '5500029270', '09-09-2023', '85129000'),
(13, 12, 'MP/23-24/1270', 1, 146, 1, 'Number', NULL, NULL, '2.71', '2400.00', '2400.00', 3, '10-09-2023', '11:44:05', 10, 9, 2023, 0, NULL, '6504.00', '7674.72', '585.36', '585.36', '0.00', '0.00', '1170.72', '5500029270', '09-09-2023', '85129000'),
(14, 13, 'MP/23-24/1271', 1, 2, 1, 'Number', NULL, NULL, '19.24', '480.00', '480.00', 3, '10-09-2023', '11:45:11', 10, 9, 2023, 0, NULL, '9235.16', '10897.50', '831.17', '831.17', '0.00', '0.00', '1662.34', '55OOO31713', '09-09-2023', '85129000'),
(15, 14, 'MP/23-24/1272', 2, 52, 1, 'Number', NULL, NULL, '101.20', '516.00', '516.00', 3, '10-09-2023', '11:46:19', 10, 9, 2023, 0, NULL, '52219.24', '61618.70', '4699.73', '4699.73', '0.00', '0.00', '9399.46', 'PO0022324000223', '09-09-2023', '39269099'),
(16, 15, 'MP/23-24/1273', 29, 194, 1, 'NOS', NULL, NULL, '8.45', '2160.00', '2160.00', 3, '10-09-2023', '04:24:05', 10, 9, 2023, 0, NULL, '18252.04', '21537.40', '1642.68', '1642.68', '0.00', '0.00', '3285.36', 'SM-01', '10-09-2023', '39235010'),
(17, 15, 'MP/23-24/1273', 29, 195, 1, 'NOS', NULL, NULL, '20.05', '2160.00', '2160.00', 3, '10-09-2023', '04:24:13', 10, 9, 2023, 0, NULL, '43307.96', '51103.40', '3897.72', '3897.72', '0.00', '0.00', '7795.44', 'SM-01', '10-09-2023', '39235010'),
(18, 16, 'MP/23-24/1274', 1, 20, 1, 'Number', NULL, NULL, '2.41', '1680.00', '1680.00', 3, '10-09-2023', '06:20:11', 10, 9, 2023, 0, NULL, '4048.80', '4777.58', '364.39', '364.39', '0.00', '0.00', '728.78', '55OOO31713', '09-09-2023', '85122010'),
(19, 16, 'MP/23-24/1274', 1, 21, 1, 'Number', NULL, NULL, '2.41', '1680.00', '1680.00', 3, '10-09-2023', '06:20:17', 10, 9, 2023, 0, NULL, '4048.80', '4777.58', '364.39', '364.39', '0.00', '0.00', '728.78', '55OOO31713', '09-09-2023', '85122010'),
(20, 17, 'MP/23-24/1275', 1, 14, 1, 'Number', NULL, NULL, '15.86', '840.00', '840.00', 3, '10-09-2023', '06:21:03', 10, 9, 2023, 0, NULL, '13322.37', '15720.40', '1199.02', '1199.02', '0.00', '0.00', '2398.03', '5500029391', '09-09-2023', '85122010'),
(21, 18, 'MP/23-24/1276', 1, 24, 1, 'Number', NULL, NULL, '1.50', '3000.00', '3000.00', 3, '10-09-2023', '06:21:53', 10, 9, 2023, 0, NULL, '4500.00', '5310.00', '405.00', '405.00', '0.00', '0.00', '810.00', '55OOO31713', '09-09-2023', '85414020'),
(22, 19, 'MP/23-24/1277', 1, 9, 1, 'Number', NULL, NULL, '64.30', '288.00', '288.00', 3, '10-09-2023', '06:23:04', 10, 9, 2023, 0, NULL, '18518.39', '21851.70', '1666.66', '1666.66', '0.00', '0.00', '3333.31', '55OOO31713', '09-09-2023', '85122010'),
(23, 20, 'MP/23-24/1278', 4, 93, 1, 'Number', NULL, NULL, '8.23', '6160.00', '6160.00', 3, '11-09-2023', '10:08:25', 11, 9, 2023, 0, NULL, '50696.78', '59822.20', '4562.71', '4562.71', '0.00', '0.00', '9125.42', 'EA1012747', '11-09-2023', '85479090'),
(24, 20, 'MP/23-24/1278', 4, 94, 1, 'Number', NULL, NULL, '8.58', '6160.00', '6160.00', 3, '11-09-2023', '10:08:40', 11, 9, 2023, 0, NULL, '52852.80', '62366.30', '4756.75', '4756.75', '0.00', '0.00', '9513.50', 'EA1012747', '11-09-2023', '85479090'),
(25, 21, 'MP/23-24/1279', 6, 123, 1, 'Number', NULL, NULL, '2.08', '12000.00', '12000.00', 3, '12-09-2023', '12:48:46', 12, 9, 2023, 0, NULL, '24960.00', '29452.80', '2246.40', '2246.40', '0.00', '0.00', '4492.80', 'SH-11', '12-09-2023', '85122093'),
(26, 22, 'MP/23-24/1280', 1, 20, 1, 'Number', NULL, NULL, '2.41', '1344.00', '1344.00', 3, '12-09-2023', '12:49:51', 12, 9, 2023, 0, NULL, '3239.04', '3822.07', '291.51', '291.51', '0.00', '0.00', '583.03', '55OOO31713', '09-09-2023', '85122010'),
(27, 22, 'MP/23-24/1280', 1, 21, 1, 'Number', NULL, NULL, '2.41', '1344.00', '1344.00', 3, '12-09-2023', '12:49:57', 12, 9, 2023, 0, NULL, '3239.04', '3822.07', '291.51', '291.51', '0.00', '0.00', '583.03', '55OOO31713', '09-09-2023', '85122010'),
(28, 23, 'MP/23-24/1281', 1, 14, 1, 'Number', NULL, NULL, '15.86', '504.00', '504.00', 3, '12-09-2023', '12:50:40', 12, 9, 2023, 0, NULL, '7993.44', '9432.26', '719.41', '719.41', '0.00', '0.00', '1438.82', '5500029391', '09-09-2023', '85122010'),
(29, 24, 'MP/23-24/1282', 8, 161, 1, 'NOS', NULL, NULL, '7.52', '3300.00', '3300.00', 3, '12-09-2023', '12:53:22', 12, 9, 2023, 0, NULL, '24816.02', '29282.90', '2233.44', '2233.44', '0.00', '0.00', '4466.88', '232412154', '12-09-2023', '7318'),
(30, 25, 'MP/23-24/1283', 3, 65, 1, 'Number', NULL, NULL, '346.20', '140.00', '140.00', 3, '12-09-2023', '12:55:54', 12, 9, 2023, 0, NULL, '48467.96', '57192.20', '4362.12', '4362.12', '0.00', '0.00', '8724.24', 'EA', '09-09-2023', '39269099'),
(31, 25, 'MP/23-24/1283', 3, 67, 1, 'Number', NULL, NULL, '45.90', '294.00', '294.00', 3, '12-09-2023', '12:56:05', 12, 9, 2023, 0, NULL, '13494.57', '15923.60', '1214.51', '1214.51', '0.00', '0.00', '2429.03', 'EA', '09-09-2023', '39269099'),
(32, 25, 'MP/23-24/1283', 3, 68, 1, 'Number', NULL, NULL, '25.50', '294.00', '294.00', 3, '12-09-2023', '12:56:13', 12, 9, 2023, 0, NULL, '7497.00', '8846.46', '674.73', '674.73', '0.00', '0.00', '1349.46', 'EA', '09-09-2023', '39269099'),
(33, 26, 'MP/23-24/1284', 3, 74, 1, 'Number', NULL, NULL, '5.13', '392.00', '392.00', 3, '12-09-2023', '12:57:02', 12, 9, 2023, 0, NULL, '2010.96', '2372.93', '180.99', '180.99', '0.00', '0.00', '361.97', 'EA', '09-09-2023', '84807900'),
(34, 26, 'MP/23-24/1284', 3, 80, 1, 'Number', NULL, NULL, '0.41', '1000.00', '1000.00', 3, '12-09-2023', '12:57:13', 12, 9, 2023, 0, NULL, '410.00', '483.80', '36.90', '36.90', '0.00', '0.00', '73.80', 'EA', '09-09-2023', '84807900'),
(35, 26, 'MP/23-24/1284', 3, 77, 1, 'Number', NULL, NULL, '4.13', '580.00', '580.00', 3, '12-09-2023', '12:57:36', 12, 9, 2023, 0, NULL, '2395.40', '2826.57', '215.59', '215.59', '0.00', '0.00', '431.17', 'EA', '09-09-2023', '84807900'),
(36, 26, 'MP/23-24/1284', 3, 86, 1, 'NOS', NULL, NULL, '6.05', '1000.00', '1000.00', 3, '12-09-2023', '12:58:39', 12, 9, 2023, 0, NULL, '6050.00', '7139.00', '544.50', '544.50', '0.00', '0.00', '1089.00', 'EA', '09-09-2023', '84807900'),
(37, 27, 'MP/23-24/1285', 2, 39, 1, 'Number', NULL, NULL, '3.23', '350.00', '350.00', 3, '12-09-2023', '01:00:50', 12, 9, 2023, 0, NULL, '1130.50', '1333.99', '101.75', '101.75', '0.00', '0.00', '203.49', 'PO0022324000223', '09-09-2023', '39231010'),
(38, 27, 'MP/23-24/1285', 2, 45, 1, 'Number', NULL, NULL, '2.96', '4000.00', '4000.00', 3, '12-09-2023', '01:01:10', 12, 9, 2023, 0, NULL, '11840.00', '13971.20', '1065.60', '1065.60', '0.00', '0.00', '2131.20', 'PO0022324000223', '09-09-2023', '39231010'),
(40, 27, 'MP/23-24/1285', 2, 42, 1, 'Number', NULL, NULL, '2.94', '1000.00', '1000.00', 3, '12-09-2023', '01:03:28', 12, 9, 2023, 0, NULL, '2940.00', '3469.20', '264.60', '264.60', '0.00', '0.00', '529.20', 'PO0022324000223', '09-09-2023', '39231010'),
(41, 28, 'MP/23-24/1286', 1, 15, 1, 'Number', NULL, NULL, '1.84', '16500.00', '16500.00', 3, '13-09-2023', '03:43:48', 13, 9, 2023, 0, NULL, '30360.00', '35824.80', '2732.40', '2732.40', '0.00', '0.00', '5464.80', '55OOO31713', '09-09-2023', '85129000'),
(42, 29, 'MP/23-24/1287', 1, 14, 1, 'Number', NULL, NULL, '15.86', '504.00', '504.00', 3, '13-09-2023', '03:44:51', 13, 9, 2023, 0, NULL, '7993.44', '9432.26', '719.41', '719.41', '0.00', '0.00', '1438.82', '5500029391', '09-09-2023', '85122010'),
(43, 30, 'MP/23-24/1288', 1, 11, 1, 'Number', NULL, NULL, '7.60', '3640.00', '3640.00', 3, '13-09-2023', '03:46:36', 13, 9, 2023, 0, NULL, '27663.98', '32643.50', '2489.76', '2489.76', '0.00', '0.00', '4979.52', '55OOO31713', '09-09-2023', '85414020'),
(44, 31, 'MP/23-24/1289', 1, 18, 1, 'Number', NULL, NULL, '4.35', '3360.00', '3360.00', 3, '13-09-2023', '03:47:27', 13, 9, 2023, 0, NULL, '14616.02', '17246.90', '1315.44', '1315.44', '0.00', '0.00', '2630.88', '55OOO31713', '09-09-2023', '85122010'),
(45, 31, 'MP/23-24/1289', 1, 19, 1, 'Number', NULL, NULL, '4.35', '3360.00', '3360.00', 3, '13-09-2023', '03:47:36', 13, 9, 2023, 0, NULL, '14616.02', '17246.90', '1315.44', '1315.44', '0.00', '0.00', '2630.88', '55OOO31713', '09-09-2023', '85122010'),
(46, 32, 'MP/23-24/1290', 1, 2, 1, 'Number', NULL, NULL, '19.24', '600.00', '600.00', 3, '13-09-2023', '03:48:52', 13, 9, 2023, 0, NULL, '11543.98', '13621.90', '1038.96', '1038.96', '0.00', '0.00', '2077.92', '55OOO31713', '09-09-2023', '85129000'),
(47, 33, 'MP/23-24/1291', 1, 15, 1, 'Number', NULL, NULL, '1.84', '22500.00', '22500.00', 3, '13-09-2023', '03:50:13', 13, 9, 2023, 0, NULL, '41400.00', '48852.00', '3726.00', '3726.00', '0.00', '0.00', '7452.00', '55OOO31713', '09-09-2023', '85129000'),
(48, 34, 'MP/23-24/1292', 1, 23, 1, 'Number', NULL, NULL, '3.45', '2880.00', '2880.00', 3, '13-09-2023', '03:51:16', 13, 9, 2023, 0, NULL, '9936.02', '11724.50', '894.24', '894.24', '0.00', '0.00', '1788.48', '5500029391', '09-09-2023', '85129000'),
(49, 35, 'MP/23-24/1293', 5, 103, 1, 'NOS', NULL, NULL, '1.71', '2000.00', '2000.00', 3, '13-09-2023', '05:30:57', 13, 9, 2023, 0, NULL, '3420.00', '4035.60', '307.80', '307.80', '0.00', '0.00', '615.60', 'RM-002', '13-09-2023', '87089900'),
(50, 35, 'MP/23-24/1293', 5, 101, 1, 'NOS', NULL, NULL, '2.40', '2000.00', '2000.00', 3, '13-09-2023', '05:31:06', 13, 9, 2023, 0, NULL, '4800.00', '5664.00', '432.00', '432.00', '0.00', '0.00', '864.00', 'RM-002', '13-09-2023', '87089900'),
(51, 35, 'MP/23-24/1293', 5, 112, 1, 'NOS', NULL, NULL, '0.77', '1000.00', '1000.00', 3, '13-09-2023', '05:31:19', 13, 9, 2023, 0, NULL, '770.00', '908.60', '69.30', '69.30', '0.00', '0.00', '138.60', 'RM-002', '13-09-2023', '85332929'),
(52, 35, 'MP/23-24/1293', 5, 115, 1, 'NOS', NULL, NULL, '0.98', '1000.00', '1000.00', 3, '13-09-2023', '05:31:29', 13, 9, 2023, 0, NULL, '980.00', '1156.40', '88.20', '88.20', '0.00', '0.00', '176.40', 'RM-002', '13-09-2023', '85332929'),
(53, 36, 'MP/23-24/1294', 2, 55, 1, 'Number', NULL, NULL, '2.40', '600.00', '600.00', 3, '15-09-2023', '08:57:16', 15, 9, 2023, 0, NULL, '1440.00', '1699.20', '129.60', '129.60', '0.00', '0.00', '259.20', 'PO0022324000223', '09-09-2023', '39261099'),
(54, 37, 'MP/23-24/1295', 1, 9, 1, 'Number', NULL, NULL, '64.30', '240.00', '240.00', 3, '15-09-2023', '08:58:24', 15, 9, 2023, 0, NULL, '15432.04', '18209.80', '1388.88', '1388.88', '0.00', '0.00', '2777.76', '55OOO31713', '09-09-2023', '85122010'),
(55, 38, 'MP/23-24/1296', 1, 2, 1, 'Number', NULL, NULL, '19.24', '480.00', '480.00', 3, '15-09-2023', '05:02:26', 15, 9, 2023, 0, NULL, '9235.16', '10897.50', '831.17', '831.17', '0.00', '0.00', '1662.34', '55OOO31713', '09-09-2023', '85129000'),
(56, 39, 'MP/23-24/1297', 1, 18, 1, 'Number', NULL, NULL, '4.35', '4480.00', '4480.00', 3, '15-09-2023', '05:03:42', 15, 9, 2023, 0, NULL, '19487.96', '22995.80', '1753.92', '1753.92', '0.00', '0.00', '3507.84', '55OOO31713', '09-09-2023', '85122010'),
(57, 39, 'MP/23-24/1297', 1, 19, 1, 'Number', NULL, NULL, '4.35', '4480.00', '4480.00', 3, '15-09-2023', '05:03:51', 15, 9, 2023, 0, NULL, '19487.96', '22995.80', '1753.92', '1753.92', '0.00', '0.00', '3507.84', '55OOO31713', '09-09-2023', '85122010'),
(58, 40, 'MP/23-24/1298', 1, 23, 1, 'Number', NULL, NULL, '3.45', '2880.00', '2880.00', 3, '15-09-2023', '05:04:46', 15, 9, 2023, 0, NULL, '9936.02', '11724.50', '894.24', '894.24', '0.00', '0.00', '1788.48', '5500029391', '09-09-2023', '85129000'),
(59, 41, 'MP/23-24/1299', 1, 14, 1, 'Number', NULL, NULL, '15.86', '1008.00', '1008.00', 3, '15-09-2023', '05:06:13', 15, 9, 2023, 0, NULL, '15986.86', '18864.50', '1438.82', '1438.82', '0.00', '0.00', '2877.64', '5500029391', '09-09-2023', '85122010'),
(60, 42, 'MP/23-24/1300', 2, 55, 1, 'Number', NULL, NULL, '2.40', '160.00', '160.00', 3, '15-09-2023', '05:07:09', 15, 9, 2023, 0, NULL, '384.00', '453.12', '34.56', '34.56', '0.00', '0.00', '69.12', 'PO0022324000223', '09-09-2023', '39261099'),
(61, 43, 'MP/23-24/1301', 1, 9, 1, 'Number', NULL, NULL, '64.30', '216.00', '216.00', 3, '16-09-2023', '02:21:30', 16, 9, 2023, 0, NULL, '13888.82', '16388.80', '1249.99', '1249.99', '0.00', '0.00', '2499.98', '55OOO31713', '09-09-2023', '85122010'),
(62, 44, 'MP/23-24/1302', 1, 9, 1, 'Number', NULL, NULL, '64.30', '360.00', '360.00', 3, '16-09-2023', '02:22:29', 16, 9, 2023, 0, NULL, '23147.96', '27314.60', '2083.32', '2083.32', '0.00', '0.00', '4166.64', '55OOO31713', '09-09-2023', '85122010'),
(63, 45, 'MP/23-24/1303', 2, 35, 1, 'Number', NULL, NULL, '2.79', '100.00', '100.00', 3, '16-09-2023', '02:24:17', 16, 9, 2023, 0, NULL, '279.00', '329.22', '25.11', '25.11', '0.00', '0.00', '50.22', 'PO0022324000223', '09-09-2023', '39261099'),
(64, 46, 'MP/23-24/1304', 8, 161, 1, 'NOS', NULL, NULL, '7.52', '3600.00', '3600.00', 3, '18-09-2023', '09:40:52', 18, 9, 2023, 0, NULL, '27072.04', '31945.00', '2436.48', '2436.48', '0.00', '0.00', '4872.96', '232412154', '12-09-2023', '7318'),
(65, 47, 'MP/23-24/1305', 9, 189, 1, 'NOS', NULL, NULL, '27.01', '3536.00', '3536.00', 3, '18-09-2023', '09:44:51', 18, 9, 2023, 0, NULL, '95507.70', '112699.00', '8595.66', '8595.66', '0.00', '0.00', '17191.30', 'IE-01', '18-09-2023', '39231010'),
(66, 47, 'MP/23-24/1305', 9, 188, 1, 'NOS', NULL, NULL, '10.91', '2500.00', '2500.00', 3, '18-09-2023', '09:45:09', 18, 9, 2023, 0, NULL, '27275.00', '32184.50', '2454.75', '2454.75', '0.00', '0.00', '4909.50', 'IE-01', '18-09-2023', '39231010'),
(67, 48, 'MP/23-24/1306', 1, 2, 1, 'Number', NULL, NULL, '19.24', '400.00', '400.00', 3, '18-09-2023', '09:46:31', 18, 9, 2023, 0, NULL, '7696.00', '9081.28', '692.64', '692.64', '0.00', '0.00', '1385.28', '55OOO31713', '09-09-2023', '85129000'),
(68, 49, 'MP/23-24/1307', 1, 9, 1, 'Number', NULL, NULL, '64.30', '360.00', '360.00', 3, '18-09-2023', '09:48:28', 18, 9, 2023, 0, NULL, '23147.96', '27314.60', '2083.32', '2083.32', '0.00', '0.00', '4166.64', '55OOO31713', '09-09-2023', '85122010'),
(69, 50, 'MP/23-24/1308', 1, 142, 1, 'Number', NULL, NULL, '4.41', '1152.00', '1152.00', 3, '18-09-2023', '09:50:14', 18, 9, 2023, 0, NULL, '5080.32', '5994.78', '457.23', '457.23', '0.00', '0.00', '914.46', '5500029270', '09-09-2023', '85129000'),
(70, 50, 'MP/23-24/1308', 1, 143, 1, 'Number', NULL, NULL, '4.41', '1152.00', '1152.00', 3, '18-09-2023', '09:50:22', 18, 9, 2023, 0, NULL, '5080.32', '5994.78', '457.23', '457.23', '0.00', '0.00', '914.46', '5500029270', '09-09-2023', '85129000'),
(71, 51, 'MP/23-24/1309', 1, 145, 1, 'Number', NULL, NULL, '3.70', '1440.00', '1440.00', 3, '18-09-2023', '09:51:48', 18, 9, 2023, 0, NULL, '5328.00', '6287.04', '479.52', '479.52', '0.00', '0.00', '959.04', '5500029270', '09-09-2023', '85129000'),
(72, 51, 'MP/23-24/1309', 1, 144, 1, 'Number', NULL, NULL, '3.70', '1440.00', '1440.00', 3, '18-09-2023', '09:53:43', 18, 9, 2023, 0, NULL, '5328.00', '6287.04', '479.52', '479.52', '0.00', '0.00', '959.04', '5500029270', '09-09-2023', '85129000'),
(73, 52, 'MP/23-24/1310', 6, 123, 1, 'Number', NULL, NULL, '2.08', '22000.00', '22000.00', 3, '18-09-2023', '10:00:27', 18, 9, 2023, 0, NULL, '45760.00', '53996.80', '4118.40', '4118.40', '0.00', '0.00', '8236.80', 'SH-11', '12-09-2023', '85122093'),
(74, 53, 'MP/23-24/1311', 6, 119, 1, 'Number', NULL, NULL, '1.60', '20000.00', '20000.00', 3, '18-09-2023', '10:02:25', 18, 9, 2023, 0, NULL, '32000.00', '37760.00', '2880.00', '2880.00', '0.00', '0.00', '5760.00', 'SH-11', '12-09-2023', '85122093'),
(75, 53, 'MP/23-24/1311', 6, 123, 1, 'Number', NULL, NULL, '2.08', '2000.00', '2000.00', 3, '18-09-2023', '10:02:33', 18, 9, 2023, 0, NULL, '4160.00', '4908.80', '374.40', '374.40', '0.00', '0.00', '748.80', 'SH-11', '12-09-2023', '85122093'),
(76, 54, 'MP/23-24/1312', 1, 18, 1, 'Number', NULL, NULL, '4.35', '3360.00', '3360.00', 3, '18-09-2023', '10:04:18', 18, 9, 2023, 0, NULL, '14616.02', '17246.90', '1315.44', '1315.44', '0.00', '0.00', '2630.88', '55OOO31713', '09-09-2023', '85122010'),
(77, 54, 'MP/23-24/1312', 1, 19, 1, 'Number', NULL, NULL, '4.35', '3360.00', '3360.00', 3, '18-09-2023', '10:04:29', 18, 9, 2023, 0, NULL, '14616.02', '17246.90', '1315.44', '1315.44', '0.00', '0.00', '2630.88', '55OOO31713', '09-09-2023', '85122010'),
(78, 55, 'MP/23-24/1313', 1, 20, 1, 'Number', NULL, NULL, '2.41', '1008.00', '1008.00', 3, '18-09-2023', '10:05:38', 18, 9, 2023, 0, NULL, '2429.28', '2866.55', '218.63', '218.63', '0.00', '0.00', '437.27', '55OOO31713', '09-09-2023', '85122010'),
(79, 55, 'MP/23-24/1313', 1, 21, 1, 'Number', NULL, NULL, '2.41', '1008.00', '1008.00', 3, '18-09-2023', '10:05:45', 18, 9, 2023, 0, NULL, '2429.28', '2866.55', '218.63', '218.63', '0.00', '0.00', '437.27', '55OOO31713', '09-09-2023', '85122010'),
(80, 56, 'MP/23-24/1314', 1, 24, 1, 'Number', NULL, NULL, '1.50', '4500.00', '4500.00', 3, '18-09-2023', '10:15:17', 18, 9, 2023, 0, NULL, '6750.00', '7965.00', '607.50', '607.50', '0.00', '0.00', '1215.00', '55OOO31713', '09-09-2023', '85414020'),
(81, 57, 'MP/23-24/1315', 1, 14, 1, 'Number', NULL, NULL, '15.86', '840.00', '840.00', 3, '18-09-2023', '10:16:06', 18, 9, 2023, 0, NULL, '13322.37', '15720.40', '1199.02', '1199.02', '0.00', '0.00', '2398.03', '5500029391', '09-09-2023', '85122010'),
(82, 58, 'MP/23-24/1316', 1, 9, 1, 'Number', NULL, NULL, '64.30', '240.00', '240.00', 3, '18-09-2023', '10:18:23', 18, 9, 2023, 0, NULL, '15432.04', '18209.80', '1388.88', '1388.88', '0.00', '0.00', '2777.76', '55OOO31713', '09-09-2023', '85122010'),
(83, 59, 'MP/23-24/1317', 1, 23, 1, 'Number', NULL, NULL, '3.45', '7200.00', '7200.00', 3, '18-09-2023', '10:20:35', 18, 9, 2023, 0, NULL, '24840.00', '29311.20', '2235.60', '2235.60', '0.00', '0.00', '4471.20', '5500029391', '09-09-2023', '85129000'),
(84, 60, 'MP/23-24/1318', 3, 77, 1, 'Number', NULL, NULL, '4.13', '580.00', '580.00', 3, '19-09-2023', '02:12:17', 19, 9, 2023, 0, NULL, '2395.40', '2826.57', '215.59', '215.59', '0.00', '0.00', '431.17', 'EA', '09-09-2023', '84807900'),
(85, 61, 'MP/23-24/1319', 3, 84, 1, 'Number', NULL, NULL, '5.58', '2000.00', '2000.00', 3, '19-09-2023', '02:14:06', 19, 9, 2023, 0, NULL, '11160.00', '13168.80', '1004.40', '1004.40', '0.00', '0.00', '2008.80', 'EA', '09-09-2023', '84807900'),
(87, 62, 'MP/23-24/1320', 2, 54, 1, 'NOS', NULL, NULL, '4.30', '15000.00', '15000.00', 3, '19-09-2023', '05:45:39', 19, 9, 2023, 0, NULL, '64500.00', '76110.00', '5805.00', '5805.00', '0.00', '0.00', '11610.00', 'PO0022324000223', '09-09-2023', '39231010'),
(88, 62, 'MP/23-24/1320', 2, 40, 1, 'Number', NULL, NULL, '4.94', '12000.00', '12000.00', 3, '19-09-2023', '05:45:56', 19, 9, 2023, 0, NULL, '59280.00', '69950.40', '5335.20', '5335.20', '0.00', '0.00', '10670.40', 'PO0022324000223', '09-09-2023', '39231010'),
(89, 62, 'MP/23-24/1320', 2, 32, 1, 'Number', NULL, NULL, '1.30', '5000.00', '5000.00', 3, '19-09-2023', '05:47:46', 19, 9, 2023, 0, NULL, '6500.00', '7670.00', '585.00', '585.00', '0.00', '0.00', '1170.00', 'PO0022324000223', '09-09-2023', '39261099'),
(90, 62, 'MP/23-24/1320', 2, 44, 1, 'Number', NULL, NULL, '2.91', '4000.00', '4000.00', 3, '19-09-2023', '05:48:04', 19, 9, 2023, 0, NULL, '11640.00', '13735.20', '1047.60', '1047.60', '0.00', '0.00', '2095.20', 'PO0022324000223', '09-09-2023', '39231010'),
(91, 63, 'MP/23-24/1321', 1, 9, 1, 'Number', NULL, NULL, '64.30', '144.00', '144.00', 3, '19-09-2023', '05:49:02', 19, 9, 2023, 0, NULL, '9259.24', '10925.90', '833.33', '833.33', '0.00', '0.00', '1666.66', '55OOO31713', '09-09-2023', '85122010'),
(92, 64, 'MP/23-24/1322', 1, 23, 1, 'Number', NULL, NULL, '3.45', '1440.00', '1440.00', 3, '19-09-2023', '05:50:59', 19, 9, 2023, 0, NULL, '4968.00', '5862.24', '447.12', '447.12', '0.00', '0.00', '894.24', '5500029391', '09-09-2023', '85129000'),
(93, 65, 'MP/23-24/1323', 1, 18, 1, 'Number', NULL, NULL, '4.35', '3360.00', '3360.00', 3, '19-09-2023', '05:51:53', 19, 9, 2023, 0, NULL, '14616.02', '17246.90', '1315.44', '1315.44', '0.00', '0.00', '2630.88', '55OOO31713', '09-09-2023', '85122010'),
(94, 65, 'MP/23-24/1323', 1, 19, 1, 'Number', NULL, NULL, '4.35', '3360.00', '3360.00', 3, '19-09-2023', '05:52:01', 19, 9, 2023, 0, NULL, '14616.02', '17246.90', '1315.44', '1315.44', '0.00', '0.00', '2630.88', '55OOO31713', '09-09-2023', '85122010'),
(95, 66, 'MP/23-24/1324', 1, 20, 1, 'Number', NULL, NULL, '2.41', '2352.00', '2352.00', 3, '19-09-2023', '05:52:53', 19, 9, 2023, 0, NULL, '5668.32', '6688.62', '510.15', '510.15', '0.00', '0.00', '1020.30', '55OOO31713', '09-09-2023', '85122010'),
(96, 66, 'MP/23-24/1324', 1, 21, 1, 'Number', NULL, NULL, '2.41', '2352.00', '2352.00', 3, '19-09-2023', '05:53:01', 19, 9, 2023, 0, NULL, '5668.32', '6688.62', '510.15', '510.15', '0.00', '0.00', '1020.30', '55OOO31713', '09-09-2023', '85122010'),
(97, 67, 'MP/23-24/1325', 1, 144, 1, 'Number', NULL, NULL, '3.70', '1440.00', '1440.00', 3, '19-09-2023', '05:53:57', 19, 9, 2023, 0, NULL, '5328.00', '6287.04', '479.52', '479.52', '0.00', '0.00', '959.04', '5500029270', '09-09-2023', '85129000'),
(98, 67, 'MP/23-24/1325', 1, 145, 1, 'Number', NULL, NULL, '3.70', '1440.00', '1440.00', 3, '19-09-2023', '05:54:05', 19, 9, 2023, 0, NULL, '5328.00', '6287.04', '479.52', '479.52', '0.00', '0.00', '959.04', '5500029270', '09-09-2023', '85129000'),
(99, 68, 'MP/23-24/1326', 1, 146, 1, 'Number', NULL, NULL, '2.71', '1200.00', '1200.00', 3, '19-09-2023', '05:55:04', 19, 9, 2023, 0, NULL, '3252.00', '3837.36', '292.68', '292.68', '0.00', '0.00', '585.36', '5500029270', '09-09-2023', '85129000'),
(100, 69, 'MP/23-24/1327', 1, 20, 1, 'Number', NULL, NULL, '2.41', '1680.00', '1680.00', 3, '19-09-2023', '05:55:51', 19, 9, 2023, 0, NULL, '4048.80', '4777.58', '364.39', '364.39', '0.00', '0.00', '728.78', '55OOO31713', '09-09-2023', '85122010'),
(101, 69, 'MP/23-24/1327', 1, 21, 1, 'Number', NULL, NULL, '2.41', '1680.00', '1680.00', 3, '19-09-2023', '05:55:57', 19, 9, 2023, 0, NULL, '4048.80', '4777.58', '364.39', '364.39', '0.00', '0.00', '728.78', '55OOO31713', '09-09-2023', '85122010'),
(102, 70, 'MP/23-24/1328', 1, 3, 1, 'Number', NULL, NULL, '64.30', '120.00', '120.00', 3, '19-09-2023', '05:56:57', 19, 9, 2023, 0, NULL, '7716.00', '9104.88', '694.44', '694.44', '0.00', '0.00', '1388.88', '55OOO31713', '09-09-2023', '85122010'),
(103, 71, 'MP/23-24/1329', 1, 11, 1, 'Number', NULL, NULL, '7.60', '1820.00', '1820.00', 3, '19-09-2023', '05:57:48', 19, 9, 2023, 0, NULL, '13832.04', '16321.80', '1244.88', '1244.88', '0.00', '0.00', '2489.76', '55OOO31713', '09-09-2023', '85414020'),
(104, 72, 'MP/23-24/1330', 1, 14, 1, 'Number', NULL, NULL, '15.86', '840.00', '840.00', 3, '19-09-2023', '05:58:40', 19, 9, 2023, 0, NULL, '13322.37', '15720.40', '1199.02', '1199.02', '0.00', '0.00', '2398.03', '5500029391', '09-09-2023', '85122010'),
(105, 73, 'MP/23-24/1331', 1, 2, 1, 'Number', NULL, NULL, '19.24', '160.00', '160.00', 3, '19-09-2023', '05:59:25', 19, 9, 2023, 0, NULL, '3078.40', '3632.51', '277.06', '277.06', '0.00', '0.00', '554.11', '55OOO31713', '09-09-2023', '85129000'),
(106, 74, 'MP/23-24/1332', 1, 9, 1, 'Number', NULL, NULL, '64.30', '120.00', '120.00', 3, '19-09-2023', '06:00:29', 19, 9, 2023, 0, NULL, '7716.00', '9104.88', '694.44', '694.44', '0.00', '0.00', '1388.88', '55OOO31713', '09-09-2023', '85122010'),
(107, 75, 'MP/23-24/1333', 1, 22, 1, 'Number', NULL, NULL, '4.52', '660.00', '660.00', 3, '19-09-2023', '06:01:30', 19, 9, 2023, 0, NULL, '2983.20', '3520.18', '268.49', '268.49', '0.00', '0.00', '536.98', '5500029391', '09-09-2023', '85129000'),
(108, 76, 'MP/23-24/1334', 1, 15, 1, 'Number', NULL, NULL, '1.84', '16500.00', '16500.00', 3, '26-09-2023', '08:57:24', 26, 9, 2023, 0, NULL, '30360.00', '35824.80', '2732.40', '2732.40', '0.00', '0.00', '5464.80', '55OOO31713', '09-09-2023', '85129000'),
(109, 77, 'MP/23-24/1335', 1, 9, 1, 'Number', NULL, NULL, '64.30', '288.00', '288.00', 3, '26-09-2023', '08:58:28', 26, 9, 2023, 0, NULL, '18518.39', '21851.70', '1666.66', '1666.66', '0.00', '0.00', '3333.31', '55OOO31713', '09-09-2023', '85122010'),
(110, 78, 'MP/23-24/1336', 1, 10, 1, 'Number', NULL, NULL, '0.74', '15000.00', '15000.00', 3, '26-09-2023', '08:59:40', 26, 9, 2023, 0, NULL, '11100.00', '13098.00', '999.00', '999.00', '0.00', '0.00', '1998.00', '55OOO31713', '09-09-2023', '85129000'),
(111, 79, 'MP/23-24/1337', 1, 14, 1, 'Number', NULL, NULL, '15.86', '336.00', '336.00', 3, '26-09-2023', '09:00:23', 26, 9, 2023, 0, NULL, '5328.96', '6288.17', '479.61', '479.61', '0.00', '0.00', '959.21', '5500029391', '09-09-2023', '85122010'),
(112, 80, 'MP/23-24/1338', 1, 22, 1, 'Number', NULL, NULL, '4.52', '1980.00', '1980.00', 3, '26-09-2023', '09:01:20', 26, 9, 2023, 0, NULL, '8949.57', '10560.50', '805.46', '805.46', '0.00', '0.00', '1610.93', '5500029391', '09-09-2023', '85129000'),
(113, 81, 'MP/23-24/1339', 1, 1, 1, 'Number', NULL, NULL, '64.82', '384.00', '384.00', 3, '26-09-2023', '09:02:18', 26, 9, 2023, 0, NULL, '24890.84', '29371.20', '2240.18', '2240.18', '0.00', '0.00', '4480.36', '55OOO31713', '09-09-2023', '85129000'),
(114, 82, 'MP/23-24/1340', 1, 14, 1, 'Number', NULL, NULL, '15.86', '1008.00', '1008.00', 3, '26-09-2023', '09:03:20', 26, 9, 2023, 0, NULL, '15986.86', '18864.50', '1438.82', '1438.82', '0.00', '0.00', '2877.64', '5500029391', '09-09-2023', '85122010'),
(115, 83, 'MP/23-24/1341', 2, 55, 1, 'Number', NULL, NULL, '2.40', '4000.00', '4000.00', 3, '26-09-2023', '09:04:45', 26, 9, 2023, 0, NULL, '9600.00', '11328.00', '864.00', '864.00', '0.00', '0.00', '1728.00', 'PO0022324000223', '09-09-2023', '39261099'),
(116, 84, 'MP/23-24/1342', 12, 135, 1, 'Number', NULL, NULL, '0.05', '274000.00', '274000.00', 3, '26-09-2023', '09:07:43', 26, 9, 2023, 0, NULL, '13700.00', '16166.00', '1233.00', '1233.00', '0.00', '0.00', '2466.00', 'AP-01', '26-09-2023', '9988'),
(117, 85, 'MP/23-24/1343', 1, 2, 1, 'Number', NULL, NULL, '19.24', '960.00', '960.00', 3, '26-09-2023', '09:09:21', 26, 9, 2023, 0, NULL, '18470.43', '21795.10', '1662.34', '1662.34', '0.00', '0.00', '3324.67', '55OOO31713', '09-09-2023', '85129000'),
(118, 86, 'MP/23-24/1344', 1, 10, 1, 'Number', NULL, NULL, '0.74', '20000.00', '20000.00', 3, '26-09-2023', '09:10:13', 26, 9, 2023, 0, NULL, '14800.00', '17464.00', '1332.00', '1332.00', '0.00', '0.00', '2664.00', '55OOO31713', '09-09-2023', '85129000'),
(119, 87, 'MP/23-24/1345', 1, 14, 1, 'Number', NULL, NULL, '15.86', '840.00', '840.00', 3, '26-09-2023', '09:11:17', 26, 9, 2023, 0, NULL, '13322.37', '15720.40', '1199.02', '1199.02', '0.00', '0.00', '2398.03', '5500029391', '09-09-2023', '85122010'),
(120, 88, 'MP/23-24/1346', 1, 18, 1, 'Number', NULL, NULL, '4.35', '4480.00', '4480.00', 3, '26-09-2023', '09:12:49', 26, 9, 2023, 0, NULL, '19487.96', '22995.80', '1753.92', '1753.92', '0.00', '0.00', '3507.84', '55OOO31713', '09-09-2023', '85122010'),
(121, 88, 'MP/23-24/1346', 1, 19, 1, 'Number', NULL, NULL, '4.35', '4480.00', '4480.00', 3, '26-09-2023', '09:12:58', 26, 9, 2023, 0, NULL, '19487.96', '22995.80', '1753.92', '1753.92', '0.00', '0.00', '3507.84', '55OOO31713', '09-09-2023', '85122010'),
(122, 89, 'MP/23-24/1347', 6, 123, 1, 'Number', NULL, NULL, '2.08', '15000.00', '15000.00', 3, '26-09-2023', '09:13:58', 26, 9, 2023, 0, NULL, '31200.00', '36816.00', '2808.00', '2808.00', '0.00', '0.00', '5616.00', 'SH-11', '12-09-2023', '85122093'),
(123, 90, 'MP/23-24/1348', 8, 161, 1, 'NOS', NULL, NULL, '7.52', '2400.00', '2400.00', 3, '26-09-2023', '09:15:03', 26, 9, 2023, 0, NULL, '18047.96', '21296.60', '1624.32', '1624.32', '0.00', '0.00', '3248.64', '232412154', '12-09-2023', '7318'),
(124, 91, 'MP/23-24/1349', 1, 1, 1, 'Number', NULL, NULL, '64.82', '120.00', '120.00', 3, '26-09-2023', '09:16:25', 26, 9, 2023, 0, NULL, '7778.40', '9178.51', '700.06', '700.06', '0.00', '0.00', '1400.11', '55OOO31713', '09-09-2023', '85129000'),
(125, 92, 'MP/23-24/1350', 1, 15, 1, 'Number', NULL, NULL, '1.84', '15000.00', '15000.00', 3, '26-09-2023', '09:17:16', 26, 9, 2023, 0, NULL, '27600.00', '32568.00', '2484.00', '2484.00', '0.00', '0.00', '4968.00', '55OOO31713', '09-09-2023', '85129000'),
(126, 93, 'MP/23-24/1351', 1, 1, 1, 'Number', NULL, NULL, '64.82', '240.00', '240.00', 3, '26-09-2023', '09:18:11', 26, 9, 2023, 0, NULL, '15556.78', '18357.00', '1400.11', '1400.11', '0.00', '0.00', '2800.22', '55OOO31713', '09-09-2023', '85129000'),
(127, 95, 'MP/23-24/1352', 2, 29, 1, 'Number', NULL, NULL, '45.00', '4284.00', '4284.00', 3, '26-09-2023', '09:20:55', 26, 9, 2023, 0, NULL, '192779.60', '227480.00', '17350.20', '17350.20', '0.00', '0.00', '34700.40', 'PO0022324000223', '09-09-2023', '39231010'),
(128, 96, 'MP/23-24/1353', 2, 52, 1, 'Number', NULL, NULL, '101.20', '204.00', '204.00', 3, '26-09-2023', '09:21:47', 26, 9, 2023, 0, NULL, '20644.84', '24360.90', '1858.03', '1858.03', '0.00', '0.00', '3716.06', 'PO0022324000223', '09-09-2023', '39269099'),
(129, 97, 'MP/23-24/1354', 9, 196, 1, 'NOS', NULL, NULL, '12.50', '736.00', '736.00', 3, '26-09-2023', '09:31:29', 26, 9, 2023, 0, NULL, '9200.00', '10856.00', '828.00', '828.00', '0.00', '0.00', '1656.00', 'IE-01', '18-09-2023', '39231010'),
(130, 98, 'MP/23-24/1355', 1, 2, 1, 'Number', NULL, NULL, '19.24', '240.00', '240.00', 3, '26-09-2023', '09:33:15', 26, 9, 2023, 0, NULL, '4617.60', '5448.77', '415.58', '415.58', '0.00', '0.00', '831.17', '55OOO31713', '09-09-2023', '85129000'),
(131, 99, 'MP/23-24/1356', 1, 14, 1, 'Number', NULL, NULL, '15.86', '1344.00', '1344.00', 3, '26-09-2023', '09:35:08', 26, 9, 2023, 0, NULL, '21315.85', '25152.70', '1918.43', '1918.43', '0.00', '0.00', '3836.85', '5500029391', '09-09-2023', '85122010'),
(132, 100, 'MP/23-24/1357', 1, 22, 1, 'Number', NULL, NULL, '4.52', '6600.00', '6600.00', 3, '26-09-2023', '09:36:01', 26, 9, 2023, 0, NULL, '29832.04', '35201.80', '2684.88', '2684.88', '0.00', '0.00', '5369.76', '5500029391', '09-09-2023', '85129000'),
(133, 101, 'MP/23-24/1358', 1, 18, 1, 'Number', NULL, NULL, '4.35', '4480.00', '4480.00', 3, '26-09-2023', '09:36:49', 26, 9, 2023, 0, NULL, '19487.96', '22995.80', '1753.92', '1753.92', '0.00', '0.00', '3507.84', '55OOO31713', '09-09-2023', '85122010'),
(134, 101, 'MP/23-24/1358', 1, 19, 1, 'Number', NULL, NULL, '4.35', '4480.00', '4480.00', 3, '26-09-2023', '09:36:56', 26, 9, 2023, 0, NULL, '19487.96', '22995.80', '1753.92', '1753.92', '0.00', '0.00', '3507.84', '55OOO31713', '09-09-2023', '85122010'),
(135, 102, 'MP/23-24/1359', 1, 18, 1, 'Number', NULL, NULL, '4.35', '4480.00', '4480.00', 3, '27-09-2023', '08:24:29', 27, 9, 2023, 0, NULL, '19487.96', '22995.80', '1753.92', '1753.92', '0.00', '0.00', '3507.84', '55OOO31713', '09-09-2023', '85122010'),
(136, 102, 'MP/23-24/1359', 1, 19, 1, 'Number', NULL, NULL, '4.35', '4480.00', '4480.00', 3, '27-09-2023', '08:24:37', 27, 9, 2023, 0, NULL, '19487.96', '22995.80', '1753.92', '1753.92', '0.00', '0.00', '3507.84', '55OOO31713', '09-09-2023', '85122010'),
(137, 103, 'MP/23-24/1360', 1, 11, 1, 'Number', NULL, NULL, '7.60', '3640.00', '3640.00', 3, '27-09-2023', '08:25:48', 27, 9, 2023, 0, NULL, '27663.98', '32643.50', '2489.76', '2489.76', '0.00', '0.00', '4979.52', '55OOO31713', '09-09-2023', '85414020'),
(138, 104, 'MP/23-24/1361', 1, 15, 1, 'Number', NULL, NULL, '1.84', '9000.00', '9000.00', 3, '27-09-2023', '08:26:52', 27, 9, 2023, 0, NULL, '16560.00', '19540.80', '1490.40', '1490.40', '0.00', '0.00', '2980.80', '55OOO31713', '09-09-2023', '85129000'),
(139, 105, 'MP/23-24/1362', 1, 142, 1, 'Number', NULL, NULL, '4.41', '1152.00', '1152.00', 3, '27-09-2023', '08:27:52', 27, 9, 2023, 0, NULL, '5080.32', '5994.78', '457.23', '457.23', '0.00', '0.00', '914.46', '5500029270', '09-09-2023', '85129000'),
(140, 105, 'MP/23-24/1362', 1, 143, 1, 'Number', NULL, NULL, '4.41', '1152.00', '1152.00', 3, '27-09-2023', '08:28:05', 27, 9, 2023, 0, NULL, '5080.32', '5994.78', '457.23', '457.23', '0.00', '0.00', '914.46', '5500029270', '09-09-2023', '85129000'),
(141, 106, 'MP/23-24/1363', 1, 14, 1, 'Number', NULL, NULL, '15.86', '840.00', '840.00', 3, '27-09-2023', '08:28:59', 27, 9, 2023, 0, NULL, '13322.37', '15720.40', '1199.02', '1199.02', '0.00', '0.00', '2398.03', '5500029391', '09-09-2023', '85122010'),
(142, 107, 'MP/23-24/1364', 2, 45, 1, 'Number', NULL, NULL, '2.96', '3000.00', '3000.00', 3, '29-09-2023', '08:33:17', 29, 9, 2023, 0, NULL, '8880.00', '10478.40', '799.20', '799.20', '0.00', '0.00', '1598.40', 'PO0022324000223', '09-09-2023', '39231010'),
(143, 107, 'MP/23-24/1364', 2, 44, 1, 'Number', NULL, NULL, '2.91', '6000.00', '6000.00', 3, '29-09-2023', '08:33:32', 29, 9, 2023, 0, NULL, '17460.00', '20602.80', '1571.40', '1571.40', '0.00', '0.00', '3142.80', 'PO0022324000223', '09-09-2023', '39231010'),
(144, 107, 'MP/23-24/1364', 2, 29, 1, 'Number', NULL, NULL, '45.00', '3780.00', '3780.00', 3, '29-09-2023', '08:34:18', 29, 9, 2023, 0, NULL, '170100.00', '200718.00', '15309.00', '15309.00', '0.00', '0.00', '30618.00', 'PO0022324000223', '09-09-2023', '39231010'),
(145, 108, 'MP/23-24/1365', 1, 1, 1, 'Number', NULL, NULL, '64.82', '480.00', '480.00', 3, '29-09-2023', '08:35:07', 29, 9, 2023, 0, NULL, '31113.55', '36714.00', '2800.22', '2800.22', '0.00', '0.00', '5600.45', '55OOO31713', '09-09-2023', '85129000'),
(146, 109, 'MP/23-24/1366', 1, 14, 1, 'Number', NULL, NULL, '15.86', '1512.00', '1512.00', 3, '29-09-2023', '08:36:39', 29, 9, 2023, 0, NULL, '23980.34', '28296.80', '2158.23', '2158.23', '0.00', '0.00', '4316.46', '5500029391', '09-09-2023', '85122010'),
(147, 110, 'MP/23-24/1367', 1, 142, 1, 'Number', NULL, NULL, '4.41', '1152.00', '1152.00', 3, '29-09-2023', '08:37:49', 29, 9, 2023, 0, NULL, '5080.32', '5994.78', '457.23', '457.23', '0.00', '0.00', '914.46', '5500029270', '09-09-2023', '85129000'),
(148, 110, 'MP/23-24/1367', 1, 143, 1, 'Number', NULL, NULL, '4.41', '1152.00', '1152.00', 3, '29-09-2023', '08:38:00', 29, 9, 2023, 0, NULL, '5080.32', '5994.78', '457.23', '457.23', '0.00', '0.00', '914.46', '5500029270', '09-09-2023', '85129000'),
(149, 111, 'MP/23-24/1368', 8, 161, 1, 'NOS', NULL, NULL, '7.52', '4500.00', '4500.00', 3, '29-09-2023', '08:39:05', 29, 9, 2023, 0, NULL, '33840.00', '39931.20', '3045.60', '3045.60', '0.00', '0.00', '6091.20', '232412154', '12-09-2023', '7318'),
(150, 112, 'MP/23-24/1369', 22, 169, 1, 'NOS', NULL, NULL, '13.50', '2500.00', '2500.00', 3, '30-09-2023', '12:28:56', 30, 9, 2023, 0, NULL, '33750.00', '39825.00', '3037.50', '3037.50', '0.00', '0.00', '6075.00', 'KE-01', '30-09-2023', '84801010'),
(151, 113, 'MP/23-24/1370', 2, 168, 1, 'NOS', NULL, NULL, '95.00', '200.00', '200.00', 3, '30-09-2023', '12:30:11', 30, 9, 2023, 0, NULL, '19000.00', '22420.00', '1710.00', '1710.00', '0.00', '0.00', '3420.00', 'PO0022324000223', '09-09-2023', '39239090'),
(152, 114, 'MP/23-24/1371', 6, 123, 1, 'Number', NULL, NULL, '2.08', '17000.00', '17000.00', 3, '30-09-2023', '12:31:12', 30, 9, 2023, 0, NULL, '35360.00', '41724.80', '3182.40', '3182.40', '0.00', '0.00', '6364.80', 'SH-11', '12-09-2023', '85122093'),
(153, 114, 'MP/23-24/1371', 6, 124, 1, 'Number', NULL, NULL, '2.34', '4000.00', '4000.00', 3, '30-09-2023', '12:33:08', 30, 9, 2023, 0, NULL, '9360.00', '11044.80', '842.40', '842.40', '0.00', '0.00', '1684.80', 'SH-11', '12-09-2023', '85122093'),
(154, 114, 'MP/23-24/1371', 6, 121, 1, 'Number', NULL, NULL, '2.10', '9000.00', '9000.00', 3, '30-09-2023', '12:33:24', 30, 9, 2023, 0, NULL, '18900.00', '22302.00', '1701.00', '1701.00', '0.00', '0.00', '3402.00', 'SH-11', '12-09-2023', '85122093'),
(155, 115, 'MP/23-24/1372', 3, 66, 1, 'Number', NULL, NULL, '93.70', '540.00', '540.00', 3, '30-09-2023', '12:34:31', 30, 9, 2023, 0, NULL, '50597.96', '59705.60', '4553.82', '4553.82', '0.00', '0.00', '9107.64', 'EA', '09-09-2023', '39269099'),
(156, 115, 'MP/23-24/1372', 3, 77, 1, 'Number', NULL, NULL, '4.13', '560.00', '560.00', 3, '30-09-2023', '12:34:48', 30, 9, 2023, 0, NULL, '2312.80', '2729.10', '208.15', '208.15', '0.00', '0.00', '416.30', 'EA', '09-09-2023', '84807900'),
(157, 115, 'MP/23-24/1372', 3, 69, 1, 'Number', NULL, NULL, '3.21', '2350.00', '2350.00', 3, '30-09-2023', '12:35:32', 30, 9, 2023, 0, NULL, '7543.50', '8901.33', '678.91', '678.91', '0.00', '0.00', '1357.83', 'EA', '09-09-2023', '39169090'),
(158, 116, 'MP/23-24/1373', 1, 18, 1, 'Number', NULL, NULL, '4.35', '1680.00', '1680.00', 3, '30-09-2023', '12:37:26', 30, 9, 2023, 0, NULL, '7308.00', '8623.44', '657.72', '657.72', '0.00', '0.00', '1315.44', '55OOO31713', '09-09-2023', '85122010'),
(159, 116, 'MP/23-24/1373', 1, 19, 1, 'Number', NULL, NULL, '4.35', '1680.00', '1680.00', 3, '30-09-2023', '12:37:36', 30, 9, 2023, 0, NULL, '7308.00', '8623.44', '657.72', '657.72', '0.00', '0.00', '1315.44', '55OOO31713', '09-09-2023', '85122010'),
(160, 117, 'MP/23-24/1374', 1, 14, 1, 'Number', NULL, NULL, '15.86', '1512.00', '1512.00', 3, '30-09-2023', '12:38:31', 30, 9, 2023, 0, NULL, '23980.34', '28296.80', '2158.23', '2158.23', '0.00', '0.00', '4316.46', '5500029391', '09-09-2023', '85122010'),
(161, 118, 'MP/23-24/1375', 1, 1, 1, 'Number', NULL, NULL, '64.82', '456.00', '456.00', 3, '30-09-2023', '12:39:17', 30, 9, 2023, 0, NULL, '29557.87', '34878.30', '2660.21', '2660.21', '0.00', '0.00', '5320.43', '55OOO31713', '09-09-2023', '85129000'),
(162, 119, 'MP/23-24/1376', 1, 11, 1, 'Number', NULL, NULL, '7.60', '364.00', '364.00', 3, '02-10-2023', '05:14:34', 2, 10, 2023, 0, NULL, '2766.40', '3264.35', '248.98', '248.98', '0.00', '0.00', '497.95', '55OOO31713', '09-09-2023', '85414020'),
(163, 120, 'MP/23-24/1377', 1, 19, 1, 'Number', NULL, NULL, '4.35', '1680.00', '1680.00', 3, '02-10-2023', '05:15:46', 2, 10, 2023, 0, NULL, '7308.00', '8623.44', '657.72', '657.72', '0.00', '0.00', '1315.44', '55OOO31713', '09-09-2023', '85122010'),
(164, 120, 'MP/23-24/1377', 1, 18, 1, 'Number', NULL, NULL, '4.35', '1680.00', '1680.00', 3, '02-10-2023', '05:16:09', 2, 10, 2023, 0, NULL, '7308.00', '8623.44', '657.72', '657.72', '0.00', '0.00', '1315.44', '55OOO31713', '09-09-2023', '85122010'),
(165, 121, 'MP/23-24/1378', 1, 22, 1, 'Number', NULL, NULL, '4.52', '11220.00', '11220.00', 3, '02-10-2023', '05:17:20', 2, 10, 2023, 0, NULL, '50714.41', '59843.00', '4564.30', '4564.30', '0.00', '0.00', '9128.59', '5500029391', '09-09-2023', '85129000'),
(166, 122, 'MP/23-24/1379', 1, 14, 1, 'Number', NULL, NULL, '15.86', '2016.00', '2016.00', 3, '02-10-2023', '05:18:01', 2, 10, 2023, 0, NULL, '31973.72', '37729.00', '2877.64', '2877.64', '0.00', '0.00', '5755.28', '5500029391', '09-09-2023', '85122010'),
(167, 123, 'MP/23-24/1380', 1, 24, 1, 'Number', NULL, NULL, '1.50', '12000.00', '12000.00', 3, '02-10-2023', '05:19:05', 2, 10, 2023, 0, NULL, '18000.00', '21240.00', '1620.00', '1620.00', '0.00', '0.00', '3240.00', '55OOO31713', '09-09-2023', '85414020'),
(168, 124, 'MP/23-24/1381', 1, 15, 1, 'Number', NULL, NULL, '1.84', '9000.00', '9000.00', 3, '02-10-2023', '05:20:21', 2, 10, 2023, 0, NULL, '16560.00', '19540.80', '1490.40', '1490.40', '0.00', '0.00', '2980.80', '55OOO31713', '09-09-2023', '85129000'),
(169, 125, 'MP/23-24/1382', 2, 29, 1, 'Number', NULL, NULL, '45.00', '84.00', '84.00', 3, '02-10-2023', '05:21:21', 2, 10, 2023, 0, NULL, '3780.00', '4460.40', '340.20', '340.20', '0.00', '0.00', '680.40', 'PO0022324000223', '09-09-2023', '39231010'),
(170, 125, 'MP/23-24/1382', 2, 40, 1, 'Number', NULL, NULL, '4.94', '1000.00', '1000.00', 3, '02-10-2023', '05:21:36', 2, 10, 2023, 0, NULL, '4940.00', '5829.20', '444.60', '444.60', '0.00', '0.00', '889.20', 'PO0022324000223', '09-09-2023', '39231010'),
(171, 126, 'MP/23-24/1383', 1, 18, 1, 'Number', NULL, NULL, '4.35', '3360.00', '3360.00', 3, '02-10-2023', '05:36:17', 2, 10, 2023, 0, NULL, '14616.02', '17246.90', '1315.44', '1315.44', '0.00', '0.00', '2630.88', '55OOO31713', '09-09-2023', '85122010'),
(172, 126, 'MP/23-24/1383', 1, 19, 1, 'Number', NULL, NULL, '4.35', '3360.00', '3360.00', 3, '02-10-2023', '05:36:25', 2, 10, 2023, 0, NULL, '14616.02', '17246.90', '1315.44', '1315.44', '0.00', '0.00', '2630.88', '55OOO31713', '09-09-2023', '85122010'),
(173, 127, 'MP/23-24/1384', 1, 23, 1, 'Number', NULL, NULL, '3.45', '1440.00', '1440.00', 3, '02-10-2023', '05:37:08', 2, 10, 2023, 0, NULL, '4968.00', '5862.24', '447.12', '447.12', '0.00', '0.00', '894.24', '5500029391', '09-09-2023', '85129000'),
(174, 128, 'MP/23-24/1385', 1, 15, 1, 'Number', NULL, NULL, '1.84', '15000.00', '15000.00', 3, '02-10-2023', '05:37:51', 2, 10, 2023, 0, NULL, '27600.00', '32568.00', '2484.00', '2484.00', '0.00', '0.00', '4968.00', '55OOO31713', '09-09-2023', '85129000'),
(175, 129, 'MP/23-24/1386', 4, 93, 1, 'Number', NULL, NULL, '8.23', '6160.00', '6160.00', 3, '03-10-2023', '12:16:04', 3, 10, 2023, 0, NULL, '50696.78', '59822.20', '4562.71', '4562.71', '0.00', '0.00', '9125.42', 'EA1012747', '11-09-2023', '85479090'),
(176, 129, 'MP/23-24/1386', 4, 94, 1, 'Number', NULL, NULL, '8.58', '6160.00', '6160.00', 3, '03-10-2023', '12:16:14', 3, 10, 2023, 0, NULL, '52852.80', '62366.30', '4756.75', '4756.75', '0.00', '0.00', '9513.50', 'EA1012747', '11-09-2023', '85479090'),
(177, 130, 'MP/23-24/1387', 4, 90, 1, 'Number', NULL, NULL, '5.65', '2450.00', '2450.00', 3, '03-10-2023', '12:17:05', 3, 10, 2023, 0, NULL, '13842.55', '16334.20', '1245.82', '1245.82', '0.00', '0.00', '2491.65', 'EA1012747', '11-09-2023', '39231090'),
(178, 130, 'MP/23-24/1387', 4, 91, 1, 'Number', NULL, NULL, '7.49', '500.00', '500.00', 3, '03-10-2023', '12:17:19', 3, 10, 2023, 0, NULL, '3745.00', '4419.10', '337.05', '337.05', '0.00', '0.00', '674.10', 'EA1012747', '11-09-2023', '39231090'),
(179, 131, 'MP/23-24/1388', 4, 93, 1, 'Number', NULL, NULL, '8.23', '240.00', '240.00', 3, '03-10-2023', '12:18:19', 3, 10, 2023, 0, NULL, '1975.20', '2330.74', '177.77', '177.77', '0.00', '0.00', '355.54', 'EA1012747', '11-09-2023', '85479090'),
(180, 131, 'MP/23-24/1388', 4, 94, 1, 'Number', NULL, NULL, '8.58', '240.00', '240.00', 3, '03-10-2023', '12:18:30', 3, 10, 2023, 0, NULL, '2059.20', '2429.86', '185.33', '185.33', '0.00', '0.00', '370.66', 'EA1012747', '11-09-2023', '85479090'),
(181, 132, 'MP/23-24/1389', 4, 197, 1, 'NOS', NULL, NULL, '337000.00', '1.00', '1.00', 3, '03-10-2023', '12:29:00', 3, 10, 2023, 0, NULL, '337000.00', '397660.00', '30330.00', '30330.00', '0.00', '0.00', '60660.00', '2300/1DR020330/ED100', '03-10-2023', '8480'),
(183, 132, 'MP/23-24/1389', 4, 198, 1, 'NOS', NULL, NULL, '350000.00', '1.00', '1.00', 3, '03-10-2023', '12:32:51', 3, 10, 2023, 0, NULL, '350000.00', '413000.00', '31500.00', '31500.00', '0.00', '0.00', '63000.00', '2300/1DR020330/ED100', '03-10-2023', '8480'),
(184, 133, 'MP/23-24/1390', 6, 124, 1, 'Number', NULL, NULL, '2.34', '13500.00', '13500.00', 3, '04-10-2023', '08:34:29', 4, 10, 2023, 0, NULL, '31590.00', '37276.20', '2843.10', '2843.10', '0.00', '0.00', '5686.20', 'SH-11', '12-09-2023', '85122093'),
(185, 133, 'MP/23-24/1390', 6, 121, 1, 'NOS', NULL, NULL, '2.10', '5000.00', '5000.00', 3, '04-10-2023', '08:34:46', 4, 10, 2023, 0, NULL, '10500.00', '12390.00', '945.00', '945.00', '0.00', '0.00', '1890.00', 'SH-11', '12-09-2023', '85122093'),
(186, 133, 'MP/23-24/1390', 6, 123, 1, 'Number', NULL, NULL, '2.08', '11000.00', '11000.00', 3, '04-10-2023', '08:34:55', 4, 10, 2023, 0, NULL, '22880.00', '26998.40', '2059.20', '2059.20', '0.00', '0.00', '4118.40', 'SH-11', '12-09-2023', '85122093'),
(187, 134, 'MP/23-24/1391', 13, 199, 1, 'NOS', NULL, NULL, '91.59', '500.00', '500.00', 3, '04-10-2023', '08:45:03', 4, 10, 2023, 0, NULL, '45795.00', '54038.10', '4121.55', '4121.55', '0.00', '0.00', '8243.10', 'DR-01', '04-10-2023', '8480'),
(188, 135, 'MP/23-24/1392', 1, 2, 1, 'Number', NULL, NULL, '19.24', '1040.00', '1040.00', 3, '04-10-2023', '08:46:00', 4, 10, 2023, 0, NULL, '20009.57', '23611.30', '1800.86', '1800.86', '0.00', '0.00', '3601.73', '55OOO31713', '09-09-2023', '85129000'),
(189, 136, 'MP/23-24/1393', 1, 9, 1, 'Number', NULL, NULL, '64.30', '168.00', '168.00', 3, '04-10-2023', '08:47:09', 4, 10, 2023, 0, NULL, '10802.37', '12746.80', '972.22', '972.22', '0.00', '0.00', '1944.43', '55OOO31713', '09-09-2023', '85122010'),
(190, 137, 'MP/23-24/1394', 1, 18, 1, 'Number', NULL, NULL, '4.35', '3360.00', '3360.00', 3, '04-10-2023', '08:48:08', 4, 10, 2023, 0, NULL, '14616.02', '17246.90', '1315.44', '1315.44', '0.00', '0.00', '2630.88', '55OOO31713', '09-09-2023', '85122010'),
(191, 137, 'MP/23-24/1394', 1, 19, 1, 'Number', NULL, NULL, '4.35', '3360.00', '3360.00', 3, '04-10-2023', '08:48:17', 4, 10, 2023, 0, NULL, '14616.02', '17246.90', '1315.44', '1315.44', '0.00', '0.00', '2630.88', '55OOO31713', '09-09-2023', '85122010'),
(192, 138, 'MP/23-24/1395', 1, 14, 1, 'Number', NULL, NULL, '15.86', '1008.00', '1008.00', 3, '04-10-2023', '08:49:27', 4, 10, 2023, 0, NULL, '15986.86', '18864.50', '1438.82', '1438.82', '0.00', '0.00', '2877.64', '5500029391', '09-09-2023', '85122010'),
(193, 139, 'MP/23-24/1396', 1, 15, 1, 'Number', NULL, NULL, '1.84', '7500.00', '7500.00', 3, '04-10-2023', '08:51:56', 4, 10, 2023, 0, NULL, '13800.00', '16284.00', '1242.00', '1242.00', '0.00', '0.00', '2484.00', '55OOO31713', '09-09-2023', '85129000'),
(194, 140, 'MP/23-24/1397', 1, 143, 1, 'Number', NULL, NULL, '4.41', '2880.00', '2880.00', 3, '04-10-2023', '08:54:23', 4, 10, 2023, 0, NULL, '12700.76', '14986.90', '1143.07', '1143.07', '0.00', '0.00', '2286.14', '5500029270', '09-09-2023', '85129000'),
(195, 140, 'MP/23-24/1397', 1, 142, 1, 'Number', NULL, NULL, '4.41', '2880.00', '2880.00', 3, '04-10-2023', '08:54:41', 4, 10, 2023, 0, NULL, '12700.76', '14986.90', '1143.07', '1143.07', '0.00', '0.00', '2286.14', '5500029270', '09-09-2023', '85129000'),
(196, 141, 'MP/23-24/1398', 10, 132, 1, 'NOS', NULL, NULL, '2.24', '4000.00', '4000.00', 3, '09-10-2023', '07:00:30', 9, 10, 2023, 0, NULL, '8960.00', '10572.80', '806.40', '806.40', '0.00', '0.00', '1612.80', 'VC-01', '09-10-2023', '82073000'),
(197, 142, 'MP/23-24/1399', 1, 9, 1, 'Number', NULL, NULL, '64.30', '600.00', '600.00', 3, '09-10-2023', '07:01:56', 9, 10, 2023, 0, NULL, '38580.00', '45524.40', '3472.20', '3472.20', '0.00', '0.00', '6944.40', '55OOO31713', '09-09-2023', '85122010'),
(198, 143, 'MP/23-24/1400', 1, 2, 1, 'Number', NULL, NULL, '19.24', '520.00', '520.00', 3, '09-10-2023', '07:02:48', 9, 10, 2023, 0, NULL, '10004.84', '11805.70', '900.43', '900.43', '0.00', '0.00', '1800.86', '55OOO31713', '09-09-2023', '85129000'),
(199, 144, 'MP/23-24/1401', 1, 18, 1, 'Number', NULL, NULL, '4.35', '4480.00', '4480.00', 3, '09-10-2023', '07:03:34', 9, 10, 2023, 0, NULL, '19487.96', '22995.80', '1753.92', '1753.92', '0.00', '0.00', '3507.84', '55OOO31713', '09-09-2023', '85122010'),
(200, 144, 'MP/23-24/1401', 1, 19, 1, 'Number', NULL, NULL, '4.35', '4480.00', '4480.00', 3, '09-10-2023', '07:03:43', 9, 10, 2023, 0, NULL, '19487.96', '22995.80', '1753.92', '1753.92', '0.00', '0.00', '3507.84', '55OOO31713', '09-09-2023', '85122010'),
(201, 145, 'MP/23-24/1402', 1, 20, 1, 'Number', NULL, NULL, '2.41', '3360.00', '3360.00', 3, '09-10-2023', '07:05:21', 9, 10, 2023, 0, NULL, '8097.60', '9555.17', '728.78', '728.78', '0.00', '0.00', '1457.57', '55OOO31713', '09-09-2023', '85122010'),
(202, 145, 'MP/23-24/1402', 1, 21, 1, 'Number', NULL, NULL, '2.41', '3360.00', '3360.00', 3, '09-10-2023', '07:05:33', 9, 10, 2023, 0, NULL, '8097.60', '9555.17', '728.78', '728.78', '0.00', '0.00', '1457.57', '55OOO31713', '09-09-2023', '85122010'),
(203, 147, 'MP/23-24/1403', 1, 14, 1, 'Number', NULL, NULL, '15.86', '2520.00', '2520.00', 3, '09-10-2023', '07:06:25', 9, 10, 2023, 0, NULL, '39967.20', '47161.30', '3597.05', '3597.05', '0.00', '0.00', '7194.10', '5500029391', '09-09-2023', '85122010'),
(204, 148, 'MP/23-24/1404', 2, 52, 1, 'Number', NULL, NULL, '101.20', '516.00', '516.00', 3, '09-10-2023', '07:07:29', 9, 10, 2023, 0, NULL, '52219.24', '61618.70', '4699.73', '4699.73', '0.00', '0.00', '9399.46', 'PO0022324000223', '09-09-2023', '39269099'),
(205, 148, 'MP/23-24/1404', 2, 44, 1, 'Number', NULL, NULL, '2.91', '4000.00', '4000.00', 3, '09-10-2023', '07:11:16', 9, 10, 2023, 0, NULL, '11640.00', '13735.20', '1047.60', '1047.60', '0.00', '0.00', '2095.20', 'PO0022324000223', '09-09-2023', '39231010');
INSERT INTO `sales_parts` (`id`, `sales_id`, `sales_number`, `customer_id`, `part_id`, `tax_id`, `uom_id`, `delivery_date`, `expiry_date`, `part_price`, `qty`, `pending_qty`, `created_by`, `created_date`, `created_time`, `created_day`, `created_month`, `created_year`, `deleted`, `invoice_number`, `basic_total`, `total_rate`, `cgst_amount`, `sgst_amount`, `igst_amount`, `tcs_amount`, `gst_amount`, `po_number`, `po_date`, `hsn_code`) VALUES
(206, 148, 'MP/23-24/1404', 2, 45, 1, 'Number', NULL, NULL, '2.96', '7000.00', '7000.00', 3, '09-10-2023', '07:11:24', 9, 10, 2023, 0, NULL, '20720.00', '24449.60', '1864.80', '1864.80', '0.00', '0.00', '3729.60', 'PO0022324000223', '09-09-2023', '39231010'),
(207, 149, 'MP/23-24/1405', 2, 52, 1, 'Number', NULL, NULL, '101.20', '516.00', '516.00', 3, '09-10-2023', '07:16:32', 9, 10, 2023, 0, NULL, '52219.24', '61618.70', '4699.73', '4699.73', '0.00', '0.00', '9399.46', 'PO0022324000223', '09-09-2023', '39269099'),
(208, 150, 'MP/23-24/1406', 1, 9, 1, 'Number', NULL, NULL, '64.30', '528.00', '528.00', 3, '09-10-2023', '07:17:45', 9, 10, 2023, 0, NULL, '33950.43', '40061.50', '3055.54', '3055.54', '0.00', '0.00', '6111.07', '55OOO31713', '09-09-2023', '85122010'),
(209, 151, 'MP/23-24/1407', 1, 144, 1, 'Number', NULL, NULL, '3.70', '1440.00', '1440.00', 3, '09-10-2023', '07:20:18', 9, 10, 2023, 0, NULL, '5328.00', '6287.04', '479.52', '479.52', '0.00', '0.00', '959.04', '5500029270', '09-09-2023', '85129000'),
(210, 151, 'MP/23-24/1407', 1, 145, 1, 'Number', NULL, NULL, '3.70', '1440.00', '1440.00', 3, '09-10-2023', '07:20:26', 9, 10, 2023, 0, NULL, '5328.00', '6287.04', '479.52', '479.52', '0.00', '0.00', '959.04', '5500029270', '09-09-2023', '85129000'),
(211, 152, 'MP/23-24/1408', 1, 142, 1, 'Number', NULL, NULL, '4.41', '1152.00', '1152.00', 3, '09-10-2023', '07:21:09', 9, 10, 2023, 0, NULL, '5080.32', '5994.78', '457.23', '457.23', '0.00', '0.00', '914.46', '5500029270', '09-09-2023', '85129000'),
(212, 152, 'MP/23-24/1408', 1, 143, 1, 'Number', NULL, NULL, '4.41', '1152.00', '1152.00', 3, '09-10-2023', '07:21:16', 9, 10, 2023, 0, NULL, '5080.32', '5994.78', '457.23', '457.23', '0.00', '0.00', '914.46', '5500029270', '09-09-2023', '85129000'),
(213, 153, 'MP/23-24/1409', 1, 146, 1, 'Number', NULL, NULL, '2.71', '3600.00', '3600.00', 3, '09-10-2023', '07:22:38', 9, 10, 2023, 0, NULL, '9756.02', '11512.10', '878.04', '878.04', '0.00', '0.00', '1756.08', '5500029270', '09-09-2023', '85129000'),
(214, 154, 'MP/23-24/1410', 1, 14, 1, 'Number', NULL, NULL, '15.86', '1008.00', '1008.00', 3, '09-10-2023', '07:23:17', 9, 10, 2023, 0, NULL, '15986.86', '18864.50', '1438.82', '1438.82', '0.00', '0.00', '2877.64', '5500029391', '09-09-2023', '85122010'),
(215, 155, 'MP/23-24/1411', 1, 15, 1, 'Number', NULL, NULL, '1.84', '6000.00', '6000.00', 3, '09-10-2023', '07:31:04', 9, 10, 2023, 0, NULL, '11040.00', '13027.20', '993.60', '993.60', '0.00', '0.00', '1987.20', '55OOO31713', '09-09-2023', '85129000'),
(216, 156, 'MP/23-24/1412', 1, 18, 1, 'Number', NULL, NULL, '4.35', '3920.00', '3920.00', 3, '11-10-2023', '02:11:53', 11, 10, 2023, 0, NULL, '17052.04', '20121.40', '1534.68', '1534.68', '0.00', '0.00', '3069.36', '55OOO31713', '09-09-2023', '85122010'),
(217, 156, 'MP/23-24/1412', 1, 19, 1, 'Number', NULL, NULL, '4.35', '3920.00', '3920.00', 3, '11-10-2023', '02:12:02', 11, 10, 2023, 0, NULL, '17052.04', '20121.40', '1534.68', '1534.68', '0.00', '0.00', '3069.36', '55OOO31713', '09-09-2023', '85122010'),
(218, 157, 'MP/23-24/1413', 1, 2, 1, 'Number', NULL, NULL, '19.24', '600.00', '600.00', 3, '11-10-2023', '02:13:11', 11, 10, 2023, 0, NULL, '11543.98', '13621.90', '1038.96', '1038.96', '0.00', '0.00', '2077.92', '55OOO31713', '09-09-2023', '85129000'),
(219, 158, 'MP/23-24/1414', 8, 161, 1, 'NOS', NULL, NULL, '7.52', '3900.00', '3900.00', 3, '11-10-2023', '02:15:03', 11, 10, 2023, 0, NULL, '29327.96', '34607.00', '2639.52', '2639.52', '0.00', '0.00', '5279.04', '232412154', '12-09-2023', '7318'),
(220, 159, 'MP/23-24/1415', 2, 29, 1, 'Number', NULL, NULL, '45.00', '6636.00', '6636.00', 3, '11-10-2023', '02:17:37', 11, 10, 2023, 0, NULL, '298620.40', '352372.00', '26875.80', '26875.80', '0.00', '0.00', '53751.60', 'PO0022324000223', '09-09-2023', '39231010'),
(221, 160, 'MP/23-24/1416', 1, 18, 1, 'Number', NULL, NULL, '4.35', '2800.00', '2800.00', 3, '11-10-2023', '02:20:00', 11, 10, 2023, 0, NULL, '12180.00', '14372.40', '1096.20', '1096.20', '0.00', '0.00', '2192.40', '55OOO31713', '09-09-2023', '85122010'),
(223, 160, 'MP/23-24/1416', 1, 19, 1, 'Number', NULL, NULL, '4.35', '2800.00', '2800.00', 3, '11-10-2023', '02:20:47', 11, 10, 2023, 0, NULL, '12180.00', '14372.40', '1096.20', '1096.20', '0.00', '0.00', '2192.40', '55OOO31713', '09-09-2023', '85122010'),
(224, 161, 'MP/23-24/1417', 1, 146, 1, 'Number', NULL, NULL, '2.71', '3600.00', '3600.00', 3, '11-10-2023', '02:22:19', 11, 10, 2023, 0, NULL, '9756.02', '11512.10', '878.04', '878.04', '0.00', '0.00', '1756.08', '5500029270', '09-09-2023', '85129000'),
(225, 162, 'MP/23-24/1418', 2, 52, 1, 'Number', NULL, NULL, '101.20', '516.00', '516.00', 3, '11-10-2023', '02:24:09', 11, 10, 2023, 0, NULL, '52219.24', '61618.70', '4699.73', '4699.73', '0.00', '0.00', '9399.46', 'PO0022324000223', '09-09-2023', '39269099'),
(226, 163, 'MP/23-24/1419', 2, 52, 1, 'Number', NULL, NULL, '101.20', '516.00', '516.00', 3, '11-10-2023', '02:25:05', 11, 10, 2023, 0, NULL, '52219.24', '61618.70', '4699.73', '4699.73', '0.00', '0.00', '9399.46', 'PO0022324000223', '09-09-2023', '39269099'),
(227, 164, 'MP/23-24/1420', 5, 104, 1, 'NOS', NULL, NULL, '3.41', '500.00', '500.00', 3, '14-10-2023', '01:27:37', 14, 10, 2023, 0, NULL, '1705.00', '2011.90', '153.45', '153.45', '0.00', '0.00', '306.90', 'RMPL-0002', '11-10-2023', '85365090'),
(228, 165, 'MP/23-24/1421', 1, 14, 1, 'Number', NULL, NULL, '15.86', '1008.00', '1008.00', 3, '14-10-2023', '01:28:45', 14, 10, 2023, 0, NULL, '15986.86', '18864.50', '1438.82', '1438.82', '0.00', '0.00', '2877.64', '5500029391', '09-09-2023', '85122010'),
(229, 166, 'MP/23-24/1422', 1, 18, 1, 'Number', NULL, NULL, '4.35', '3360.00', '3360.00', 3, '14-10-2023', '01:29:29', 14, 10, 2023, 0, NULL, '14616.02', '17246.90', '1315.44', '1315.44', '0.00', '0.00', '2630.88', '55OOO31713', '09-09-2023', '85122010'),
(230, 166, 'MP/23-24/1422', 1, 19, 1, 'Number', NULL, NULL, '4.35', '3360.00', '3360.00', 3, '14-10-2023', '01:29:37', 14, 10, 2023, 0, NULL, '14616.02', '17246.90', '1315.44', '1315.44', '0.00', '0.00', '2630.88', '55OOO31713', '09-09-2023', '85122010'),
(231, 167, 'MP/23-24/1423', 1, 15, 1, 'Number', NULL, NULL, '1.84', '1500.00', '1500.00', 3, '14-10-2023', '01:30:24', 14, 10, 2023, 0, NULL, '2760.00', '3256.80', '248.40', '248.40', '0.00', '0.00', '496.80', '55OOO31713', '09-09-2023', '85129000'),
(232, 168, 'MP/23-24/1424', 1, 144, 1, 'Number', NULL, NULL, '3.70', '1440.00', '1440.00', 3, '14-10-2023', '01:31:19', 14, 10, 2023, 0, NULL, '5328.00', '6287.04', '479.52', '479.52', '0.00', '0.00', '959.04', '5500029270', '09-09-2023', '85129000'),
(233, 168, 'MP/23-24/1424', 1, 145, 1, 'Number', NULL, NULL, '3.70', '1440.00', '1440.00', 3, '14-10-2023', '01:31:28', 14, 10, 2023, 0, NULL, '5328.00', '6287.04', '479.52', '479.52', '0.00', '0.00', '959.04', '5500029270', '09-09-2023', '85129000'),
(235, 170, 'MP/23-24/1425', 1, 142, 1, 'Number', NULL, NULL, '4.41', '1152.00', '1152.00', 3, '14-10-2023', '01:43:55', 14, 10, 2023, 0, NULL, '5080.32', '5994.78', '457.23', '457.23', '0.00', '0.00', '914.46', '5500029270', '09-09-2023', '85129000'),
(236, 170, 'MP/23-24/1425', 1, 143, 1, 'Number', NULL, NULL, '4.41', '1152.00', '1152.00', 3, '14-10-2023', '01:44:10', 14, 10, 2023, 0, NULL, '5080.32', '5994.78', '457.23', '457.23', '0.00', '0.00', '914.46', '5500029270', '09-09-2023', '85129000'),
(237, 171, 'MP/23-24/1426', 6, 121, 1, 'NOS', NULL, NULL, '2.10', '17000.00', '17000.00', 3, '14-10-2023', '01:48:33', 14, 10, 2023, 0, NULL, '35700.00', '42126.00', '3213.00', '3213.00', '0.00', '0.00', '6426.00', 'SH-11', '12-09-2023', '85122093'),
(238, 171, 'MP/23-24/1426', 6, 122, 1, 'Number', NULL, NULL, '2.25', '7000.00', '7000.00', 3, '14-10-2023', '01:48:43', 14, 10, 2023, 0, NULL, '15750.00', '18585.00', '1417.50', '1417.50', '0.00', '0.00', '2835.00', 'SH-11', '12-09-2023', '85122093'),
(239, 172, 'MP/23-24/1427', 8, 161, 1, 'NOS', NULL, NULL, '7.52', '2400.00', '2400.00', 3, '14-10-2023', '01:51:00', 14, 10, 2023, 0, NULL, '18047.96', '21296.60', '1624.32', '1624.32', '0.00', '0.00', '3248.64', '232412154', '12-09-2023', '7318'),
(243, 176, 'MP/23-24/1428', 5, 101, 1, 'NOS', NULL, NULL, '2.40', '3000.00', '3000.00', 3, '14-10-2023', '02:01:43', 14, 10, 2023, 0, NULL, '7200.00', '8496.00', '648.00', '648.00', '0.00', '0.00', '1296.00', 'RMPL-00003', '14-10-2023', '87089900'),
(244, 176, 'MP/23-24/1428', 5, 118, 1, 'NOS', NULL, NULL, '4.20', '1500.00', '1500.00', 3, '14-10-2023', '02:01:53', 14, 10, 2023, 0, NULL, '6300.00', '7434.00', '567.00', '567.00', '0.00', '0.00', '1134.00', 'RMPL-00003', '14-10-2023', '39269099'),
(245, 176, 'MP/23-24/1428', 5, 102, 1, 'NOS', NULL, NULL, '5.07', '2000.00', '2000.00', 3, '14-10-2023', '02:02:30', 14, 10, 2023, 0, NULL, '10140.00', '11965.20', '912.60', '912.60', '0.00', '0.00', '1825.20', 'RMPL-00003', '14-10-2023', '85365090'),
(246, 177, 'MP/23-24/1429', 5, 104, 1, 'NOS', NULL, NULL, '3.41', '1000.00', '1000.00', 3, '14-10-2023', '02:05:07', 14, 10, 2023, 0, NULL, '3410.00', '4023.80', '306.90', '306.90', '0.00', '0.00', '613.80', 'RMPL-00003', '14-10-2023', '85365090'),
(247, 177, 'MP/23-24/1429', 5, 96, 1, 'NOS', NULL, NULL, '5.67', '800.00', '800.00', 3, '14-10-2023', '02:06:21', 14, 10, 2023, 0, NULL, '4536.00', '5352.48', '408.24', '408.24', '0.00', '0.00', '816.48', 'RMPL-00003', '14-10-2023', '85332929'),
(248, 177, 'MP/23-24/1429', 5, 109, 1, 'NOS', NULL, NULL, '0.50', '480.00', '480.00', 3, '14-10-2023', '02:06:41', 14, 10, 2023, 0, NULL, '240.00', '283.20', '21.60', '21.60', '0.00', '0.00', '43.20', 'RMPL-00003', '14-10-2023', '85332929'),
(249, 177, 'MP/23-24/1429', 5, 100, 1, 'NOS', NULL, NULL, '6.70', '800.00', '800.00', 3, '14-10-2023', '02:06:56', 14, 10, 2023, 0, NULL, '5360.00', '6324.80', '482.40', '482.40', '0.00', '0.00', '964.80', 'RMPL-00003', '14-10-2023', '39269099'),
(250, 178, 'MP/23-24/1430', 1, 23, 1, 'Number', NULL, NULL, '3.45', '2880.00', '2880.00', 3, '14-10-2023', '02:09:41', 14, 10, 2023, 0, NULL, '9936.02', '11724.50', '894.24', '894.24', '0.00', '0.00', '1788.48', '5500029391', '09-09-2023', '85129000'),
(251, 179, 'MP/23-24/1431', 1, 18, 1, 'Number', NULL, NULL, '4.35', '3920.00', '3920.00', 3, '14-10-2023', '02:11:46', 14, 10, 2023, 0, NULL, '17052.04', '20121.40', '1534.68', '1534.68', '0.00', '0.00', '3069.36', '55OOO31713', '09-09-2023', '85122010'),
(252, 179, 'MP/23-24/1431', 1, 19, 1, 'Number', NULL, NULL, '4.35', '3920.00', '3920.00', 3, '14-10-2023', '02:11:55', 14, 10, 2023, 0, NULL, '17052.04', '20121.40', '1534.68', '1534.68', '0.00', '0.00', '3069.36', '55OOO31713', '09-09-2023', '85122010'),
(253, 180, 'MP/23-24/1432', 1, 10, 1, 'Number', NULL, NULL, '0.74', '30000.00', '30000.00', 3, '14-10-2023', '02:13:12', 14, 10, 2023, 0, NULL, '22200.00', '26196.00', '1998.00', '1998.00', '0.00', '0.00', '3996.00', '55OOO31713', '09-09-2023', '85129000'),
(254, 181, 'MP/23-24/1433', 1, 22, 1, 'Number', NULL, NULL, '4.52', '1980.00', '1980.00', 3, '14-10-2023', '02:14:03', 14, 10, 2023, 0, NULL, '8949.57', '10560.50', '805.46', '805.46', '0.00', '0.00', '1610.93', '5500029391', '09-09-2023', '85129000'),
(255, 182, 'MP/23-24/1434', 1, 15, 1, 'Number', NULL, NULL, '1.84', '3000.00', '3000.00', 3, '14-10-2023', '02:14:55', 14, 10, 2023, 0, NULL, '5520.00', '6513.60', '496.80', '496.80', '0.00', '0.00', '993.60', '55OOO31713', '09-09-2023', '85129000'),
(256, 183, 'MP/23-24/1435', 1, 14, 1, 'Number', NULL, NULL, '15.86', '336.00', '336.00', 3, '14-10-2023', '02:15:55', 14, 10, 2023, 0, NULL, '5328.96', '6288.17', '479.61', '479.61', '0.00', '0.00', '959.21', '5500029391', '09-09-2023', '85122010'),
(257, 184, 'MP/23-24/1436', 1, 11, 1, 'Number', NULL, NULL, '7.60', '364.00', '364.00', 3, '14-10-2023', '02:17:17', 14, 10, 2023, 0, NULL, '2766.40', '3264.35', '248.98', '248.98', '0.00', '0.00', '497.95', '55OOO31713', '09-09-2023', '85414020'),
(258, 185, 'MP/23-24/1437', 2, 52, 1, 'Number', NULL, NULL, '101.20', '516.00', '516.00', 3, '14-10-2023', '02:18:24', 14, 10, 2023, 0, NULL, '52219.24', '61618.70', '4699.73', '4699.73', '0.00', '0.00', '9399.46', 'PO0022324000223', '09-09-2023', '39269099'),
(259, 186, 'MP/23-24/1438', 2, 52, 1, 'Number', NULL, NULL, '101.20', '516.00', '516.00', 3, '14-10-2023', '02:22:38', 14, 10, 2023, 0, NULL, '52219.24', '61618.70', '4699.73', '4699.73', '0.00', '0.00', '9399.46', 'PO0022324000223', '09-09-2023', '39269099'),
(260, 187, 'MP/23-24/1439', 1, 18, 1, 'Number', NULL, NULL, '4.35', '3360.00', '3360.00', 3, '14-10-2023', '02:24:15', 14, 10, 2023, 0, NULL, '14616.02', '17246.90', '1315.44', '1315.44', '0.00', '0.00', '2630.88', '55OOO31713', '09-09-2023', '85122010'),
(261, 187, 'MP/23-24/1439', 1, 19, 1, 'Number', NULL, NULL, '4.35', '3360.00', '3360.00', 3, '14-10-2023', '02:24:23', 14, 10, 2023, 0, NULL, '14616.02', '17246.90', '1315.44', '1315.44', '0.00', '0.00', '2630.88', '55OOO31713', '09-09-2023', '85122010'),
(262, 188, 'MP/23-24/1440', 1, 11, 1, 'Number', NULL, NULL, '7.60', '1092.00', '1092.00', 3, '14-10-2023', '02:25:28', 14, 10, 2023, 0, NULL, '8299.20', '9793.06', '746.93', '746.93', '0.00', '0.00', '1493.86', '55OOO31713', '09-09-2023', '85414020'),
(263, 189, 'MP/23-24/1441', 1, 14, 1, 'Number', NULL, NULL, '15.86', '1176.00', '1176.00', 3, '14-10-2023', '02:30:57', 14, 10, 2023, 0, NULL, '18651.36', '22008.60', '1678.62', '1678.62', '0.00', '0.00', '3357.24', '5500029391', '09-09-2023', '85122010'),
(264, 190, 'MP/23-24/1442', 1, 10, 1, 'Number', NULL, NULL, '0.74', '20000.00', '20000.00', 3, '14-10-2023', '02:33:11', 14, 10, 2023, 0, NULL, '14800.00', '17464.00', '1332.00', '1332.00', '0.00', '0.00', '2664.00', '55OOO31713', '09-09-2023', '85129000'),
(266, 192, 'MP/23-24/1443', 1, 23, 1, 'Number', NULL, NULL, '3.45', '1440.00', '1440.00', 3, '15-10-2023', '03:59:33', 14, 10, 2023, 0, NULL, '4968.00', '5862.24', '447.12', '447.12', '0.00', '0.00', '894.24', '5500029391', '09-09-2023', '85129000'),
(267, 193, 'MP/23-24/1444', 2, 52, 1, 'Number', NULL, NULL, '101.20', '516.00', '516.00', 3, '15-10-2023', '12:19:55', 15, 10, 2023, 0, NULL, '52219.24', '61618.70', '4699.73', '4699.73', '0.00', '0.00', '9399.46', 'PO0022324000223', '09-09-2023', '39269099'),
(268, 194, 'MP/23-24/1445', 1, 18, 1, 'Number', NULL, NULL, '4.35', '2800.00', '2800.00', 3, '15-10-2023', '04:42:36', 15, 10, 2023, 0, NULL, '12180.00', '14372.40', '1096.20', '1096.20', '0.00', '0.00', '2192.40', '55OOO31713', '09-09-2023', '85122010'),
(269, 194, 'MP/23-24/1445', 1, 19, 1, 'Number', NULL, NULL, '4.35', '2800.00', '2800.00', 3, '15-10-2023', '04:42:46', 15, 10, 2023, 0, NULL, '12180.00', '14372.40', '1096.20', '1096.20', '0.00', '0.00', '2192.40', '55OOO31713', '09-09-2023', '85122010'),
(270, 195, 'MP/23-24/1446', 1, 11, 1, 'Number', NULL, NULL, '7.60', '1456.00', '1456.00', 3, '15-10-2023', '04:44:29', 15, 10, 2023, 0, NULL, '11065.59', '13057.40', '995.90', '995.90', '0.00', '0.00', '1991.81', '55OOO31713', '09-09-2023', '85414020'),
(271, 197, 'MP/23-24/1447', 1, 14, 1, 'Number', NULL, NULL, '15.86', '672.00', '672.00', 3, '15-10-2023', '04:46:45', 15, 10, 2023, 0, NULL, '10657.87', '12576.30', '959.21', '959.21', '0.00', '0.00', '1918.43', '5500029391', '09-09-2023', '85122010'),
(272, 198, 'MP/23-24/1448', 1, 144, 1, 'Number', NULL, NULL, '3.70', '1440.00', '1440.00', 3, '15-10-2023', '04:49:55', 15, 10, 2023, 0, NULL, '5328.00', '6287.04', '479.52', '479.52', '0.00', '0.00', '959.04', '5500029270', '09-09-2023', '85129000'),
(273, 198, 'MP/23-24/1448', 1, 145, 1, 'Number', NULL, NULL, '3.70', '1440.00', '1440.00', 3, '15-10-2023', '04:50:08', 15, 10, 2023, 0, NULL, '5328.00', '6287.04', '479.52', '479.52', '0.00', '0.00', '959.04', '5500029270', '09-09-2023', '85129000'),
(274, 199, 'MP/23-24/1449', 1, 15, 1, 'Number', NULL, NULL, '1.84', '3000.00', '3000.00', 3, '15-10-2023', '04:51:54', 15, 10, 2023, 0, NULL, '5520.00', '6513.60', '496.80', '496.80', '0.00', '0.00', '993.60', '55OOO31713', '09-09-2023', '85129000'),
(275, 200, 'MP/23-24/1450', 1, 1, 1, 'Number', NULL, NULL, '64.82', '408.00', '408.00', 3, '15-10-2023', '04:53:02', 15, 10, 2023, 0, NULL, '26446.52', '31206.90', '2380.19', '2380.19', '0.00', '0.00', '4760.38', '55OOO31713', '09-09-2023', '85129000'),
(276, 201, 'MP/23-24/1451', 1, 23, 1, 'Number', NULL, NULL, '3.45', '1440.00', '1440.00', 3, '15-10-2023', '04:54:34', 15, 10, 2023, 0, NULL, '4968.00', '5862.24', '447.12', '447.12', '0.00', '0.00', '894.24', '5500029391', '09-09-2023', '85129000'),
(277, 202, 'MP/23-24/1452', 30, 200, 1, 'NOS', NULL, NULL, '1.00', '100.00', '100.00', 3, '15-10-2023', '05:00:25', 15, 10, 2023, 0, NULL, '100.00', '118.00', '9.00', '9.00', '0.00', '0.00', '18.00', 'SI-01', '15-10-2023', '39231010'),
(278, 203, 'MP/23-24/1453', 8, 161, 1, 'NOS', NULL, NULL, '7.52', '3600.00', '3600.00', 3, '15-10-2023', '05:01:37', 15, 10, 2023, 0, NULL, '27072.04', '31945.00', '2436.48', '2436.48', '0.00', '0.00', '4872.96', '232412154', '12-09-2023', '7318'),
(279, 204, 'MP/23-24/1454', 1, 18, 1, 'Number', NULL, NULL, '4.35', '1120.00', '1120.00', 3, '15-10-2023', '05:02:40', 15, 10, 2023, 0, NULL, '4872.00', '5748.96', '438.48', '438.48', '0.00', '0.00', '876.96', '55OOO31713', '09-09-2023', '85122010'),
(280, 204, 'MP/23-24/1454', 1, 19, 1, 'Number', NULL, NULL, '4.35', '1120.00', '1120.00', 3, '15-10-2023', '05:02:50', 15, 10, 2023, 0, NULL, '4872.00', '5748.96', '438.48', '438.48', '0.00', '0.00', '876.96', '55OOO31713', '09-09-2023', '85122010'),
(281, 205, 'MP/23-24/1455', 1, 11, 1, 'Number', NULL, NULL, '7.60', '364.00', '364.00', 3, '15-10-2023', '05:03:53', 15, 10, 2023, 0, NULL, '2766.40', '3264.35', '248.98', '248.98', '0.00', '0.00', '497.95', '55OOO31713', '09-09-2023', '85414020'),
(282, 206, 'MP/23-24/1456', 1, 22, 1, 'Number', NULL, NULL, '4.52', '6600.00', '6600.00', 3, '15-10-2023', '05:04:38', 15, 10, 2023, 0, NULL, '29832.04', '35201.80', '2684.88', '2684.88', '0.00', '0.00', '5369.76', '5500029391', '09-09-2023', '85129000'),
(283, 207, 'MP/23-24/1457', 1, 23, 1, 'Number', NULL, NULL, '3.45', '1440.00', '1440.00', 3, '15-10-2023', '05:05:26', 15, 10, 2023, 0, NULL, '4968.00', '5862.24', '447.12', '447.12', '0.00', '0.00', '894.24', '5500029391', '09-09-2023', '85129000'),
(284, 208, 'MP/23-24/1458', 1, 14, 1, 'Number', NULL, NULL, '15.86', '672.00', '672.00', 3, '15-10-2023', '05:06:22', 15, 10, 2023, 0, NULL, '10657.87', '12576.30', '959.21', '959.21', '0.00', '0.00', '1918.43', '5500029391', '09-09-2023', '85122010'),
(285, 209, 'MP/23-24/1459', 1, 1, 1, 'Number', NULL, NULL, '64.82', '72.00', '72.00', 3, '15-10-2023', '05:07:09', 15, 10, 2023, 0, NULL, '4667.04', '5507.11', '420.03', '420.03', '0.00', '0.00', '840.07', '55OOO31713', '09-09-2023', '85129000'),
(286, 210, 'MP/23-24/1460', 1, 1, 1, 'Number', NULL, NULL, '64.82', '240.00', '240.00', 3, '15-10-2023', '05:08:14', 15, 10, 2023, 0, NULL, '15556.78', '18357.00', '1400.11', '1400.11', '0.00', '0.00', '2800.22', '55OOO31713', '09-09-2023', '85129000'),
(287, 211, 'MP/23-24/1461', 1, 1, 1, 'Number', NULL, NULL, '64.82', '48.00', '48.00', 3, '15-10-2023', '05:09:13', 15, 10, 2023, 0, NULL, '3111.36', '3671.40', '280.02', '280.02', '0.00', '0.00', '560.04', '55OOO31713', '09-09-2023', '85129000'),
(288, 212, 'MP/23-24/1462', 1, 1, 1, 'Number', NULL, NULL, '64.82', '96.00', '96.00', 3, '15-10-2023', '05:10:13', 15, 10, 2023, 0, NULL, '6222.72', '7342.81', '560.04', '560.04', '0.00', '0.00', '1120.09', '55OOO31713', '09-09-2023', '85129000'),
(289, 213, 'MP/23-24/1463', 1, 1, 1, 'Number', NULL, NULL, '64.82', '216.00', '216.00', 3, '15-10-2023', '05:11:01', 15, 10, 2023, 0, NULL, '14001.10', '16521.30', '1260.10', '1260.10', '0.00', '0.00', '2520.20', '55OOO31713', '09-09-2023', '85129000'),
(290, 214, 'MP/23-24/1464', 5, 162, 1, 'NOS', NULL, NULL, '3.16', '3000.00', '3000.00', 3, '15-10-2023', '05:15:16', 15, 10, 2023, 0, NULL, '9480.00', '11186.40', '853.20', '853.20', '0.00', '0.00', '1706.40', 'RMPL-00003', '14-10-2023', '85365090'),
(291, 215, 'MP/23-24/1465', 2, 29, 1, 'Number', NULL, NULL, '45.00', '5376.00', '5376.00', 3, '15-10-2023', '05:16:59', 15, 10, 2023, 0, NULL, '241920.40', '285466.00', '21772.80', '21772.80', '0.00', '0.00', '43545.60', 'PO0022324000223', '09-09-2023', '39231010'),
(292, 216, 'MP/23-24/1466', 2, 201, 1, 'NOS', NULL, NULL, '1.98', '24000.00', '24000.00', 3, '15-10-2023', '05:22:26', 15, 10, 2023, 0, NULL, '47520.00', '56073.60', '4276.80', '4276.80', '0.00', '0.00', '8553.60', 'PO0022324000223', '09-09-2023', '39231010'),
(293, 217, 'MP/23-24/1467', 1, 1, 1, 'Number', NULL, NULL, '64.82', '120.00', '120.00', 3, '15-10-2023', '05:24:18', 15, 10, 2023, 0, NULL, '7778.40', '9178.51', '700.06', '700.06', '0.00', '0.00', '1400.11', '55OOO31713', '09-09-2023', '85129000'),
(294, 218, 'MP/23-24/1468', 1, 18, 1, 'Number', NULL, NULL, '4.35', '2800.00', '2800.00', 3, '15-10-2023', '05:25:51', 15, 10, 2023, 0, NULL, '12180.00', '14372.40', '1096.20', '1096.20', '0.00', '0.00', '2192.40', '55OOO31713', '09-09-2023', '85122010'),
(295, 218, 'MP/23-24/1468', 1, 19, 1, 'Number', NULL, NULL, '4.35', '2800.00', '2800.00', 3, '15-10-2023', '05:26:00', 15, 10, 2023, 0, NULL, '12180.00', '14372.40', '1096.20', '1096.20', '0.00', '0.00', '2192.40', '55OOO31713', '09-09-2023', '85122010'),
(296, 219, 'MP/23-24/1469', 1, 14, 1, 'Number', NULL, NULL, '15.86', '1008.00', '1008.00', 3, '15-10-2023', '05:29:53', 15, 10, 2023, 0, NULL, '15986.86', '18864.50', '1438.82', '1438.82', '0.00', '0.00', '2877.64', '5500029391', '09-09-2023', '85122010'),
(297, 220, 'MP/23-24/1470', 1, 15, 1, 'Number', NULL, NULL, '1.84', '4500.00', '4500.00', 3, '15-10-2023', '05:30:43', 15, 10, 2023, 0, NULL, '8280.00', '9770.40', '745.20', '745.20', '0.00', '0.00', '1490.40', '55OOO31713', '09-09-2023', '85129000'),
(298, 221, 'MP/23-24/1471', 1, 23, 1, 'Number', NULL, NULL, '3.45', '1440.00', '1440.00', 3, '15-10-2023', '05:31:45', 15, 10, 2023, 0, NULL, '4968.00', '5862.24', '447.12', '447.12', '0.00', '0.00', '894.24', '5500029391', '09-09-2023', '85129000'),
(299, 222, 'MP/23-24/1472', 1, 142, 1, 'Number', NULL, NULL, '4.41', '576.00', '576.00', 3, '15-10-2023', '05:32:34', 15, 10, 2023, 0, NULL, '2540.16', '2997.39', '228.61', '228.61', '0.00', '0.00', '457.23', '5500029270', '09-09-2023', '85129000'),
(300, 222, 'MP/23-24/1472', 1, 143, 1, 'Number', NULL, NULL, '4.41', '576.00', '576.00', 3, '15-10-2023', '05:32:45', 15, 10, 2023, 0, NULL, '2540.16', '2997.39', '228.61', '228.61', '0.00', '0.00', '457.23', '5500029270', '09-09-2023', '85129000'),
(301, 223, 'MP/23-24/1473', 1, 1, 1, 'Number', NULL, NULL, '64.82', '312.00', '312.00', 3, '15-10-2023', '05:33:40', 15, 10, 2023, 0, NULL, '20223.81', '23864.10', '1820.15', '1820.15', '0.00', '0.00', '3640.29', '55OOO31713', '09-09-2023', '85129000'),
(302, 224, 'MP/23-24/1474', 6, 124, 1, 'Number', NULL, NULL, '2.34', '10000.00', '10000.00', 3, '15-10-2023', '05:34:41', 15, 10, 2023, 0, NULL, '23400.00', '27612.00', '2106.00', '2106.00', '0.00', '0.00', '4212.00', 'SH-11', '12-09-2023', '85122093'),
(303, 224, 'MP/23-24/1474', 6, 123, 1, 'Number', NULL, NULL, '2.08', '6000.00', '6000.00', 3, '15-10-2023', '05:34:50', 15, 10, 2023, 0, NULL, '12480.00', '14726.40', '1123.20', '1123.20', '0.00', '0.00', '2246.40', 'SH-11', '12-09-2023', '85122093'),
(304, 225, 'MP/23-24/1475', 2, 52, 1, 'Number', NULL, NULL, '101.20', '516.00', '516.00', 3, '15-10-2023', '05:36:35', 15, 10, 2023, 0, NULL, '52219.24', '61618.70', '4699.73', '4699.73', '0.00', '0.00', '9399.46', 'PO0022324000223', '09-09-2023', '39269099'),
(305, 226, 'MP/23-24/1476', 1, 1, 1, 'Number', NULL, NULL, '64.82', '720.00', '720.00', 3, '15-10-2023', '05:37:47', 15, 10, 2023, 0, NULL, '46670.43', '55071.10', '4200.34', '4200.34', '0.00', '0.00', '8400.67', '55OOO31713', '09-09-2023', '85129000'),
(306, 227, 'MP/23-24/1477', 1, 18, 1, 'Number', NULL, NULL, '4.35', '2240.00', '2240.00', 3, '15-10-2023', '05:38:55', 15, 10, 2023, 0, NULL, '9743.98', '11497.90', '876.96', '876.96', '0.00', '0.00', '1753.92', '55OOO31713', '09-09-2023', '85122010'),
(307, 227, 'MP/23-24/1477', 1, 19, 1, 'Number', NULL, NULL, '4.35', '2240.00', '2240.00', 3, '15-10-2023', '05:39:05', 15, 10, 2023, 0, NULL, '9743.98', '11497.90', '876.96', '876.96', '0.00', '0.00', '1753.92', '55OOO31713', '09-09-2023', '85122010'),
(308, 228, 'MP/23-24/1478', 1, 15, 1, 'Number', NULL, NULL, '1.84', '9000.00', '9000.00', 3, '15-10-2023', '05:39:49', 15, 10, 2023, 0, NULL, '16560.00', '19540.80', '1490.40', '1490.40', '0.00', '0.00', '2980.80', '55OOO31713', '09-09-2023', '85129000'),
(309, 229, 'MP/23-24/1479', 1, 14, 1, 'Number', NULL, NULL, '15.86', '168.00', '168.00', 3, '15-10-2023', '05:40:30', 15, 10, 2023, 0, NULL, '2664.48', '3144.09', '239.80', '239.80', '0.00', '0.00', '479.61', '5500029391', '09-09-2023', '85122010'),
(310, 230, 'MP/23-24/1480', 2, 52, 1, 'Number', NULL, NULL, '101.20', '516.00', '516.00', 3, '17-10-2023', '04:50:26', 17, 10, 2023, 0, NULL, '52219.24', '61618.70', '4699.73', '4699.73', '0.00', '0.00', '9399.46', 'PO0022324000223', '09-09-2023', '39269099'),
(311, 231, 'MP/23-24/1481', 1, 1, 1, 'Number', NULL, NULL, '64.82', '792.00', '792.00', 3, '17-10-2023', '04:51:46', 17, 10, 2023, 0, NULL, '51337.46', '60578.20', '4620.37', '4620.37', '0.00', '0.00', '9240.74', '55OOO31713', '09-09-2023', '85129000'),
(312, 232, 'MP/23-24/1482', 8, 161, 1, 'NOS', NULL, NULL, '7.52', '1800.00', '1800.00', 3, '17-10-2023', '04:53:56', 17, 10, 2023, 0, NULL, '13536.02', '15972.50', '1218.24', '1218.24', '0.00', '0.00', '2436.48', '232412154', '12-09-2023', '7318'),
(313, 233, 'MP/23-24/1483', 25, 170, 1, 'NOS', NULL, NULL, '2.35', '5000.00', '5000.00', 3, '17-10-2023', '05:29:18', 17, 10, 2023, 0, NULL, '11750.00', '13865.00', '1057.50', '1057.50', '0.00', '0.00', '2115.00', 'NH-01', '17-10-2023', '87089900'),
(314, 234, 'MP/23-24/1484', 2, 167, 1, 'NOS', NULL, NULL, '20.90', '864.00', '864.00', 3, '17-10-2023', '05:39:17', 17, 10, 2023, 0, NULL, '18057.63', '21308.00', '1625.18', '1625.18', '0.00', '0.00', '3250.37', 'PO0022324000223', '09-09-2023', '39239090'),
(315, 235, 'MP/23-24/1485', 2, 201, 1, 'NOS', NULL, NULL, '1.98', '2000.00', '2000.00', 3, '17-10-2023', '05:44:52', 17, 10, 2023, 0, NULL, '3960.00', '4672.80', '356.40', '356.40', '0.00', '0.00', '712.80', 'PO0022324000223', '09-09-2023', '39231010'),
(316, 236, 'MP/23-24/1486', 1, 9, 1, 'Number', NULL, NULL, '64.30', '792.00', '792.00', 3, '17-10-2023', '05:48:26', 17, 10, 2023, 0, NULL, '50925.59', '60092.20', '4583.30', '4583.30', '0.00', '0.00', '9166.61', '55OOO31713', '09-09-2023', '85122010'),
(317, 237, 'MP/23-24/1487', 1, 9, 1, 'Number', NULL, NULL, '64.30', '792.00', '792.00', 3, '21-10-2023', '01:05:39', 21, 10, 2023, 0, NULL, '50925.59', '60092.20', '4583.30', '4583.30', '0.00', '0.00', '9166.61', '55OOO31713', '09-09-2023', '85122010'),
(318, 239, 'MP/23-24/1488', 1, 1, 1, 'Number', NULL, NULL, '64.82', '720.00', '720.00', 3, '21-10-2023', '01:54:56', 21, 10, 2023, 0, NULL, '46670.43', '55071.10', '4200.34', '4200.34', '0.00', '0.00', '8400.67', '55OOO31713', '09-09-2023', '85129000'),
(319, 240, 'MP/23-24/1489', 1, 202, 1, 'KGS', NULL, NULL, '230.00', '500.00', '500.00', 3, '21-10-2023', '02:02:28', 21, 10, 2023, 0, NULL, '115000.00', '135700.00', '10350.00', '10350.00', '0.00', '0.00', '20700.00', '5500029270', '09-09-2023', '39231010'),
(320, 241, 'MP/23-24/1490', 2, 167, 1, 'NOS', NULL, NULL, '20.90', '1260.00', '1260.00', 3, '21-10-2023', '02:11:14', 21, 10, 2023, 0, NULL, '26333.98', '31074.10', '2370.06', '2370.06', '0.00', '0.00', '4740.12', 'PO0022324000223', '09-09-2023', '39239090'),
(321, 242, 'MP/23-24/1491', 4, 93, 1, 'Number', NULL, NULL, '8.23', '3600.00', '3600.00', 3, '21-10-2023', '02:13:34', 21, 10, 2023, 0, NULL, '29627.96', '34961.00', '2666.52', '2666.52', '0.00', '0.00', '5333.04', 'EA1012747', '11-09-2023', '85479090'),
(322, 242, 'MP/23-24/1491', 4, 94, 1, 'Number', NULL, NULL, '8.58', '3600.00', '3600.00', 3, '21-10-2023', '02:13:49', 21, 10, 2023, 0, NULL, '30887.96', '36447.80', '2779.92', '2779.92', '0.00', '0.00', '5559.84', 'EA1012747', '11-09-2023', '85479090'),
(323, 243, 'MP/23-24/1492', 1, 1, 1, 'Number', NULL, NULL, '64.82', '720.00', '720.00', 3, '21-10-2023', '02:58:50', 21, 10, 2023, 0, NULL, '46670.43', '55071.10', '4200.34', '4200.34', '0.00', '0.00', '8400.67', '55OOO31713', '09-09-2023', '85129000'),
(324, 244, 'MP/23-24/1493', 1, 18, 1, 'Number', NULL, NULL, '4.35', '3360.00', '3360.00', 3, '21-10-2023', '03:18:02', 21, 10, 2023, 0, NULL, '14616.02', '17246.90', '1315.44', '1315.44', '0.00', '0.00', '2630.88', '55OOO31713', '09-09-2023', '85122010'),
(325, 244, 'MP/23-24/1493', 1, 19, 1, 'Number', NULL, NULL, '4.35', '3360.00', '3360.00', 3, '21-10-2023', '03:18:10', 21, 10, 2023, 0, NULL, '14616.02', '17246.90', '1315.44', '1315.44', '0.00', '0.00', '2630.88', '55OOO31713', '09-09-2023', '85122010'),
(326, 245, 'MP/23-24/1494', 1, 15, 1, 'Number', NULL, NULL, '1.84', '12000.00', '12000.00', 3, '21-10-2023', '03:47:38', 21, 10, 2023, 0, NULL, '22080.00', '26054.40', '1987.20', '1987.20', '0.00', '0.00', '3974.40', '55OOO31713', '09-09-2023', '85129000'),
(327, 246, 'MP/23-24/1495', 1, 14, 1, 'Number', NULL, NULL, '15.86', '4536.00', '4536.00', 3, '21-10-2023', '03:48:53', 21, 10, 2023, 0, NULL, '71940.90', '84890.30', '6474.69', '6474.69', '0.00', '0.00', '12949.40', '5500029391', '09-09-2023', '85122010'),
(328, 247, 'MP/23-24/1496', 6, 123, 1, 'Number', NULL, NULL, '2.08', '12000.00', '12000.00', 3, '21-10-2023', '03:51:39', 21, 10, 2023, 0, NULL, '24960.00', '29452.80', '2246.40', '2246.40', '0.00', '0.00', '4492.80', 'SH-11', '12-09-2023', '85122093'),
(329, 247, 'MP/23-24/1496', 6, 124, 1, 'Number', NULL, NULL, '2.34', '6500.00', '6500.00', 3, '21-10-2023', '03:51:55', 21, 10, 2023, 0, NULL, '15210.00', '17947.80', '1368.90', '1368.90', '0.00', '0.00', '2737.80', 'SH-11', '12-09-2023', '85122093'),
(330, 248, 'MP/23-24/1497', 1, 4, 1, 'Number', NULL, NULL, '5.33', '2240.00', '2240.00', 3, '21-10-2023', '03:53:52', 21, 10, 2023, 0, NULL, '11939.24', '14088.30', '1074.53', '1074.53', '0.00', '0.00', '2149.06', '55OOO31713', '09-09-2023', '85129000'),
(331, 249, 'MP/23-24/1498', 1, 7, 1, 'Number', NULL, NULL, '4.21', '1800.00', '1800.00', 3, '21-10-2023', '04:06:41', 21, 10, 2023, 0, NULL, '7578.00', '8942.04', '682.02', '682.02', '0.00', '0.00', '1364.04', '55OOO31713', '09-09-2023', '85129000'),
(332, 249, 'MP/23-24/1498', 1, 8, 1, 'Number', NULL, NULL, '4.21', '1800.00', '1800.00', 3, '21-10-2023', '04:06:57', 21, 10, 2023, 0, NULL, '7578.00', '8942.04', '682.02', '682.02', '0.00', '0.00', '1364.04', '55OOO31713', '09-09-2023', '85129000'),
(333, 250, 'MP/23-24/1499', 1, 15, 1, 'Number', NULL, NULL, '1.84', '1500.00', '1500.00', 3, '21-10-2023', '04:12:10', 21, 10, 2023, 0, NULL, '2760.00', '3256.80', '248.40', '248.40', '0.00', '0.00', '496.80', '55OOO31713', '09-09-2023', '85129000'),
(334, 251, 'MP/23-24/1500', 1, 1, 1, 'Number', NULL, NULL, '64.82', '720.00', '720.00', 3, '21-10-2023', '04:15:16', 21, 10, 2023, 0, NULL, '46670.43', '55071.10', '4200.34', '4200.34', '0.00', '0.00', '8400.67', '55OOO31713', '09-09-2023', '85129000'),
(335, 252, 'MP/23-24/1501', 1, 15, 1, 'Number', NULL, NULL, '1.84', '4500.00', '4500.00', 3, '21-10-2023', '04:16:38', 21, 10, 2023, 0, NULL, '8280.00', '9770.40', '745.20', '745.20', '0.00', '0.00', '1490.40', '55OOO31713', '09-09-2023', '85129000'),
(336, 253, 'MP/23-24/1502', 1, 7, 1, 'Number', NULL, NULL, '4.21', '1200.00', '1200.00', 3, '21-10-2023', '04:18:10', 21, 10, 2023, 0, NULL, '5052.00', '5961.36', '454.68', '454.68', '0.00', '0.00', '909.36', '55OOO31713', '09-09-2023', '85129000'),
(337, 253, 'MP/23-24/1502', 1, 8, 1, 'Number', NULL, NULL, '4.21', '1200.00', '1200.00', 3, '21-10-2023', '04:18:21', 21, 10, 2023, 0, NULL, '5052.00', '5961.36', '454.68', '454.68', '0.00', '0.00', '909.36', '55OOO31713', '09-09-2023', '85129000'),
(338, 254, 'MP/23-24/1503', 1, 4, 1, 'Number', NULL, NULL, '5.33', '896.00', '896.00', 3, '21-10-2023', '04:19:31', 21, 10, 2023, 0, NULL, '4775.68', '5635.30', '429.81', '429.81', '0.00', '0.00', '859.62', '55OOO31713', '09-09-2023', '85129000'),
(339, 255, 'MP/23-24/1504', 2, 45, 1, 'Number', NULL, NULL, '2.96', '4000.00', '4000.00', 3, '21-10-2023', '04:20:49', 21, 10, 2023, 0, NULL, '11840.00', '13971.20', '1065.60', '1065.60', '0.00', '0.00', '2131.20', 'PO0022324000223', '09-09-2023', '39231010'),
(340, 255, 'MP/23-24/1504', 2, 39, 1, 'Number', NULL, NULL, '3.23', '4000.00', '4000.00', 3, '21-10-2023', '04:21:04', 21, 10, 2023, 0, NULL, '12920.00', '15245.60', '1162.80', '1162.80', '0.00', '0.00', '2325.60', 'PO0022324000223', '09-09-2023', '39231010'),
(341, 255, 'MP/23-24/1504', 2, 167, 1, 'NOS', NULL, NULL, '20.90', '3024.00', '3024.00', 3, '21-10-2023', '04:21:14', 21, 10, 2023, 0, NULL, '63201.60', '74577.90', '5688.14', '5688.14', '0.00', '0.00', '11376.30', 'PO0022324000223', '09-09-2023', '39239090'),
(342, 256, 'MP/23-24/1505', 2, 40, 1, 'Number', NULL, NULL, '4.94', '3500.00', '3500.00', 3, '21-10-2023', '04:23:00', 21, 10, 2023, 0, NULL, '17290.00', '20402.20', '1556.10', '1556.10', '0.00', '0.00', '3112.20', 'PO0022324000223', '09-09-2023', '39231010'),
(343, 257, 'MP/23-24/1506', 1, 14, 1, 'Number', NULL, NULL, '15.86', '1176.00', '1176.00', 3, '21-10-2023', '04:24:46', 21, 10, 2023, 0, NULL, '18651.36', '22008.60', '1678.62', '1678.62', '0.00', '0.00', '3357.24', '5500029391', '09-09-2023', '85122010'),
(344, 259, 'MP/23-24/1507', 1, 11, 1, 'Number', NULL, NULL, '7.60', '1820.00', '1820.00', 3, '21-10-2023', '05:16:53', 21, 10, 2023, 0, NULL, '13832.04', '16321.80', '1244.88', '1244.88', '0.00', '0.00', '2489.76', '55OOO31713', '09-09-2023', '85414020'),
(345, 260, 'MP/23-24/1508', 1, 15, 1, 'Number', NULL, NULL, '1.84', '3000.00', '3000.00', 3, '21-10-2023', '05:17:50', 21, 10, 2023, 0, NULL, '5520.00', '6513.60', '496.80', '496.80', '0.00', '0.00', '993.60', '55OOO31713', '09-09-2023', '85129000'),
(346, 261, 'MP/23-24/1509', 5, 207, 1, 'NOS', NULL, NULL, '90.00', '1.00', '1.00', 3, '21-10-2023', '07:30:38', 21, 10, 2023, 0, NULL, '90.00', '106.20', '8.10', '8.10', '0.00', '0.00', '16.20', 'RMPL-04', '21-10-2023', '85129000'),
(347, 261, 'MP/23-24/1509', 5, 206, 1, 'NOS', NULL, NULL, '157.50', '1.00', '1.00', 3, '21-10-2023', '07:30:44', 21, 10, 2023, 0, NULL, '157.50', '185.85', '14.18', '14.18', '0.00', '0.00', '28.35', 'RMPL-04', '21-10-2023', '84662000'),
(348, 261, 'MP/23-24/1509', 5, 205, 1, 'KGS', NULL, NULL, '135.00', '1.00', '1.00', 3, '21-10-2023', '07:30:51', 21, 10, 2023, 0, NULL, '135.00', '159.30', '12.15', '12.15', '0.00', '0.00', '24.30', 'RMPL-04', '21-10-2023', '84662000'),
(350, 261, 'MP/23-24/1509', 5, 203, 1, 'NOS', NULL, NULL, '1338.74', '1.00', '1.00', 3, '21-10-2023', '07:31:04', 21, 10, 2023, 0, NULL, '1338.74', '1579.72', '120.49', '120.49', '0.00', '0.00', '240.98', 'RMPL-04', '21-10-2023', '84662000'),
(351, 261, 'MP/23-24/1509', 5, 204, 1, 'NOS', NULL, NULL, '405.00', '1.00', '1.00', 3, '21-10-2023', '07:33:33', 21, 10, 2023, 0, NULL, '405.00', '477.90', '36.45', '36.45', '0.00', '0.00', '72.90', 'RMPL-04', '21-10-2023', '84662000'),
(353, 262, 'MP/23-24/1510', 5, 208, 1, 'NOS', NULL, NULL, '160.00', '5.00', '5.00', 3, '21-10-2023', '07:37:19', 21, 10, 2023, 0, NULL, '800.00', '944.00', '72.00', '72.00', '0.00', '0.00', '144.00', 'RMPL-04', '21-10-2023', '39231010'),
(354, 263, 'MP/23-24/1511', 6, 124, 1, 'Number', NULL, NULL, '2.34', '16000.00', '16000.00', 3, '21-10-2023', '07:39:48', 21, 10, 2023, 0, NULL, '37440.00', '44179.20', '3369.60', '3369.60', '0.00', '0.00', '6739.20', 'SH-11', '12-09-2023', '85122093'),
(355, 263, 'MP/23-24/1511', 6, 123, 1, 'Number', NULL, NULL, '2.08', '9000.00', '9000.00', 3, '21-10-2023', '07:40:01', 21, 10, 2023, 0, NULL, '18720.00', '22089.60', '1684.80', '1684.80', '0.00', '0.00', '3369.60', 'SH-11', '12-09-2023', '85122093'),
(356, 264, 'MP/23-24/1512', 5, 105, 1, 'NOS', NULL, NULL, '38.45', '440.00', '440.00', 3, '21-10-2023', '07:43:22', 21, 10, 2023, 0, NULL, '16917.96', '19963.20', '1522.62', '1522.62', '0.00', '0.00', '3045.24', 'RMPL-00003', '14-10-2023', '87089900'),
(357, 264, 'MP/23-24/1512', 5, 110, 1, 'NOS', NULL, NULL, '0.32', '800.00', '800.00', 3, '21-10-2023', '07:45:57', 21, 10, 2023, 0, NULL, '256.00', '302.08', '23.04', '23.04', '0.00', '0.00', '46.08', 'RMPL-00003', '14-10-2023', '85332929'),
(358, 265, 'MP/23-24/1513', 5, 209, 1, 'NOS', NULL, NULL, '3.87', '4160.00', '4160.00', 3, '22-10-2023', '12:08:45', 22, 10, 2023, 0, NULL, '16099.24', '18997.10', '1448.93', '1448.93', '0.00', '0.00', '2897.86', 'RMPL-00003', '14-10-2023', '87089900'),
(360, 265, 'MP/23-24/1513', 5, 210, 1, 'NOS', NULL, NULL, '3.65', '5500.00', '5500.00', 3, '22-10-2023', '12:10:22', 22, 10, 2023, 0, NULL, '20075.00', '23688.50', '1806.75', '1806.75', '0.00', '0.00', '3613.50', 'RMPL-00003', '14-10-2023', '85365090'),
(361, 266, 'MP/23-24/1514', 5, 99, 1, 'NOS', NULL, NULL, '0.82', '800.00', '800.00', 3, '22-10-2023', '12:12:22', 22, 10, 2023, 0, NULL, '656.00', '774.08', '59.04', '59.04', '0.00', '0.00', '118.08', 'RMPL-00003', '14-10-2023', '39269099'),
(362, 267, 'MP/23-24/1515', 8, 161, 1, 'NOS', NULL, NULL, '7.52', '5100.00', '5100.00', 3, '22-10-2023', '12:13:10', 22, 10, 2023, 0, NULL, '38352.04', '45255.40', '3451.68', '3451.68', '0.00', '0.00', '6903.36', '232412154', '12-09-2023', '7318'),
(363, 268, 'MP/23-24/1516', 5, 162, 1, 'NOS', NULL, NULL, '3.16', '1786.00', '1786.00', 3, '22-10-2023', '12:22:24', 22, 10, 2023, 0, NULL, '5643.76', '6659.64', '507.94', '507.94', '0.00', '0.00', '1015.88', 'RMPL-00003', '14-10-2023', '85365090'),
(364, 268, 'MP/23-24/1516', 5, 147, 1, 'NOS', NULL, NULL, '4.92', '2500.00', '2500.00', 3, '22-10-2023', '12:22:58', 22, 10, 2023, 0, NULL, '12300.00', '14514.00', '1107.00', '1107.00', '0.00', '0.00', '2214.00', 'RMPL-00003', '14-10-2023', '87089900'),
(365, 268, 'MP/23-24/1516', 5, 209, 1, 'NOS', NULL, NULL, '3.87', '3000.00', '3000.00', 3, '22-10-2023', '12:23:18', 22, 10, 2023, 0, NULL, '11610.00', '13699.80', '1044.90', '1044.90', '0.00', '0.00', '2089.80', 'RMPL-00003', '14-10-2023', '87089900'),
(366, 268, 'MP/23-24/1516', 5, 114, 1, 'NOS', NULL, NULL, '3.16', '980.00', '980.00', 3, '22-10-2023', '12:24:34', 22, 10, 2023, 0, NULL, '3096.80', '3654.22', '278.71', '278.71', '0.00', '0.00', '557.42', 'RMPL-00003', '14-10-2023', '85365090'),
(367, 269, 'MP/23-24/1517', 5, 116, 1, 'NOS', NULL, NULL, '0.58', '2000.00', '2000.00', 3, '22-10-2023', '12:31:32', 22, 10, 2023, 0, NULL, '1160.00', '1368.80', '104.40', '104.40', '0.00', '0.00', '208.80', 'RMPL-00003', '14-10-2023', '39269099'),
(368, 269, 'MP/23-24/1517', 5, 113, 1, 'NOS', NULL, NULL, '0.58', '2000.00', '2000.00', 3, '22-10-2023', '12:31:44', 22, 10, 2023, 0, NULL, '1160.00', '1368.80', '104.40', '104.40', '0.00', '0.00', '208.80', 'RMPL-00003', '14-10-2023', '39269099'),
(371, 269, 'MP/23-24/1517', 5, 104, 1, 'NOS', NULL, NULL, '3.41', '500.00', '500.00', 3, '22-10-2023', '12:32:20', 22, 10, 2023, 0, NULL, '1705.00', '2011.90', '153.45', '153.45', '0.00', '0.00', '306.90', 'RMPL-00003', '14-10-2023', '85365090'),
(372, 269, 'MP/23-24/1517', 5, 98, 1, 'NOS', NULL, NULL, '1.33', '1000.00', '1000.00', 3, '22-10-2023', '12:35:46', 22, 10, 2023, 0, NULL, '1330.00', '1569.40', '119.70', '119.70', '0.00', '0.00', '239.40', 'RMPL-00003', '14-10-2023', '85332929'),
(373, 269, 'MP/23-24/1517', 5, 97, 1, 'NOS', NULL, NULL, '1.73', '1000.00', '1000.00', 3, '22-10-2023', '12:35:54', 22, 10, 2023, 0, NULL, '1730.00', '2041.40', '155.70', '155.70', '0.00', '0.00', '311.40', 'RMPL-00003', '14-10-2023', '85332929'),
(374, 270, 'MP/23-24/1518', 4, 211, 1, 'NOS', NULL, NULL, '267000.00', '1.00', '1.00', 3, '22-10-2023', '12:49:29', 22, 10, 2023, 0, NULL, '267000.00', '315060.00', '24030.00', '24030.00', '0.00', '0.00', '48060.00', '2300/1DR020330/ED100', '22-10-2023', '84807900'),
(375, 270, 'MP/23-24/1518', 4, 212, 1, 'NOS', NULL, NULL, '255000.00', '1.00', '1.00', 3, '22-10-2023', '12:49:35', 22, 10, 2023, 0, NULL, '255000.00', '300900.00', '22950.00', '22950.00', '0.00', '0.00', '45900.00', '2300/1DR020330/ED100', '22-10-2023', '84807900'),
(376, 271, 'MP/23-24/1519', 1, 8, 1, 'Number', NULL, NULL, '4.21', '1200.00', '1200.00', 3, '22-10-2023', '12:51:32', 22, 10, 2023, 0, NULL, '5052.00', '5961.36', '454.68', '454.68', '0.00', '0.00', '909.36', '55OOO31713', '09-09-2023', '85129000'),
(377, 271, 'MP/23-24/1519', 1, 7, 1, 'Number', NULL, NULL, '4.21', '1200.00', '1200.00', 3, '22-10-2023', '12:51:44', 22, 10, 2023, 0, NULL, '5052.00', '5961.36', '454.68', '454.68', '0.00', '0.00', '909.36', '55OOO31713', '09-09-2023', '85129000'),
(378, 272, 'MP/23-24/1520', 1, 5, 1, 'Number', NULL, NULL, '2.00', '800.00', '800.00', 3, '22-10-2023', '12:53:31', 22, 10, 2023, 0, NULL, '1600.00', '1888.00', '144.00', '144.00', '0.00', '0.00', '288.00', '55OOO31713', '09-09-2023', '85129000'),
(379, 272, 'MP/23-24/1520', 1, 6, 1, 'Number', NULL, NULL, '2.00', '800.00', '800.00', 3, '22-10-2023', '12:54:29', 22, 10, 2023, 0, NULL, '1600.00', '1888.00', '144.00', '144.00', '0.00', '0.00', '288.00', '55OOO31713', '09-09-2023', '85129000'),
(380, 273, 'MP/23-24/1521', 1, 4, 1, 'Number', NULL, NULL, '5.33', '2240.00', '2240.00', 3, '23-10-2023', '11:23:35', 23, 10, 2023, 0, NULL, '11939.24', '14088.30', '1074.53', '1074.53', '0.00', '0.00', '2149.06', '55OOO31713', '09-09-2023', '85129000'),
(381, 274, 'MP/23-24/1522', 1, 20, 1, 'Number', NULL, NULL, '0.00', '2688.00', '2688.00', 3, '23-10-2023', '11:24:51', 23, 10, 2023, 0, NULL, '0.00', '0.00', '0.00', '0.00', '0.00', '0.00', '0.00', '55OOO31713', '09-09-2023', '85122010'),
(382, 274, 'MP/23-24/1522', 1, 21, 1, 'Number', NULL, NULL, '0.00', '2688.00', '2688.00', 3, '23-10-2023', '11:25:01', 23, 10, 2023, 0, NULL, '0.00', '0.00', '0.00', '0.00', '0.00', '0.00', '0.00', '55OOO31713', '09-09-2023', '85122010'),
(383, 275, 'MP/23-24/1523', 1, 11, 1, 'Number', NULL, NULL, '0.00', '364.00', '364.00', 3, '27-10-2023', '02:07:11', 27, 10, 2023, 0, NULL, '0.00', '0.00', '0.00', '0.00', '0.00', '0.00', '0.00', '55OOO31713', '09-09-2023', '85414020'),
(384, 276, 'MP/23-24/1524', 2, 54, 1, 'NOS', NULL, NULL, '0.00', '4000.00', '4000.00', 3, '27-10-2023', '02:09:28', 27, 10, 2023, 0, NULL, '0.00', '0.00', '0.00', '0.00', '0.00', '0.00', '0.00', 'PO0022324000223', '09-09-2023', '39231010'),
(385, 276, 'MP/23-24/1524', 2, 167, 1, 'NOS', NULL, NULL, '20.90', '5040.00', '5040.00', 3, '27-10-2023', '02:12:01', 27, 10, 2023, 0, NULL, '105335.50', '124296.00', '9480.24', '9480.24', '0.00', '0.00', '18960.50', 'PO0022324000223', '09-09-2023', '39239090'),
(386, 276, 'MP/23-24/1524', 2, 45, 1, 'Number', NULL, NULL, '0.00', '11000.00', '11000.00', 3, '27-10-2023', '02:12:17', 27, 10, 2023, 0, NULL, '0.00', '0.00', '0.00', '0.00', '0.00', '0.00', '0.00', 'PO0022324000223', '09-09-2023', '39231010'),
(387, 276, 'MP/23-24/1524', 2, 40, 1, 'Number', NULL, NULL, '4.94', '4500.00', '4500.00', 3, '27-10-2023', '02:12:35', 27, 10, 2023, 0, NULL, '22230.00', '26231.40', '2000.70', '2000.70', '0.00', '0.00', '4001.40', 'PO0022324000223', '09-09-2023', '39231010'),
(388, 277, 'MP/23-24/1525', 1, 5, 1, 'Number', NULL, NULL, '2.00', '800.00', '800.00', 3, '27-10-2023', '02:14:08', 27, 10, 2023, 0, NULL, '1600.00', '1888.00', '144.00', '144.00', '0.00', '0.00', '288.00', '55OOO31713', '09-09-2023', '85129000'),
(389, 277, 'MP/23-24/1525', 1, 6, 1, 'Number', NULL, NULL, '2.00', '800.00', '800.00', 3, '27-10-2023', '02:14:19', 27, 10, 2023, 0, NULL, '1600.00', '1888.00', '144.00', '144.00', '0.00', '0.00', '288.00', '55OOO31713', '09-09-2023', '85129000'),
(390, 278, 'MP/23-24/1526', 1, 4, 1, 'Number', NULL, NULL, '5.33', '1792.00', '1792.00', 3, '27-10-2023', '02:15:21', 27, 10, 2023, 0, NULL, '9551.36', '11270.60', '859.62', '859.62', '0.00', '0.00', '1719.24', '55OOO31713', '09-09-2023', '85129000'),
(391, 279, 'MP/23-24/1527', 1, 7, 1, 'Number', NULL, NULL, '4.21', '300.00', '300.00', 3, '27-10-2023', '02:16:15', 27, 10, 2023, 0, NULL, '1263.00', '1490.34', '113.67', '113.67', '0.00', '0.00', '227.34', '55OOO31713', '09-09-2023', '85129000'),
(392, 279, 'MP/23-24/1527', 1, 8, 1, 'Number', NULL, NULL, '4.21', '300.00', '300.00', 3, '27-10-2023', '02:16:31', 27, 10, 2023, 0, NULL, '1263.00', '1490.34', '113.67', '113.67', '0.00', '0.00', '227.34', '55OOO31713', '09-09-2023', '85129000'),
(393, 280, 'MP/23-24/1528', 1, 15, 1, 'Number', NULL, NULL, '1.84', '3000.00', '3000.00', 3, '27-10-2023', '02:17:32', 27, 10, 2023, 0, NULL, '5520.00', '6513.60', '496.80', '496.80', '0.00', '0.00', '993.60', '55OOO31713', '09-09-2023', '85129000'),
(394, 281, 'MP/23-24/1529', 3, 82, 1, 'Number', NULL, NULL, '3.44', '1000.00', '1000.00', 3, '27-10-2023', '02:19:21', 27, 10, 2023, 0, NULL, '3440.00', '4059.20', '309.60', '309.60', '0.00', '0.00', '619.20', 'EA', '09-09-2023', '84769010'),
(395, 281, 'MP/23-24/1529', 3, 65, 1, 'Number', NULL, NULL, '346.20', '133.00', '133.00', 3, '27-10-2023', '02:19:34', 27, 10, 2023, 0, NULL, '46044.57', '54332.60', '4144.01', '4144.01', '0.00', '0.00', '8288.03', 'EA', '09-09-2023', '39269099'),
(396, 281, 'MP/23-24/1529', 3, 66, 1, 'Number', NULL, NULL, '93.70', '126.00', '126.00', 3, '27-10-2023', '02:19:48', 27, 10, 2023, 0, NULL, '11806.18', '13931.30', '1062.56', '1062.56', '0.00', '0.00', '2125.12', 'EA', '09-09-2023', '39269099'),
(397, 281, 'MP/23-24/1529', 3, 85, 1, 'Number', NULL, NULL, '2.46', '2000.00', '2000.00', 3, '27-10-2023', '02:20:27', 27, 10, 2023, 0, NULL, '4920.00', '5805.60', '442.80', '442.80', '0.00', '0.00', '885.60', 'EA', '09-09-2023', '84769010'),
(398, 281, 'MP/23-24/1529', 3, 77, 1, 'Number', NULL, NULL, '4.13', '840.00', '840.00', 3, '27-10-2023', '02:21:38', 27, 10, 2023, 0, NULL, '3469.20', '4093.66', '312.23', '312.23', '0.00', '0.00', '624.46', 'EA', '09-09-2023', '84807900'),
(399, 282, 'MP/23-24/1530', 1, 7, 1, 'Number', NULL, NULL, '4.21', '900.00', '900.00', 3, '27-10-2023', '02:23:04', 27, 10, 2023, 0, NULL, '3789.00', '4471.02', '341.01', '341.01', '0.00', '0.00', '682.02', '55OOO31713', '09-09-2023', '85129000'),
(400, 282, 'MP/23-24/1530', 1, 8, 1, 'Number', NULL, NULL, '4.21', '900.00', '900.00', 3, '27-10-2023', '02:23:16', 27, 10, 2023, 0, NULL, '3789.00', '4471.02', '341.01', '341.01', '0.00', '0.00', '682.02', '55OOO31713', '09-09-2023', '85129000'),
(401, 283, 'MP/23-24/1531', 1, 9, 1, 'Number', NULL, NULL, '64.30', '312.00', '312.00', 3, '27-10-2023', '02:25:32', 27, 10, 2023, 0, NULL, '20061.61', '23672.70', '1805.54', '1805.54', '0.00', '0.00', '3611.09', '55OOO31713', '09-09-2023', '85122010'),
(402, 284, 'MP/23-24/1532', 1, 5, 1, 'Number', NULL, NULL, '2.00', '800.00', '800.00', 3, '27-10-2023', '02:26:36', 27, 10, 2023, 0, NULL, '1600.00', '1888.00', '144.00', '144.00', '0.00', '0.00', '288.00', '55OOO31713', '09-09-2023', '85129000'),
(403, 284, 'MP/23-24/1532', 1, 6, 1, 'Number', NULL, NULL, '2.00', '800.00', '800.00', 3, '27-10-2023', '02:26:54', 27, 10, 2023, 0, NULL, '1600.00', '1888.00', '144.00', '144.00', '0.00', '0.00', '288.00', '55OOO31713', '09-09-2023', '85129000'),
(404, 285, 'MP/23-24/1533', 1, 15, 1, 'Number', NULL, NULL, '1.84', '3000.00', '3000.00', 3, '27-10-2023', '02:28:30', 27, 10, 2023, 0, NULL, '5520.00', '6513.60', '496.80', '496.80', '0.00', '0.00', '993.60', '55OOO31713', '09-09-2023', '85129000'),
(405, 286, 'MP/23-24/1534', 1, 11, 1, 'Number', NULL, NULL, '7.60', '1456.00', '1456.00', 3, '27-10-2023', '02:29:30', 27, 10, 2023, 0, NULL, '11065.59', '13057.40', '995.90', '995.90', '0.00', '0.00', '1991.81', '55OOO31713', '09-09-2023', '85414020'),
(406, 287, 'MP/23-24/1535', 1, 18, 1, 'Number', NULL, NULL, '4.35', '3920.00', '3920.00', 3, '27-10-2023', '02:30:27', 27, 10, 2023, 0, NULL, '17052.04', '20121.40', '1534.68', '1534.68', '0.00', '0.00', '3069.36', '55OOO31713', '09-09-2023', '85122010'),
(407, 287, 'MP/23-24/1535', 1, 19, 1, 'Number', NULL, NULL, '4.35', '3920.00', '3920.00', 3, '27-10-2023', '02:30:35', 27, 10, 2023, 0, NULL, '17052.04', '20121.40', '1534.68', '1534.68', '0.00', '0.00', '3069.36', '55OOO31713', '09-09-2023', '85122010'),
(409, 288, 'MP/23-24/1536', 1, 4, 1, 'Number', NULL, NULL, '5.33', '1792.00', '1792.00', 3, '27-10-2023', '02:32:17', 27, 10, 2023, 0, NULL, '9551.36', '11270.60', '859.62', '859.62', '0.00', '0.00', '1719.24', '55OOO31713', '09-09-2023', '85129000'),
(410, 289, 'MP/23-24/1537', 1, 7, 1, 'Number', NULL, NULL, '4.21', '1200.00', '1200.00', 3, '27-10-2023', '02:33:18', 27, 10, 2023, 0, NULL, '5052.00', '5961.36', '454.68', '454.68', '0.00', '0.00', '909.36', '55OOO31713', '09-09-2023', '85129000'),
(411, 289, 'MP/23-24/1537', 1, 8, 1, 'Number', NULL, NULL, '4.21', '1200.00', '1200.00', 3, '27-10-2023', '02:33:46', 27, 10, 2023, 0, NULL, '5052.00', '5961.36', '454.68', '454.68', '0.00', '0.00', '909.36', '55OOO31713', '09-09-2023', '85129000'),
(412, 290, 'MP/23-24/1538', 5, 213, 1, 'NOS', NULL, NULL, '5.13', '125.00', '125.00', 3, '27-10-2023', '02:42:56', 27, 10, 2023, 0, NULL, '641.24', '756.67', '57.71', '57.71', '0.00', '0.00', '115.43', 'RMPL-00003', '14-10-2023', '39269099'),
(413, 291, 'MP/23-24/1539', 5, 213, 1, 'NOS', NULL, NULL, '5.13', '900.00', '900.00', 3, '27-10-2023', '02:43:46', 27, 10, 2023, 0, NULL, '4617.00', '5448.06', '415.53', '415.53', '0.00', '0.00', '831.06', 'RMPL-00003', '14-10-2023', '39269099'),
(414, 292, 'MP/23-24/1540', 5, 213, 1, 'NOS', NULL, NULL, '5.13', '600.00', '600.00', 3, '27-10-2023', '02:44:30', 27, 10, 2023, 0, NULL, '3078.00', '3632.04', '277.02', '277.02', '0.00', '0.00', '554.04', 'RMPL-00003', '14-10-2023', '39269099'),
(415, 293, 'MP/23-24/1541', 5, 213, 1, 'NOS', NULL, NULL, '5.13', '1800.00', '1800.00', 3, '27-10-2023', '02:45:19', 27, 10, 2023, 0, NULL, '9233.98', '10896.10', '831.06', '831.06', '0.00', '0.00', '1662.12', 'RMPL-00003', '14-10-2023', '39269099');
INSERT INTO `sales_parts` (`id`, `sales_id`, `sales_number`, `customer_id`, `part_id`, `tax_id`, `uom_id`, `delivery_date`, `expiry_date`, `part_price`, `qty`, `pending_qty`, `created_by`, `created_date`, `created_time`, `created_day`, `created_month`, `created_year`, `deleted`, `invoice_number`, `basic_total`, `total_rate`, `cgst_amount`, `sgst_amount`, `igst_amount`, `tcs_amount`, `gst_amount`, `po_number`, `po_date`, `hsn_code`) VALUES
(416, 294, 'MP/23-24/1542', 5, 213, 1, 'NOS', NULL, NULL, '5.13', '700.00', '700.00', 3, '27-10-2023', '02:45:58', 27, 10, 2023, 0, NULL, '3591.00', '4237.38', '323.19', '323.19', '0.00', '0.00', '646.38', 'RMPL-00003', '14-10-2023', '39269099'),
(418, 296, 'MP/23-24/1543', 5, 213, 1, 'NOS', NULL, NULL, '5.13', '1500.00', '1500.00', 3, '27-10-2023', '02:52:17', 27, 10, 2023, 0, NULL, '7695.00', '9080.10', '692.55', '692.55', '0.00', '0.00', '1385.10', 'RMPL-00003', '14-10-2023', '39269099'),
(419, 297, 'MP/23-24/1544', 5, 213, 1, 'NOS', NULL, NULL, '5.13', '2400.00', '2400.00', 3, '27-10-2023', '02:53:53', 27, 10, 2023, 0, NULL, '12312.04', '14528.20', '1108.08', '1108.08', '0.00', '0.00', '2216.16', 'RMPL-00003', '14-10-2023', '39269099'),
(420, 298, 'MP/23-24/1545', 12, 134, 1, 'Number', NULL, NULL, '0.07', '10000.00', '10000.00', 3, '27-10-2023', '02:57:01', 27, 10, 2023, 0, NULL, '700.00', '826.00', '63.00', '63.00', '0.00', '0.00', '126.00', 'AP-01', '26-09-2023', '9988'),
(421, 298, 'MP/23-24/1545', 12, 135, 1, 'Number', NULL, NULL, '0.07', '378000.00', '378000.00', 3, '27-10-2023', '02:57:10', 27, 10, 2023, 0, NULL, '26460.00', '31222.80', '2381.40', '2381.40', '0.00', '0.00', '4762.80', 'AP-01', '26-09-2023', '9988'),
(422, 299, 'MP/23-24/1546', 1, 23, 1, 'Number', NULL, NULL, '3.45', '1440.00', '1440.00', 3, '27-10-2023', '02:58:09', 27, 10, 2023, 0, NULL, '4968.00', '5862.24', '447.12', '447.12', '0.00', '0.00', '894.24', '5500029391', '09-09-2023', '85129000'),
(423, 300, 'MP/23-24/1547', 2, 52, 1, 'Number', NULL, NULL, '101.20', '516.00', '516.00', 3, '27-10-2023', '03:00:30', 27, 10, 2023, 0, NULL, '52219.24', '61618.70', '4699.73', '4699.73', '0.00', '0.00', '9399.46', 'PO0022324000223', '09-09-2023', '39269099'),
(424, 301, 'MP/23-24/1548', 2, 45, 1, 'Number', NULL, NULL, '2.96', '3000.00', '3000.00', 3, '27-10-2023', '03:01:31', 27, 10, 2023, 0, NULL, '8880.00', '10478.40', '799.20', '799.20', '0.00', '0.00', '1598.40', 'PO0022324000223', '09-09-2023', '39231010'),
(425, 301, 'MP/23-24/1548', 2, 40, 1, 'Number', NULL, NULL, '4.94', '1500.00', '1500.00', 3, '27-10-2023', '03:01:49', 27, 10, 2023, 0, NULL, '7410.00', '8743.80', '666.90', '666.90', '0.00', '0.00', '1333.80', 'PO0022324000223', '09-09-2023', '39231010'),
(426, 301, 'MP/23-24/1548', 2, 54, 1, 'NOS', NULL, NULL, '4.30', '2000.00', '2000.00', 3, '27-10-2023', '03:02:48', 27, 10, 2023, 0, NULL, '8600.00', '10148.00', '774.00', '774.00', '0.00', '0.00', '1548.00', 'PO0022324000223', '09-09-2023', '39231010'),
(427, 302, 'MP/23-24/1549', 5, 213, 1, 'NOS', NULL, NULL, '5.13', '300.00', '300.00', 3, '27-10-2023', '03:03:44', 27, 10, 2023, 0, NULL, '1539.00', '1816.02', '138.51', '138.51', '0.00', '0.00', '277.02', 'RMPL-00003', '14-10-2023', '39269099'),
(428, 303, 'MP/23-24/1550', 1, 9, 1, 'Number', NULL, NULL, '64.30', '168.00', '168.00', 3, '27-10-2023', '03:05:02', 27, 10, 2023, 0, NULL, '10802.37', '12746.80', '972.22', '972.22', '0.00', '0.00', '1944.43', '55OOO31713', '09-09-2023', '85122010'),
(429, 304, 'MP/23-24/1551', 3, 72, 1, 'Number', NULL, NULL, '14.07', '90.00', '90.00', 3, '27-10-2023', '03:06:16', 27, 10, 2023, 0, NULL, '1266.30', '1494.23', '113.97', '113.97', '0.00', '0.00', '227.93', 'EA', '09-09-2023', '84807900'),
(430, 304, 'MP/23-24/1551', 3, 75, 1, 'NOS', NULL, NULL, '1.14', '1000.00', '1000.00', 3, '27-10-2023', '03:07:56', 27, 10, 2023, 0, NULL, '1140.00', '1345.20', '102.60', '102.60', '0.00', '0.00', '205.20', 'EA', '09-09-2023', '84807900'),
(431, 304, 'MP/23-24/1551', 3, 79, 1, 'Number', NULL, NULL, '1.76', '2000.00', '2000.00', 3, '27-10-2023', '03:08:40', 27, 10, 2023, 0, NULL, '3520.00', '4153.60', '316.80', '316.80', '0.00', '0.00', '633.60', 'EA', '09-09-2023', '39269099'),
(432, 305, 'MP/23-24/1552', 1, 14, 1, 'Number', NULL, NULL, '15.86', '1008.00', '1008.00', 3, '27-10-2023', '03:10:25', 27, 10, 2023, 0, NULL, '15986.86', '18864.50', '1438.82', '1438.82', '0.00', '0.00', '2877.64', '5500029391', '09-09-2023', '85122010'),
(433, 306, 'MP/23-24/1553', 1, 1, 1, 'Number', NULL, NULL, '64.82', '240.00', '240.00', 3, '27-10-2023', '03:11:15', 27, 10, 2023, 0, NULL, '15556.78', '18357.00', '1400.11', '1400.11', '0.00', '0.00', '2800.22', '55OOO31713', '09-09-2023', '85129000'),
(434, 307, 'MP/23-24/1554', 1, 4, 1, 'Number', NULL, NULL, '5.33', '2688.00', '2688.00', 3, '27-10-2023', '03:13:09', 27, 10, 2023, 0, NULL, '14327.03', '16905.90', '1289.43', '1289.43', '0.00', '0.00', '2578.87', '55OOO31713', '09-09-2023', '85129000'),
(435, 308, 'MP/23-24/1555', 1, 15, 1, 'Number', NULL, NULL, '1.84', '3000.00', '3000.00', 3, '27-10-2023', '03:14:12', 27, 10, 2023, 0, NULL, '5520.00', '6513.60', '496.80', '496.80', '0.00', '0.00', '993.60', '55OOO31713', '09-09-2023', '85129000'),
(436, 309, 'MP/23-24/1556', 1, 7, 1, 'Number', NULL, NULL, '4.21', '2700.00', '2700.00', 3, '27-10-2023', '03:15:00', 27, 10, 2023, 0, NULL, '11367.04', '13413.10', '1023.03', '1023.03', '0.00', '0.00', '2046.06', '55OOO31713', '09-09-2023', '85129000'),
(437, 309, 'MP/23-24/1556', 1, 8, 1, 'Number', NULL, NULL, '4.21', '2700.00', '2700.00', 3, '27-10-2023', '03:15:14', 27, 10, 2023, 0, NULL, '11367.04', '13413.10', '1023.03', '1023.03', '0.00', '0.00', '2046.06', '55OOO31713', '09-09-2023', '85129000'),
(438, 310, 'MP/23-24/1557', 5, 106, 1, 'NOS', NULL, NULL, '7.93', '600.00', '600.00', 3, '27-10-2023', '03:16:06', 27, 10, 2023, 0, NULL, '4758.00', '5614.44', '428.22', '428.22', '0.00', '0.00', '856.44', 'RMPL-00003', '14-10-2023', '87089900'),
(439, 310, 'MP/23-24/1557', 5, 105, 1, 'NOS', NULL, NULL, '38.45', '185.00', '185.00', 3, '27-10-2023', '03:16:17', 27, 10, 2023, 0, NULL, '7113.24', '8393.63', '640.19', '640.19', '0.00', '0.00', '1280.39', 'RMPL-00003', '14-10-2023', '87089900'),
(440, 310, 'MP/23-24/1557', 5, 109, 1, 'NOS', NULL, NULL, '0.50', '480.00', '480.00', 3, '27-10-2023', '03:16:31', 27, 10, 2023, 0, NULL, '240.00', '283.20', '21.60', '21.60', '0.00', '0.00', '43.20', 'RMPL-00003', '14-10-2023', '85332929'),
(441, 311, 'MP/23-24/1558', 5, 214, 1, 'NOS', NULL, NULL, '2.90', '1990.00', '1990.00', 3, '27-10-2023', '03:29:10', 27, 10, 2023, 0, NULL, '5771.00', '6809.78', '519.39', '519.39', '0.00', '0.00', '1038.78', 'RMPL-00003', '14-10-2023', '85365090'),
(442, 311, 'MP/23-24/1558', 5, 215, 1, 'NOS', NULL, NULL, '3.06', '2040.00', '2040.00', 3, '27-10-2023', '03:29:23', 27, 10, 2023, 0, NULL, '6242.40', '7366.03', '561.82', '561.82', '0.00', '0.00', '1123.63', 'RMPL-00003', '14-10-2023', '85365090'),
(443, 312, 'MP/23-24/1559', 1, 9, 1, 'Number', NULL, NULL, '64.30', '120.00', '120.00', 3, '27-10-2023', '03:30:47', 27, 10, 2023, 0, NULL, '7716.00', '9104.88', '694.44', '694.44', '0.00', '0.00', '1388.88', '55OOO31713', '09-09-2023', '85122010'),
(444, 313, 'MP/23-24/1560', 5, 114, 1, 'NOS', NULL, NULL, '3.16', '1200.00', '1200.00', 3, '27-10-2023', '03:31:38', 27, 10, 2023, 0, NULL, '3792.00', '4474.56', '341.28', '341.28', '0.00', '0.00', '682.56', 'RMPL-00003', '14-10-2023', '85365090'),
(445, 313, 'MP/23-24/1560', 5, 102, 1, 'NOS', NULL, NULL, '5.07', '500.00', '500.00', 3, '27-10-2023', '03:31:49', 27, 10, 2023, 0, NULL, '2535.00', '2991.30', '228.15', '228.15', '0.00', '0.00', '456.30', 'RMPL-00003', '14-10-2023', '85365090'),
(446, 314, 'MP/23-24/1561', 5, 210, 1, 'NOS', NULL, NULL, '3.65', '3500.00', '3500.00', 3, '27-10-2023', '03:32:57', 27, 10, 2023, 0, NULL, '12775.00', '15074.50', '1149.75', '1149.75', '0.00', '0.00', '2299.50', 'RMPL-00003', '14-10-2023', '85365090'),
(447, 314, 'MP/23-24/1561', 5, 216, 1, 'NOS', NULL, NULL, '5.43', '2000.00', '2000.00', 3, '27-10-2023', '03:35:11', 27, 10, 2023, 0, NULL, '10860.00', '12814.80', '977.40', '977.40', '0.00', '0.00', '1954.80', 'RMPL-00003', '14-10-2023', '85365090'),
(448, 315, 'MP/23-24/1562', 1, 9, 1, 'Number', NULL, NULL, '64.30', '480.00', '480.00', 3, '27-10-2023', '03:35:53', 27, 10, 2023, 0, NULL, '30863.98', '36419.50', '2777.76', '2777.76', '0.00', '0.00', '5555.52', '55OOO31713', '09-09-2023', '85122010'),
(449, 316, 'MP/23-24/1563', 1, 20, 1, 'Number', NULL, NULL, '2.41', '672.00', '672.00', 3, '27-10-2023', '03:36:33', 27, 10, 2023, 0, NULL, '1619.52', '1911.03', '145.76', '145.76', '0.00', '0.00', '291.51', '55OOO31713', '09-09-2023', '85122010'),
(450, 316, 'MP/23-24/1563', 1, 21, 1, 'Number', NULL, NULL, '2.41', '672.00', '672.00', 3, '27-10-2023', '03:36:39', 27, 10, 2023, 0, NULL, '1619.52', '1911.03', '145.76', '145.76', '0.00', '0.00', '291.51', '55OOO31713', '09-09-2023', '85122010'),
(451, 317, 'MP/23-24/1564', 1, 18, 1, 'Number', NULL, NULL, '4.35', '1120.00', '1120.00', 3, '27-10-2023', '03:38:20', 27, 10, 2023, 0, NULL, '4872.00', '5748.96', '438.48', '438.48', '0.00', '0.00', '876.96', '55OOO31713', '09-09-2023', '85122010'),
(452, 317, 'MP/23-24/1564', 1, 19, 1, 'Number', NULL, NULL, '4.35', '1120.00', '1120.00', 3, '27-10-2023', '03:38:29', 27, 10, 2023, 0, NULL, '4872.00', '5748.96', '438.48', '438.48', '0.00', '0.00', '876.96', '55OOO31713', '09-09-2023', '85122010'),
(453, 318, 'MP/23-24/1565', 1, 15, 1, 'Number', NULL, NULL, '1.84', '4500.00', '4500.00', 3, '27-10-2023', '03:39:17', 27, 10, 2023, 0, NULL, '8280.00', '9770.40', '745.20', '745.20', '0.00', '0.00', '1490.40', '55OOO31713', '09-09-2023', '85129000'),
(454, 319, 'MP/23-24/1566', 1, 5, 1, 'Number', NULL, NULL, '2.00', '800.00', '800.00', 3, '27-10-2023', '03:40:15', 27, 10, 2023, 0, NULL, '1600.00', '1888.00', '144.00', '144.00', '0.00', '0.00', '288.00', '55OOO31713', '09-09-2023', '85129000'),
(455, 319, 'MP/23-24/1566', 1, 6, 1, 'Number', NULL, NULL, '2.00', '800.00', '800.00', 3, '27-10-2023', '03:40:28', 27, 10, 2023, 0, NULL, '1600.00', '1888.00', '144.00', '144.00', '0.00', '0.00', '288.00', '55OOO31713', '09-09-2023', '85129000'),
(456, 320, 'MP/23-24/1567', 1, 23, 1, 'Number', NULL, NULL, '3.45', '1440.00', '1440.00', 3, '27-10-2023', '03:41:36', 27, 10, 2023, 0, NULL, '4968.00', '5862.24', '447.12', '447.12', '0.00', '0.00', '894.24', '5500029391', '09-09-2023', '85129000'),
(457, 321, 'MP/23-24/1568', 1, 9, 1, 'Number', NULL, NULL, '64.30', '552.00', '552.00', 3, '30-10-2023', '11:50:10', 30, 10, 2023, 0, NULL, '35493.55', '41882.40', '3194.42', '3194.42', '0.00', '0.00', '6388.85', '55OOO31713', '09-09-2023', '85122010'),
(458, 322, 'MP/23-24/1569', 1, 15, 1, 'Number', NULL, NULL, '1.84', '1500.00', '1500.00', 3, '30-10-2023', '11:51:16', 30, 10, 2023, 0, NULL, '2760.00', '3256.80', '248.40', '248.40', '0.00', '0.00', '496.80', '55OOO31713', '09-09-2023', '85129000'),
(459, 323, 'MP/23-24/1570', 1, 23, 1, 'Number', NULL, NULL, '3.45', '1440.00', '1440.00', 3, '30-10-2023', '11:51:59', 30, 10, 2023, 0, NULL, '4968.00', '5862.24', '447.12', '447.12', '0.00', '0.00', '894.24', '5500029391', '09-09-2023', '85129000'),
(460, 324, 'MP/23-24/1571', 1, 3, 1, 'Number', NULL, NULL, '64.30', '528.00', '528.00', 3, '30-10-2023', '11:53:03', 30, 10, 2023, 0, NULL, '33950.43', '40061.50', '3055.54', '3055.54', '0.00', '0.00', '6111.07', '55OOO31713', '09-09-2023', '85122010'),
(461, 325, 'MP/23-24/1572', 1, 18, 1, 'Number', NULL, NULL, '4.35', '2240.00', '2240.00', 3, '30-10-2023', '11:53:45', 30, 10, 2023, 0, NULL, '9743.98', '11497.90', '876.96', '876.96', '0.00', '0.00', '1753.92', '55OOO31713', '09-09-2023', '85122010'),
(462, 325, 'MP/23-24/1572', 1, 19, 1, 'Number', NULL, NULL, '4.35', '2240.00', '2240.00', 3, '30-10-2023', '11:53:54', 30, 10, 2023, 0, NULL, '9743.98', '11497.90', '876.96', '876.96', '0.00', '0.00', '1753.92', '55OOO31713', '09-09-2023', '85122010'),
(463, 326, 'MP/23-24/1573', 1, 24, 1, 'Number', NULL, NULL, '1.50', '3000.00', '3000.00', 3, '30-10-2023', '11:54:49', 30, 10, 2023, 0, NULL, '4500.00', '5310.00', '405.00', '405.00', '0.00', '0.00', '810.00', '55OOO31713', '09-09-2023', '85414020'),
(464, 327, 'MP/23-24/1574', 1, 3, 1, 'Number', NULL, NULL, '64.30', '240.00', '240.00', 3, '30-10-2023', '11:55:41', 30, 10, 2023, 0, NULL, '15432.04', '18209.80', '1388.88', '1388.88', '0.00', '0.00', '2777.76', '55OOO31713', '09-09-2023', '85122010'),
(465, 328, 'MP/23-24/1575', 2, 54, 1, 'NOS', NULL, NULL, '4.30', '18500.00', '18500.00', 3, '30-10-2023', '11:57:23', 30, 10, 2023, 0, NULL, '79550.00', '93869.00', '7159.50', '7159.50', '0.00', '0.00', '14319.00', 'PO0022324000223', '09-09-2023', '39231010'),
(466, 328, 'MP/23-24/1575', 2, 39, 1, 'Number', NULL, NULL, '3.23', '7000.00', '7000.00', 3, '30-10-2023', '11:57:35', 30, 10, 2023, 0, NULL, '22610.00', '26679.80', '2034.90', '2034.90', '0.00', '0.00', '4069.80', 'PO0022324000223', '09-09-2023', '39231010'),
(467, 329, 'MP/23-24/1576', 1, 15, 1, 'Number', NULL, NULL, '1.84', '7500.00', '7500.00', 3, '30-10-2023', '11:58:59', 30, 10, 2023, 0, NULL, '13800.00', '16284.00', '1242.00', '1242.00', '0.00', '0.00', '2484.00', '55OOO31713', '09-09-2023', '85129000'),
(468, 330, 'MP/23-24/1577', 1, 1, 1, 'Number', NULL, NULL, '64.82', '384.00', '384.00', 3, '30-10-2023', '11:59:42', 30, 10, 2023, 0, NULL, '24890.84', '29371.20', '2240.18', '2240.18', '0.00', '0.00', '4480.36', '55OOO31713', '09-09-2023', '85129000'),
(469, 331, 'MP/23-24/1578', 1, 23, 1, 'Number', NULL, NULL, '3.45', '1440.00', '1440.00', 3, '30-10-2023', '12:00:25', 30, 10, 2023, 0, NULL, '4968.00', '5862.24', '447.12', '447.12', '0.00', '0.00', '894.24', '5500029391', '09-09-2023', '85129000'),
(470, 332, 'MP/23-24/1579', 1, 18, 1, 'Number', NULL, NULL, '4.35', '1120.00', '1120.00', 3, '30-10-2023', '12:01:14', 30, 10, 2023, 0, NULL, '4872.00', '5748.96', '438.48', '438.48', '0.00', '0.00', '876.96', '55OOO31713', '09-09-2023', '85122010'),
(471, 332, 'MP/23-24/1579', 1, 19, 1, 'Number', NULL, NULL, '4.35', '1120.00', '1120.00', 3, '30-10-2023', '12:01:23', 30, 10, 2023, 0, NULL, '4872.00', '5748.96', '438.48', '438.48', '0.00', '0.00', '876.96', '55OOO31713', '09-09-2023', '85122010'),
(472, 333, 'MP/23-24/1580', 1, 1, 1, 'Number', NULL, NULL, '64.82', '120.00', '120.00', 3, '30-10-2023', '12:02:14', 30, 10, 2023, 0, NULL, '7778.40', '9178.51', '700.06', '700.06', '0.00', '0.00', '1400.11', '55OOO31713', '09-09-2023', '85129000'),
(473, 334, 'MP/23-24/1581', 1, 3, 1, 'Number', NULL, NULL, '64.30', '216.00', '216.00', 3, '30-10-2023', '12:03:00', 30, 10, 2023, 0, NULL, '13888.82', '16388.80', '1249.99', '1249.99', '0.00', '0.00', '2499.98', '55OOO31713', '09-09-2023', '85122010'),
(474, 335, 'MP/23-24/1582', 1, 1, 1, 'Number', NULL, NULL, '64.82', '168.00', '168.00', 3, '30-10-2023', '12:03:57', 30, 10, 2023, 0, NULL, '10889.74', '12849.90', '980.08', '980.08', '0.00', '0.00', '1960.16', '55OOO31713', '09-09-2023', '85129000'),
(475, 336, 'MP/23-24/1583', 1, 18, 1, 'Number', NULL, NULL, '4.35', '2240.00', '2240.00', 3, '30-10-2023', '12:05:22', 30, 10, 2023, 0, NULL, '9743.98', '11497.90', '876.96', '876.96', '0.00', '0.00', '1753.92', '55OOO31713', '09-09-2023', '85122010'),
(476, 336, 'MP/23-24/1583', 1, 19, 1, 'Number', NULL, NULL, '4.35', '2240.00', '2240.00', 3, '30-10-2023', '12:05:30', 30, 10, 2023, 0, NULL, '9743.98', '11497.90', '876.96', '876.96', '0.00', '0.00', '1753.92', '55OOO31713', '09-09-2023', '85122010'),
(477, 337, 'MP/23-24/1584', 6, 123, 1, 'Number', NULL, NULL, '2.08', '23000.00', '23000.00', 3, '31-10-2023', '11:14:54', 31, 10, 2023, 0, NULL, '47840.00', '56451.20', '4305.60', '4305.60', '0.00', '0.00', '8611.20', 'SH-11', '12-09-2023', '85122093'),
(478, 338, 'MP/23-24/1585', 1, 1, 1, 'Number', NULL, NULL, '64.82', '288.00', '288.00', 3, '31-10-2023', '11:15:54', 31, 10, 2023, 0, NULL, '18668.13', '22028.40', '1680.13', '1680.13', '0.00', '0.00', '3360.27', '55OOO31713', '09-09-2023', '85129000'),
(479, 339, 'MP/23-24/1586', 1, 18, 1, 'Number', NULL, NULL, '4.35', '1120.00', '1120.00', 3, '31-10-2023', '11:16:44', 31, 10, 2023, 0, NULL, '4872.00', '5748.96', '438.48', '438.48', '0.00', '0.00', '876.96', '55OOO31713', '09-09-2023', '85122010'),
(480, 339, 'MP/23-24/1586', 1, 19, 1, 'Number', NULL, NULL, '4.35', '1120.00', '1120.00', 3, '31-10-2023', '11:16:52', 31, 10, 2023, 0, NULL, '4872.00', '5748.96', '438.48', '438.48', '0.00', '0.00', '876.96', '55OOO31713', '09-09-2023', '85122010'),
(481, 340, 'MP/23-24/1587', 1, 23, 1, 'Number', NULL, NULL, '3.45', '2880.00', '2880.00', 3, '31-10-2023', '11:18:01', 31, 10, 2023, 0, NULL, '9936.02', '11724.50', '894.24', '894.24', '0.00', '0.00', '1788.48', '5500029391', '09-09-2023', '85129000'),
(482, 341, 'MP/23-24/1588', 1, 15, 1, 'Number', NULL, NULL, '1.84', '15000.00', '15000.00', 3, '31-10-2023', '11:18:43', 31, 10, 2023, 0, NULL, '27600.00', '32568.00', '2484.00', '2484.00', '0.00', '0.00', '4968.00', '55OOO31713', '09-09-2023', '85129000'),
(483, 342, 'MP/23-24/1589', 2, 39, 1, 'Number', NULL, NULL, '3.23', '7000.00', '7000.00', 3, '31-10-2023', '11:20:27', 31, 10, 2023, 0, NULL, '22610.00', '26679.80', '2034.90', '2034.90', '0.00', '0.00', '4069.80', 'PO0022324000223', '09-09-2023', '39231010'),
(484, 342, 'MP/23-24/1589', 2, 44, 1, 'Number', NULL, NULL, '2.91', '1600.00', '1600.00', 3, '31-10-2023', '11:20:47', 31, 10, 2023, 0, NULL, '4656.00', '5494.08', '419.04', '419.04', '0.00', '0.00', '838.08', 'PO0022324000223', '09-09-2023', '39231010'),
(485, 343, 'MP/23-24/1590', 1, 1, 1, 'Number', NULL, NULL, '64.82', '792.00', '792.00', 3, '31-10-2023', '11:21:40', 31, 10, 2023, 0, NULL, '51337.46', '60578.20', '4620.37', '4620.37', '0.00', '0.00', '9240.74', '55OOO31713', '09-09-2023', '85129000'),
(486, 344, 'MP/23-24/1591', 5, 104, 1, 'NOS', NULL, NULL, '3.41', '500.00', '500.00', 3, '31-10-2023', '11:22:33', 31, 10, 2023, 0, NULL, '1705.00', '2011.90', '153.45', '153.45', '0.00', '0.00', '306.90', 'RMPL-0002', '11-10-2023', '85365090'),
(487, 345, 'MP/23-24/1592', 1, 1, 1, 'Number', NULL, NULL, '64.82', '240.00', '240.00', 3, '31-10-2023', '11:23:16', 31, 10, 2023, 0, NULL, '15556.78', '18357.00', '1400.11', '1400.11', '0.00', '0.00', '2800.22', '55OOO31713', '09-09-2023', '85129000'),
(488, 346, 'MP/23-24/1593', 1, 20, 1, 'Number', NULL, NULL, '2.41', '3024.00', '3024.00', 3, '31-10-2023', '11:23:53', 31, 10, 2023, 0, NULL, '7287.84', '8599.65', '655.91', '655.91', '0.00', '0.00', '1311.81', '55OOO31713', '09-09-2023', '85122010'),
(489, 346, 'MP/23-24/1593', 1, 21, 1, 'Number', NULL, NULL, '2.41', '3024.00', '3024.00', 3, '31-10-2023', '11:24:01', 31, 10, 2023, 0, NULL, '7287.84', '8599.65', '655.91', '655.91', '0.00', '0.00', '1311.81', '55OOO31713', '09-09-2023', '85122010'),
(490, 347, 'MP/23-24/1594', 1, 18, 1, 'Number', NULL, NULL, '4.35', '2800.00', '2800.00', 3, '31-10-2023', '11:25:26', 31, 10, 2023, 0, NULL, '12180.00', '14372.40', '1096.20', '1096.20', '0.00', '0.00', '2192.40', '55OOO31713', '09-09-2023', '85122010'),
(491, 347, 'MP/23-24/1594', 1, 19, 1, 'Number', NULL, NULL, '4.35', '2800.00', '2800.00', 3, '31-10-2023', '11:25:33', 31, 10, 2023, 0, NULL, '12180.00', '14372.40', '1096.20', '1096.20', '0.00', '0.00', '2192.40', '55OOO31713', '09-09-2023', '85122010'),
(492, 348, 'MP/23-24/1595', 1, 15, 1, 'Number', NULL, NULL, '1.84', '3000.00', '3000.00', 3, '31-10-2023', '11:26:16', 31, 10, 2023, 0, NULL, '5520.00', '6513.60', '496.80', '496.80', '0.00', '0.00', '993.60', '55OOO31713', '09-09-2023', '85129000'),
(493, 349, 'MP/23-24/1596', 1, 23, 1, 'Number', NULL, NULL, '3.45', '1440.00', '1440.00', 3, '31-10-2023', '11:26:51', 31, 10, 2023, 0, NULL, '4968.00', '5862.24', '447.12', '447.12', '0.00', '0.00', '894.24', '5500029391', '09-09-2023', '85129000'),
(494, 350, 'MP/23-24/1597', 1, 14, 1, 'Number', NULL, NULL, '15.86', '1680.00', '1680.00', 3, '31-10-2023', '11:27:58', 31, 10, 2023, 0, NULL, '26644.84', '31440.90', '2398.03', '2398.03', '0.00', '0.00', '4796.06', '5500029391', '09-09-2023', '85122010'),
(495, 351, 'MP/23-24/1598', 1, 154, 1, 'NOS', NULL, NULL, '12.98', '320.00', '320.00', 3, '31-10-2023', '11:28:38', 31, 10, 2023, 0, NULL, '4153.60', '4901.25', '373.82', '373.82', '0.00', '0.00', '747.65', '55OOO31713', '09-09-2023', '85122010'),
(496, 352, 'TEMP-23-24/2', 6, 124, 1, 'Number', NULL, NULL, '2.34', '2.00', '2.00', 3, '02-12-2023', '04:59:44', 2, 12, 2023, 0, NULL, '4.68', '5.52', '0.42', '0.42', '0.00', '0.00', '0.84', 'SH-11', '12-09-2023', '85122093'),
(497, 353, 'MP/23-24/1599', 6, 124, 1, 'Number', NULL, NULL, '2.34', '40.00', '40.00', 3, '02-12-2023', '05:35:52', 2, 12, 2023, 0, NULL, '93.60', '110.45', '8.42', '8.42', '0.00', '0.00', '16.85', 'SH-11', '12-09-2023', '85122093'),
(498, 354, 'AROMP/23-24/1', 1, 146, 1, 'Number', NULL, NULL, '2.71', '2.00', '2.00', 3, '01-01-2024', '02:52:32', 1, 1, 2024, 0, NULL, '5.42', '6.40', '0.49', '0.49', '0.00', '0.00', '0.98', '5500029270', '09-09-2023', '85129000'),
(499, 355, 'AROMP/23-24/2', 1, 146, 1, 'Number', NULL, NULL, '2.71', '4.00', '4.00', 3, '14-01-2024', '12:22:28', 14, 1, 2024, 0, NULL, '10.84', '12.79', '0.98', '0.98', '0.00', '0.00', '1.95', '5500029270', '09-09-2023', '85129000'),
(500, 356, 'AROMP/23-24/3', 1, 146, 1, 'Number', NULL, NULL, '2.71', '2.00', '2.00', 3, '04-02-2024', '11:43:35', 4, 2, 2024, 0, NULL, '5.42', '6.40', '0.49', '0.49', '0.00', '0.00', '0.98', '5500029270', '09-09-2023', '85129000'),
(501, 357, 'AROMP/23-24/4', 1, 217, 1, 'NOS', NULL, NULL, '222848.99', '1.00', '1.00', 3, '12-02-2024', '05:13:36', 12, 2, 2024, 0, NULL, '222848.99', '262961.81', '20056.41', '20056.41', '0.00', '0.00', '40112.82', '5500029391', '09-09-2023', 'hsn1'),
(502, 358, 'AROMP/23-24/5', 41, 227, 12, 'Rim', NULL, NULL, '0.00', '0.00', '0.00', 3, '04-03-2024', '04:09:33', 4, 3, 2024, 0, NULL, '0.00', '0.00', '0.00', '0.00', '0.00', '0.00', '0.00', 'h1', '01-03-2024', 'hsn1'),
(503, 359, 'AROMP/23-24/6', 41, 228, 12, 'KGS', NULL, NULL, '200.00', '50.00', '50.00', 3, '04-03-2024', '04:47:27', 4, 3, 2024, 0, NULL, '10000.00', '11800.00', '900.00', '900.00', '0.00', '118.00', '1800.00', '2208', '04-03-2024', '456'),
(504, 359, 'AROMP/23-24/6', 41, 227, 12, 'Rim', NULL, NULL, '55.00', '45.00', '45.00', 3, '04-03-2024', '04:47:37', 4, 3, 2024, 0, NULL, '2475.00', '2920.50', '222.75', '222.75', '0.00', '29.20', '445.50', '2208', '04-03-2024', 'hsn1'),
(505, 361, 'AROMP/23-24/7', 40, 220, 12, 'KGS', NULL, NULL, '147.00', '45.00', '45.00', 3, '04-03-2024', '05:26:46', 4, 3, 2024, 0, NULL, '6615.00', '7805.70', '595.35', '595.35', '0.00', '78.06', '1190.70', '76549', '01-03-2024', 'PG'),
(506, 362, 'AROMP/23-24/8', 37, 219, 12, 'Rim', NULL, NULL, '500.00', '50.00', '50.00', 3, '04-03-2024', '05:55:23', 4, 3, 2024, 0, NULL, '25000.00', '29500.00', '2250.00', '2250.00', '0.00', '295.00', '4500.00', '12389', '04-03-2024', '1232'),
(507, 362, 'AROMP/23-24/8', 37, 231, 12, 'KGS', NULL, NULL, '500.00', '100.00', '100.00', 3, '04-03-2024', '05:55:34', 4, 3, 2024, 0, NULL, '50000.00', '59000.00', '4500.00', '4500.00', '0.00', '590.00', '9000.00', '12389', '04-03-2024', '1234'),
(508, 363, 'AROMP/23-24/9', 36, 218, 12, 'Rim', NULL, NULL, '100.00', '25.00', '25.00', 3, '04-03-2024', '06:01:10', 4, 3, 2024, 0, NULL, '2500.00', '2950.00', '225.00', '225.00', '0.00', '29.50', '450.00', '12', '04-03-2024', 'DFS'),
(509, 363, 'AROMP/23-24/9', 36, 232, 12, 'KGS', NULL, NULL, '500.00', '150.00', '150.00', 3, '04-03-2024', '06:01:23', 4, 3, 2024, 0, NULL, '75000.00', '88500.00', '6750.00', '6750.00', '0.00', '885.00', '13500.00', '12', '04-03-2024', '1256'),
(510, 364, 'AROMP/23-24/10', 39, 223, 12, 'Rim', NULL, NULL, '100.00', '250.00', '250.00', 3, '04-03-2024', '06:02:49', 4, 3, 2024, 0, NULL, '25000.00', '29500.00', '2250.00', '2250.00', '0.00', '295.00', '4500.00', '64589', '04-03-2024', 'HD1'),
(511, 364, 'AROMP/23-24/10', 39, 229, 12, 'KGS', NULL, NULL, '150.00', '250.00', '250.00', 3, '04-03-2024', '06:03:00', 4, 3, 2024, 0, NULL, '37500.00', '44250.00', '3375.00', '3375.00', '0.00', '442.50', '6750.00', '64589', '04-03-2024', '456'),
(512, 364, 'AROMP/23-24/10', 39, 230, 12, 'KGS', NULL, NULL, '100.00', '10.00', '10.00', 3, '04-03-2024', '06:04:21', 4, 3, 2024, 0, NULL, '1000.00', '1180.00', '90.00', '90.00', '0.00', '11.80', '180.00', '64589', '04-03-2024', '123'),
(513, 365, 'TEMP-23-24/3', 41, 227, 12, 'Rim', NULL, NULL, '55.00', '2.00', '2.00', 3, '12-03-2024', '02:13:43', 12, 3, 2024, 0, NULL, '110.00', '129.80', '9.90', '9.90', '0.00', '1.30', '19.80', 'h1', '01-03-2024', 'hsn1'),
(514, 366, 'AROMP/23-24/11', 42, 234, 12, 'Rim', NULL, NULL, '2.52', '200.00', '200.00', 3, '18-03-2024', '12:50:49', 18, 3, 2024, 0, NULL, '504.00', '594.72', '45.36', '45.36', '0.00', '5.95', '90.72', 'KM12345', '18-03-2024', '456'),
(515, 368, 'AROMP/24-25/1', 41, 227, 3, 'Rim', NULL, NULL, '55.00', '2.00', '2.00', 3, '30-03-2024', '09:46:05', 30, 3, 2024, 0, NULL, '110.00', '140.80', '15.40', '15.40', '0.00', '0.00', '30.80', 'h1', '01-03-2024', 'hsn1'),
(516, 369, 'AROMP/24-25/2', 40, 220, 12, 'KGS', NULL, NULL, '147.00', '5.00', '5.00', 3, '30-03-2024', '09:59:44', 30, 3, 2024, 0, NULL, '735.00', '867.30', '66.15', '66.15', '0.00', '8.67', '132.30', '76549', '01-03-2024', 'PG'),
(517, 370, 'AROMP/24-25/3', 41, 227, 3, 'Rim', NULL, NULL, '55.00', '2.00', '2.00', 3, '30-03-2024', '10:02:49', 30, 3, 2024, 0, NULL, '110.00', '140.80', '15.40', '15.40', '0.00', '0.00', '30.80', '2208', '04-03-2024', 'hsn1'),
(518, 371, 'AROMP/24-25/4', 5, 216, 1, 'NOS', NULL, NULL, '5.43', '3.00', '3.00', 3, '30-03-2024', '10:04:32', 30, 3, 2024, 0, NULL, '16.29', '19.22', '1.47', '1.47', '0.00', '0.00', '2.93', 'RMPL-00003', '14-10-2023', '85365090'),
(519, 373, 'AROMP/24-25/5', 5, 216, 1, 'NOS', NULL, NULL, '5.43', '50.00', '50.00', 3, '30-03-2024', '10:24:17', 30, 3, 2024, 0, NULL, '271.50', '320.37', '24.43', '24.43', '0.00', '0.00', '48.87', 'RMPL-00003', '14-10-2023', '85365090'),
(520, 374, 'AROMP/24-25/6', 5, 216, 1, 'NOS', NULL, NULL, '5.43', '50.00', '50.00', 3, '30-03-2024', '10:34:02', 30, 3, 2024, 0, NULL, '271.50', '320.37', '24.43', '24.43', '0.00', '0.00', '48.87', 'RMPL-00003', '14-10-2023', '85365090'),
(521, 374, 'AROMP/24-25/6', 5, 213, 1, 'NOS', NULL, NULL, '5.13', '50.00', '50.00', 3, '30-03-2024', '10:34:14', 30, 3, 2024, 0, NULL, '256.50', '302.67', '23.08', '23.08', '0.00', '0.00', '46.17', 'RMPL-00003', '14-10-2023', '39269099'),
(522, 374, 'AROMP/24-25/6', 5, 214, 1, 'NOS', NULL, NULL, '2.89', '501.00', '500.00', 3, '30-03-2024', '10:34:24', 30, 3, 2024, 0, NULL, '1450.00', '1711.00', '130.50', '130.50', '0.00', '0.00', '261.00', 'RMPL-00003', '14-10-2023', '85365090'),
(523, 375, 'TEMP-24-25/3', 5, 216, 1, 'NOS', NULL, NULL, '5.43', '50.00', '50.00', 3, '30-03-2024', '10:48:44', 30, 3, 2024, 0, NULL, '271.50', '320.37', '24.43', '24.43', '0.00', '0.00', '48.87', 'RMPL-00003', '14-10-2023', '85365090'),
(524, 377, 'AROMP/24-25/7', 5, 216, 1, 'NOS', NULL, NULL, '5.27', '22.66', '22.66', 3, '30-03-2024', '02:19:15', 30, 3, 2024, 0, NULL, '119.46', '140.96', '10.75', '10.75', '0.00', '0.00', '21.50', 'RMPL-00003', '14-10-2023', '85365090'),
(525, 378, 'AROMP/24-25/8', 5, 216, 1, 'NOS', NULL, NULL, '5.26', '11.35', '11.35', 3, '30-03-2024', '02:24:40', 30, 3, 2024, 0, NULL, '59.73', '70.48', '5.38', '5.38', '0.00', '0.00', '10.75', 'RMPL-00003', '14-10-2023', '85365090'),
(526, 379, 'AROMP/24-25/9', 5, 216, 1, 'NOS', NULL, NULL, '5.43', '3.00', '3.00', 3, '30-03-2024', '02:28:52', 30, 3, 2024, 0, NULL, '16.29', '19.22', '1.47', '1.47', '0.00', '0.00', '2.93', 'RMPL-00003', '14-10-2023', '85365090'),
(527, 380, 'AROMP/24-25/10', 5, 216, 1, 'NOS', NULL, NULL, '5.43', '500.12', '500.12', 3, '30-03-2024', '05:23:08', 30, 3, 2024, 0, NULL, '2715.00', '3203.70', '244.35', '244.35', '0.00', '0.00', '488.70', 'RMPL-00003', '14-10-2023', '85365090'),
(528, 380, 'AROMP/24-25/10', 5, 214, 1, 'NOS', NULL, NULL, '2.89', '50.25', '50.25', 3, '30-03-2024', '05:23:23', 30, 3, 2024, 0, NULL, '145.00', '171.10', '13.05', '13.05', '0.00', '0.00', '26.10', 'RMPL-00003', '14-10-2023', '85365090'),
(529, 380, 'AROMP/24-25/10', 5, 215, 1, 'NOS', NULL, NULL, '3.03', '50.50', '50.50', 3, '30-03-2024', '05:23:35', 30, 3, 2024, 0, NULL, '153.00', '180.54', '13.77', '13.77', '0.00', '0.00', '27.54', 'RMPL-00003', '14-10-2023', '85365090'),
(530, 381, 'AROMP/24-25/11', 40, 220, 12, 'KGS', NULL, NULL, '147.00', '45.00', '45.00', 3, '01-04-2024', '02:46:29', 1, 4, 2024, 0, NULL, '6615.00', '7805.70', '595.35', '595.35', '0.00', '78.06', '1190.70', '76549', '01-03-2024', 'PG'),
(531, 382, 'AROMP/24-25/12', 36, 218, 12, 'Rim', NULL, NULL, '100.00', '25.00', '25.00', 3, '05-04-2024', '11:27:24', 5, 4, 2024, 0, NULL, '2500.00', '2950.00', '225.00', '225.00', '0.00', '29.50', '450.00', '12', '2024-03-04', 'DFS'),
(532, 383, 'AROMP/24-25/13', 5, 216, 1, 'NOS', NULL, NULL, '5.43', '150.00', '150.00', 3, '15-04-2024', '05:59:42', 15, 4, 2024, 0, NULL, '814.50', '961.11', '73.31', '73.31', '0.00', '0.00', '146.61', 'RMPL-00003', '2023-10-14', '85365090'),
(533, 383, 'AROMP/24-25/13', 5, 214, 1, 'NOS', NULL, NULL, '2.90', '100.00', '100.00', 3, '15-04-2024', '05:59:55', 15, 4, 2024, 0, NULL, '290.00', '342.20', '26.10', '26.10', '0.00', '0.00', '52.20', 'RMPL-00003', '2023-10-14', '85365090'),
(534, 383, 'AROMP/24-25/13', 5, 215, 1, 'NOS', NULL, NULL, '3.06', '150.00', '150.00', 3, '15-04-2024', '06:00:07', 15, 4, 2024, 0, NULL, '459.00', '541.62', '41.31', '41.31', '0.00', '0.00', '82.62', 'RMPL-00003', '2023-10-14', '85365090'),
(535, 384, 'AROMP/24-25/14', 37, 219, 12, 'Rim', NULL, NULL, '500.00', '50.00', '50.00', 3, '16-04-2024', '03:52:00', 16, 4, 2024, 0, NULL, '25000.00', '29500.00', '2250.00', '2250.00', '0.00', '295.00', '4500.00', '12389', '2024-03-04', '1232'),
(536, 385, 'AROMP/24-25/15', 37, 219, 12, 'Rim', NULL, NULL, '500.00', '50.00', '50.00', 3, '16-04-2024', '03:56:09', 16, 4, 2024, 0, NULL, '25000.00', '29500.00', '2250.00', '2250.00', '0.00', '295.00', '4500.00', '12389', '2024-03-04', '1232'),
(537, 385, 'AROMP/24-25/15', 37, 231, 12, 'KGS', NULL, NULL, '500.00', '50.00', '50.00', 3, '16-04-2024', '03:56:22', 16, 4, 2024, 0, NULL, '25000.00', '29500.00', '2250.00', '2250.00', '0.00', '295.00', '4500.00', '12389', '2024-03-04', '1234'),
(538, 386, 'AROMP/24-25/16', 39, 223, 12, 'Rim', NULL, NULL, '0.00', '25.00', '25.00', 3, '16-04-2024', '04:03:00', 16, 4, 2024, 0, NULL, '0.00', '0.00', '0.00', '0.00', '0.00', '0.00', '0.00', '64589', '2024-03-04', 'HD1'),
(539, 386, 'AROMP/24-25/16', 39, 229, 12, 'KGS', NULL, NULL, '0.00', '10.00', '10.00', 3, '16-04-2024', '04:03:12', 16, 4, 2024, 0, NULL, '0.00', '0.00', '0.00', '0.00', '0.00', '0.00', '0.00', '64589', '2024-03-04', '456'),
(540, 386, 'AROMP/24-25/16', 39, 230, 12, 'KGS', NULL, NULL, '0.00', '10.00', '10.00', 3, '16-04-2024', '04:03:22', 16, 4, 2024, 0, NULL, '0.00', '0.00', '0.00', '0.00', '0.00', '0.00', '0.00', '64589', '2024-03-04', '123'),
(541, 387, 'AROMP/24-25/17', 5, 216, 1, 'NOS', NULL, NULL, '0.00', '100.00', '100.00', 3, '20-04-2024', '03:02:51', 20, 4, 2024, 0, NULL, '0.00', '0.00', '0.00', '0.00', '0.00', '0.00', '0.00', 'RMPL-00003', '2023-10-14', '85365090'),
(542, 387, 'AROMP/24-25/17', 5, 214, 1, 'NOS', NULL, NULL, '0.00', '100.00', '100.00', 3, '20-04-2024', '03:03:08', 20, 4, 2024, 0, NULL, '0.00', '0.00', '0.00', '0.00', '0.00', '0.00', '0.00', 'RMPL-00003', '2023-10-14', '85365090'),
(543, 388, 'AROMP/24-25/18', 42, 233, 12, 'Rim', NULL, NULL, '0.00', '50.00', '50.00', 3, '20-04-2024', '03:10:38', 20, 4, 2024, 0, NULL, '0.00', '0.00', '0.00', '0.00', '0.00', '0.00', '0.00', 'KM12345', '2024-03-18', '123'),
(544, 388, 'AROMP/24-25/18', 42, 234, 12, 'Rim', NULL, NULL, '0.00', '45.00', '45.00', 3, '20-04-2024', '03:11:00', 20, 4, 2024, 0, NULL, '0.00', '0.00', '0.00', '0.00', '0.00', '0.00', '0.00', 'KM12345', '2024-03-18', '456'),
(545, 389, 'AROMP/24-25/19', 30, 200, 1, 'NOS', NULL, NULL, '1.00', '50.00', '50.00', 3, '20-04-2024', '03:31:25', 20, 4, 2024, 0, NULL, '50.00', '59.00', '4.50', '4.50', '0.00', '0.00', '9.00', 'SI-01', '2023-10-15', '39231010'),
(546, 390, 'AROMP/24-25/20', 39, 223, 7, 'NOS', NULL, NULL, '100.00', '50.00', '50.00', 3, '20-04-2024', '03:39:52', 20, 4, 2024, 0, NULL, '5000.00', '5600.00', '300.00', '300.00', '0.00', '0.00', '600.00', '64589', '2024-03-04', 'HD1'),
(547, 390, 'AROMP/24-25/20', 39, 229, 7, 'NOS', NULL, NULL, '150.00', '50.00', '50.00', 3, '20-04-2024', '03:40:03', 20, 4, 2024, 0, NULL, '7500.00', '8400.00', '450.00', '450.00', '0.00', '0.00', '900.00', '64589', '2024-03-04', '456'),
(548, 390, 'AROMP/24-25/20', 39, 230, 7, 'NOS', NULL, NULL, '100.00', '50.00', '50.00', 3, '20-04-2024', '03:40:14', 20, 4, 2024, 0, NULL, '5000.00', '5600.00', '300.00', '300.00', '0.00', '0.00', '600.00', '64589', '2024-03-04', '123'),
(549, 391, 'AROMP/24-25/21', 42, 233, 1, 'NOS', NULL, NULL, '0.00', '45.00', '45.00', 3, '20-04-2024', '03:49:31', 20, 4, 2024, 0, NULL, '0.00', '0.00', '0.00', '0.00', '0.00', '0.00', '0.00', 'KM12345', '2024-03-18', '123'),
(550, 391, 'AROMP/24-25/21', 42, 234, 1, 'NOS', NULL, NULL, '0.00', '4.00', '4.00', 3, '20-04-2024', '03:50:19', 20, 4, 2024, 0, NULL, '0.00', '0.00', '0.00', '0.00', '0.00', '0.00', '0.00', 'KM12345', '2024-03-18', '456'),
(552, 392, 'AROMP/24-25/22', 1, 146, 1, 'Number', NULL, NULL, '0.00', '2.00', '2.00', 3, '25-04-2024', '03:27:56', 25, 4, 2024, 0, NULL, '0.00', '0.00', '0.00', '0.00', '0.00', '0.00', '0.00', '5500029270', '2023-03-11', '85129000'),
(553, 393, 'AROMP/24-25/23', 1, 23, 1, 'Number', NULL, NULL, '0.00', '4.00', '4.00', 3, '27-04-2024', '12:01:47', 27, 4, 2024, 0, NULL, '0.00', '0.00', '0.00', '0.00', '0.00', '0.00', '0.00', '5500029391', '2023-03-21', '85129000'),
(554, 394, 'AROMP/24-25/24', 1, 143, 1, 'Number', NULL, NULL, '4.41', '1.00', '1.00', 3, '27-04-2024', '12:22:19', 27, 4, 2024, 0, NULL, '4.41', '5.20', '0.40', '0.40', '0.00', '0.00', '0.79', '5500029270', '2023-03-11', '85129000'),
(555, 395, 'AROMP/24-25/26', 1, 143, 1, 'Number', NULL, NULL, '4.41', '2.00', '2.00', 3, '27-04-2024', '12:23:49', 27, 4, 2024, 0, NULL, '8.82', '10.41', '0.79', '0.79', '0.00', '0.00', '1.59', '5500029270', '2023-03-11', '85129000'),
(556, 396, 'AROMP/24-25/25', 1, 144, 1, 'Number', NULL, NULL, '3.70', '2.00', '2.00', 3, '27-04-2024', '12:26:01', 27, 4, 2024, 0, NULL, '7.40', '8.73', '0.67', '0.67', '0.00', '0.00', '1.33', '5500029270', '2023-03-11', '85129000'),
(557, 397, 'AROMP/24-25/27', 1, 145, 1, 'Number', NULL, NULL, '3.70', '4.00', '4.00', 3, '27-04-2024', '12:28:02', 27, 4, 2024, 0, NULL, '14.80', '17.46', '1.33', '1.33', '0.00', '0.00', '2.66', '5500029270', '2023-03-11', '85129000'),
(558, 398, 'AROMP/24-25/28', 1, 145, 1, 'Number', NULL, NULL, '0.00', '2.00', '2.00', 3, '27-04-2024', '12:36:12', 27, 4, 2024, 0, NULL, '0.00', '0.00', '0.00', '0.00', '0.00', '0.00', '0.00', '5500029270', '2023-03-11', '85129000'),
(559, 399, 'AROMP/24-25/29', 43, 235, 7, 'KGS', NULL, NULL, '50.00', '10.00', '10.00', 3, '30-04-2024', '04:39:13', 30, 4, 2024, 0, NULL, '500.00', '560.00', '30.00', '30.00', '0.00', '0.00', '60.00', '12', '2024-04-24', '1235689'),
(560, 400, 'AROMP/24-25/30', 43, 236, 1, 'NOS', NULL, NULL, '499186.00', '1.00', '1.00', 3, '18-05-2024', '07:07:14', 18, 5, 2024, 0, NULL, '499186.00', '589039.48', '44926.74', '44926.74', '0.00', '0.00', '89853.48', '1-1', '2024-05-18', '87004854'),
(563, 401, 'TEMP-24-25/5', 42, 233, 7, 'NOS', NULL, NULL, '3.50', '45.00', '45.00', 3, '19-05-2024', '12:46:10', 19, 5, 2024, 0, NULL, '157.50', '176.40', '9.45', '9.45', '0.00', '0.00', '18.90', 'KM12345', '2024-03-18', '123'),
(564, 401, 'TEMP-24-25/5', 42, 234, 7, 'NOS', NULL, NULL, '2.52', '1.00', '1.00', 3, '19-05-2024', '12:46:38', 19, 5, 2024, 0, NULL, '2.52', '2.82', '0.15', '0.15', '0.00', '0.00', '0.30', 'KM12345', '2024-03-18', '456');

-- --------------------------------------------------------

--
-- Table structure for table `sales_parts_subcon`
--

CREATE TABLE `sales_parts_subcon` (
  `id` int NOT NULL,
  `sales_id` int NOT NULL,
  `sales_number` varchar(50) COLLATE utf8mb4_general_ci NOT NULL,
  `customer_id` int NOT NULL,
  `part_id` int NOT NULL,
  `tax_id` int NOT NULL,
  `uom_id` varchar(20) COLLATE utf8mb4_general_ci NOT NULL,
  `delivery_date` varchar(10) COLLATE utf8mb4_general_ci DEFAULT NULL,
  `expiry_date` varchar(20) COLLATE utf8mb4_general_ci DEFAULT NULL,
  `qty` int NOT NULL,
  `pending_qty` float NOT NULL,
  `created_by` int NOT NULL,
  `created_date` varchar(10) COLLATE utf8mb4_general_ci NOT NULL,
  `created_time` varchar(10) COLLATE utf8mb4_general_ci NOT NULL,
  `created_day` int NOT NULL,
  `created_month` int NOT NULL,
  `created_year` int NOT NULL,
  `deleted` int NOT NULL DEFAULT '0',
  `invoice_number` varchar(200) COLLATE utf8mb4_general_ci DEFAULT NULL,
  `total_rate` float DEFAULT NULL,
  `cgst_amount` float DEFAULT NULL,
  `sgst_amount` float DEFAULT NULL,
  `igst_amount` float DEFAULT NULL,
  `tcs_amount` float DEFAULT NULL,
  `gst_amount` float DEFAULT NULL
) ENGINE=InnoDB DEFAULT CHARSET=utf8mb4 COLLATE=utf8mb4_general_ci;

-- --------------------------------------------------------

--
-- Table structure for table `sharing_bom`
--

CREATE TABLE `sharing_bom` (
  `id` int NOT NULL,
  `name` text COLLATE utf8mb4_general_ci NOT NULL,
  `qty` float NOT NULL,
  `output_part_id` int NOT NULL,
  `output_part_table_name` varchar(20) COLLATE utf8mb4_general_ci NOT NULL,
  `input_part_id` int NOT NULL,
  `input_part_table_name` varchar(20) COLLATE utf8mb4_general_ci NOT NULL,
  `created_date` varchar(20) COLLATE utf8mb4_general_ci NOT NULL,
  `created_time` int NOT NULL,
  `day` int NOT NULL,
  `month` int NOT NULL,
  `year` int NOT NULL,
  `created_id` int NOT NULL,
  `scrap_factor` float NOT NULL
) ENGINE=InnoDB DEFAULT CHARSET=utf8mb4 COLLATE=utf8mb4_general_ci;

-- --------------------------------------------------------

--
-- Table structure for table `sharing_issue_request`
--

CREATE TABLE `sharing_issue_request` (
  `id` int NOT NULL,
  `clientId` int NOT NULL,
  `status` varchar(20) COLLATE utf8mb4_general_ci NOT NULL DEFAULT 'pending',
  `child_part_id` int NOT NULL,
  `qty` float NOT NULL,
  `accepted_qty` float DEFAULT NULL,
  `sharing_strip` text COLLATE utf8mb4_general_ci NOT NULL,
  `created_date` varchar(20) COLLATE utf8mb4_general_ci NOT NULL,
  `created_time` varchar(20) COLLATE utf8mb4_general_ci NOT NULL,
  `day` int NOT NULL,
  `month` int NOT NULL,
  `year` int NOT NULL,
  `created_by` int NOT NULL
) ENGINE=InnoDB DEFAULT CHARSET=utf8mb4 COLLATE=utf8mb4_general_ci;

--
-- Dumping data for table `sharing_issue_request`
--

INSERT INTO `sharing_issue_request` (`id`, `clientId`, `status`, `child_part_id`, `qty`, `accepted_qty`, `sharing_strip`, `created_date`, `created_time`, `day`, `month`, `year`, `created_by`) VALUES
(1, 1, 'completed', 106, 2, 2, '', '04-04-2024', '08:29:16', 4, 4, 2024, 3),
(2, 1, 'completed', 1, 2.5, 2.4, '', '04-04-2024', '08:44:27', 4, 4, 2024, 3),
(3, 1, 'completed', 1, 10, 9, '', '08-05-2024', '02:35:52', 8, 5, 2024, 18);

-- --------------------------------------------------------

--
-- Table structure for table `sharing_p_q`
--

CREATE TABLE `sharing_p_q` (
  `id` int NOT NULL,
  `shift_id` int NOT NULL,
  `machine_id` int NOT NULL,
  `operator_id` int NOT NULL,
  `date` varchar(20) COLLATE utf8mb4_general_ci NOT NULL,
  `qty` float NOT NULL,
  `created_by` int NOT NULL,
  `created_date` varchar(20) COLLATE utf8mb4_general_ci NOT NULL,
  `created_time` varchar(20) COLLATE utf8mb4_general_ci NOT NULL,
  `day` int NOT NULL,
  `month` int NOT NULL,
  `year` int NOT NULL,
  `status` varchar(20) COLLATE utf8mb4_general_ci DEFAULT 'pending'
) ENGINE=InnoDB DEFAULT CHARSET=utf8mb4 COLLATE=utf8mb4_general_ci;

--
-- Dumping data for table `sharing_p_q`
--

INSERT INTO `sharing_p_q` (`id`, `shift_id`, `machine_id`, `operator_id`, `date`, `qty`, `created_by`, `created_date`, `created_time`, `day`, `month`, `year`, `status`) VALUES
(1, 2, 11, 17, '2024-05-08', 0, 18, '08-05-2024', '02:42:06', 8, 5, 2024, 'pending');

-- --------------------------------------------------------

--
-- Table structure for table `sharing_p_q_history`
--

CREATE TABLE `sharing_p_q_history` (
  `id` int NOT NULL,
  `created_by` int NOT NULL,
  `created_date` varchar(20) COLLATE utf8mb4_general_ci NOT NULL,
  `created_time` varchar(20) COLLATE utf8mb4_general_ci NOT NULL,
  `day` int NOT NULL,
  `month` int NOT NULL,
  `year` int NOT NULL,
  `status` varchar(20) COLLATE utf8mb4_general_ci DEFAULT 'pending',
  `output_part_id` int NOT NULL,
  `input_part_id` float DEFAULT NULL,
  `input_part_table_name` varchar(20) COLLATE utf8mb4_general_ci DEFAULT NULL,
  `output_part_table_name` varchar(20) COLLATE utf8mb4_general_ci NOT NULL,
  `accepted_qty` float DEFAULT '0',
  `rejected_qty` float DEFAULT '0',
  `onhold_qty` float NOT NULL,
  `rejection_reason` text COLLATE utf8mb4_general_ci,
  `rejection_remark` varchar(50) COLLATE utf8mb4_general_ci DEFAULT NULL,
  `scrap_factor` float DEFAULT NULL,
  `qty` int NOT NULL,
  `qty_in_kg` float DEFAULT '0',
  `sharing_p_q_id` int NOT NULL
) ENGINE=InnoDB DEFAULT CHARSET=utf8mb4 COLLATE=utf8mb4_general_ci;

--
-- Dumping data for table `sharing_p_q_history`
--

INSERT INTO `sharing_p_q_history` (`id`, `created_by`, `created_date`, `created_time`, `day`, `month`, `year`, `status`, `output_part_id`, `input_part_id`, `input_part_table_name`, `output_part_table_name`, `accepted_qty`, `rejected_qty`, `onhold_qty`, `rejection_reason`, `rejection_remark`, `scrap_factor`, `qty`, `qty_in_kg`, `sharing_p_q_id`) VALUES
(1, 18, '08-05-2024', '02:44:11', 8, 5, 2024, 'pending', 2, 1, 'child_part', 'child_part', 0, 0, 0, NULL, NULL, 0, 1, 0, 1);

-- --------------------------------------------------------

--
-- Table structure for table `shifts`
--

CREATE TABLE `shifts` (
  `id` int NOT NULL,
  `clientId` int NOT NULL,
  `name` varchar(255) COLLATE utf8mb4_general_ci DEFAULT NULL,
  `deleted` int DEFAULT '0',
  `start_time` varchar(20) COLLATE utf8mb4_general_ci NOT NULL,
  `end_time` varchar(20) COLLATE utf8mb4_general_ci NOT NULL,
  `shift_type` varchar(20) COLLATE utf8mb4_general_ci NOT NULL,
  `ppt` decimal(10,0) NOT NULL DEFAULT '0' COMMENT 'Planned Production time'
) ENGINE=InnoDB DEFAULT CHARSET=utf8mb4 COLLATE=utf8mb4_general_ci;

--
-- Dumping data for table `shifts`
--

INSERT INTO `shifts` (`id`, `clientId`, `name`, `deleted`, `start_time`, `end_time`, `shift_type`, `ppt`) VALUES
(1, 1, '12', 0, '08:00', '20:00', '1<sup>st</sup>', '0'),
(2, 1, '12', 0, '20:00', '08:00', '2<sup>nd</sup>', '0');

-- --------------------------------------------------------

--
-- Table structure for table `stock_changes`
--

CREATE TABLE `stock_changes` (
  `id` int NOT NULL,
  `clientId` int NOT NULL,
  `part_id` int NOT NULL,
  `reason` varchar(50) COLLATE utf8mb4_general_ci NOT NULL,
  `uploading_document` text COLLATE utf8mb4_general_ci NOT NULL,
  `qty` float NOT NULL,
  `fromStockType` varchar(50) COLLATE utf8mb4_general_ci DEFAULT NULL,
  `fromUnit` int NOT NULL,
  `toStockType` varchar(50) COLLATE utf8mb4_general_ci DEFAULT NULL,
  `toUnit` int NOT NULL,
  `created_time` varchar(20) COLLATE utf8mb4_general_ci NOT NULL,
  `created_by` varchar(20) COLLATE utf8mb4_general_ci NOT NULL,
  `created_date` varchar(20) COLLATE utf8mb4_general_ci NOT NULL,
  `status` varchar(20) COLLATE utf8mb4_general_ci NOT NULL DEFAULT 'pending',
  `type` varchar(20) COLLATE utf8mb4_general_ci NOT NULL DEFAULT 'addition'
) ENGINE=InnoDB DEFAULT CHARSET=utf8mb4 COLLATE=utf8mb4_general_ci;

--
-- Dumping data for table `stock_changes`
--

INSERT INTO `stock_changes` (`id`, `clientId`, `part_id`, `reason`, `uploading_document`, `qty`, `fromStockType`, `fromUnit`, `toStockType`, `toUnit`, `created_time`, `created_by`, `created_date`, `status`, `type`) VALUES
(1, 0, 99, 'test', '', 2, 'stock', 1, 'production_qty', 1, '09:47:18', '3', '19-02-2024', 'stock_transfered', 'minus'),
(2, 0, 188, 'ABC customer part production', '', 11, 'stock', 1, 'production_qty', 1, '07:53:00', '18', '04-04-2024', 'stock_transfered', 'minus'),
(3, 0, 188, 'TEST2', '', 4, 'stock', 1, 'stock', 2, '08:00:18', '18', '04-04-2024', 'stock_transfered', 'minus'),
(4, 0, 211, 'test', '', 3, 'stock', 1, 'production_qty', 1, '01:19:46', '18', '08-05-2024', 'stock_transfered', 'minus');

-- --------------------------------------------------------

--
-- Table structure for table `stock_report`
--

CREATE TABLE `stock_report` (
  `id` int NOT NULL,
  `clientId` int NOT NULL,
  `part_number_from` varchar(100) COLLATE utf8mb4_general_ci NOT NULL,
  `part_number_to` varchar(200) COLLATE utf8mb4_general_ci NOT NULL,
  `from` varchar(100) COLLATE utf8mb4_general_ci NOT NULL,
  `to` varchar(100) COLLATE utf8mb4_general_ci NOT NULL,
  `transfer_stock` varchar(100) COLLATE utf8mb4_general_ci NOT NULL,
  `actual_stock` varchar(100) COLLATE utf8mb4_general_ci DEFAULT NULL,
  `updated_by` varchar(100) COLLATE utf8mb4_general_ci NOT NULL,
  `updated_time` varchar(100) COLLATE utf8mb4_general_ci NOT NULL,
  `updated_date` varchar(100) COLLATE utf8mb4_general_ci NOT NULL
) ENGINE=InnoDB DEFAULT CHARSET=utf8mb4 COLLATE=utf8mb4_general_ci;

--
-- Dumping data for table `stock_report`
--

INSERT INTO `stock_report` (`id`, `clientId`, `part_number_from`, `part_number_to`, `from`, `to`, `transfer_stock`, `actual_stock`, `updated_by`, `updated_time`, `updated_date`) VALUES
(1, 1, 'BLUE 04002', 'RM.PPCP-RP', 'child_part', 'child_part', '7', '2', '3', '18-02-2024', '10:05:50'),
(2, 1, 'BLUE 04002', 'PMMA 870S IH830 NP', 'child_part', 'child_part', '7', '2', '3', '19-02-2024', '09:38:52'),
(3, 1, 'BLUE 04002', 'RM.PPCP-RP', 'child_part', 'child_part', '3', '2', '', '19-02-2024', '11:30:22'),
(4, 1, 'RM.PPCP-RP', 'RM.PPCPN3530.', 'child_part', 'child_part', '3000', '22.22', '18', '30-03-2024', '11:39:57'),
(5, 1, 'MO99369-10', 'H1', 'fg_stock', 'inhouse_parts', '48.99', '24.44', '18', '30-03-2024', '11:40:24'),
(6, 1, 'RM.PPCP-RP', 'RM-PLA-00008', 'child_part', 'customer_parts_master', '2974.6', '2972', '3', '17-04-2024', '04:40:12');

-- --------------------------------------------------------

--
-- Table structure for table `store`
--

CREATE TABLE `store` (
  `id` int NOT NULL,
  `supplier_id` int NOT NULL,
  `po_number` varchar(50) COLLATE utf8mb4_general_ci NOT NULL,
  `supplier_invoice_number` varchar(30) COLLATE utf8mb4_general_ci NOT NULL,
  `part_id` varchar(5) COLLATE utf8mb4_general_ci NOT NULL,
  `quantity` varchar(5) COLLATE utf8mb4_general_ci NOT NULL,
  `rate` varchar(12) COLLATE utf8mb4_general_ci NOT NULL,
  `invoice_amount` varchar(12) COLLATE utf8mb4_general_ci NOT NULL,
  `grn_number` varchar(30) COLLATE utf8mb4_general_ci NOT NULL,
  `entered_date` varchar(20) COLLATE utf8mb4_general_ci DEFAULT NULL,
  `date` varchar(15) COLLATE utf8mb4_general_ci NOT NULL,
  `time` varchar(15) COLLATE utf8mb4_general_ci NOT NULL,
  `timestamp` timestamp NOT NULL DEFAULT CURRENT_TIMESTAMP,
  `created_id` int NOT NULL,
  `deleted` int NOT NULL DEFAULT '0'
) ENGINE=InnoDB DEFAULT CHARSET=utf8mb4 COLLATE=utf8mb4_general_ci;

-- --------------------------------------------------------

--
-- Table structure for table `subcon_bom`
--

CREATE TABLE `subcon_bom` (
  `id` int NOT NULL,
  `customer_part_id` int NOT NULL,
  `child_part_id` int NOT NULL,
  `quantity` float NOT NULL,
  `created_id` int NOT NULL,
  `date` varchar(255) NOT NULL,
  `time` varchar(255) NOT NULL,
  `timestamp` timestamp NOT NULL DEFAULT CURRENT_TIMESTAMP ON UPDATE CURRENT_TIMESTAMP,
  `deleted` int DEFAULT NULL
) ENGINE=InnoDB DEFAULT CHARSET=latin1;

-- --------------------------------------------------------

--
-- Table structure for table `subcon_po_inwarding`
--

CREATE TABLE `subcon_po_inwarding` (
  `id` int NOT NULL,
  `po_number` varchar(50) COLLATE utf8mb4_general_ci NOT NULL,
  `po_id` int NOT NULL,
  `inwarding_qty` float NOT NULL,
  `main_sub_con_part_id` int NOT NULL,
  `status` varchar(20) COLLATE utf8mb4_general_ci NOT NULL DEFAULT '''pending''	',
  `invoice_number` text COLLATE utf8mb4_general_ci NOT NULL
) ENGINE=InnoDB DEFAULT CHARSET=utf8mb4 COLLATE=utf8mb4_general_ci;

--
-- Dumping data for table `subcon_po_inwarding`
--

INSERT INTO `subcon_po_inwarding` (`id`, `po_number`, `po_id`, `inwarding_qty`, `main_sub_con_part_id`, `status`, `invoice_number`) VALUES
(1, 'AROMP/SUB/24-25/2', 156, 40, 202, '\'pending\'	', 'Inv-12-16'),
(2, 'AROMP/SUB/24-25/3', 157, 25, 204, '\'pending\'	', 'INVOCE-1216'),
(3, 'AROMP/SUB/24-25/4', 158, 50, 211, '\'pending\'	', 'INV-24-25-12'),
(4, 'AROMP/SUB/24-25/5', 159, 5, 212, '\'pending\'	', 'inv-2704'),
(5, 'AROMP/SUB/24-25/4', 158, 2, 211, '\'pending\'	', 'inv/2/25'),
(6, 'AROMP/SUB/24-25/5', 159, 1, 212, '\'pending\'	', '2024/2025/1'),
(7, 'AROMP/SUB/24-25/3', 157, 2, 204, '\'pending\'	', '24-25/22'),
(8, 'AROMP/SUB/24-25/5', 159, 193, 212, '\'pending\'	', '1201'),
(9, 'AROMP/SUB/24-25/5', 159, -1, 212, '\'pending\'	', '1252'),
(10, 'AROMP/SUB/24-25/6', 163, 30, 212, '\'pending\'	', 'no-45'),
(11, 'AROMP/SUB/24-25/7', 164, 25, 204, '\'pending\'	', '51'),
(12, 'AROMP/SUB/24-25/6', 163, 10, 212, '\'pending\'	', 'no-46'),
(13, 'AROMP/SUB/24-25/8', 165, 1000, 214, '\'pending\'	', 'JGE79');

-- --------------------------------------------------------

--
-- Table structure for table `subcon_po_inwarding_history`
--

CREATE TABLE `subcon_po_inwarding_history` (
  `id` int NOT NULL,
  `subcon_po_inwarding_parts_id` int NOT NULL,
  `challan_id` int NOT NULL,
  `challan_part_id` int NOT NULL,
  `previous_qty` float NOT NULL,
  `new_qty` float NOT NULL,
  `type` varchar(20) COLLATE utf8mb4_general_ci NOT NULL DEFAULT '''minus''',
  `created_date` varchar(20) COLLATE utf8mb4_general_ci NOT NULL,
  `created_time` varchar(20) COLLATE utf8mb4_general_ci NOT NULL,
  `day` int NOT NULL,
  `month` int NOT NULL,
  `year` varchar(20) COLLATE utf8mb4_general_ci NOT NULL,
  `po_id` text COLLATE utf8mb4_general_ci,
  `invoice_number` text COLLATE utf8mb4_general_ci,
  `grn_number` text COLLATE utf8mb4_general_ci
) ENGINE=InnoDB DEFAULT CHARSET=utf8mb4 COLLATE=utf8mb4_general_ci;

--
-- Dumping data for table `subcon_po_inwarding_history`
--

INSERT INTO `subcon_po_inwarding_history` (`id`, `subcon_po_inwarding_parts_id`, `challan_id`, `challan_part_id`, `previous_qty`, `new_qty`, `type`, `created_date`, `created_time`, `day`, `month`, `year`, `po_id`, `invoice_number`, `grn_number`) VALUES
(1, 1, 2, 2, 100, 80, '\'minus\'', '19-04-2024', '04:30:13', 19, 4, '2024', '156', 'Inv-12-16', ''),
(2, 2, 3, 3, 50, 50, '\'minus\'', '20-04-2024', '12:31:21', 20, 4, '2024', '157', 'INVOCE-1216', ''),
(3, 3, 4, 4, 100, 50, '\'minus\'', '24-04-2024', '02:40:51', 24, 4, '2024', '158', 'INV-24-25-12', ''),
(4, 4, 5, 5, 50, 1.28, '\'minus\'', '27-04-2024', '11:17:35', 27, 4, '2024', '159', 'inv-2704', ''),
(5, 5, 4, 4, 50, 2, '\'minus\'', '06-05-2024', '07:32:27', 6, 5, '2024', '158', 'inv/2/25', ''),
(6, 6, 9, 9, 1, 0.256, '\'minus\'', '08-05-2024', '01:50:53', 8, 5, '2024', '159', '2024/2025/1', ''),
(7, 10, 8, 8, 12, 7.68, '\'minus\'', '18-05-2024', '04:01:02', 18, 5, '2024', '163', 'no-45', ''),
(8, 12, 10, 10, 20, 20, '\'minus\'', '18-05-2024', '04:48:15', 18, 5, '2024', '164', '51', ''),
(9, 11, 14, 14, 250, 1.3, '\'minus\'', '18-05-2024', '04:48:30', 18, 5, '2024', '164', '51', ''),
(10, 13, 5, 5, 48.72, 2.56, '\'minus\'', '18-05-2024', '04:55:49', 18, 5, '2024', '163', 'no-46', ''),
(11, 14, 15, 15, 2000, 1000, '\'minus\'', '20-05-2024', '12:28:28', 20, 5, '2024', '165', 'JGE79', '');

-- --------------------------------------------------------

--
-- Table structure for table `subcon_po_inwarding_history_subcon`
--

CREATE TABLE `subcon_po_inwarding_history_subcon` (
  `id` int NOT NULL,
  `subcon_po_inwarding_parts_id` int NOT NULL,
  `challan_id` int NOT NULL,
  `challan_part_id` int NOT NULL,
  `previous_qty` float NOT NULL,
  `new_qty` float NOT NULL,
  `type` varchar(20) COLLATE utf8mb4_general_ci NOT NULL DEFAULT '''minus''',
  `created_date` varchar(20) COLLATE utf8mb4_general_ci NOT NULL,
  `created_time` varchar(20) COLLATE utf8mb4_general_ci NOT NULL,
  `day` int NOT NULL,
  `month` int NOT NULL,
  `year` varchar(20) COLLATE utf8mb4_general_ci NOT NULL,
  `po_id` text COLLATE utf8mb4_general_ci,
  `invoice_number` text COLLATE utf8mb4_general_ci,
  `grn_number` text COLLATE utf8mb4_general_ci
) ENGINE=InnoDB DEFAULT CHARSET=utf8mb4 COLLATE=utf8mb4_general_ci;

-- --------------------------------------------------------

--
-- Table structure for table `subcon_po_inwarding_parts`
--

CREATE TABLE `subcon_po_inwarding_parts` (
  `id` int NOT NULL,
  `subcon_po_inwarding_id` int NOT NULL,
  `inwarding_qty` float NOT NULL,
  `main_sub_con_part_id` int NOT NULL,
  `input_part_id` int NOT NULL,
  `input_part_req_qty` float NOT NULL,
  `recevied_req_qty` float NOT NULL DEFAULT '0',
  `status` varchar(20) COLLATE utf8mb4_general_ci NOT NULL DEFAULT '''pending'''
) ENGINE=InnoDB DEFAULT CHARSET=utf8mb4 COLLATE=utf8mb4_general_ci;

--
-- Dumping data for table `subcon_po_inwarding_parts`
--

INSERT INTO `subcon_po_inwarding_parts` (`id`, `subcon_po_inwarding_id`, `inwarding_qty`, `main_sub_con_part_id`, `input_part_id`, `input_part_req_qty`, `recevied_req_qty`, `status`) VALUES
(1, 1, 40, 202, 201, 80, 80, '\'pending\''),
(2, 2, 25, 204, 203, 50, 50, '\'pending\''),
(3, 3, 50, 211, 210, 50, 50, '\'pending\''),
(4, 4, 5, 212, 1, 1.28, 1.28, '\'pending\''),
(5, 5, 2, 211, 210, 2, 2, '\'pending\''),
(6, 6, 1, 212, 1, 0.256, 0.256, '\'pending\''),
(7, 7, 2, 204, 203, 4, 0, '\'pending\''),
(8, 8, 193, 212, 1, 49.408, 0, '\'pending\''),
(9, 9, -1, 212, 1, -0.256, 0, '\'pending\''),
(10, 10, 30, 212, 1, 7.68, 7.68, '\'pending\''),
(11, 11, 25, 204, 205, 1.3, 1.3, '\'pending\''),
(12, 11, 25, 204, 203, 50, 20, '\'pending\''),
(13, 12, 10, 212, 1, 2.56, 2.56, '\'pending\''),
(14, 13, 1000, 214, 213, 1000, 1000, '\'pending\'');

-- --------------------------------------------------------

--
-- Table structure for table `supplier`
--

CREATE TABLE `supplier` (
  `id` int NOT NULL,
  `supplier_name` varchar(50) COLLATE utf8mb4_general_ci DEFAULT NULL,
  `supplier_number` varchar(30) COLLATE utf8mb4_general_ci DEFAULT NULL,
  `mobile_no` varchar(15) COLLATE utf8mb4_general_ci DEFAULT NULL,
  `email` varchar(255) COLLATE utf8mb4_general_ci NOT NULL,
  `location` varchar(255) COLLATE utf8mb4_general_ci NOT NULL,
  `gst_number` varchar(255) COLLATE utf8mb4_general_ci NOT NULL,
  `state` varchar(255) COLLATE utf8mb4_general_ci NOT NULL,
  `payment_terms` varchar(255) COLLATE utf8mb4_general_ci NOT NULL,
  `created_id` int DEFAULT NULL,
  `date` varchar(10) COLLATE utf8mb4_general_ci DEFAULT NULL,
  `time` varchar(10) COLLATE utf8mb4_general_ci DEFAULT NULL,
  `timestamp` timestamp NULL DEFAULT CURRENT_TIMESTAMP,
  `deleted` int NOT NULL DEFAULT '0',
  `nda_document` text COLLATE utf8mb4_general_ci,
  `registration_document` text COLLATE utf8mb4_general_ci,
  `other_document_1` text COLLATE utf8mb4_general_ci,
  `other_document_2` text COLLATE utf8mb4_general_ci,
  `other_document_3` text COLLATE utf8mb4_general_ci,
  `admin_approve` varchar(20) COLLATE utf8mb4_general_ci NOT NULL DEFAULT 'pending',
  `with_in_state` varchar(20) COLLATE utf8mb4_general_ci NOT NULL DEFAULT 'no',
  `pan` text COLLATE utf8mb4_general_ci,
  `pan_card` varchar(200) COLLATE utf8mb4_general_ci DEFAULT NULL
) ENGINE=InnoDB DEFAULT CHARSET=utf8mb4 COLLATE=utf8mb4_general_ci;

--
-- Dumping data for table `supplier`
--

INSERT INTO `supplier` (`id`, `supplier_name`, `supplier_number`, `mobile_no`, `email`, `location`, `gst_number`, `state`, `payment_terms`, `created_id`, `date`, `time`, `timestamp`, `deleted`, `nda_document`, `registration_document`, `other_document_1`, `other_document_2`, `other_document_3`, `admin_approve`, `with_in_state`, `pan`, `pan_card`) VALUES
(1, 'ABRA SALES', 'VAS.01', '9529727906', 'poojakandekar@gmail.com', 'T BLOCK PLOT NO 96/1 BHOSARI PIMPARI ROAD MIDC BHOSARI PUNE -411026', '27ABLFA1135E1ZT', 'MAHARASTRA ', '60', 3, '12/11/2022', '3:37:16', '0000-00-00 00:00:00', 0, '', '', '', '', '', 'accept', 'yes', NULL, 'NA'),
(2, 'Anup Products', 'VAP.04', '9794733083', 'anupproducts1@gmail.com ', 'Get No .188 Near  Pandurang Krupa Hotel Jyotiba Nagar Talawade Pune -411062', '27ADCPM3478P1ZW', 'MAHARASTRA ', '45', 3, '12/11/2022', '3:37:16', '0000-00-00 00:00:00', 0, '', '', '', '', '', 'accept', 'yes', NULL, 'NA'),
(3, 'APEX TECHNO POLYMERS PVT.LTD', 'VATPPL05', '9167248981/9167', 'PUNEACCOUNTS@APEXTECHNOPLYMERS.COM', 'WAREHOUSEADDRESS-SURVEY NO.262 HISSANO.2 MAUJE HINJAWADITAL-MULSHI,PUNE-411057', '27AACCV8027B1ZI', 'MAHARASTRA ', '45', 3, '12/11/2022', '3:37:16', '0000-00-00 00:00:00', 0, '', '', '', '', '', 'accept', 'yes', NULL, 'NA'),
(4, 'ASHIRWAD PACKAGING', 'VAP06', '8856828107', 'ashirwad.pacakaging@rediffmail.com', 'GAT NO.1402 INDRAPRAST INDUSTRIAL ESTATE ,OPP VAISHNAVI HOTEL, SONAWANE WASTI, CHIKHALI PUNE-4124', '27ABBFA2899P1ZR', 'MAHARASTRA ', '45', 3, '12/11/2022', '3:37:16', '0000-00-00 00:00:00', 0, '', '', '', '', '', 'accept', 'yes', NULL, 'NA'),
(5, 'BEST SPRING FORMS PVT .LTD', 'VBSFPL07', '7972388482', 'id.sales@bestspringforms.co.in ', 'PLOT NO D-III BLOCK CHINCHWAD BEHIND METHA HOSPITA4', '27AADCB1655L1ZK', 'MAHARASTRA ', '45', 3, '12/11/2022', '3:37:16', '0000-00-00 00:00:00', 0, '', '', '', '', '', 'accept', 'yes', NULL, 'NA'),
(6, 'BRAHMI ENGINEERING', 'VBE09', '8483020389', 'brahmiengineering@gmail.com', 'NEAR OLD HOUSE, GAT NO 1209 SONAWANE VASTI ROAD, CHIKHALI ROAD PUNE ,MAHARASTRA .411062', '27DLIPG9128P1ZD', 'MAHARASTRA ', '45', 3, '12/11/2022', '3:37:16', '0000-00-00 00:00:00', 0, '', '', '', '', '', 'accept', 'yes', NULL, 'NA'),
(7, 'BRANDENBURG (INDIA) PVT.LTD PURCHASE', 'VBPL10', '7447787453', 'RajanThakur@b-onein.com', 'PAP-V-106 CHAKAN MIDC PHASE-II TALUKA- KHED DIS PUNE-410501', '27AAECB7681F1ZI', 'MAHARASTRA ', '45', 3, '12/11/2022', '3:37:16', '0000-00-00 00:00:00', 0, '', '', '', '', '', 'accept', 'yes', NULL, 'NA'),
(8, 'CRYSTAL DIES AND MOULDS', 'VCDM11', '7483405954', 'crystaldiesandmoulds@gmail.com', 'S BLOCK  W-130/1 NEAR  PAWAN SCHOOL MIDC  BHOSARI PUNE PUNE -411026', '27ATHPC7026L1ZK', 'MAHARASTRA ', '45', 3, '12/11/2022', '3:37:16', '0000-00-00 00:00:00', 0, '', '', '', '', '', 'accept', 'yes', NULL, 'NA'),
(9, 'DIVEKAR INDUSTRIES PURCHASE', 'VDIP12', '9834761423', 'divekarindustries@gmail.com ', 'I-02 VARUNDAN HEIGHT DP ROAD KOTHRUD GAT NO 162 B NEAR ICON HOSPITAL TOWER  LINE ROAD TRIVENI NAGAR TALAWADE PUNE-411062', '27APYPD6204L1ZG', 'MAHARASTRA ', '45', 3, '12/11/2022', '3:37:16', '0000-00-00 00:00:00', 0, '', '', '', '', '', 'accept', 'yes', NULL, 'NA'),
(10, 'DIVIL SALES CORPORATION', 'VDSC13', '020-271112397', 'divilsales@gmail.com', '6 RACHANA INDUSTRIAL COMPLEX TELCO BHOSARI ROAD PUN', '27AANPC2179H1ZM', 'MAHARASTRA ', '45', 3, '12/11/2022', '3:37:16', '0000-00-00 00:00:00', 0, '', '', '', '', '', 'accept', 'yes', NULL, 'NA'),
(11, 'EUREKA Engineering Enterprises', 'VEEE14', '20-66345100', '', 'S No 7 Plot No 42 El Zone Pcntda Bhosari Pune 411026', '27AEQPT5791K1ZF', 'MAHARASTRA ', '45', 3, '12/11/2022', '3:37:16', '0000-00-00 00:00:00', 0, '', '', '', '', '', 'accept', 'yes', NULL, 'NA'),
(12, 'FIFO INDUSTRIES -2', 'VFI15', '8482836581', 'fifoindustries7@gmail.com', 'SECTOR NO 07 PLOT NO 133 B-08 SHIVARAJ INDUSRTIEL COMPLEX PCNTDA BHOSARI PUNE', '27AOIPD6266M1ZI', 'MAHARASTRA ', '45', 3, '12/11/2022', '3:37:16', '0000-00-00 00:00:00', 0, '', '', '', '', '', 'accept', 'yes', NULL, 'NA'),
(13, 'FUTURE GENERALI TOTAL INSURANCE SOLUTION', 'VFGTIS16', '2066258100 / 22', 'agsicert@gmail.com ', 'BLOCK A 1ST FLOOR HERITAGE HOUSE 6,RAMABAI AMBEDKAR ROAD NEAR SOHARB HALL PUNE', '27AABCF0191R2Z8', 'MAHARASTRA ', '45', 3, '12/11/2022', '3:37:16', '0000-00-00 00:00:00', 0, '', '', '', '', '', 'accept', 'yes', NULL, 'NA'),
(14, 'JR POLYMERS', 'VJP18', '8550919797', 'brfibres@thejrgroup.in', 'SURVEY NO.144 HISSA NO.282 PUNEWALE JAMBE ROAD, CORR.OFF NAGAR,PUNE-411055', '27AAGFJ3621C1ZS', 'MAHARASTRA ', '45', 3, '12/11/2022', '3:37:16', '0000-00-00 00:00:00', 0, '', '', '', '', '', 'accept', 'yes', NULL, 'NA'),
(15, 'KANIKA   ENGINEERING', 'VKE19', '9579448504', 'kanikaengineering2012@gmail.com ', 'GALA NO C-03 GROUND FLOUR MANGALMURTI COMPLEX T BLOCK PUNE 411026', '27BUWPP7305N1ZN', 'MAHARASTRA ', '45', 3, '12/11/2022', '3:37:16', '0000-00-00 00:00:00', 0, '', '', '', '', '', 'accept', 'yes', NULL, 'NA'),
(16, 'KINGAFA SCIENCE  & TECHNOLOGY  (INDIA ) LTD', 'VKSTL20', '9730654678', 'amars@kingfaindai.com', 'KINGAFA ,CHAKAN PLANT ,PUNE  P ,NO :F5/5  CHAKAN INDUSTRIAL ,A MAHARATAR  PUNE 410501', '27AAACH0931N1ZK', 'MAHARASTRA ', '45', 3, '12/11/2022', '3:37:16', '0000-00-00 00:00:00', 0, '', '', '', '', '', 'accept', 'yes', NULL, 'NA'),
(17, 'KK KOMPOUNDING TECH GIANT LIMITED', 'VKKTGL21', '9284016924', 'www.kkthelittlegiant.com', 'Filix 901 -C1 9th Floor Opp.Asin Paints L.B.S Road Bhandup (W ) Mumbai -400078,Indian', '26AABCT0164G1ZN', 'Gujarat', '45', 3, '12/11/2022', '3:37:16', '0000-00-00 00:00:00', 0, '', '', '', '', '', 'accept', 'yes', NULL, 'NA'),
(18, 'LAXMI HARDWARE & ELECTRICALS', 'VLHE22', 'NA', '', '90.JOTIBA NAGAR TALAWADE ROAD PUNE ', '27AROPS5059G1Z7', 'MAHARASTRA ', '45', 3, '12/11/2022', '3:37:16', '0000-00-00 00:00:00', 0, '', '', '', '', '', 'accept', 'yes', NULL, 'NA'),
(19, 'MAHASACH INDIA PRIVATE LTD', 'VMIPL23', '8390449944', 'http://www.mahasachindia.com/', '98/ A / 8 HADAPSAR INDUSTRIAL ESTATE HADAPSAR PUNE -4111013', '27AAKCM4988J1ZO', 'MAHARASTRA ', '45', 3, '12/11/2022', '3:37:16', '0000-00-00 00:00:00', 0, '', '', '', '', '', 'accept', 'yes', NULL, 'NA'),
(20, 'MAHAVIR AGENCIES', 'VMA24', '9824234733', 'skmahavir@gmail.com', 'RAJENDRA ROAD PO BOX NO 56 JAMNAGAR-361', '24AADFM5779P2ZJ', 'Gujarat', '45', 3, '12/11/2022', '3:37:16', '0000-00-00 00:00:00', 0, '', '', '', '', '', 'accept', 'yes', NULL, 'NA'),
(21, 'MINDA INDUSTRIES LIMITED (PURCHASE)', 'VMIL25', '8605008027', 'skumar10@mindagroup.com ', 'GAT NO 148, MAHALUNGE ,OF CHAKAN TALEGAON  ROAD TAL KHED ,PUNE,410501', '27AAACM1152C7ZX', 'MAHARASTRA ', '45', 3, '12/11/2022', '3:37:16', '0000-00-00 00:00:00', 0, '', '', '', '', '', 'accept', 'yes', NULL, 'NA'),
(22, 'M K INDUSTRY', 'VMKI26', '9850992329', 'mkindustry13@gmail.com', 'S No 15/3/2 Mahaveernager Sinhagad Rod ,Hingane Khurd Pune 411051', '27ASJPK5431E1ZU', 'MAHARASTRA ', '45', 3, '12/11/2022', '3:37:16', '0000-00-00 00:00:00', 0, '', '', '', '', '', 'accept', 'yes', NULL, 'NA'),
(23, 'M R ENGINEERING', 'VMRE27', 'NA', '', 'SECTOR NO 10 PLATO NO 105 PCNTDA MIDC BHOSARI -411026', '27CLNPK1606G1Z5', 'MAHARASTRA ', '45', 3, '12/11/2022', '3:37:16', '0000-00-00 00:00:00', 0, '', '', '', '', '', 'accept', 'yes', NULL, 'NA'),
(24, 'M/S JAI JINENDRA PAPERS', 'VJJP28', '9373783712', '', 'SHOP NO -1 SWANAND APARATMENT NEAR BHAJI MANDAI VIVEKNAGAR AKAURDI PUNE-411035', '27ANQPP1904R1Z7', 'MAHARASTRA ', '45', 3, '12/11/2022', '3:37:16', '0000-00-00 00:00:00', 0, '', '', '', '', '', 'accept', 'yes', NULL, 'NA'),
(25, 'MUKTAI CRANE SERVICE', 'VMCS29', '9860239995', '', 'T ALAWADE JOTIBA  MANDIR ', '27AMRPM5147K1ZE', 'MAHARASTRA ', '45', 3, '12/11/2022', '3:37:16', '0000-00-00 00:00:00', 0, '', '', '', '', '', 'accept', 'yes', NULL, 'NA'),
(26, 'MULTI POLYPLAST PVT.LTD', 'VMPPL30', '9371306850/020-', 'office@multiplast.com', 'Gat No 03 Plot No 71/1b/06 T Gen .Block Midc Bhosar', '27AAJCM4377L1ZU', 'MAHARASTRA ', '45', 3, '12/11/2022', '3:37:16', '0000-00-00 00:00:00', 0, '', '', '', '', '', 'accept', 'yes', NULL, 'NA'),
(27, 'NEELKHANTH INDUSTRIES', 'VNI31', '222896', '', 'VARDHMAN INDUSTRIAL  ESTATE ,S,V ROAD BEHIND PETROL PUMP, DASHISAR  EAST MUMBAI  400', '27AAHFN5710D1ZJ', 'MAHARASTRA ', '45', 3, '12/11/2022', '3:37:16', '0000-00-00 00:00:00', 0, '', '', '', '', '', 'accept', 'yes', NULL, 'NA'),
(28, 'NITIN PLASTICS', 'VNP32', '9822014392', 'info@nitinpolymers.in', 'CTS NO 1538 SHOP NO 1 SAI VAISHNAVI DHAM APT,OPP SEVA VIKAS CO-OP BANK PIMPARI PUNE -411017', '27ABBPK8324M1ZE', 'MAHARASTRA ', '45', 3, '12/11/2022', '3:37:16', '0000-00-00 00:00:00', 0, '', '', '', '', '', 'accept', 'yes', NULL, 'NA'),
(29, 'NITIN POLYMERS', 'VNP33', '9822014392', 'info@nitinpolymers.in', 'CTS NO 1538 SHOP NO 1 SAI VAISHNAVI DHAM APT,OPP SEVA VIKAS CO-OP BANK PIMPARI PUNE -411017', '27AFPPK9713G1Z2', 'MAHARASTRA ', '45', 3, '12/11/2022', '3:37:16', '0000-00-00 00:00:00', 0, '', '', '', '', '', 'accept', 'yes', NULL, 'NA'),
(30, 'NU-PACK', 'VNP34', '9822966665', 'nu.pack@rediffmail.com', 'Gat No . 365/1 Ambethan Road Vill Kharabwadi Tal Khed Dist . Pune -410501', '27AABFN0272E1ZO', 'MAHARASTRA ', '45', 3, '12/11/2022', '3:37:16', '0000-00-00 00:00:00', 0, '', '', '', '', '', 'accept', 'yes', NULL, 'NA'),
(31, 'Om Engineering & Packing  System Pvt.Ltd', 'VOEPSPL35', '9823035519', '', 'Office No 5 2nd Floor  Vrindavan   Complex Guruganesh Nagar Kothrud  Pune 38', '27AACCO2338J1ZE', 'MAHARASTRA ', '45', 3, '12/11/2022', '3:37:16', '0000-00-00 00:00:00', 0, '', '', '', '', '', 'accept', 'yes', NULL, 'NA'),
(32, 'PASK INDUSTRIES PURCHASE', 'VPIP36', 'NA', '', 'PLOT.NO.2 GET NO .444/4 VILLAGE NIGHOJE TALUKA.KHED ,DIST PUNE', '27AYTPK3037C1ZE', 'MAHARASTRA ', '45', 3, '12/11/2022', '3:37:16', '0000-00-00 00:00:00', 0, '', '', '', '', '', 'accept', 'yes', NULL, 'NA'),
(33, 'PERFECT DIES AND MOULD', 'VPDM37', '9975143958', '', 'S.NO 14/1 GAWARE ESTATE ANAND NAGAR GULVE BHOSARI -26', '27BWUPK9925M1ZE', 'MAHARASTRA ', '45', 3, '12/11/2022', '3:37:16', '0000-00-00 00:00:00', 0, '', '', '', '', '', 'accept', 'yes', NULL, 'NA'),
(34, 'PLASTICITY PACKAGING', 'VPP38', '8237576716', 'Plasticitypackging@gmail.com', 'GAT NO 560 SECTOR NO 16 RAJE SHIVAJI ROAD CHIKHALI PUNE PRADHIKARAN CHIKHALI', '27EOLPS3164E1ZM', 'MAHARASTRA ', '45', 3, '12/11/2022', '3:37:16', '0000-00-00 00:00:00', 0, '', '', '', '', '', 'accept', 'yes', NULL, 'NA'),
(35, 'PLAST INDIA POLYMERS', 'VPIP39', '9422017407', 'plasticproducts1@gmail.com', 'G 7 PARESH INDUSTRIAL COMPLEX 45/2  SHANKAR SHET RODA PUNE 37', '27APNPM5766K1Z3', 'MAHARASTRA ', '45', 3, '12/11/2022', '3:37:16', '0000-00-00 00:00:00', 0, '', '', '', '', '', 'accept', 'yes', NULL, 'NA'),
(36, 'PLASTO POLYMER', 'VPP40', '9422017407', 'plasticproducts1@gmail.com', 'SHOP NO C-PLOT NO T-80 MANGAL MURTI INDUSTRIES COMPLEX M.I.DC BHOSARI PUNE', '27AAZPM6251G1Z5', 'MAHARASTRA ', '45', 3, '12/11/2022', '3:37:16', '0000-00-00 00:00:00', 0, '', '', '', '', '', 'accept', 'yes', NULL, 'NA'),
(37, 'PRAGATI PAINTS & ALLIED PRODUCTS', 'VPPAP41', '020-65316182/ 8', '', 'GAT NO 77 JOTIBA NAGAR ,CHIKALI ROAD TALAWADE', '27AAIFP4510C1ZM', 'MAHARASTRA ', '45', 3, '12/11/2022', '3:37:16', '0000-00-00 00:00:00', 0, '', '', '', '', '', 'accept', 'yes', NULL, 'NA'),
(38, 'PRIYANKA FIRE SERVICES', 'VPFS42', '8698294463', 'privankafireservices@ gmail.com', '1/10 PASHAN OPP HEALTH CLUB PUNE', '27AQLPJ1608A1ZA', 'MAHARASTRA ', '45', 3, '12/11/2022', '3:37:16', '0000-00-00 00:00:00', 0, '', '', '', '', '', 'accept', 'yes', NULL, 'NA'),
(39, 'RAMKRISHNA TRADERS', 'VRT43', '9922418384', '', 'TALAWADE JOTIBA MANDIR ', '27CWKPK9193E1Z0', 'MAHARASTRA ', '45', 3, '12/11/2022', '3:37:16', '0000-00-00 00:00:00', 0, '', '', '', '', '', 'accept', 'yes', NULL, 'NA'),
(40, 'RATHI INDUSTRIES', 'VRI44', '9890619302 / 98', '', 'S NO 36, KONDHWA BUDRUK PUNE', '27AGKPR7430H1Z2', 'MAHARASTRA ', '45', 3, '12/11/2022', '3:37:16', '0000-00-00 00:00:00', 0, '', '', '', '', '', 'accept', 'yes', NULL, 'NA'),
(41, 'RITIKA SALES', 'VRS45', 'NA', '', 'PLOT NO BG -83 GENERAL BLOCK KAMAT IND COMPLEX SHOP NO  GROUND FLOOR OFF MAHINDRA FUR WHEELER SHOROOM LANDEWADI  BHOSARI', '27CUOPS5028J1ZZ', 'MAHARASTRA ', '45', 3, '12/11/2022', '3:37:16', '0000-00-00 00:00:00', 0, '', '', '', '', '', 'accept', 'yes', NULL, 'NA'),
(42, 'R.N. HEATERS', 'VRNH46', '8308593048/9850', '', 'J PAN 14/ BLOCK NEAR QUALITY CIRCLE', '27CIIPP4814R1ZG', 'MAHARASTRA ', '45', 3, '12/11/2022', '3:37:16', '0000-00-00 00:00:00', 0, '', '', '', '', '', 'accept', 'yes', NULL, 'NA'),
(43, 'RUPAL PLASTICS  PRIVATE LIMITED', 'VRPPL47', '9833831069', 'seema@rupalplastics.com ', 'H.O 307  TO 309  NEELKANTH COMMERICIAL CENTER PREMISES  CO -OF  SCTY.LTD  3RD FLOOR OPP ,JAISING BUSINESS CENTER  SAHAR ROAD VILE PALTE', '27AAACR2571E1ZL', 'MAHARASTRA ', '45', 3, '12/11/2022', '3:37:16', '0000-00-00 00:00:00', 0, '', '', '', '', '', 'accept', 'yes', NULL, 'NA'),
(44, 'SAMARTH ENTERPRAISES', 'VSE48', '7447418210', '', 'GAT NO 669 MOSHI PUNE', '27AADFS6266P1ZG', 'MAHARASTRA ', '45', 3, '12/11/2022', '3:37:16', '0000-00-00 00:00:00', 0, '', '', '', '', '', 'accept', 'yes', NULL, 'NA'),
(45, 'SANYOG TRADING CORPOREATION', 'VSTC49', '9890979676', 'Sanyogtrading@gmail.com', 'NA', '27ADFPK8528F1ZF', 'MAHARASTRA ', '45', 3, '12/11/2022', '3:37:16', '0000-00-00 00:00:00', 0, '', '', '', '', '', 'accept', 'yes', NULL, 'NA'),
(46, 'Sarvadnya Technologies (19-20 )', 'VST50', '7767808074 / 90', 'Sanyogtrading@gmail.com ', '3A Bhakti Shobha Building Katvi Road Yashwant Nagar Talegaon Dabhade ( Statio', '27ACNFS2841N1ZH', 'MAHARASTRA ', '45', 3, '12/11/2022', '3:37:16', '0000-00-00 00:00:00', 0, '', '', '', '', '', 'accept', 'yes', NULL, 'NA'),
(47, 'SHAURYA PACKAGING', 'VSP51', '9890739106', 'info@shauryapackaging.in', 'GAT NO : 1529 SONAWANE WASTI CHIKALI 411062', '27AEDFS2943D1Z5', 'MAHARASTRA ', '45', 3, '12/11/2022', '3:37:16', '0000-00-00 00:00:00', 0, '', '', '', '', '', 'accept', 'yes', NULL, 'NA'),
(48, 'SHINDE SCALE CO.', 'VSSC52', '020-24472856', '', '710/740.SHUKRAWAR  PATH PUNE 411002', '27ADXPS3937N1ZD', 'MAHARASTRA ', '45', 3, '12/11/2022', '3:37:16', '0000-00-00 00:00:00', 0, '', '', '', '', '', 'accept', 'yes', NULL, 'NA'),
(49, 'SHIV ELECTRICALS', 'VSE53', '8446686164', 'shivelectricals.pune@rediffmail.com ', 'POLT NO 169 BHOSALE VILLAGE GOURISH BANGLOW SR NO 178 PHURSUNGI PUNE 412308', '27ALMPM3954C1ZZ', 'MAHARASTRA ', '45', 3, '12/11/2022', '3:37:16', '0000-00-00 00:00:00', 0, '', '', '', '', '', 'accept', 'yes', NULL, 'NA'),
(50, 'SHREE ASHTAVINAYAK ENGINEERS', 'VSAE54', 'NA', '', 'GAT NO 1541 SONAWANE WASTI TALAWDAE CHIKALI PUNE', '27AJIPN1898G1ZR', 'MAHARASTRA ', '45', 3, '12/11/2022', '3:37:16', '0000-00-00 00:00:00', 0, '', '', '', '', '', 'accept', 'yes', NULL, 'NA'),
(51, 'SHREE COMPUTERS', 'VSC55', '8806589944 /982', '', 'SHOP NO .U5& U6 HOTEL BRAMHA REGENCY COMPLEX NEAR AKURDI POST OFFICE AKURDI PUNE', '27AJSPG7808B1Z4', 'MAHARASTRA ', '45', 3, '12/11/2022', '3:37:16', '0000-00-00 00:00:00', 0, '', '', '', '', '', 'accept', 'yes', NULL, 'NA'),
(52, 'S.K. GROUP', 'VSKG56', '7757815019', 'mkgroup138@gmail.com', 'NEAR DNYANDIP HIGH SCHOOL RUPEENAGAR TALAWADE PIMRII CHINCHWAD PUNE', '27ECKPP4670R1ZJ', 'MAHARASTRA ', '45', 3, '12/11/2022', '3:37:16', '0000-00-00 00:00:00', 0, '', '', '', '', '', 'accept', 'yes', NULL, 'NA'),
(53, 'SPRINGFLEX ENTERPRISES', 'VSE57', '7666229671', 'springflexpune@gmail.com', 'GAT NO 1538 SONAWANE  WASTI CHIKHALI PUNE', '27ANZPK0632J1ZK', 'MAHARASTRA ', '45', 3, '12/11/2022', '3:37:16', '0000-00-00 00:00:00', 0, '', '', '', '', '', 'accept', 'yes', NULL, 'NA'),
(54, 'S. S INDUSTRIES', 'VSSI58', '73503382295', '', 'GAT NO N205 MAULI HSG SOC RUPINAGAR TALAWADE', '27ANVPJ8633N1Z0', 'MAHARASTRA ', '45', 3, '12/11/2022', '3:37:16', '0000-00-00 00:00:00', 0, '', '', '', '', '', 'accept', 'yes', NULL, 'NA'),
(55, 'SUMAN CORPORATION', 'VSC59', '7447787453', '', 'GROUND  FLOOR GAT NO 1400 SHOP NO 2 SWAPAN NAGAR HO HOUSUING  SOCIETY MOREWASTI CHIKALI PUNE', '27EZJPM9269R1ZZ', 'MAHARASTRA ', '45', 3, '12/11/2022', '3:37:16', '0000-00-00 00:00:00', 0, '', '', '', '', '', 'accept', 'yes', NULL, 'NA'),
(56, 'SUNRISE INDUSTRIES', 'VSI60', '9373301363', 'sunriseindustries7003@gmail.com', 'GAT NO 1402 INDRAPRAST ESTATE TALAWADE, CHIKALI ROAD  CHIKHALI PUNE , MAHARASTRA INDAI -412114', '27ADYFS1856K1Z5', 'MAHARASTRA ', '45', 3, '12/11/2022', '3:37:16', '0000-00-00 00:00:00', 0, '', '', '', '', '', 'accept', 'yes', NULL, 'NA'),
(57, 'TECH  DEVICES INDIA', 'VTDI61', '9422062618', 'techdevicesindia@gmail.com', 'OFFICE NO 312+313 BHARAT BHAVAN B BULDING 1360 SHUKARWAR PETH PUNE-411002', '27CNYPM8925R2ZG', 'MAHARASTRA ', '45', 3, '12/11/2022', '3:37:16', '0000-00-00 00:00:00', 0, '', '', '', '', '', 'accept', 'yes', NULL, 'NA'),
(58, 'ULCPLAST AND MACHINERY PVT.LTD', 'VUMPL62', '8600766331', 'info@ulcautogroup.com', 'GAT NO 625/9 BHAIND MAHALAXMI HARDWARE VAILLAGE KURULI MIDC CHAKAN TAL-KHED DIST PUNE -410501', '27AACCU2411L1ZE', 'MAHARASTRA ', '45', 3, '12/11/2022', '3:37:16', '0000-00-00 00:00:00', 0, '', '', '', '', '', 'accept', 'yes', NULL, 'NA'),
(59, 'UTTAM ELECTRICALS', 'VUE63', '9860706600', '', 'ZUMAR DAS MARKET,NR THERMAX CHOWK CHIKHALI ROAD CHI', '27BKKPS0928L1ZL', 'MAHARASTRA ', '45', 3, '12/11/2022', '3:37:16', '0000-00-00 00:00:00', 0, '', '', '', '', '', 'accept', 'yes', NULL, 'NA'),
(60, 'VIJAY SALES', 'VVS64', 'NA', '', 'PUNE ( PIMPARI GODOWN ) SHEWALE CENTER COMPLEX NEXT FINOLEX PIMPARI', '27AAAFV0219J1ZB', 'MAHARASTRA ', '45', 3, '12/11/2022', '3:37:16', '0000-00-00 00:00:00', 0, '', '', '', '', '', 'accept', 'yes', NULL, 'NA'),
(61, 'V K SALES & SERVICES', 'VVKSS65', 'NA', '', 'SANKET INDUSTRIES  COMPLEX SHAYOG NAGAR NEAR SARASAWATI SCHOOL', '27ABLPW4292J1ZV', 'MAHARASTRA ', '45', 3, '12/11/2022', '3:37:16', '0000-00-00 00:00:00', 0, '', '', '', '', '', 'accept', 'yes', NULL, 'NA'),
(62, 'YASH PLASTROTECH PURCHASE', 'VYPP66', '9765402975', 'yashplastrotech@gmail.com', 'GAT NO 87 PLOT NO 21 JOTIBANAGAR TALAWADE PUNE 412114', '24AAACY8230D1ZM', 'MAHARASTRA ', '45', 3, '12/11/2022', '3:37:16', '0000-00-00 00:00:00', 0, '', '', '', '', '', 'accept', 'yes', NULL, 'NA'),
(63, 'YIZUMI PRECISION MACHINARY (INDIA) PVT,LTD', 'VYPMPL67', 'NA', '', 'PLOT NO 7 MHAHAGUGARAT INDUSRTIES ESTATE', '24AAACY8230D1ZM', 'Gujarat', '45', 3, '12/11/2022', '3:37:16', '0000-00-00 00:00:00', 0, '', '', '', '', '', 'accept', 'yes', NULL, 'NA'),
(64, 'Y -MACHINE', 'VYM68', 'NA', '', 'G 1003.GANGA AASHIYANA S NO 33 OPP ADITYA BIRALA HOSPITAL THERGAON', '27AACFY1978M1ZG', 'MAHARASTRA ', '45', 3, '12/11/2022', '3:37:16', '0000-00-00 00:00:00', 0, '', '', '', '', '', 'accept', 'yes', NULL, 'NA'),
(65, 'STAR FLEXI PACK', '65', '8459337848', 'starflexipack@gmail.com', 'GANPATI MAL,SURVEL NO .322/1,KAKADE VASTI SOMATANE PHATA TALEGAON DHABHADE PUNE', '27AIAPJ5381R2ZN', 'MAHARASTRA', '45 DAYS ', 3, '22-11-2022', '7:37:43', '0000-00-00 00:00:00', 0, 'Star_flexi_pack_cancelled_cheaqe_(1)_(1).pdf', '', '', 'GST_Certificate.pdf', '', 'accept', 'yes', NULL, 'AIAPJ5381R'),
(66, 'MEETA FOREG', '66', '9822194652', 'meetaforeg@gamil.com', 'H5/57,MIDC CHIKALITHANA AURNGABAD 431007', '27ACBPL5213H1ZW', 'MAHARASTRA', '45 DAYS ', 3, '23-11-2022', '9:27:02', '0000-00-00 00:00:00', 0, '', '', '', '', '', 'accept', 'yes', NULL, 'ACBPL5213H'),
(67, 'DEMO', 'DEMO', '9860517726', 'meetaforeg@gamil.com', 'DEMO', '27AIAPJ5381R2ZN', 'MAHARASTRA', '45 DAYS ', 3, '25-11-2022', '6:06:15', '0000-00-00 00:00:00', 0, '', '', '', '', '', 'accept', 'yes', NULL, 'AIAPJ5381R'),
(68, 'ARTI  ENTERPRISE', '67', '9834014889', 'artienterprise@gmail.com', 'GAT NO 1297. PANXCHAWATI HOUSING SOCIETY NO 3 CHIKHALI .PUNE 412114', '27ABYFA4546J1ZS', 'MAHARASTRA', '45', 3, '21-12-2022', '10:31:28', '0000-00-00 00:00:00', 0, '', '', '', '', '', 'accept', 'yes', NULL, 'ABYFA4546J'),
(69, 'MEETA SCREWS PRIVATE LIMITED', '68', '9822194652', 'meetascrews@gmail.com', 'plot no 248/A N-3 CIDCO AURANGABAD MAHARASTRA ', '27AALCM9584B1Z2', 'MAHARASTRA', '45', 3, '26-12-2022', '12:31:59', '0000-00-00 00:00:00', 0, '', '', '', '', '', 'accept', 'yes', NULL, 'AALCM9584B'),
(70, 'MILACRON INDIA PVT LTD', '69', '9923659917', 'fmisparesgroup@milacron.com', 'RAGD OFFICE & FACTRORY 93/2 & 941 PHASE -I I.G.D.C VATVA AHMEDABAD -382445', '24AABCC0881D1Z6', 'Gujarat', 'IMMIDATE', 3, '26-12-2022', '3:26:02', '0000-00-00 00:00:00', 0, '', '', '', '', '', 'accept', 'yes', NULL, 'AABCC0881D'),
(71, 'PETROCHEM ASIA PVT .LTD', '70', '7720807070', 'ravi@petrochemasia.com', 'GAT NO 150/ 1 CHIMBALI PHATA VILLAGE KURULI PUNE MAHARASTRA -410501', '27AAGCP1565Q1ZS', 'MAHARASTRA', 'AFTER GRN DONE', 3, '6/1/2023', '4:28:02', '0000-00-00 00:00:00', 0, '', '', '', '', '', 'accept', 'yes', NULL, 'AAGCP1565Q'),
(72, 'SHALIBHADRA INTERNATIONAL', '71', '7383238373', 'shalibhadra@gmail.com', 'PLOT NO ,4536 ROAD NO M, SHREENATHJI CIRCLE GIDC PHASE -III JAMNAGAR -361004', '24ATSPD5644C1ZT', 'Gujarat', 'AFTER GRN DONE', 3, '7/1/2023', '9:49:17', '0000-00-00 00:00:00', 0, '', '', '', '', '', 'accept', 'no', NULL, 'ATSPD5644C'),
(73, 'SHIVANI ENGINEERS', '72', '9011047812', 'info@shivaniengineers.com', 'PRITAM BULDING S NO 232/2/1 PUNE -NASHIK ROAD OPP RUPEE  BANK BHOSARI PUNE -411039', '27AAIPT8679C1Z3', 'MAHARASTRA', 'AFTER GRN DONE', 3, '11/1/2023', '11:25:56', '0000-00-00 00:00:00', 0, '', '', '', '', '', 'accept', 'yes', NULL, 'AAIPT8679C'),
(74, 'ALOK ENTERPRISES', '73', '9511822655', 'alokenterprises14@gmail.com', 'office tulsi ladmark h 606 plot no 153 sect 11 chikhlai pune-411019', '27CAKPP1870M1Z3', 'MAHARASTRA', 'AFTER GRN DONE', 3, '15-01-2023', '2:12:05', '0000-00-00 00:00:00', 0, '', '', '', '', '', 'accept', 'yes', NULL, 'CAKPP1870M1'),
(75, 'SSB POLYMERS', '74', '9422516258', 'ssb59@rediffmail.com', 'plot no 71 gala  no 06 paras industries bhosari pune', '27AAVPD3285D1ZK', 'MAHARASTRA', 'AFTER GRN DONE', 3, '15-01-2023', '2:43:07', '0000-00-00 00:00:00', 0, '', '', '', '', '', 'accept', 'yes', NULL, 'AAVPD3285D'),
(76, 'SHREE INDUSTRIES ( PURCHASE )', '75', '8999694022', 'shreeindustries@gmail.com', 'S NO 278/1941 SANT TUKARAM NAGAR PIMPARI PUNE 411018 MAHARASTRA', '27CFIPB4037D1ZV', 'MAHARASTRA', 'AFTER GRN DONE', 3, '3/3/2023', '3:07:11', '0000-00-00 00:00:00', 0, '', '', '', '', '', 'accept', 'yes', NULL, 'CFIPB4037D'),
(77, 'SHREE SWAMI SAMARTH ENGINEERING', '76', '8806978639', 'ssse_99@rediffmail.com', 'PLOT NO .J477/2,MIDC BHOSARI PUNE -411026', '27ABWFS07774J1ZE', 'MAHARASTRA', 'AFTER GRN DONE', 3, '19-03-2023', '10:40:44', '0000-00-00 00:00:00', 0, '', '', '', '', '', 'accept', 'yes', NULL, 'ABWFS07774J'),
(78, 'RN HEATER ', '76', '9850917767', 'rnheaters@gmail.com', 'j apa /144 j block  near quality circle midc bhosaripune ', '27CIIPP4814R1ZG', 'MAHARASTRA', '45', 3, '7/4/2023', '6:15:39', '0000-00-00 00:00:00', 0, '', '', '', '', '', 'accept', 'yes', NULL, 'CIIPP4814R1'),
(79, 'Reliable Mechatronics Pvt .Ltd (pur)', '75', '8830154998', 'purchase.rmpl@gmail.com', 'T Block Get No -182 M.I.D.C BHOSARI PUNE -411026 ', '27AAFCR8276B1Z8', 'MAHARASTRA', '45', 3, '5/5/2023', '11:22:24', '0000-00-00 00:00:00', 0, '', '', '', '', '', 'accept', 'yes', NULL, 'AAFCR8276B1'),
(80, 'TRADEIMPEX POLYMERS ( INDIA ) PRIVATE LIMITED', '77', '7719017143', 'sunil@tradeimpexpolymers.com', 'TAL  KHED H NO 1057 AP CHIMBANI ALANDI DEVACHI  KHED PUNE 412105', '27AAGCT0288G1Z7', 'MAHARASTRA', '45', 3, '10-09-2023', '10:08:07', '2023-09-10 04:38:07', 0, '', '', '', '', '', 'accept', 'yes', NULL, 'AAGCT0288G1'),
(81, 'VIRAJ POLYMERS', '77', '9552593984', 'virajpolymers@gmail.com', 'SECTOR N 07 PLOT NO 244 PCNTDA BHOSARI PUNE 411026', '27AZZPB5866D1ZW', 'MAHARASTRA', '45', 3, '03-10-2023', '09:21:35', '2023-10-03 03:51:35', 0, '', '', '', '', '', 'accept', 'yes', NULL, 'AZZPB5866D'),
(82, 'SHRI VINAYAK PACKAGING ', '79', '9689299342', 'shrivinayakpek2015@gmail.com', 'gat no 234-1 birdaw adi tal khed dis pune ', '27ALOPH1329L1ZU', 'MAHARASTRA', '45', 3, '20-10-2023', '03:47:23', '2023-10-20 10:17:23', 0, '', '', '', '', '', 'accept', 'yes', NULL, 'LOPH1329L'),
(83, 'AKWEL AUTONOTIVE PUNE INDIA PVT LTD', '89', '770911008', 'akwelautomotive@gmailcom', 'formely know as mgi couter engg pvt ltd gat no 357/17/1.357/16/16/2 village kharabwadi chakan pune', '27AAECM4628B1ZQ', 'MAHARASTRA', '45', 3, '20-10-2023', '04:37:13', '2023-10-20 11:07:13', 0, '', '', '', '', '', 'accept', 'yes', NULL, 'AAECM4628B'),
(84, 'ZEMAX PAINTS', '90', '9604428830', 'zemaxpaint@gmail.com', 'gat no 87 plot no 12 jotiba nagar talawade', '27ASJPG6785B1ZL', 'MAHARASTRA', '45', 3, '20-10-2023', '06:22:01', '2023-10-20 12:52:01', 0, '', '', '', '', '', 'accept', 'yes', NULL, 'ASJPG6785B1'),
(86, 'BHARAT FRITTZ WERNER LTD-THALLY', '98', '10025233', 'bharatfritz@gamil.com', 'THALLY ROAD DEVAGANAPA PO DENKANIKOTA(TQ) TAMILNADU -635114', '33AAACB5723A1ZG', 'KARNATAK', '45', 3, '31-10-2023', '02:31:53', '2023-10-31 09:01:53', 0, '', '', '', '', '', 'accept', 'no', NULL, 'AAACB572'),
(87, 'SAMSUNG', '1234', '1', 'wwwsam@sang.com', 'MOSHI', '9686', 'MAHARASHTRA', '65', 3, '06-12-2023', '09:48:13', '2023-12-06 04:18:13', 0, '', '', '', '', '', 'accept', 'yes', NULL, 'ACM123'),
(88, 'pamper', '43569', '9529727909', 'poojakandekar@gmail.com', 'vikramnagar,kolhapur', ' 1234', 'MAHARASHTRA', '30', 3, '26-01-2024', '03:07:23', '2024-01-26 09:37:23', 0, '', '', '', '', '', 'accept', 'yes', NULL, 'fx1234'),
(89, 'LG', '012', '92074456', 'www.lg.elc@gmail.com', 'pune', '5436574', 'Maharashtra', '90', 3, '26-01-2024', '03:09:44', '2024-01-26 09:39:44', 0, '', '', '', '', '', 'accept', 'yes', NULL, 'hg45'),
(90, 'Light', '1234', '9623053156', 'poojakandekar32@gmail.com', 'kolhapur', '4567', 'Maharashtra', '15', 3, '26-01-2024', '04:04:03', '2024-01-26 10:34:03', 0, '', '', '', '', '', 'accept', 'yes', NULL, 'Fxx123'),
(91, 'Gold', '123', '9529727909', 'poojakandekar@gmail.com', 'pune', '123456', 'Maharashtra', '30', 3, '26-01-2024', '04:08:57', '2024-01-26 10:38:57', 0, '', '', '', '', '', 'accept', 'yes', NULL, 'FXX123'),
(92, 'samsung', '1898', '9529727909', 'poojakandekar@32gmail.com', 'kolhapur', '12345', 'Maharashtra', '60', 3, '27-01-2024', '02:42:47', '2024-01-27 09:12:47', 0, '', '', '', '', '', 'accept', 'yes', NULL, 'FXX1898'),
(93, 'LG', 'g3', '87643', 'www.lg@gmail.ccom', 'Nashik', 'fsgew545', 'Maharashtra', '50', 3, '30-01-2024', '10:47:46', '2024-01-30 05:17:46', 0, '', '', '', '', '', 'accept', 'yes', NULL, 'g1365468'),
(94, 'Pari', 'y6', '987654321', 'wwwpari@gmail.com', 'Gujarat', '98643431', 'Gujarat', '54', 3, '30-01-2024', '10:49:01', '2024-01-30 05:19:01', 0, '', '', '', '', '', 'accept', 'no', NULL, 'h7654321'),
(95, 'MRFtyers', '1234', '9529727909', 'poojakandekar32@gmail.com', 'kolhapur', '4567', 'Maharashtra', '15', 3, '30-01-2024', '01:22:33', '2024-01-30 07:52:33', 0, '', '', '', '', '', 'accept', 'yes', NULL, 'fx1234'),
(96, 'GODREJ', '1612', '9623053156', 'poojakandekar32@gmail.com', 'PUNE', '4567', 'Maharashtra', '15', 3, '30-01-2024', '01:50:40', '2024-01-30 08:20:40', 0, '', '', '', '', '', 'accept', 'yes', NULL, 'Fxx123'),
(97, 'Aadvik steel pvt.ltd', '124', '9529727909', 'poojakandekar32@gmail.com', 'kolhapur', '4567', 'Maharashtra', '15', 3, '30-01-2024', '09:01:42', '2024-01-30 15:31:42', 0, '', '', '', '', '', 'accept', 'yes', NULL, 'Fxx123'),
(98, 'Godavat pvt.Ltd', '123', '9529727909', 'poojakandekar32@gmail.com', 'kolhapur', '4567', 'Maharashtra', '15', 3, '01-02-2024', '03:49:56', '2024-02-01 10:19:56', 0, '', '', '', '', '', 'accept', 'yes', NULL, 'Fxx123'),
(99, 'Ultratech Ltd', '1612', '9529727909', 'poojakandekar32@gmail.com', 'kolhapur', '12345', 'Maharashtra', '20', 3, '01-02-2024', '04:33:25', '2024-02-01 11:03:25', 0, '', '', '', '', '', 'accept', 'yes', NULL, 'FXX1898'),
(100, 'Titan ', '468', '98765567', 'newtitan@gmail.com', 'Kolhapur', '65432', 'maharashtra', '78', 3, '06-02-2024', '10:43:19', '2024-02-06 05:13:19', 0, '', '', '', '', '', 'accept', 'yes', NULL, 'dm12345'),
(101, 'Ghadge patil ltd', '4567', '9529727909', 'poojakandekar32@gmail.com', 'kolhapur', '4567', 'Maharashtra', '15', 3, '07-02-2024', '04:11:31', '2024-02-07 10:41:31', 0, '', '', '', '', '', 'accept', 'yes', NULL, 'fx1234'),
(102, 'Samsung', '8910', '987654321', 'samsung@gmail.com', 'Pune', 'se1234', 'Maharashtra', '64', 3, '07-02-2024', '04:12:07', '2024-02-07 10:42:07', 0, '', '', '', '', '', 'accept', 'yes', NULL, 'g1234'),
(103, 'Apple', 'hg654', '8756896543', 'anapple@gmail.com', 'GUJARAT ', 'da5467', 'Gujarat', '90', 3, '09-02-2024', '10:40:37', '2024-02-09 05:10:37', 0, '', '', '', '', '', 'accept', 'no', NULL, 'AIMP654'),
(104, 'Bsp', 'hj654', '876544321', 'bspmetatech@gmail.com', 'Chakan', 'uy765432', 'Maharashtra', '87', 3, '09-02-2024', '10:47:38', '2024-02-09 05:17:38', 0, '', '', '', '', '', 'accept', 'yes', NULL, 'hdgcff'),
(105, 'Protech pipes', '123', '9529727909', 'poojakandekar32@gmail.com', 'kolhapur', '4567', 'Maharashtra', '15', 3, '09-02-2024', '02:14:33', '2024-02-09 08:44:33', 0, '', '', '', '', '', 'accept', 'yes', NULL, 'fx1234'),
(106, 'Dell', '1234', '9529727909', 'poojakandekar32@gmail.com', 'kolhapur', '4567', 'Maharashtra', '15', 3, '09-02-2024', '04:06:20', '2024-02-09 10:36:20', 0, '', '', '', '', '', 'accept', 'yes', NULL, 'Fxx123'),
(107, 'Sonata', 's20', '9870654325', 'sona@gmail.com', 'Kolhapur', 'aimp234', 'Maharashtra', '76', 3, '09-02-2024', '04:07:30', '2024-02-09 10:37:30', 0, '', '', '', '', '', 'accept', 'yes', NULL, 'g1234'),
(108, 'Motorola', '4567', '9529727909', 'poojakandekar32@gmail.com', 'kolhapur', '12345', 'Maharashtra', '15', 3, '13-02-2024', '03:51:26', '2024-02-13 10:21:26', 0, '', '', '', '', '', 'accept', 'yes', NULL, 'fx1234'),
(109, 'Hero Honda', '1234', '9529727909', 'poojakandekar32@gmail.com', 'kolhapur', '4567', 'Maharashtra', '15', 3, '21-02-2024', '03:05:31', '2024-02-21 09:35:31', 0, '', '', '', '', '', 'accept', 'yes', NULL, 'fx1234'),
(110, 'Panasonic', '4567', '9529727909', 'poojakandekar32@gmail.com', 'kolhapur', '1234', 'Maharashtra', '30', 3, '21-02-2024', '03:59:41', '2024-02-21 10:29:41', 0, '', '', '', '', '', 'accept', 'yes', NULL, 'fx1234'),
(111, 'Apollo tyers', '4568', '9529727909', 'poojakandekar32@gmail.com', 'kolhapur', '4567', 'Maharashtra', '15', 3, '24-02-2024', '04:07:37', '2024-02-24 10:37:37', 0, '', '', '', '', '', 'accept', 'yes', NULL, 'fx1234'),
(112, 'Hero Honda', '4567', '9529727909', 'poojakandekar32@gmail.com', 'Kolhapur', '4567', 'Maharashtra', '15', 3, '27-02-2024', '01:53:36', '2024-02-27 08:23:36', 0, '', '', '', '', '', 'accept', 'yes', NULL, 'fx1234'),
(113, 'TATA MOTORS', '4568', '9529727909', 'poojakandekar32@gmail.com', 'Kolhapur', '123456', 'Maharashtra', '15', 3, '28-02-2024', '04:04:58', '2024-02-28 10:34:58', 0, '', '', '', '', '', 'accept', 'yes', NULL, 'fx1234'),
(114, 'TATA MOTORS', '4567', '9529727909', 'poojakandekar32@gmail.com', 'Kolhapur', '12345', 'Maharashtra', '15', 3, '28-02-2024', '05:36:05', '2024-02-28 12:06:05', 0, '', '', '', '', '', 'accept', 'yes', NULL, 'fx1234'),
(115, 'FInolex', '4569', '9529727909', 'poojakandekar32@gmail.com', 'Kolhapur', '987456', 'Maharashtra', '15', 3, '02-03-2024', '03:55:53', '2024-03-02 10:25:53', 0, '', '', '', '', '', 'accept', 'yes', NULL, '89756'),
(116, 'Kromee enterprises', 'NA', '9529127909', 'poojakandekar32@gmail.com', 'Kolhapur', '27AXXFO12345', 'Maharashtra', '30', 3, '08-03-2024', '01:08:26', '2024-03-08 07:38:26', 0, '', '', '', '', '', 'accept', 'yes', NULL, '27AXXFO12345'),
(117, 'VEEKEY POLYMERS', 'NA', '9529727909', 'poojakandekar@gmail.com', 'GAT NO.1073/6,LAVASA CITY ROAD,PIRANGUT,TAL-MULSHI,DIST-PUNE', '27AAEFV5472F1ZZ', 'Maharashtra', '60', 3, '19-03-2024', '03:04:34', '2024-03-19 09:34:34', 0, '', '', '', '', '', 'accept', 'yes', NULL, 'AAEFV5472F1ZZ'),
(118, 'karaiburg', 'NA', '9529727909', 'poojakandekar32@gmail.com', 'banglore', '29AACCK7841G1ZB', 'KARANATAKA', '15', 3, '23-03-2024', '04:18:56', '2024-03-23 10:48:56', 0, '', '', '', '', '', 'accept', 'no', NULL, '29AACCK7841G1ZB'),
(119, 'PVS MANUFACTURING', '4567', '9529727909', 'poojakandekar@gmail.com', 'BHOSARI,PUNE', '27AXXFO12345', 'Maharashtra', '60', 3, '19-04-2024', '04:14:58', '2024-04-19 10:44:58', 0, '', '', '', '', '', 'accept', 'yes', NULL, 'AXXFO12345'),
(120, 'UNO MINARIKA PVT LTD', '2304', '9529727909', 'poojakandekar32@gmail.com', 'kolhapur', '27AXXFO12345', 'Maharashtra', '60', 3, '20-04-2024', '12:21:51', '2024-04-20 06:51:51', 0, '', '', '', '', '', 'accept', 'yes', NULL, 'AXXFO12345'),
(121, 'P.P.ENTERPRISES', '4567', '9529727909', 'poojakandekar32@gmail.com', 'kolhapur', '27AXXFO12345', 'Maharashtra', '45', 3, '24-04-2024', '02:31:21', '2024-04-24 09:01:21', 0, '', '', '', '', '', 'accept', 'yes', NULL, 'AXXFO12345'),
(122, 'JAY GANESH ENTERPRISES', 'BSP0175', '9604208320', 'JAYGANESHENTERPRISES2018@GMAIL.COM', 'Bordara, Ambethan, Khed, Pune-410501', '27BCJPC4146D', 'Maharashtra', '60', 3, '20-05-2024', '12:04:10', '2024-05-20 06:34:10', 0, '', '', '', '', '', 'accept', 'yes', NULL, 'BCJPC4146D'),
(123, 'Abhishek Interprises', 'ABH0001', '8485835695', 'abhishekinterprise@yopmail.com', 'Kolhapur', 'GST0001111', 'Maharastra', '50', 3, '27-05-2024', '11:19:40', '2024-05-27 17:49:40', 0, '5START.png', '', '', 'newfile.pdf', '', 'accept', 'yes', NULL, 'PAN0001');

-- --------------------------------------------------------

--
-- Table structure for table `transporter`
--

CREATE TABLE `transporter` (
  `id` int NOT NULL,
  `name` varchar(50) COLLATE utf8mb4_general_ci NOT NULL,
  `transporter_id` varchar(15) COLLATE utf8mb4_general_ci DEFAULT NULL,
  `created_by` int NOT NULL,
  `created_date` varchar(10) COLLATE utf8mb4_general_ci NOT NULL,
  `created_time` varchar(10) COLLATE utf8mb4_general_ci NOT NULL,
  `deleted` int NOT NULL DEFAULT '0'
) ENGINE=InnoDB DEFAULT CHARSET=utf8mb4 COLLATE=utf8mb4_general_ci;

--
-- Dumping data for table `transporter`
--

INSERT INTO `transporter` (`id`, `name`, `transporter_id`, `created_by`, `created_date`, `created_time`, `deleted`) VALUES
(1, 'ADITYA TRANSPORT ', '27AEQPT5791K1ZF', 3, '08-09-2023', '07:09:10', 0),
(2, 'JAY MALHAR TEMPO SERVICE', '27ACJPH6265K127', 3, '10-09-2023', '11:35:16', 0);

-- --------------------------------------------------------

--
-- Table structure for table `uom`
--

CREATE TABLE `uom` (
  `id` int NOT NULL,
  `uom_name` varchar(50) COLLATE utf8mb4_general_ci NOT NULL,
  `uom_description` varchar(100) COLLATE utf8mb4_general_ci NOT NULL,
  `contractor_code` varchar(30) COLLATE utf8mb4_general_ci DEFAULT NULL,
  `created_id` int DEFAULT NULL,
  `date` varchar(10) COLLATE utf8mb4_general_ci DEFAULT NULL,
  `time` varchar(10) COLLATE utf8mb4_general_ci DEFAULT NULL,
  `timestamp` timestamp NULL DEFAULT CURRENT_TIMESTAMP,
  `deleted` int DEFAULT '0'
) ENGINE=InnoDB DEFAULT CHARSET=utf8mb4 COLLATE=utf8mb4_general_ci;

--
-- Dumping data for table `uom`
--

INSERT INTO `uom` (`id`, `uom_name`, `uom_description`, `contractor_code`, `created_id`, `date`, `time`, `timestamp`, `deleted`) VALUES
(1, 'NOS', 'Number', NULL, 3, '09-12-2021', '09:05:47', '2021-12-09 15:35:47', 0),
(2, 'KGS', 'Kgs', NULL, 3, '09-12-2021', '09:05:52', '2021-12-09 15:35:52', 0),
(3, 'Meter', 'Meter', NULL, 3, '09-12-2021', '09:05:57', '2021-12-09 15:35:57', 0),
(4, 'Litre', 'Litre', NULL, 3, '09-12-2021', '09:06:02', '2021-12-09 15:36:02', 0),
(5, 'SET', 'Set', NULL, 3, '23-07-2022', '02:49:38', '2022-07-23 09:19:38', 0),
(6, 'Cum', 'Cum', NULL, 3, '13-01-2023', '09:35:42', '2023-01-13 04:05:42', 0),
(7, 'PRS', 'Pairs', NULL, 3, '20-01-2023', '12:24:37', '2023-01-20 06:54:37', 0),
(8, 'Rim', 'Rim', NULL, 3, '20-01-2023', '01:29:36', '2023-01-20 07:59:36', 0);

-- --------------------------------------------------------

--
-- Table structure for table `userinfo`
--

CREATE TABLE `userinfo` (
  `id` int NOT NULL,
  `user_email` text COLLATE utf8mb4_general_ci,
  `type` varchar(30) COLLATE utf8mb4_general_ci NOT NULL,
  `user_role` text COLLATE utf8mb4_general_ci,
  `user_name` varchar(255) COLLATE utf8mb4_general_ci DEFAULT NULL,
  `user_password` text COLLATE utf8mb4_general_ci,
  `date` text COLLATE utf8mb4_general_ci,
  `time` text COLLATE utf8mb4_general_ci,
  `timestamp` timestamp NULL DEFAULT CURRENT_TIMESTAMP,
  `deleted` text COLLATE utf8mb4_general_ci,
  `drawing_download` varchar(20) COLLATE utf8mb4_general_ci DEFAULT 'yes',
  `drawing_upload` varchar(20) COLLATE utf8mb4_general_ci DEFAULT 'yes'
) ENGINE=InnoDB DEFAULT CHARSET=utf8mb4 COLLATE=utf8mb4_general_ci;

--
-- Dumping data for table `userinfo`
--

INSERT INTO `userinfo` (`id`, `user_email`, `type`, `user_role`, `user_name`, `user_password`, `date`, `time`, `timestamp`, `deleted`, `drawing_download`, `drawing_upload`) VALUES
(3, 'demo@arom.com', 'Admin', 'Admin', 'Admin', 'aeiou', NULL, NULL, '2021-02-03 05:51:21', NULL, 'yes', 'yes'),
(4, 'yogesh@superpolymers.co.in', 'Purchase', NULL, 'Yogesh Bidkar', 'purchase@2023', NULL, NULL, '2021-07-24 09:39:25', NULL, 'yes', 'yes'),
(5, 'approver@admin.com', 'Approver', NULL, 'Approver', 'admin@sp123', NULL, NULL, '2021-07-24 09:39:59', NULL, 'yes', 'yes'),
(6, 'inward_stores@admin.com', 'inward_stores', NULL, 'Inward Stores', 'admin@123', NULL, NULL, '2021-07-24 09:40:53', NULL, 'yes', 'yes'),
(7, 'inward_quality@admin.com', 'inward_quality ', NULL, 'Inward Quality', 'admin@qa23', NULL, NULL, '2021-07-24 09:41:28', NULL, 'yes', 'yes'),
(8, 'store@superpolymers.co.in', 'stores', NULL, 'Vrushali', 'stores@2023', NULL, NULL, '2021-07-24 09:41:49', NULL, 'yes', 'yes'),
(9, 'production@superpolymers.co.in', 'production', NULL, 'brijnanadan Pandit', 'production@sp', NULL, NULL, '2021-07-24 09:42:16', NULL, 'yes', 'yes'),
(10, 'FG_stores@admin.com', 'FG_stores', NULL, 'FG Stores', 'admin@333', NULL, NULL, '2021-07-24 09:42:46', NULL, 'yes', 'yes'),
(11, 'marketing@admin.com', 'Marketing', NULL, 'Marketing', 'admin@444', NULL, NULL, '2021-07-24 09:43:10', NULL, 'yes', 'yes'),
(14, 'development@admin.com', 'Development', NULL, 'Development', 'admin@555', NULL, NULL, '2022-03-14 05:56:33', NULL, 'yes', 'yes'),
(15, 'quality@superpolymers.co.in', 'Quality', NULL, 'Suresh Sahu', 'quality@null', NULL, NULL, '2023-03-22 12:58:39', NULL, 'yes', 'yes'),
(16, 'info@superpolymers.co.in', 'Sales', NULL, 'Sales', 'sales@666', NULL, NULL, '2023-03-22 13:14:15', NULL, 'yes', 'yes'),
(17, 'stores@superpolymers.co.in', 'Purchase', NULL, 'Vrushali', 'stores@2023', NULL, NULL, '2023-09-04 09:35:00', NULL, 'yes', 'yes'),
(18, 'arom@infotech.com', 'Admin', 'AROM', 'arom', 'arom321', NULL, NULL, '2024-01-28 11:08:40', NULL, 'yes', 'yes');

-- --------------------------------------------------------

--
-- Table structure for table `widget`
--

CREATE TABLE `widget` (
  `widget_id` int NOT NULL,
  `tab_name` enum('Sales','Account','PurchaseGRN','Stores','Production','BusinessAnalytics','Quality','Subcon') COLLATE utf8mb4_general_ci NOT NULL,
  `widget_name` varchar(255) COLLATE utf8mb4_general_ci NOT NULL,
  `widget_type` enum('Block','SingleBar','DoubleBar','Pie','SemiCircle','SingleColumnBar','Table','Spline','ImageBlock') COLLATE utf8mb4_general_ci NOT NULL,
  `widget_funtion` varchar(255) COLLATE utf8mb4_general_ci NOT NULL,
  `status` enum('Active','Inactive') COLLATE utf8mb4_general_ci NOT NULL
) ENGINE=InnoDB DEFAULT CHARSET=utf8mb4 COLLATE=utf8mb4_general_ci;

--
-- Dumping data for table `widget`
--

INSERT INTO `widget` (`widget_id`, `tab_name`, `widget_name`, `widget_type`, `widget_funtion`, `status`) VALUES
(1, 'Sales', 'TODAY_SALES', 'Block', 'get_today_sales', 'Active'),
(2, 'Sales', 'YESTERDAYS_SALES', 'Block', 'get_yesterdays_sales', 'Active'),
(5, 'Sales', 'CURRENT_MONTH_PLAN', 'Block', 'get_current_month_sales', 'Active'),
(6, 'Sales', 'CURRENT_MONTH_SALE', 'Block', 'get_current_month_sale', 'Active'),
(7, 'Sales', 'CUSTOMER_SALES', 'Pie', 'get_customer_sales', 'Active'),
(8, 'Sales', 'MONTH_WISE_SALES', 'SingleBar', 'get_month_wise_sales', 'Active'),
(9, 'Sales', 'PRODUCT_DELIVERY', 'SemiCircle', 'get_production_product', 'Active'),
(10, 'Sales', 'PRODUCTION_STOCK', 'SingleColumnBar', 'get_production_stock', 'Active'),
(11, 'Account', 'TOTAL_PAYABLE_DUE', 'Block', 'get_total_payable_due', 'Active'),
(12, 'Account', 'TOTAL_PAYABLE_PAID', 'Block', 'get_total_payable_paid', 'Active'),
(13, 'Account', 'TOTAL_RECEIVABLES_DUE', 'Block', 'get_total_receivable_due', 'Active'),
(14, 'Account', 'TOTAL_RECEIVABLES_PAID', 'Block', 'get_total_receivable_paid', 'Active'),
(15, 'Account', 'CUSTOMER_RECEIVER_DUE', 'Pie', 'get_customer_receiver_due', 'Active'),
(16, 'Account', 'SALES_PLAN_AMOUNT_GST', 'DoubleBar', 'get_sales_plane_amount_gst', 'Active'),
(17, 'Sales', 'FY_PLAN_VS_SALES', 'DoubleBar', 'get_paln_sales_data', 'Active'),
(18, 'Account', 'CUSTOMER_RECEIVER_DUE_LIST', 'Table', 'get_cutomer_receiver_due_list', 'Active'),
(19, 'PurchaseGRN', 'CATEGORY_PURCHASE_AMOUNT', 'Pie', 'get_caterory_purchse_amount', 'Active'),
(20, 'PurchaseGRN', 'CASH_PURCHASE_AMOUNT', 'SingleBar', 'get_cash_purchase_amount', 'Active'),
(21, 'PurchaseGRN', 'PURCHASE_GRN_AMOUNT', 'SingleBar', 'get_purchase_grn_amount', 'Active'),
(22, 'Stores', 'PURCHASE_STOCK_AMOUNT', 'Block', 'get_purchase_stock_amount', 'Active'),
(23, 'Stores', 'IN_HOUSE_PARTS_STOCK', 'Block', 'get_in_house_parts_stock', 'Active'),
(24, 'Stores', 'FG_STOCK', 'Block', 'get_fg_stock', 'Active'),
(25, 'Stores', 'PURCHASE_STOCK_AMOUNT', 'SingleBar', 'get_purchase_stock_amount_bar', 'Active'),
(26, 'Stores', 'SALES_STOCK', 'Block', 'get_sales_stock', 'Active'),
(27, 'Production', 'PRODUCTION', 'Spline', 'get_production_data', 'Active'),
(28, 'Production', 'YESTERDAYS_PRODUCTION', 'Block', 'get_yesterdays_production', 'Active'),
(29, 'Production', 'YESTERDAYS_REJECTION', 'Block', 'get_yesterdays_rejection', 'Active'),
(30, 'Production', 'YESTERDAYS_OEE', 'Block', 'get_yesterday_oee', 'Active'),
(31, 'Production', 'YESTERDAYS_PPM', 'Block', 'get_yesterdays_ppm', 'Active'),
(32, 'Production', 'PRODUCTION_SCRAP', 'SingleBar', 'get_production_scrap', 'Active'),
(33, 'Production', 'PRODUCTION_OEE', 'SingleBar', 'get_production_oee', 'Active'),
(34, 'BusinessAnalytics', 'RECEIVABLE_DUE', 'Block', 'get_receivable_due_data', 'Active'),
(35, 'BusinessAnalytics', 'PAYABLE_DUE', 'Block', 'get_payable_due_data', 'Active'),
(36, 'BusinessAnalytics', 'SALES_VS_PURCASE', 'DoubleBar', 'get_sales_purchase_grn', 'Active'),
(37, 'BusinessAnalytics', 'RMSP', 'SingleBar', 'get_rmsp', 'Active'),
(38, 'Quality', 'IN_HOUSE_PPM', 'SingleBar', 'get_in_house_ppm', 'Active'),
(39, 'Quality', 'IN_HOUSE_REJECTION', 'SingleBar', 'get_in_house_rejection', 'Active'),
(40, 'Quality', 'IN_WARD_PPM', 'SingleBar', 'get_inward_ppm', 'Active'),
(41, 'Quality', 'CUSTOMER_PPM', 'SingleBar', 'get_customer_ppm', 'Active'),
(42, 'Quality', 'CUSTOMER_COMPLAINT', 'SemiCircle', 'get_customer_complaint', 'Active'),
(43, 'Subcon', 'SUBCON_STOCKS', 'Pie', 'get_subcon_stocks', 'Active'),
(44, 'PurchaseGRN', 'PURCHASE_GRN', 'ImageBlock', 'get_purchase_grn', 'Active'),
(45, 'Subcon', 'SUBCON_TOTAL_STOCKS', 'ImageBlock', 'get_subcon_total_stock', 'Active');

--
-- Indexes for dumped tables
--

--
-- Indexes for table `address_master`
--
ALTER TABLE `address_master`
  ADD PRIMARY KEY (`id`);

--
-- Indexes for table `asset`
--
ALTER TABLE `asset`
  ADD PRIMARY KEY (`id`);

--
-- Indexes for table `bill_tracking`
--
ALTER TABLE `bill_tracking`
  ADD PRIMARY KEY (`id`);

--
-- Indexes for table `bom`
--
ALTER TABLE `bom`
  ADD PRIMARY KEY (`id`);

--
-- Indexes for table `challan`
--
ALTER TABLE `challan`
  ADD PRIMARY KEY (`id`);

--
-- Indexes for table `challan_parts`
--
ALTER TABLE `challan_parts`
  ADD PRIMARY KEY (`id`);

--
-- Indexes for table `challan_parts_history`
--
ALTER TABLE `challan_parts_history`
  ADD PRIMARY KEY (`id`);

--
-- Indexes for table `challan_parts_subcon`
--
ALTER TABLE `challan_parts_subcon`
  ADD PRIMARY KEY (`id`);

--
-- Indexes for table `challan_subcon`
--
ALTER TABLE `challan_subcon`
  ADD PRIMARY KEY (`id`);

--
-- Indexes for table `child_part`
--
ALTER TABLE `child_part`
  ADD PRIMARY KEY (`id`);

--
-- Indexes for table `child_part_master`
--
ALTER TABLE `child_part_master`
  ADD PRIMARY KEY (`id`);

--
-- Indexes for table `child_part_stock`
--
ALTER TABLE `child_part_stock`
  ADD PRIMARY KEY (`childPartStockId`),
  ADD UNIQUE KEY `unique_child_part_stock` (`childPartId`,`clientId`);

--
-- Indexes for table `child_part_variance`
--
ALTER TABLE `child_part_variance`
  ADD PRIMARY KEY (`id`);

--
-- Indexes for table `client`
--
ALTER TABLE `client`
  ADD PRIMARY KEY (`id`);

--
-- Indexes for table `consignee`
--
ALTER TABLE `consignee`
  ADD PRIMARY KEY (`id`),
  ADD UNIQUE KEY `unique_consignee` (`consignee_name`,`location`),
  ADD KEY `fk_consignee_address` (`address_id`);

--
-- Indexes for table `consumable_item`
--
ALTER TABLE `consumable_item`
  ADD PRIMARY KEY (`id`);

--
-- Indexes for table `customer`
--
ALTER TABLE `customer`
  ADD PRIMARY KEY (`id`);

--
-- Indexes for table `customer_part`
--
ALTER TABLE `customer_part`
  ADD PRIMARY KEY (`id`);

--
-- Indexes for table `customer_parts_master`
--
ALTER TABLE `customer_parts_master`
  ADD PRIMARY KEY (`id`);

--
-- Indexes for table `customer_parts_master_stock`
--
ALTER TABLE `customer_parts_master_stock`
  ADD PRIMARY KEY (`customer_partStockId`),
  ADD UNIQUE KEY `unique_customer_parts_master_stock` (`customer_parts_master_id`,`clientId`);

--
-- Indexes for table `customer_part_documents`
--
ALTER TABLE `customer_part_documents`
  ADD PRIMARY KEY (`id`);

--
-- Indexes for table `customer_part_drawing`
--
ALTER TABLE `customer_part_drawing`
  ADD PRIMARY KEY (`id`);

--
-- Indexes for table `customer_part_operation`
--
ALTER TABLE `customer_part_operation`
  ADD PRIMARY KEY (`id`);

--
-- Indexes for table `customer_part_operation_data`
--
ALTER TABLE `customer_part_operation_data`
  ADD PRIMARY KEY (`id`);

--
-- Indexes for table `customer_part_rate`
--
ALTER TABLE `customer_part_rate`
  ADD PRIMARY KEY (`id`);

--
-- Indexes for table `customer_part_type`
--
ALTER TABLE `customer_part_type`
  ADD PRIMARY KEY (`id`);

--
-- Indexes for table `customer_po_tracking`
--
ALTER TABLE `customer_po_tracking`
  ADD PRIMARY KEY (`id`);

--
-- Indexes for table `cust_part_inspection_master`
--
ALTER TABLE `cust_part_inspection_master`
  ADD PRIMARY KEY (`id`),
  ADD KEY `customer_part_fk` (`customer_partKy`);

--
-- Indexes for table `cust_part_inspection_report`
--
ALTER TABLE `cust_part_inspection_report`
  ADD PRIMARY KEY (`id`),
  ADD KEY `sales_part_fk` (`sales_partky`),
  ADD KEY `customer_part_fk1` (`customer_partKy`);

--
-- Indexes for table `c_po_so`
--
ALTER TABLE `c_po_so`
  ADD PRIMARY KEY (`id`);

--
-- Indexes for table `DB_Upgrade`
--
ALTER TABLE `DB_Upgrade`
  ADD PRIMARY KEY (`id`),
  ADD UNIQUE KEY `script_name_unique` (`Script_name`);

--
-- Indexes for table `deflashing_bom`
--
ALTER TABLE `deflashing_bom`
  ADD PRIMARY KEY (`id`);

--
-- Indexes for table `deflashing_operation`
--
ALTER TABLE `deflashing_operation`
  ADD PRIMARY KEY (`id`);

--
-- Indexes for table `deflashing_production`
--
ALTER TABLE `deflashing_production`
  ADD PRIMARY KEY (`id`);

--
-- Indexes for table `deflashing_rqeust`
--
ALTER TABLE `deflashing_rqeust`
  ADD PRIMARY KEY (`id`);

--
-- Indexes for table `dispatch_tracking`
--
ALTER TABLE `dispatch_tracking`
  ADD PRIMARY KEY (`id`);

--
-- Indexes for table `downtime_master`
--
ALTER TABLE `downtime_master`
  ADD PRIMARY KEY (`id`);

--
-- Indexes for table `einvoice_res`
--
ALTER TABLE `einvoice_res`
  ADD PRIMARY KEY (`id`);

--
-- Indexes for table `final_inspection_request`
--
ALTER TABLE `final_inspection_request`
  ADD PRIMARY KEY (`id`);

--
-- Indexes for table `financialyear`
--
ALTER TABLE `financialyear`
  ADD PRIMARY KEY (`id`);

--
-- Indexes for table `global_configuration`
--
ALTER TABLE `global_configuration`
  ADD PRIMARY KEY (`id`),
  ADD UNIQUE KEY `uniq_config_name` (`config_name`);

--
-- Indexes for table `grades`
--
ALTER TABLE `grades`
  ADD PRIMARY KEY (`id`);

--
-- Indexes for table `grn_details`
--
ALTER TABLE `grn_details`
  ADD PRIMARY KEY (`id`);

--
-- Indexes for table `gst_structure`
--
ALTER TABLE `gst_structure`
  ADD PRIMARY KEY (`id`);

--
-- Indexes for table `inhouse_parts`
--
ALTER TABLE `inhouse_parts`
  ADD PRIMARY KEY (`id`);

--
-- Indexes for table `inhouse_parts_stock`
--
ALTER TABLE `inhouse_parts_stock`
  ADD PRIMARY KEY (`inhousePartStockId`),
  ADD UNIQUE KEY `unique_inhouse_parts_stock` (`inhouse_parts_id`,`clientId`);

--
-- Indexes for table `inwarding`
--
ALTER TABLE `inwarding`
  ADD PRIMARY KEY (`id`);

--
-- Indexes for table `issue`
--
ALTER TABLE `issue`
  ADD PRIMARY KEY (`id`);

--
-- Indexes for table `job_card`
--
ALTER TABLE `job_card`
  ADD PRIMARY KEY (`id`);

--
-- Indexes for table `job_card_details`
--
ALTER TABLE `job_card_details`
  ADD PRIMARY KEY (`id`);

--
-- Indexes for table `job_card_details_operations`
--
ALTER TABLE `job_card_details_operations`
  ADD PRIMARY KEY (`id`);

--
-- Indexes for table `job_card_prod_qty`
--
ALTER TABLE `job_card_prod_qty`
  ADD PRIMARY KEY (`id`);

--
-- Indexes for table `loading_user`
--
ALTER TABLE `loading_user`
  ADD PRIMARY KEY (`id`);

--
-- Indexes for table `machine`
--
ALTER TABLE `machine`
  ADD PRIMARY KEY (`id`);

--
-- Indexes for table `machine_mold`
--
ALTER TABLE `machine_mold`
  ADD PRIMARY KEY (`id`);

--
-- Indexes for table `machine_request`
--
ALTER TABLE `machine_request`
  ADD PRIMARY KEY (`id`),
  ADD KEY `FK_deliveryUnit` (`delivery_unit`);

--
-- Indexes for table `machine_request_parts`
--
ALTER TABLE `machine_request_parts`
  ADD PRIMARY KEY (`id`);

--
-- Indexes for table `molding_production`
--
ALTER TABLE `molding_production`
  ADD PRIMARY KEY (`id`);

--
-- Indexes for table `molding_stock_transfer`
--
ALTER TABLE `molding_stock_transfer`
  ADD PRIMARY KEY (`id`);

--
-- Indexes for table `mold_maintenance`
--
ALTER TABLE `mold_maintenance`
  ADD PRIMARY KEY (`id`);

--
-- Indexes for table `mold_production_downtime_details`
--
ALTER TABLE `mold_production_downtime_details`
  ADD PRIMARY KEY (`id`),
  ADD UNIQUE KEY `downtime_unique` (`molding_productionKy`,`downtime_reasonKy`),
  ADD KEY `downtime_reasonKy` (`downtime_reasonKy`);

--
-- Indexes for table `mold_production_rejection_details`
--
ALTER TABLE `mold_production_rejection_details`
  ADD PRIMARY KEY (`id`),
  ADD UNIQUE KEY `rejection_unique` (`molding_productionKy`,`rejection_reasonKy`,`cavity`),
  ADD KEY `rejection_reasonKy` (`rejection_reasonKy`);

--
-- Indexes for table `new_po`
--
ALTER TABLE `new_po`
  ADD PRIMARY KEY (`id`);

--
-- Indexes for table `new_po_sub`
--
ALTER TABLE `new_po_sub`
  ADD PRIMARY KEY (`id`);

--
-- Indexes for table `new_sales`
--
ALTER TABLE `new_sales`
  ADD PRIMARY KEY (`id`),
  ADD UNIQUE KEY `SALES_NO_UNIQUE` (`sales_number`),
  ADD KEY `fk_sales_client` (`clientId`);

--
-- Indexes for table `new_sales_rejection`
--
ALTER TABLE `new_sales_rejection`
  ADD PRIMARY KEY (`id`);

--
-- Indexes for table `new_sales_subcon`
--
ALTER TABLE `new_sales_subcon`
  ADD PRIMARY KEY (`id`);

--
-- Indexes for table `operations`
--
ALTER TABLE `operations`
  ADD PRIMARY KEY (`id`);

--
-- Indexes for table `operations_bom`
--
ALTER TABLE `operations_bom`
  ADD PRIMARY KEY (`id`);

--
-- Indexes for table `operations_bom_inputs`
--
ALTER TABLE `operations_bom_inputs`
  ADD PRIMARY KEY (`id`);

--
-- Indexes for table `operation_data`
--
ALTER TABLE `operation_data`
  ADD PRIMARY KEY (`id`);

--
-- Indexes for table `operator`
--
ALTER TABLE `operator`
  ADD PRIMARY KEY (`id`);

--
-- Indexes for table `other_data`
--
ALTER TABLE `other_data`
  ADD PRIMARY KEY (`id`);

--
-- Indexes for table `parts_customer_trackings`
--
ALTER TABLE `parts_customer_trackings`
  ADD PRIMARY KEY (`id`);

--
-- Indexes for table `parts_rejection_sales_invoice`
--
ALTER TABLE `parts_rejection_sales_invoice`
  ADD PRIMARY KEY (`id`);

--
-- Indexes for table `part_creation`
--
ALTER TABLE `part_creation`
  ADD PRIMARY KEY (`id`);

--
-- Indexes for table `part_family`
--
ALTER TABLE `part_family`
  ADD PRIMARY KEY (`id`);

--
-- Indexes for table `part_operations`
--
ALTER TABLE `part_operations`
  ADD PRIMARY KEY (`id`);

--
-- Indexes for table `part_type`
--
ALTER TABLE `part_type`
  ADD PRIMARY KEY (`id`);

--
-- Indexes for table `planing`
--
ALTER TABLE `planing`
  ADD PRIMARY KEY (`id`);

--
-- Indexes for table `planing_data`
--
ALTER TABLE `planing_data`
  ADD PRIMARY KEY (`id`),
  ADD KEY `fk_planning` (`planing_id`);

--
-- Indexes for table `planing_shop_order`
--
ALTER TABLE `planing_shop_order`
  ADD PRIMARY KEY (`id`),
  ADD UNIQUE KEY `unique_shopNumber` (`shop_no`);

--
-- Indexes for table `po_details`
--
ALTER TABLE `po_details`
  ADD PRIMARY KEY (`id`);

--
-- Indexes for table `po_parts`
--
ALTER TABLE `po_parts`
  ADD PRIMARY KEY (`id`);

--
-- Indexes for table `po_parts_sub`
--
ALTER TABLE `po_parts_sub`
  ADD PRIMARY KEY (`id`);

--
-- Indexes for table `process`
--
ALTER TABLE `process`
  ADD PRIMARY KEY (`id`);

--
-- Indexes for table `purchase_order`
--
ALTER TABLE `purchase_order`
  ADD PRIMARY KEY (`id`);

--
-- Indexes for table `p_q`
--
ALTER TABLE `p_q`
  ADD PRIMARY KEY (`id`);

--
-- Indexes for table `p_q_history`
--
ALTER TABLE `p_q_history`
  ADD PRIMARY KEY (`id`);

--
-- Indexes for table `raw_material_inspection_master`
--
ALTER TABLE `raw_material_inspection_master`
  ADD PRIMARY KEY (`id`);

--
-- Indexes for table `raw_material_inspection_report`
--
ALTER TABLE `raw_material_inspection_report`
  ADD PRIMARY KEY (`id`);

--
-- Indexes for table `receivable_report`
--
ALTER TABLE `receivable_report`
  ADD PRIMARY KEY (`id`);

--
-- Indexes for table `rejection_flow`
--
ALTER TABLE `rejection_flow`
  ADD PRIMARY KEY (`id`);

--
-- Indexes for table `rejection_sales_invoice`
--
ALTER TABLE `rejection_sales_invoice`
  ADD PRIMARY KEY (`id`),
  ADD UNIQUE KEY `rejection_sales_invoice_unique` (`rejection_invoice_no`),
  ADD KEY `rejection_remark_fk` (`rejection_reasonky`);

--
-- Indexes for table `reject_remark`
--
ALTER TABLE `reject_remark`
  ADD PRIMARY KEY (`id`);

--
-- Indexes for table `routing`
--
ALTER TABLE `routing`
  ADD PRIMARY KEY (`id`);

--
-- Indexes for table `routing_subcon`
--
ALTER TABLE `routing_subcon`
  ADD PRIMARY KEY (`id`);

--
-- Indexes for table `sales_parts`
--
ALTER TABLE `sales_parts`
  ADD PRIMARY KEY (`id`);

--
-- Indexes for table `sales_parts_subcon`
--
ALTER TABLE `sales_parts_subcon`
  ADD PRIMARY KEY (`id`);

--
-- Indexes for table `sharing_bom`
--
ALTER TABLE `sharing_bom`
  ADD PRIMARY KEY (`id`);

--
-- Indexes for table `sharing_issue_request`
--
ALTER TABLE `sharing_issue_request`
  ADD PRIMARY KEY (`id`);

--
-- Indexes for table `sharing_p_q`
--
ALTER TABLE `sharing_p_q`
  ADD PRIMARY KEY (`id`);

--
-- Indexes for table `sharing_p_q_history`
--
ALTER TABLE `sharing_p_q_history`
  ADD PRIMARY KEY (`id`);

--
-- Indexes for table `shifts`
--
ALTER TABLE `shifts`
  ADD PRIMARY KEY (`id`);

--
-- Indexes for table `stock_changes`
--
ALTER TABLE `stock_changes`
  ADD PRIMARY KEY (`id`);

--
-- Indexes for table `stock_report`
--
ALTER TABLE `stock_report`
  ADD PRIMARY KEY (`id`);

--
-- Indexes for table `store`
--
ALTER TABLE `store`
  ADD PRIMARY KEY (`id`);

--
-- Indexes for table `subcon_bom`
--
ALTER TABLE `subcon_bom`
  ADD PRIMARY KEY (`id`);

--
-- Indexes for table `subcon_po_inwarding`
--
ALTER TABLE `subcon_po_inwarding`
  ADD PRIMARY KEY (`id`);

--
-- Indexes for table `subcon_po_inwarding_history`
--
ALTER TABLE `subcon_po_inwarding_history`
  ADD PRIMARY KEY (`id`);

--
-- Indexes for table `subcon_po_inwarding_history_subcon`
--
ALTER TABLE `subcon_po_inwarding_history_subcon`
  ADD PRIMARY KEY (`id`);

--
-- Indexes for table `subcon_po_inwarding_parts`
--
ALTER TABLE `subcon_po_inwarding_parts`
  ADD PRIMARY KEY (`id`);

--
-- Indexes for table `supplier`
--
ALTER TABLE `supplier`
  ADD PRIMARY KEY (`id`);

--
-- Indexes for table `transporter`
--
ALTER TABLE `transporter`
  ADD PRIMARY KEY (`id`);

--
-- Indexes for table `uom`
--
ALTER TABLE `uom`
  ADD PRIMARY KEY (`id`);

--
-- Indexes for table `userinfo`
--
ALTER TABLE `userinfo`
  ADD PRIMARY KEY (`id`);

--
-- Indexes for table `widget`
--
ALTER TABLE `widget`
  ADD PRIMARY KEY (`widget_id`);

--
-- AUTO_INCREMENT for dumped tables
--

--
-- AUTO_INCREMENT for table `address_master`
--
ALTER TABLE `address_master`
  MODIFY `id` int NOT NULL AUTO_INCREMENT, AUTO_INCREMENT=4;

--
-- AUTO_INCREMENT for table `asset`
--
ALTER TABLE `asset`
  MODIFY `id` int NOT NULL AUTO_INCREMENT;

--
-- AUTO_INCREMENT for table `bill_tracking`
--
ALTER TABLE `bill_tracking`
  MODIFY `id` int NOT NULL AUTO_INCREMENT;

--
-- AUTO_INCREMENT for table `bom`
--
ALTER TABLE `bom`
  MODIFY `id` int NOT NULL AUTO_INCREMENT, AUTO_INCREMENT=45;

--
-- AUTO_INCREMENT for table `challan`
--
ALTER TABLE `challan`
  MODIFY `id` int NOT NULL AUTO_INCREMENT, AUTO_INCREMENT=17;

--
-- AUTO_INCREMENT for table `challan_parts`
--
ALTER TABLE `challan_parts`
  MODIFY `id` int NOT NULL AUTO_INCREMENT, AUTO_INCREMENT=17;

--
-- AUTO_INCREMENT for table `challan_parts_history`
--
ALTER TABLE `challan_parts_history`
  MODIFY `id` int NOT NULL AUTO_INCREMENT;

--
-- AUTO_INCREMENT for table `challan_parts_subcon`
--
ALTER TABLE `challan_parts_subcon`
  MODIFY `id` int NOT NULL AUTO_INCREMENT;

--
-- AUTO_INCREMENT for table `challan_subcon`
--
ALTER TABLE `challan_subcon`
  MODIFY `id` int NOT NULL AUTO_INCREMENT;

--
-- AUTO_INCREMENT for table `child_part`
--
ALTER TABLE `child_part`
  MODIFY `id` int NOT NULL AUTO_INCREMENT, AUTO_INCREMENT=216;

--
-- AUTO_INCREMENT for table `child_part_master`
--
ALTER TABLE `child_part_master`
  MODIFY `id` int NOT NULL AUTO_INCREMENT, AUTO_INCREMENT=390;

--
-- AUTO_INCREMENT for table `child_part_stock`
--
ALTER TABLE `child_part_stock`
  MODIFY `childPartStockId` int NOT NULL AUTO_INCREMENT, AUTO_INCREMENT=210;

--
-- AUTO_INCREMENT for table `child_part_variance`
--
ALTER TABLE `child_part_variance`
  MODIFY `id` int NOT NULL AUTO_INCREMENT;

--
-- AUTO_INCREMENT for table `client`
--
ALTER TABLE `client`
  MODIFY `id` int NOT NULL AUTO_INCREMENT, AUTO_INCREMENT=3;

--
-- AUTO_INCREMENT for table `consignee`
--
ALTER TABLE `consignee`
  MODIFY `id` int NOT NULL AUTO_INCREMENT, AUTO_INCREMENT=4;

--
-- AUTO_INCREMENT for table `consumable_item`
--
ALTER TABLE `consumable_item`
  MODIFY `id` int NOT NULL AUTO_INCREMENT;

--
-- AUTO_INCREMENT for table `customer`
--
ALTER TABLE `customer`
  MODIFY `id` int NOT NULL AUTO_INCREMENT, AUTO_INCREMENT=44;

--
-- AUTO_INCREMENT for table `customer_part`
--
ALTER TABLE `customer_part`
  MODIFY `id` int NOT NULL AUTO_INCREMENT, AUTO_INCREMENT=237;

--
-- AUTO_INCREMENT for table `customer_parts_master`
--
ALTER TABLE `customer_parts_master`
  MODIFY `id` int NOT NULL AUTO_INCREMENT, AUTO_INCREMENT=247;

--
-- AUTO_INCREMENT for table `customer_parts_master_stock`
--
ALTER TABLE `customer_parts_master_stock`
  MODIFY `customer_partStockId` int NOT NULL AUTO_INCREMENT, AUTO_INCREMENT=256;

--
-- AUTO_INCREMENT for table `customer_part_documents`
--
ALTER TABLE `customer_part_documents`
  MODIFY `id` int NOT NULL AUTO_INCREMENT, AUTO_INCREMENT=2;

--
-- AUTO_INCREMENT for table `customer_part_drawing`
--
ALTER TABLE `customer_part_drawing`
  MODIFY `id` int NOT NULL AUTO_INCREMENT, AUTO_INCREMENT=22;

--
-- AUTO_INCREMENT for table `customer_part_operation`
--
ALTER TABLE `customer_part_operation`
  MODIFY `id` int NOT NULL AUTO_INCREMENT;

--
-- AUTO_INCREMENT for table `customer_part_operation_data`
--
ALTER TABLE `customer_part_operation_data`
  MODIFY `id` int NOT NULL AUTO_INCREMENT;

--
-- AUTO_INCREMENT for table `customer_part_rate`
--
ALTER TABLE `customer_part_rate`
  MODIFY `id` int NOT NULL AUTO_INCREMENT, AUTO_INCREMENT=297;

--
-- AUTO_INCREMENT for table `customer_part_type`
--
ALTER TABLE `customer_part_type`
  MODIFY `id` int NOT NULL AUTO_INCREMENT;

--
-- AUTO_INCREMENT for table `customer_po_tracking`
--
ALTER TABLE `customer_po_tracking`
  MODIFY `id` int NOT NULL AUTO_INCREMENT, AUTO_INCREMENT=42;

--
-- AUTO_INCREMENT for table `cust_part_inspection_master`
--
ALTER TABLE `cust_part_inspection_master`
  MODIFY `id` int NOT NULL AUTO_INCREMENT, AUTO_INCREMENT=91;

--
-- AUTO_INCREMENT for table `cust_part_inspection_report`
--
ALTER TABLE `cust_part_inspection_report`
  MODIFY `id` int NOT NULL AUTO_INCREMENT, AUTO_INCREMENT=29;

--
-- AUTO_INCREMENT for table `c_po_so`
--
ALTER TABLE `c_po_so`
  MODIFY `id` int NOT NULL AUTO_INCREMENT;

--
-- AUTO_INCREMENT for table `DB_Upgrade`
--
ALTER TABLE `DB_Upgrade`
  MODIFY `id` int NOT NULL AUTO_INCREMENT, AUTO_INCREMENT=80;

--
-- AUTO_INCREMENT for table `deflashing_bom`
--
ALTER TABLE `deflashing_bom`
  MODIFY `id` int NOT NULL AUTO_INCREMENT;

--
-- AUTO_INCREMENT for table `deflashing_operation`
--
ALTER TABLE `deflashing_operation`
  MODIFY `id` int NOT NULL AUTO_INCREMENT;

--
-- AUTO_INCREMENT for table `deflashing_production`
--
ALTER TABLE `deflashing_production`
  MODIFY `id` int NOT NULL AUTO_INCREMENT;

--
-- AUTO_INCREMENT for table `deflashing_rqeust`
--
ALTER TABLE `deflashing_rqeust`
  MODIFY `id` int NOT NULL AUTO_INCREMENT;

--
-- AUTO_INCREMENT for table `dispatch_tracking`
--
ALTER TABLE `dispatch_tracking`
  MODIFY `id` int NOT NULL AUTO_INCREMENT;

--
-- AUTO_INCREMENT for table `downtime_master`
--
ALTER TABLE `downtime_master`
  MODIFY `id` int NOT NULL AUTO_INCREMENT, AUTO_INCREMENT=9;

--
-- AUTO_INCREMENT for table `einvoice_res`
--
ALTER TABLE `einvoice_res`
  MODIFY `id` int NOT NULL AUTO_INCREMENT;

--
-- AUTO_INCREMENT for table `final_inspection_request`
--
ALTER TABLE `final_inspection_request`
  MODIFY `id` int NOT NULL AUTO_INCREMENT;

--
-- AUTO_INCREMENT for table `financialyear`
--
ALTER TABLE `financialyear`
  MODIFY `id` smallint NOT NULL AUTO_INCREMENT, AUTO_INCREMENT=4;

--
-- AUTO_INCREMENT for table `global_configuration`
--
ALTER TABLE `global_configuration`
  MODIFY `id` int NOT NULL AUTO_INCREMENT, AUTO_INCREMENT=26;

--
-- AUTO_INCREMENT for table `grades`
--
ALTER TABLE `grades`
  MODIFY `id` int NOT NULL AUTO_INCREMENT;

--
-- AUTO_INCREMENT for table `grn_details`
--
ALTER TABLE `grn_details`
  MODIFY `id` int NOT NULL AUTO_INCREMENT, AUTO_INCREMENT=205;

--
-- AUTO_INCREMENT for table `gst_structure`
--
ALTER TABLE `gst_structure`
  MODIFY `id` int NOT NULL AUTO_INCREMENT, AUTO_INCREMENT=13;

--
-- AUTO_INCREMENT for table `inhouse_parts`
--
ALTER TABLE `inhouse_parts`
  MODIFY `id` int NOT NULL AUTO_INCREMENT, AUTO_INCREMENT=2;

--
-- AUTO_INCREMENT for table `inhouse_parts_stock`
--
ALTER TABLE `inhouse_parts_stock`
  MODIFY `inhousePartStockId` int NOT NULL AUTO_INCREMENT, AUTO_INCREMENT=2;

--
-- AUTO_INCREMENT for table `inwarding`
--
ALTER TABLE `inwarding`
  MODIFY `id` int NOT NULL AUTO_INCREMENT, AUTO_INCREMENT=174;

--
-- AUTO_INCREMENT for table `issue`
--
ALTER TABLE `issue`
  MODIFY `id` int NOT NULL AUTO_INCREMENT;

--
-- AUTO_INCREMENT for table `job_card`
--
ALTER TABLE `job_card`
  MODIFY `id` int NOT NULL AUTO_INCREMENT;

--
-- AUTO_INCREMENT for table `job_card_details`
--
ALTER TABLE `job_card_details`
  MODIFY `id` int NOT NULL AUTO_INCREMENT;

--
-- AUTO_INCREMENT for table `job_card_details_operations`
--
ALTER TABLE `job_card_details_operations`
  MODIFY `id` int NOT NULL AUTO_INCREMENT;

--
-- AUTO_INCREMENT for table `job_card_prod_qty`
--
ALTER TABLE `job_card_prod_qty`
  MODIFY `id` int NOT NULL AUTO_INCREMENT;

--
-- AUTO_INCREMENT for table `loading_user`
--
ALTER TABLE `loading_user`
  MODIFY `id` int NOT NULL AUTO_INCREMENT;

--
-- AUTO_INCREMENT for table `machine`
--
ALTER TABLE `machine`
  MODIFY `id` int NOT NULL AUTO_INCREMENT, AUTO_INCREMENT=12;

--
-- AUTO_INCREMENT for table `machine_mold`
--
ALTER TABLE `machine_mold`
  MODIFY `id` int NOT NULL AUTO_INCREMENT;

--
-- AUTO_INCREMENT for table `machine_request`
--
ALTER TABLE `machine_request`
  MODIFY `id` int NOT NULL AUTO_INCREMENT, AUTO_INCREMENT=37;

--
-- AUTO_INCREMENT for table `machine_request_parts`
--
ALTER TABLE `machine_request_parts`
  MODIFY `id` int NOT NULL AUTO_INCREMENT, AUTO_INCREMENT=38;

--
-- AUTO_INCREMENT for table `molding_production`
--
ALTER TABLE `molding_production`
  MODIFY `id` int NOT NULL AUTO_INCREMENT, AUTO_INCREMENT=17;

--
-- AUTO_INCREMENT for table `molding_stock_transfer`
--
ALTER TABLE `molding_stock_transfer`
  MODIFY `id` int NOT NULL AUTO_INCREMENT, AUTO_INCREMENT=15;

--
-- AUTO_INCREMENT for table `mold_maintenance`
--
ALTER TABLE `mold_maintenance`
  MODIFY `id` int NOT NULL AUTO_INCREMENT, AUTO_INCREMENT=14;

--
-- AUTO_INCREMENT for table `mold_production_downtime_details`
--
ALTER TABLE `mold_production_downtime_details`
  MODIFY `id` int NOT NULL AUTO_INCREMENT, AUTO_INCREMENT=7;

--
-- AUTO_INCREMENT for table `mold_production_rejection_details`
--
ALTER TABLE `mold_production_rejection_details`
  MODIFY `id` int NOT NULL AUTO_INCREMENT, AUTO_INCREMENT=11;

--
-- AUTO_INCREMENT for table `new_po`
--
ALTER TABLE `new_po`
  MODIFY `id` int NOT NULL AUTO_INCREMENT, AUTO_INCREMENT=167;

--
-- AUTO_INCREMENT for table `new_po_sub`
--
ALTER TABLE `new_po_sub`
  MODIFY `id` int NOT NULL AUTO_INCREMENT;

--
-- AUTO_INCREMENT for table `new_sales`
--
ALTER TABLE `new_sales`
  MODIFY `id` int NOT NULL AUTO_INCREMENT, AUTO_INCREMENT=402;

--
-- AUTO_INCREMENT for table `new_sales_rejection`
--
ALTER TABLE `new_sales_rejection`
  MODIFY `id` int NOT NULL AUTO_INCREMENT;

--
-- AUTO_INCREMENT for table `new_sales_subcon`
--
ALTER TABLE `new_sales_subcon`
  MODIFY `id` int NOT NULL AUTO_INCREMENT;

--
-- AUTO_INCREMENT for table `operations`
--
ALTER TABLE `operations`
  MODIFY `id` int NOT NULL AUTO_INCREMENT;

--
-- AUTO_INCREMENT for table `operations_bom`
--
ALTER TABLE `operations_bom`
  MODIFY `id` int NOT NULL AUTO_INCREMENT, AUTO_INCREMENT=2;

--
-- AUTO_INCREMENT for table `operations_bom_inputs`
--
ALTER TABLE `operations_bom_inputs`
  MODIFY `id` int NOT NULL AUTO_INCREMENT, AUTO_INCREMENT=2;

--
-- AUTO_INCREMENT for table `operation_data`
--
ALTER TABLE `operation_data`
  MODIFY `id` int NOT NULL AUTO_INCREMENT;

--
-- AUTO_INCREMENT for table `operator`
--
ALTER TABLE `operator`
  MODIFY `id` int NOT NULL AUTO_INCREMENT, AUTO_INCREMENT=18;

--
-- AUTO_INCREMENT for table `other_data`
--
ALTER TABLE `other_data`
  MODIFY `id` int NOT NULL AUTO_INCREMENT;

--
-- AUTO_INCREMENT for table `parts_customer_trackings`
--
ALTER TABLE `parts_customer_trackings`
  MODIFY `id` int NOT NULL AUTO_INCREMENT, AUTO_INCREMENT=171;

--
-- AUTO_INCREMENT for table `parts_rejection_sales_invoice`
--
ALTER TABLE `parts_rejection_sales_invoice`
  MODIFY `id` int NOT NULL AUTO_INCREMENT, AUTO_INCREMENT=3;

--
-- AUTO_INCREMENT for table `part_creation`
--
ALTER TABLE `part_creation`
  MODIFY `id` int NOT NULL AUTO_INCREMENT;

--
-- AUTO_INCREMENT for table `part_family`
--
ALTER TABLE `part_family`
  MODIFY `id` int NOT NULL AUTO_INCREMENT, AUTO_INCREMENT=2;

--
-- AUTO_INCREMENT for table `part_operations`
--
ALTER TABLE `part_operations`
  MODIFY `id` int NOT NULL AUTO_INCREMENT;

--
-- AUTO_INCREMENT for table `part_type`
--
ALTER TABLE `part_type`
  MODIFY `id` int NOT NULL AUTO_INCREMENT;

--
-- AUTO_INCREMENT for table `planing`
--
ALTER TABLE `planing`
  MODIFY `id` int NOT NULL AUTO_INCREMENT, AUTO_INCREMENT=20;

--
-- AUTO_INCREMENT for table `planing_data`
--
ALTER TABLE `planing_data`
  MODIFY `id` int NOT NULL AUTO_INCREMENT, AUTO_INCREMENT=26;

--
-- AUTO_INCREMENT for table `planing_shop_order`
--
ALTER TABLE `planing_shop_order`
  MODIFY `id` int NOT NULL AUTO_INCREMENT;

--
-- AUTO_INCREMENT for table `po_details`
--
ALTER TABLE `po_details`
  MODIFY `id` int NOT NULL AUTO_INCREMENT;

--
-- AUTO_INCREMENT for table `po_parts`
--
ALTER TABLE `po_parts`
  MODIFY `id` int NOT NULL AUTO_INCREMENT, AUTO_INCREMENT=291;

--
-- AUTO_INCREMENT for table `po_parts_sub`
--
ALTER TABLE `po_parts_sub`
  MODIFY `id` int NOT NULL AUTO_INCREMENT;

--
-- AUTO_INCREMENT for table `process`
--
ALTER TABLE `process`
  MODIFY `id` int NOT NULL AUTO_INCREMENT, AUTO_INCREMENT=4;

--
-- AUTO_INCREMENT for table `purchase_order`
--
ALTER TABLE `purchase_order`
  MODIFY `id` int NOT NULL AUTO_INCREMENT;

--
-- AUTO_INCREMENT for table `p_q`
--
ALTER TABLE `p_q`
  MODIFY `id` int NOT NULL AUTO_INCREMENT, AUTO_INCREMENT=2;

--
-- AUTO_INCREMENT for table `p_q_history`
--
ALTER TABLE `p_q_history`
  MODIFY `id` int NOT NULL AUTO_INCREMENT, AUTO_INCREMENT=2;

--
-- AUTO_INCREMENT for table `raw_material_inspection_master`
--
ALTER TABLE `raw_material_inspection_master`
  MODIFY `id` int NOT NULL AUTO_INCREMENT, AUTO_INCREMENT=165;

--
-- AUTO_INCREMENT for table `raw_material_inspection_report`
--
ALTER TABLE `raw_material_inspection_report`
  MODIFY `id` int NOT NULL AUTO_INCREMENT, AUTO_INCREMENT=119;

--
-- AUTO_INCREMENT for table `receivable_report`
--
ALTER TABLE `receivable_report`
  MODIFY `id` int NOT NULL AUTO_INCREMENT, AUTO_INCREMENT=3;

--
-- AUTO_INCREMENT for table `rejection_flow`
--
ALTER TABLE `rejection_flow`
  MODIFY `id` int NOT NULL AUTO_INCREMENT, AUTO_INCREMENT=5;

--
-- AUTO_INCREMENT for table `rejection_sales_invoice`
--
ALTER TABLE `rejection_sales_invoice`
  MODIFY `id` int NOT NULL AUTO_INCREMENT, AUTO_INCREMENT=2;

--
-- AUTO_INCREMENT for table `reject_remark`
--
ALTER TABLE `reject_remark`
  MODIFY `id` int NOT NULL AUTO_INCREMENT, AUTO_INCREMENT=12;

--
-- AUTO_INCREMENT for table `routing`
--
ALTER TABLE `routing`
  MODIFY `id` int NOT NULL AUTO_INCREMENT, AUTO_INCREMENT=8;

--
-- AUTO_INCREMENT for table `routing_subcon`
--
ALTER TABLE `routing_subcon`
  MODIFY `id` int NOT NULL AUTO_INCREMENT;

--
-- AUTO_INCREMENT for table `sales_parts`
--
ALTER TABLE `sales_parts`
  MODIFY `id` int NOT NULL AUTO_INCREMENT, AUTO_INCREMENT=565;

--
-- AUTO_INCREMENT for table `sales_parts_subcon`
--
ALTER TABLE `sales_parts_subcon`
  MODIFY `id` int NOT NULL AUTO_INCREMENT;

--
-- AUTO_INCREMENT for table `sharing_bom`
--
ALTER TABLE `sharing_bom`
  MODIFY `id` int NOT NULL AUTO_INCREMENT;

--
-- AUTO_INCREMENT for table `sharing_issue_request`
--
ALTER TABLE `sharing_issue_request`
  MODIFY `id` int NOT NULL AUTO_INCREMENT, AUTO_INCREMENT=4;

--
-- AUTO_INCREMENT for table `sharing_p_q`
--
ALTER TABLE `sharing_p_q`
  MODIFY `id` int NOT NULL AUTO_INCREMENT, AUTO_INCREMENT=2;

--
-- AUTO_INCREMENT for table `sharing_p_q_history`
--
ALTER TABLE `sharing_p_q_history`
  MODIFY `id` int NOT NULL AUTO_INCREMENT, AUTO_INCREMENT=2;

--
-- AUTO_INCREMENT for table `shifts`
--
ALTER TABLE `shifts`
  MODIFY `id` int NOT NULL AUTO_INCREMENT, AUTO_INCREMENT=3;

--
-- AUTO_INCREMENT for table `stock_changes`
--
ALTER TABLE `stock_changes`
  MODIFY `id` int NOT NULL AUTO_INCREMENT, AUTO_INCREMENT=5;

--
-- AUTO_INCREMENT for table `stock_report`
--
ALTER TABLE `stock_report`
  MODIFY `id` int NOT NULL AUTO_INCREMENT, AUTO_INCREMENT=7;

--
-- AUTO_INCREMENT for table `store`
--
ALTER TABLE `store`
  MODIFY `id` int NOT NULL AUTO_INCREMENT;

--
-- AUTO_INCREMENT for table `subcon_bom`
--
ALTER TABLE `subcon_bom`
  MODIFY `id` int NOT NULL AUTO_INCREMENT;

--
-- AUTO_INCREMENT for table `subcon_po_inwarding`
--
ALTER TABLE `subcon_po_inwarding`
  MODIFY `id` int NOT NULL AUTO_INCREMENT, AUTO_INCREMENT=14;

--
-- AUTO_INCREMENT for table `subcon_po_inwarding_history`
--
ALTER TABLE `subcon_po_inwarding_history`
  MODIFY `id` int NOT NULL AUTO_INCREMENT, AUTO_INCREMENT=12;

--
-- AUTO_INCREMENT for table `subcon_po_inwarding_history_subcon`
--
ALTER TABLE `subcon_po_inwarding_history_subcon`
  MODIFY `id` int NOT NULL AUTO_INCREMENT;

--
-- AUTO_INCREMENT for table `subcon_po_inwarding_parts`
--
ALTER TABLE `subcon_po_inwarding_parts`
  MODIFY `id` int NOT NULL AUTO_INCREMENT, AUTO_INCREMENT=15;

--
-- AUTO_INCREMENT for table `supplier`
--
ALTER TABLE `supplier`
  MODIFY `id` int NOT NULL AUTO_INCREMENT, AUTO_INCREMENT=124;

--
-- AUTO_INCREMENT for table `transporter`
--
ALTER TABLE `transporter`
  MODIFY `id` int NOT NULL AUTO_INCREMENT, AUTO_INCREMENT=3;

--
-- AUTO_INCREMENT for table `uom`
--
ALTER TABLE `uom`
  MODIFY `id` int NOT NULL AUTO_INCREMENT, AUTO_INCREMENT=9;

--
-- AUTO_INCREMENT for table `userinfo`
--
ALTER TABLE `userinfo`
  MODIFY `id` int NOT NULL AUTO_INCREMENT, AUTO_INCREMENT=19;

--
-- AUTO_INCREMENT for table `widget`
--
ALTER TABLE `widget`
  MODIFY `widget_id` int NOT NULL AUTO_INCREMENT, AUTO_INCREMENT=46;

--
-- Constraints for dumped tables
--

--
-- Constraints for table `consignee`
--
ALTER TABLE `consignee`
  ADD CONSTRAINT `fk_consignee_address` FOREIGN KEY (`address_id`) REFERENCES `address_master` (`id`);

--
-- Constraints for table `cust_part_inspection_master`
--
ALTER TABLE `cust_part_inspection_master`
  ADD CONSTRAINT `customer_part_fk` FOREIGN KEY (`customer_partKy`) REFERENCES `customer_part` (`id`) ON DELETE CASCADE;

--
-- Constraints for table `cust_part_inspection_report`
--
ALTER TABLE `cust_part_inspection_report`
  ADD CONSTRAINT `customer_part_fk1` FOREIGN KEY (`customer_partKy`) REFERENCES `customer_part` (`id`) ON DELETE CASCADE ON UPDATE CASCADE,
  ADD CONSTRAINT `sales_part_fk` FOREIGN KEY (`sales_partky`) REFERENCES `sales_parts` (`id`) ON DELETE CASCADE;

--
-- Constraints for table `machine_request`
--
ALTER TABLE `machine_request`
  ADD CONSTRAINT `FK_deliveryUnit` FOREIGN KEY (`delivery_unit`) REFERENCES `client` (`id`);

--
-- Constraints for table `mold_production_downtime_details`
--
ALTER TABLE `mold_production_downtime_details`
  ADD CONSTRAINT `downtime_reasonKy` FOREIGN KEY (`downtime_reasonKy`) REFERENCES `downtime_master` (`id`),
  ADD CONSTRAINT `molding_production_downtime_fk` FOREIGN KEY (`molding_productionKy`) REFERENCES `molding_production` (`id`);

--
-- Constraints for table `mold_production_rejection_details`
--
ALTER TABLE `mold_production_rejection_details`
  ADD CONSTRAINT `molding_production_fk` FOREIGN KEY (`molding_productionKy`) REFERENCES `molding_production` (`id`),
  ADD CONSTRAINT `rejection_reasonKy` FOREIGN KEY (`rejection_reasonKy`) REFERENCES `reject_remark` (`id`);

--
-- Constraints for table `new_sales`
--
ALTER TABLE `new_sales`
  ADD CONSTRAINT `fk_sales_client` FOREIGN KEY (`clientId`) REFERENCES `client` (`id`);

--
-- Constraints for table `planing_data`
--
ALTER TABLE `planing_data`
  ADD CONSTRAINT `fk_planning` FOREIGN KEY (`planing_id`) REFERENCES `planing` (`id`);

--
-- Constraints for table `rejection_sales_invoice`
--
ALTER TABLE `rejection_sales_invoice`
  ADD CONSTRAINT `rejection_remark_fk` FOREIGN KEY (`rejection_reasonky`) REFERENCES `reject_remark` (`id`);
COMMIT;

/*!40101 SET CHARACTER_SET_CLIENT=@OLD_CHARACTER_SET_CLIENT */;
/*!40101 SET CHARACTER_SET_RESULTS=@OLD_CHARACTER_SET_RESULTS */;
/*!40101 SET COLLATION_CONNECTION=@OLD_COLLATION_CONNECTION */;
